Rank,Term,ResultIndex,Title,URL,Timestamp
1,#нюдсочетверг,1,"""#нюдсочетверг"" - Results on X | Live Posts & Updates",https://x.com/search?q=%23%D0%BD%D1%8E%D0%B4%D1%81%D0%BE%D1%87%D0%B5%D1%82%D0%B2%D0%B5%D1%80%D0%B3,2025-11-14T14:13:36Z
1,#нюдсочетверг,2,Что такое нюдсочетверг - Афиша Daily,https://daily.afisha.ru/infoporn/22803-nyudsochetverg-kak-tvitter-raz-v-nedelyu-menyaet-predstavleniya-o-telesnosti-i-seksualnosti/,2025-11-14T14:13:36Z
1,#нюдсочетверг,3,Славко on X,https://x.com/tazasho21/status/1494352399007367173,2025-11-14T14:13:36Z
1,#нюдсочетверг,4,#нюдсочетверг 2021 / 10 неделя : r/Pikabu,https://www.reddit.com/r/Pikabu/comments/lxrkf8/%D0%BD%D1%8E%D0%B4%D1%81%D0%BE%D1%87%D0%B5%D1%82%D0%B2%D0%B5%D1%80%D0%B3_2021_10_%D0%BD%D0%B5%D0%B4%D0%B5%D0%BB%D1%8F/,2025-11-14T14:13:36Z
1,#нюдсочетверг,5,Нюдсочетверг: статьи и новости по теме — DTF,https://dtf.ru/tag/%D0%BD%D1%8E%D0%B4%D1%81%D0%BE%D1%87%D0%B5%D1%82%D0%B2%D0%B5%D1%80%D0%B3,2025-11-14T14:13:36Z
1,#нюдсочетверг,6,Hashtag нюдсочетверг? : r/AskARussian,https://www.reddit.com/r/AskARussian/comments/18yanzl/hashtag_%D0%BD%D1%8E%D0%B4%D1%81%D0%BE%D1%87%D0%B5%D1%82%D0%B2%D0%B5%D1%80%D0%B3/,2025-11-14T14:13:36Z
1,#нюдсочетверг,7,#Нюдсочетверг: откровенные фотографии самых красивых ...,https://www.maximonline.ru/entertainment/nyudsochetverg-otkrovennye-fotografii-samykh-krasivykh-devushek-iz-tvittera-kotoryi-teper-x-vypusk-91-id921855/,2025-11-14T14:13:36Z
1,#нюдсочетверг,8,"Принесла из твиттера кусочек (98,7 %) прошлонедельного поста ...",https://www.instagram.com/p/CFP6AeDs63k/,2025-11-14T14:13:36Z
1,#нюдсочетверг,9,"#нюдсочетверг подкрался как дедлайн. 191 см роста, свободен ...",https://www.threads.com/@vazhenkovart/post/DIRODitIWBM/%D0%BD%D1%8E%D0%B4%D1%81%D0%BE%D1%87%D0%B5%D1%82%D0%B2%D0%B5%D1%80%D0%B3-%D0%BF%D0%BE%D0%B4%D0%BA%D1%80%D0%B0%D0%BB%D1%81%D1%8F-%D0%BA%D0%B0%D0%BA-%D0%B4%D0%B5%D0%B4%D0%BB%D0%B0%D0%B9%D0%BD191-%D1%81%D0%BC-%D1%80%D0%BE%D1%81%D1%82%D0%B0-%D1%81%D0%B2%D0%BE%D0%B1%D0%BE%D0%B4%D0%B5%D0%BD-%D0%BA%D0%B0%D0%BA-%D0%B2%D0%B0%D0%B9%D1%84%D0%B0%D0%B9-%D0%B2-%D0%BA%D0%B0%D1%84%D0%B5-%D0%BE%D1%80%D0%B8%D0%B5%D0%BD%D1%82,2025-11-14T14:13:36Z
1,#нюдсочетверг,10,Nice summer closed @cocktail_coquette_insta_bar #sexydresses ...,https://www.facebook.com/cocktailcoquettebar/posts/nice-summer-closed-cocktail_coquette_insta_bar-sexydresses-hotgirls-nobraclub-%D1%81%D0%B8/705786903619905/,2025-11-14T14:13:36Z
1,#нюдсочетверг,11,Nice summer closed @cocktail_coquette_insta_bar #sexydresses ...,https://www.facebook.com/cocktailcoquettebar/posts/nice-summer-closed-cocktail_coquette_insta_bar-sexydresses-hotgirls-nobraclub-%D1%81%D0%B8/705786903619905/,2025-11-14T14:13:36Z
1,#нюдсочетверг,12,Архив Нюдсов твиттера #нюдсочетверг @nudesoftwt - Twitter ...,https://www.sotwe.com/nudesoftwt?lang=en,2025-11-14T14:13:36Z
1,#нюдсочетверг,13,В твиттере каждый четверг люди скидывают свои нюдсы под ...,https://www.threads.com/@aizalovesam/post/CuaGXCeSQ9F?hl=en,2025-11-14T14:13:36Z
1,#нюдсочетверг,14,«Нюдсочетверг»: почему одни постят в Twitter откровенные фото ...,https://lifehacker.ru/nyudsochetverg-v-twitter/,2025-11-14T14:13:36Z
1,#нюдсочетверг,15,#nudes #onlyfans #fansly #tattoo #naked #нюдсочетверг #girls ...,https://www.linkedin.com/posts/osman-g%C3%B6k%C3%A7e-b14563237_nudes-onlyfans-fansly-activity-7027701337064640512-rEVJ,2025-11-14T14:13:36Z
1,#нюдсочетверг,16,Нюдсочетверг: что это? - 06.06.24 15:33 | Пикабу,https://pikabu.ru/story/nyudsochetverg_chto_yeto_11485056,2025-11-14T14:13:36Z
1,#нюдсочетверг,17,"Нюдсочетверг — Неолурк, народный Lurkmore",https://neolurk.org/wiki/%D0%9D%D1%8E%D0%B4%D1%81%D0%BE%D1%87%D0%B5%D1%82%D0%B2%D0%B5%D1%80%D0%B3,2025-11-14T14:13:36Z
1,#нюдсочетверг,18,Твиттерский #нюдсочетверг - Кристина | Boosty,https://boosty.to/kristr/posts/5b61096f-96cb-49c9-8650-81ffc495a88a,2025-11-14T14:13:36Z
1,#нюдсочетверг,19,Что изверг #нюдсочетверг — лучшая обнаженка недели из ...,https://disgustingmen.com/girls/chto-izverg-nyudsochetverg/,2025-11-14T14:13:36Z
1,#нюдсочетверг,20,Russia — X (Twitter) trending topics and hashtags today | trends24.in,https://trends24.in/russia/,2025-11-14T14:13:36Z
2,макс,1,HBO Max | Stream Series and Movies,https://www.hbomax.com/,2025-11-14T14:13:40Z
2,макс,2,Adobe MAX 2025 - The Creativity Conference,https://www.adobe.com/max.html,2025-11-14T14:13:40Z
2,макс,3,Max Mara United States | Official Website,https://us.maxmara.com/,2025-11-14T14:13:40Z
2,макс,4,MAX,https://www.maxdrive.ai/,2025-11-14T14:13:40Z
2,макс,5,MAX USA CORP. | Rebar Tiers | Nail Guns | Power Tools,https://www.maxusacorp.com/,2025-11-14T14:13:40Z
2,макс,6,Cycling '74,https://cycling74.com/,2025-11-14T14:13:40Z
2,макс,7,Max Lamb,https://maxlamb.org/,2025-11-14T14:13:40Z
2,макс,8,The Max Planck Society for the Advancement of Science,https://www.mpg.de/en,2025-11-14T14:13:40Z
2,макс,9,Max Lucado - Best-selling Christian Author of Anxious for Nothing,https://maxlucado.com/,2025-11-14T14:13:40Z
2,макс,10,MAX | Spotify,https://open.spotify.com/artist/1bqxdqvUtPWZri43cKHac8,2025-11-14T14:13:40Z
2,макс,11,Max Richter,https://maxrichtermusic.com/,2025-11-14T14:13:40Z
2,макс,12,HBO Max: Stream TV & Movies - Apps on Google Play,https://play.google.com/store/apps/details?id=com.wbd.stream&hl=en_US,2025-11-14T14:13:40Z
2,макс,13,Страховая компания МАКС,https://makc.ru/,2025-11-14T14:13:40Z
2,макс,14,MAX (@maxmusic) • Instagram photos and videos,https://www.instagram.com/maxmusic/?hl=en,2025-11-14T14:13:40Z
2,макс,15,MAX – быстрое и легкое приложение для общения и решения ...,https://max.ru/,2025-11-14T14:13:40Z
2,макс,16,Max Verstappen (@maxverstappen1) • Instagram photos and videos,https://www.instagram.com/maxverstappen1/?hl=en,2025-11-14T14:13:40Z
2,макс,17,Peter Max Studio - The Official Source – Peter Max Store,https://petermax.com/,2025-11-14T14:13:40Z
2,макс,18,Untitled,https://auth.max.com/product,2025-11-14T14:13:40Z
2,макс,19,Max Trainer - Full Body Workouts in Less Time | BowFlex,https://www.bowflex.com/max-trainer-ellipticals/,2025-11-14T14:13:40Z
2,макс,20,Bravo Sling Max V2,https://alpakagear.com/products/bravo-sling-max-v2,2025-11-14T14:13:40Z
3,Удивительно,1,удивительно — Викисловарь,https://ru.wiktionary.org/wiki/%D1%83%D0%B4%D0%B8%D0%B2%D0%B8%D1%82%D0%B5%D0%BB%D1%8C%D0%BD%D0%BE,2025-11-14T14:13:45Z
3,Удивительно,2,"Удивительно, как сильно влияет температура подачи. : r/beer",https://www.reddit.com/r/beer/comments/1av3eb7/its_amazing_how_much_of_a_difference_serving/?tl=ru,2025-11-14T14:13:45Z
3,Удивительно,3,"удивительно - Wiktionary, the free dictionary",https://en.wiktionary.org/wiki/%D1%83%D0%B4%D0%B8%D0%B2%D0%B8%D1%82%D0%B5%D0%BB%D1%8C%D0%BD%D0%BE,2025-11-14T14:13:45Z
3,Удивительно,4,удивительно - Translation into English - examples Russian ...,https://context.reverso.net/translation/russian-english/%D1%83%D0%B4%D0%B8%D0%B2%D0%B8%D1%82%D0%B5%D0%BB%D1%8C%D0%BD%D0%BE,2025-11-14T14:13:45Z
3,Удивительно,5,Cинонимы к слову «удивительно» на TEXT.RU,https://text.ru/synonym/%D1%83%D0%B4%D0%B8%D0%B2%D0%B8%D1%82%D0%B5%D0%BB%D1%8C%D0%BD%D0%BE,2025-11-14T14:13:45Z
3,Удивительно,6,удивительно - Перевод на английский - примеры русский ...,https://context.reverso.net/%D0%BF%D0%B5%D1%80%D0%B5%D0%B2%D0%BE%D0%B4/%D1%80%D1%83%D1%81%D1%81%D0%BA%D0%B8%D0%B9-%D0%B0%D0%BD%D0%B3%D0%BB%D0%B8%D0%B9%D1%81%D0%BA%D0%B8%D0%B9/%D1%83%D0%B4%D0%B8%D0%B2%D0%B8%D1%82%D0%B5%D0%BB%D1%8C%D0%BD%D0%BE,2025-11-14T14:13:45Z
3,Удивительно,7,орфография - «Не удивительно» — слитно или раздельно ...,https://rus.stackexchange.com/questions/466683/%D0%9D%D0%B5-%D1%83%D0%B4%D0%B8%D0%B2%D0%B8%D1%82%D0%B5%D0%BB%D1%8C%D0%BD%D0%BE-%D1%81%D0%BB%D0%B8%D1%82%D0%BD%D0%BE-%D0%B8%D0%BB%D0%B8-%D1%80%D0%B0%D0%B7%D0%B4%D0%B5%D0%BB%D1%8C%D0%BD%D0%BE,2025-11-14T14:13:45Z
3,Удивительно,8,«Удивительно счастливые люди» — комедия « Санкт ...,https://teatrpaninoy.ru/movies/chehov/,2025-11-14T14:13:45Z
3,Удивительно,9,"Удивительно, что я пишу этот пост. Удивительно, если ...",https://www.facebook.com/ilya.ber.5/posts/%D1%83%D0%B4%D0%B8%D0%B2%D0%B8%D1%82%D0%B5%D0%BB%D1%8C%D0%BD%D0%BE-%D1%87%D1%82%D0%BE-%D1%8F-%D0%BF%D0%B8%D1%88%D1%83-%D1%8D%D1%82%D0%BE%D1%82-%D0%BF%D0%BE%D1%81%D1%82-%D1%83%D0%B4%D0%B8%D0%B2%D0%B8%D1%82%D0%B5%D0%BB%D1%8C%D0%BD%D0%BE-%D0%B5%D1%81%D0%BB%D0%B8-%D0%B2%D1%81%D0%BF%D0%BE%D0%BC%D0%BD%D0%B8%D1%82%D1%8C-%D0%BA%D0%B0%D0%BA-%D0%B2%D1%81%D1%91-%D0%BD%D0%B0%D1%87%D0%B8%D0%BD%D0%B0%D0%BB%D0%BE%D1%81%D1%8C-%D1%81/25736101612646885/,2025-11-14T14:13:45Z
3,Удивительно,10,Удивительно мудрый рак-отшельник - Предмет - World of Warcraft,https://www.wowhead.com/ru/item=168053/%D1%83%D0%B4%D0%B8%D0%B2%D0%B8%D1%82%D0%B5%D0%BB%D1%8C%D0%BD%D0%BE-%D0%BC%D1%83%D0%B4%D1%80%D1%8B%D0%B9-%D1%80%D0%B0%D0%BA-%D0%BE%D1%82%D1%88%D0%B5%D0%BB%D1%8C%D0%BD%D0%B8%D0%BA,2025-11-14T14:13:45Z
3,Удивительно,11,"Удивительно, но я знаю, как зовут эту бабочку. Красный адмирал ...",https://www.facebook.com/100004998549135/posts/%D1%83%D0%B4%D0%B8%D0%B2%D0%B8%D1%82%D0%B5%D0%BB%D1%8C%D0%BD%D0%BE-%D0%BD%D0%BE-%D1%8F-%D0%B7%D0%BD%D0%B0%D1%8E-%D0%BA%D0%B0%D0%BA-%D0%B7%D0%BE%D0%B2%D1%83%D1%82-%D1%8D%D1%82%D1%83-%D0%B1%D0%B0%D0%B1%D0%BE%D1%87%D0%BA%D1%83-%D0%BA%D1%80%D0%B0%D1%81%D0%BD%D1%8B%D0%B9-%D0%B0%D0%B4%D0%BC%D0%B8%D1%80%D0%B0%D0%BB-vanessa-atalanta-%D1%81%D0%BD%D0%B8/3099733060203282/,2025-11-14T14:13:45Z
3,Удивительно,12,Удивительно Странный Мир Гамбола | isidarec.ru,https://isidarec.ru/weird-gambol-world/,2025-11-14T14:13:45Z
3,Удивительно,13,"Как это не удивительно, но и в Италии есть рецепты блюд с ...",https://www.facebook.com/ne.povar.rim/posts/%D0%BA%D0%B0%D0%BA-%D1%8D%D1%82%D0%BE-%D0%BD%D0%B5-%D1%83%D0%B4%D0%B8%D0%B2%D0%B8%D1%82%D0%B5%D0%BB%D1%8C%D0%BD%D0%BE-%D0%BD%D0%BE-%D0%B8-%D0%B2-%D0%B8%D1%82%D0%B0%D0%BB%D0%B8%D0%B8-%D0%B5%D1%81%D1%82%D1%8C-%D1%80%D0%B5%D1%86%D0%B5%D0%BF%D1%82%D1%8B-%D0%B1%D0%BB%D1%8E%D0%B4-%D1%81-%D0%B7%D0%B0%D0%BC%D0%BE%D1%80%D0%BE%D0%B6%D0%B5%D0%BD%D0%BD%D1%8B%D0%BC%D0%B8-%D0%BC%D0%BE%D1%80%D0%B5%D0%BF%D1%80%D0%BE%D0%B4%D1%83/719088560636571/,2025-11-14T14:13:45Z
3,Удивительно,14,Удивительно теплый пучок водорослей - Предмет - World of ...,https://www.wowhead.com/ru/item=168092/%D1%83%D0%B4%D0%B8%D0%B2%D0%B8%D1%82%D0%B5%D0%BB%D1%8C%D0%BD%D0%BE-%D1%82%D0%B5%D0%BF%D0%BB%D1%8B%D0%B9-%D0%BF%D1%83%D1%87%D0%BE%D0%BA-%D0%B2%D0%BE%D0%B4%D0%BE%D1%80%D0%BE%D1%81%D0%BB%D0%B5%D0%B9,2025-11-14T14:13:45Z
3,Удивительно,15,Кошачье ночное зрение удивительно,https://www.bethowen.ru/club/advice/cats/342857/,2025-11-14T14:13:45Z
3,Удивительно,16,Удивительно плотный камень - Предмет - World of Warcraft,https://www.wowhead.com/ru/item=167902/%D1%83%D0%B4%D0%B8%D0%B2%D0%B8%D1%82%D0%B5%D0%BB%D1%8C%D0%BD%D0%BE-%D0%BF%D0%BB%D0%BE%D1%82%D0%BD%D1%8B%D0%B9-%D0%BA%D0%B0%D0%BC%D0%B5%D0%BD%D1%8C,2025-11-14T14:13:45Z
3,Удивительно,17,Синонимы к слову «удивительно» (184+ слов),https://sinonim.org/s/%D1%83%D0%B4%D0%B8%D0%B2%D0%B8%D1%82%D0%B5%D0%BB%D1%8C%D0%BD%D0%BE,2025-11-14T14:13:45Z
3,Удивительно,18,Удивительное семя | Don't Starve вики | Fandom,https://dont-starve.fandom.com/ru/wiki/%D0%A3%D0%B4%D0%B8%D0%B2%D0%B8%D1%82%D0%B5%D0%BB%D1%8C%D0%BD%D0%BE%D0%B5_%D1%81%D0%B5%D0%BC%D1%8F,2025-11-14T14:13:45Z
3,Удивительно,19,Билеты на спектакль «Удивительно счастливые люди» в ДК ...,https://afisha.yandex.ru/saint-petersburg/theatre_show/udivitelno-schastlivye-liudi,2025-11-14T14:13:45Z
3,Удивительно,20,Начни с главного! 1 удивительно простой закон феноменального ...,https://litres.com/book/geri-keller/nachni-s-glavnogo-1-udivitelno-prostoy-zakon-fenomenalnogo-usp-6572354/,2025-11-14T14:13:45Z
4,Долиной,1,"Долина, Лариса Александровна — Википедия","https://ru.wikipedia.org/wiki/%D0%94%D0%BE%D0%BB%D0%B8%D0%BD%D0%B0,_%D0%9B%D0%B0%D1%80%D0%B8%D1%81%D0%B0_%D0%90%D0%BB%D0%B5%D0%BA%D1%81%D0%B0%D0%BD%D0%B4%D1%80%D0%BE%D0%B2%D0%BD%D0%B0",2025-11-14T14:13:49Z
4,Долиной,2,Разница(ы) между Долиной и Оксбоу? : r/MedievalDynasty,https://www.reddit.com/r/MedievalDynasty/comments/1e51n2e/differences_between_valley_ox/?tl=ru,2025-11-14T14:13:49Z
4,Долиной,3,Эффект Долиной: как одно уникальное дело запустило череду ...,https://zakon.ru/Blogs/OneBlog/111840?entryName=effekt_dolinoj_kak_odno_unikalnoe_delo_zapustilo_cheredu_sudebnyh_oshibok_i_chto_delat_s_dobrosovest,2025-11-14T14:13:49Z
4,Долиной,4,Как тебе Оксбоу по сравнению с Долиной? : r/MedievalDynasty,https://www.reddit.com/r/MedievalDynasty/comments/18yr4kp/how_do_you_feel_the_oxbow_compares_to_the_valley/?tl=ru,2025-11-14T14:13:49Z
4,Долиной,5,Еще раз про «дело Долиной». Только факты,https://zakon.ru/blog/2025/11/10/esche_raz_pro_delo_dolinoj_tolko_fakty,2025-11-14T14:13:49Z
4,Долиной,6,Лариса Долина (@larisa.dolina.official) • Instagram photos and videos,https://www.instagram.com/larisa.dolina.official/?hl=en,2025-11-14T14:13:49Z
4,Долиной,7,«Эффект Долиной» // Как защититься от «безумных бабушек»,https://zakon.ru/blog/2025/11/11/effekt_dolinoj__kak_zaschititsya_ot_bezumnyh_babushek,2025-11-14T14:13:49Z
4,Долиной,8,Музыкальная Академия Ларисы Долиной: Проект Muscult,https://muscult.ru/,2025-11-14T14:13:49Z
4,Долиной,9,Концерт Вероники Долиной в саду Дома с маяком. Вероника ...,https://www.facebook.com/lida.moniava/posts/%D0%BA%D0%BE%D0%BD%D1%86%D0%B5%D1%80%D1%82-%D0%B2%D0%B5%D1%80%D0%BE%D0%BD%D0%B8%D0%BA%D0%B8-%D0%B4%D0%BE%D0%BB%D0%B8%D0%BD%D0%BE%D0%B9-%D0%B2-%D1%81%D0%B0%D0%B4%D1%83-%D0%B4%D0%BE%D0%BC%D0%B0-%D1%81-%D0%BC%D0%B0%D1%8F%D0%BA%D0%BE%D0%BC%D0%B2%D0%B5%D1%80%D0%BE%D0%BD%D0%B8%D0%BA%D0%B0-%D0%B4%D0%BE%D0%BB%D0%B8%D0%BD%D0%B0-%D1%81%D0%BF%D0%B0%D1%81%D0%B8%D0%B1%D0%BE-/24592095890415518/,2025-11-14T14:13:49Z
4,Долиной,10,Студенты Музыкальной академии Ларисы Долиной 2022 ...,https://vk.com/@muscultru-studenty-muzykalnoi-akademii-larisy-dolinoi,2025-11-14T14:13:49Z
4,Долиной,11,проект Muscult - Музыкальная академия Ларисы Долиной,https://muscult.ru/academy,2025-11-14T14:13:49Z
4,Долиной,12,Лариса Долина. Официальный сайт,https://larisadolina.com/,2025-11-14T14:13:49Z
4,Долиной,13,Концерт Ларисы Долиной - купить билет в КЗЦ «Миллениум ...,https://xn--g1afr0a5b.xn--p1ai/afisha/kontsert-larisy-dolinoy/,2025-11-14T14:13:49Z
4,Долиной,14,«В Москве официально открылась музыкальная академия ...,https://xn--80aeeqaabljrdbg6a3ahhcl4ay9hsa.xn--p1ai/news/1847,2025-11-14T14:13:49Z
4,Долиной,15,"долина - Wiktionary, the free dictionary",https://en.wiktionary.org/wiki/%D0%B4%D0%BE%D0%BB%D0%B8%D0%BD%D0%B0,2025-11-14T14:13:49Z
4,Долиной,16,Лариса Долина | билеты на концерты в Воронеже 2025 | KASSIR ...,https://vrn.kassir.ru/koncert/larisa-dolina-5,2025-11-14T14:13:49Z
4,Долиной,17,«Лариса Долина. В кругу друзей» | Государственный ...,https://kremlinpalace.org/events/larisa-dolina-v-krugu-druzey,2025-11-14T14:13:49Z
4,Долиной,18,Лариса Долина | билеты на концерты в Ростове-на-Дону 2025 ...,https://rnd.kassir.ru/koncert/larisa-dolina,2025-11-14T14:13:49Z
4,Долиной,19,Адвокат сообщила об уголовном деле об угрозе убийством ...,https://www.rbc.ru/society/10/11/2025/6911a7299a7947747ff80d0b,2025-11-14T14:13:49Z
4,Долиной,20,Радио Долин - YouTube,https://www.youtube.com/@radiodolin,2025-11-14T14:13:49Z
5,Эпштейна,1,"Эпштейн, Джеффри — Википедия","https://ru.wikipedia.org/wiki/%D0%AD%D0%BF%D1%88%D1%82%D0%B5%D0%B9%D0%BD,_%D0%94%D0%B6%D0%B5%D1%84%D1%84%D1%80%D0%B8",2025-11-14T14:13:53Z
5,Эпштейна,2,Досье Эпштейна: ни один человек не должен быть недосягаем ...,https://news.un.org/ru/story/2024/01/1448747,2025-11-14T14:13:53Z
5,Эпштейна,3,"Демократы обнародовали письма Эпштейна, в которых ...",https://www.bbc.com/russian/articles/c1j8yjj1pe9o,2025-11-14T14:13:53Z
5,Эпштейна,4,АмплиСенс® EBV-скрин/монитор-FL. Выявление и ...,https://www.amplisens.ru/catalog/4-nabory-reagentov-dlya-ptsrdiagnostiki-infektsionnykh-bolezney-cheloveka/46-gerpesvirusnye-infektsii/amplisens-ebvskrinmonitorfl-vyyavlenie-i-kolichestvennoe-opredelenie-dnk-virusa-epshteyna-barr/,2025-11-14T14:13:53Z
5,Эпштейна,5,"Трамп, новые документы из дела Эпштейна и «книга на день ...",https://www.bbc.com/russian/articles/c98d3pq5ryvo,2025-11-14T14:13:53Z
5,Эпштейна,6,"Вирус Эпштейна-Барр — причины появления, симптомы ...",https://www.ckbran.ru/cure/immunology/virus-epshteyna-barr,2025-11-14T14:13:53Z
5,Эпштейна,7,Jeffrey Epstein - Wikipedia,https://en.wikipedia.org/wiki/Jeffrey_Epstein,2025-11-14T14:13:53Z
5,Эпштейна,8,"Демократы нашли письма Эпштейна с заявлением, что Трамп ...",https://www.rbc.ru/politics/12/11/2025/6914ad4a9a79472db460692c,2025-11-14T14:13:53Z
5,Эпштейна,9,Инфекционный мононуклеоз: Вирус Эпштейна-Барр (вирус ...,https://invitro.kz/analizes/for-doctors/563/,2025-11-14T14:13:53Z
5,Эпштейна,10,Медицинский центр - Асклепий Вирус Эпштейна–Барр (EBV ...,https://asklepiy-dv.ru/services/laboratory/pcr-diagnostika/52-virusnye-infekcii/52-8/,2025-11-14T14:13:53Z
5,Эпштейна,11,Эпштейн - Барр вирусная инфекция (инфекционный ...,https://unilab.su/services/analyses/khabarovsk/195/,2025-11-14T14:13:53Z
5,Эпштейна,12,Антитела (Ig G) к ядерному белку вируса Эпштейна-Барр - от ...,https://cdmed.ru/analyze/sankt-peterburg/antitela-ig-g-k-yadernomu-belku-virusa-epshteyna-barr/,2025-11-14T14:13:53Z
5,Эпштейна,13,Почему дело Эпштейна вызвало кризис доверия к Трампу – DW ...,https://www.dw.com/ru/pocemu-delo-epstejna-vyzvalo-krizis-doveria-k-trampu/a-73326103,2025-11-14T14:13:53Z
5,Эпштейна,14,"Хронический вирус Эпштейна Барр - причины, симптомы ...",https://www.onclinic.ru/khronicheskiy-virus-epshteyna-barr/,2025-11-14T14:13:53Z
5,Эпштейна,15,Mikhail Epstein,https://www.facebook.com/mikhail.epstein/,2025-11-14T14:13:53Z
5,Эпштейна,16,Комплексное исследование на вирус Эпштейна-Барр (EBV ...,https://unilab.su/services/analyses/trudovoe/66/55397/,2025-11-14T14:13:53Z
5,Эпштейна,17,"Эпштейна-Барр вирус (Epstein Barr virus, EBV), антитела IgG к ...",https://nikolab.com.ua/prices/1186-2/,2025-11-14T14:13:53Z
5,Эпштейна,18,Вирус эпштейна-барр - Анализы и цены,https://smartlab.ua/ru/analize/diagnostika-torch-infekcij/virus-epshtejna-barr,2025-11-14T14:13:53Z
5,Эпштейна,19,"Вирус Эпштейна-Барр – симптомы, причины, лечение",https://mrtpetrograd.ru/stati/zabolevaniya/virus-epshtejn-barra,2025-11-14T14:13:53Z
5,Эпштейна,20,"Вирус Эпштейн-Барр — Симптомы, признаки, диагностика ...",https://h-clinic.ru/articles/infektsiya-vyzvannaya-virusom-epshteyna-barr-mify-i-realnost/,2025-11-14T14:13:53Z
1,ЛГБТ,1,ЛГБТ — Википедия,https://ru.wikipedia.org/wiki/%D0%9B%D0%93%D0%91%D0%A2,2025-11-15T14:15:25Z
1,ЛГБТ,2,Почему так много ЛГБТ персонажей? : r/Sandman,https://www.reddit.com/r/Sandman/comments/wkopf4/why_are_there_so_much_lgbt_characters/?tl=ru,2025-11-15T14:15:25Z
1,ЛГБТ,3,Парламент Казахстана проголосовал за запрет «пропаганды ...,https://www.bbc.com/russian/articles/cr7mxd750gzo,2025-11-15T14:15:25Z
1,ЛГБТ,4,"Почему столько людей думают, что «Лука» про ЛГБТ? : r/Pixar",https://www.reddit.com/r/Pixar/comments/oh1vt2/why_are_so_many_people_thinking_luca_is_about/?tl=ru,2025-11-15T14:15:25Z
1,ЛГБТ,5,Гепатит C и здоровье ЛГБТК+,https://doh.wa.gov/sites/default/files/2025-07/150-204-HepC-LGBTQProvider-Russian.pdf,2025-11-15T14:15:25Z
1,ЛГБТ,6,The Kremlin and the Russian Orthodox Church: A Dangerous Alliance,https://intersections.ssrc.org/?post_type=ramp_article&p=2023,2025-11-15T14:15:25Z
1,ЛГБТ,7,Жить с гордостью понимаем права ЛГБТК,https://www.nyc.gov/assets/cchr/downloads/pdf/publications/RU_LGBTQ_Brochure.pdf,2025-11-15T14:15:25Z
1,ЛГБТ,8,LGBTQ people - Wikipedia,https://en.wikipedia.org/wiki/LGBTQ_people,2025-11-15T14:15:25Z
1,ЛГБТ,9,"Жизнь ЛГБТ-людей в Туркменистане, самой закрытой стране ...",https://tgeu.org/ru/the-lives-of-lgbt-people-in-turkmenistan-the-most-closed-off-country-in-eastern-europe-and-central-asia/,2025-11-15T14:15:25Z
1,ЛГБТ,10,Общественные услуги ЛГБТ | Услуги | Город Филадельфия,https://www.phila.gov/ru/services/diversity-inclusion-accessibility-immigration/lgbt-community-services/,2025-11-15T14:15:25Z
1,ЛГБТ,11,Військові ЛГБТ+ 🏳️‍ ⚔️ (@lgbtiqmilitary) • Instagram photos ...,https://www.instagram.com/lgbtiqmilitary/?hl=en,2025-11-15T14:15:25Z
1,ЛГБТ,12,Офис по делам ЛГБТ | Домашняя страница | Город Филадельфия,https://www.phila.gov/ru/departments/office-of-lgbt-affairs/,2025-11-15T14:15:25Z
1,ЛГБТ,13,Политическое убежище США для ЛГБТ представителей,https://kolyadalaw.com/politicheskoe-ubezhishhe-ssha-dlya-lgbt/,2025-11-15T14:15:25Z
1,ЛГБТ,14,Преступления на почве ненависти против ЛГБТ в России [Hate ...,https://www.ssrn.com/abstract=3084887,2025-11-15T14:15:25Z
1,ЛГБТ,15,Los Angeles LGBT Center - A Safe Welcoming Space for LGBTQ+,https://lalgbtcenter.org/,2025-11-15T14:15:25Z
1,ЛГБТ,16,Пропаганда ЛГБТ запрещена законом! - УПОЛНОМОЧЕННЫЙ ...,https://deti.gov.ru/Press-Centr/region-news/8661,2025-11-15T14:15:25Z
1,ЛГБТ,17,Гей Даллас: Идеи выходных для ЛГБТ | Visit Dallas,https://www.visitdallas.com/ru/plan/itineraries/lgbtq-weekend/,2025-11-15T14:15:25Z
1,ЛГБТ,18,Эксперты ООН призвали РФ положить конец ...,https://news.un.org/ru/story/2023/12/1447502,2025-11-15T14:15:25Z
1,ЛГБТ,19,Решение гейского вопроса. Почему ЛГБТ назначили главным ...,https://carnegieendowment.org/russia-eurasia/politika/2025/06/russia-new-lgbt-repressions?lang=ru,2025-11-15T14:15:25Z
1,ЛГБТ,20,США признают лишь два пола: Трамп начал наступление на ...,https://www.dw.com/ru/ssa-priznaut-lis-dva-pola-tramp-nacal-nastuplenie-na-lgbt/a-71434694,2025-11-15T14:15:25Z
2,Думаю,1,"думаю - Wiktionary, the free dictionary",https://en.wiktionary.org/wiki/%D0%B4%D1%83%D0%BC%D0%B0%D1%8E,2025-11-15T14:15:29Z
2,Думаю,2,Мне кажется VS я думаю : r/russian,https://www.reddit.com/r/russian/comments/1eotjbn/%D0%BC%D0%BD%D0%B5_%D0%BA%D0%B0%D0%B6%D0%B5%D1%82%D1%81%D1%8F_vs_%D1%8F_%D0%B4%D1%83%D0%BC%D0%B0%D1%8E/,2025-11-15T14:15:29Z
2,Думаю,3,"думаю pronunciation: How to pronounce думаю in Russian, Ukrainian",https://forvo.com/word/%D0%B4%D1%83%D0%BC%D0%B0%D1%8E/,2025-11-15T14:15:29Z
2,Думаю,4,What is the difference between «я думаю» and «по моему» : r/russian,https://www.reddit.com/r/russian/comments/sbay43/what_is_the_difference_between_%D1%8F_%D0%B4%D1%83%D0%BC%D0%B0%D1%8E_and_%D0%BF%D0%BE/,2025-11-15T14:15:29Z
2,Думаю,5,Журнал «ДУМАЙ» — подписка на умный семейный журнал для ...,https://dum.ai/,2025-11-15T14:15:29Z
2,Думаю,6,"Странное явление, когда я читаю, но думаю о чем-то другом : r ...",https://www.reddit.com/r/cogsci/comments/1fwiwp8/strange_phenomenon_when_im_reading_but_thinking/?tl=ru,2025-11-15T14:15:29Z
2,Думаю,7,"Я никогда не могу сдержать улыбку, глядя на тебя. Каждый раз ...",https://www.instagram.com/p/DMe-YGqsIvz/?hl=en,2025-11-15T14:15:29Z
2,Думаю,8,"Думаю, как всё закончить — Википедия","https://ru.wikipedia.org/wiki/%D0%94%D1%83%D0%BC%D0%B0%D1%8E,_%D0%BA%D0%B0%D0%BA_%D0%B2%D1%81%D1%91_%D0%B7%D0%B0%D0%BA%D0%BE%D0%BD%D1%87%D0%B8%D1%82%D1%8C",2025-11-15T14:15:29Z
2,Думаю,9,"Diana Gloster | Долго так иду, но по сути мало Снова думаю, что ...",https://www.instagram.com/p/COsnHp4hf3w/,2025-11-15T14:15:29Z
2,Думаю,10,думать — Викисловарь,https://ru.wiktionary.org/wiki/%D0%B4%D1%83%D0%BC%D0%B0%D1%82%D1%8C,2025-11-15T14:15:29Z
2,Думаю,11,думаю - Перевод на английский - примеры русский | Reverso ...,https://context.reverso.net/%D0%BF%D0%B5%D1%80%D0%B5%D0%B2%D0%BE%D0%B4/%D1%80%D1%83%D1%81%D1%81%D0%BA%D0%B8%D0%B9-%D0%B0%D0%BD%D0%B3%D0%BB%D0%B8%D0%B9%D1%81%D0%BA%D0%B8%D0%B9/%D0%B4%D1%83%D0%BC%D0%B0%D1%8E,2025-11-15T14:15:29Z
2,Думаю,12,"Иду, и думаю о разном — Иванов. Полный текст стихотворения ...",https://www.culture.ru/poems/24301/idu-i-dumayu-o-raznom,2025-11-15T14:15:29Z
2,Думаю,13,Я думаю о ней… / Театр им. Евгения Вахтангова. Официальный ...,https://vakhtangov.ru/show/tvorcheskiy_vecher_igorya_kartasheva/,2025-11-15T14:15:29Z
2,Думаю,14,"Я обожала Азнавура, и думаю его памятник не подходит к его ...",https://www.facebook.com/AnnaAstvatsaturianTurcotte/posts/%D1%8F-%D0%BE%D0%B1%D0%BE%D0%B6%D0%B0%D0%BB%D0%B0-%D0%B0%D0%B7%D0%BD%D0%B0%D0%B2%D1%83%D1%80%D0%B0-%D0%B8-%D0%B4%D1%83%D0%BC%D0%B0%D1%8E-%D0%B5%D0%B3%D0%BE-%D0%BF%D0%B0%D0%BC%D1%8F%D1%82%D0%BD%D0%B8%D0%BA-%D0%BD%D0%B5-%D0%BF%D0%BE%D0%B4%D1%85%D0%BE%D0%B4%D0%B8%D1%82-%D0%BA-%D0%B5%D0%B3%D0%BE-%D0%BD%D0%B0%D1%81%D0%BB%D0%B5%D0%B4%D0%B8%D0%B8-%D1%82%D0%B0%D0%BB%D0%B0%D0%BD%D1%82%D0%B0-%D0%B5%D1%80%D0%B5%D0%B2%D0%B0/1388909872630010/,2025-11-15T14:15:29Z
2,Думаю,15,"Думаю, как всё закончить фильм, 2020, дата выхода трейлеры ...",https://www.kinopoisk.ru/film/1219852/,2025-11-15T14:15:29Z
2,Думаю,16,"Олег, это то, что я думаю, – не веря своим глазам, решил ...",https://www.facebook.com/GyumriGuideHovhannes/posts/-%D0%BE%D0%BB%D0%B5%D0%B3-%D1%8D%D1%82%D0%BE-%D1%82%D0%BE-%D1%87%D1%82%D0%BE-%D1%8F-%D0%B4%D1%83%D0%BC%D0%B0%D1%8E-%D0%BD%D0%B5-%D0%B2%D0%B5%D1%80%D1%8F-%D1%81%D0%B2%D0%BE%D0%B8%D0%BC-%D0%B3%D0%BB%D0%B0%D0%B7%D0%B0%D0%BC-%D1%80%D0%B5%D1%88%D0%B8%D0%BB-%D1%83%D1%82%D0%BE%D1%87%D0%BD%D0%B8%D1%82%D1%8C-%D1%8F-%D0%B0-%D1%87%D1%82%D0%BE-%D1%82%D1%8B-%D0%B4%D1%83%D0%BC%D0%B0%D0%B5%D1%88%D1%8C-/1413083917494291/,2025-11-15T14:15:29Z
2,Думаю,17,"Думаю, аккаунт моего друга был взломан – Служба поддержки ...",https://help.snapchat.com/hc/ru/articles/10017544623636-%D0%94%D1%83%D0%BC%D0%B0%D1%8E-%D0%B0%D0%BA%D0%BA%D0%B0%D1%83%D0%BD%D1%82-%D0%BC%D0%BE%D0%B5%D0%B3%D0%BE-%D0%B4%D1%80%D1%83%D0%B3%D0%B0-%D0%B1%D1%8B%D0%BB-%D0%B2%D0%B7%D0%BB%D0%BE%D0%BC%D0%B0%D0%BD,2025-11-15T14:15:29Z
2,Думаю,18,Dirty Harry | Игорь Гомольский – Telegram,https://t.me/s/harry_homolsky?before=9122,2025-11-15T14:15:29Z
2,Думаю,19,сметаник... думаю вчерашний.. так как жесковат - Picture of ...,https://www.tripadvisor.com/LocationPhotoDirectLink-g298539-d4868154-i283684992-Maximilian_s-Chelyabinsk_Chelyabinsk_Oblast_Urals_District.html,2025-11-15T14:15:29Z
2,Думаю,20,"Я всё чаще думаю о том, что делает человека настоящим. Для ...",https://vk.com/wall154202923_3417,2025-11-15T14:15:29Z
3,кндр,1,Корейская Народно-Демократическая Республика — Википедия,https://ru.wikipedia.org/wiki/%D0%9A%D0%BE%D1%80%D0%B5%D0%B9%D1%81%D0%BA%D0%B0%D1%8F_%D0%9D%D0%B0%D1%80%D0%BE%D0%B4%D0%BD%D0%BE-%D0%94%D0%B5%D0%BC%D0%BE%D0%BA%D1%80%D0%B0%D1%82%D0%B8%D1%87%D0%B5%D1%81%D0%BA%D0%B0%D1%8F_%D0%A0%D0%B5%D1%81%D0%BF%D1%83%D0%B1%D0%BB%D0%B8%D0%BA%D0%B0,2025-11-15T14:15:34Z
3,кндр,2,"Правда ли, что после посещения КНДР человеку могут запретить ...",https://www.reddit.com/r/northkorea/comments/1i0cs62/is_it_true_that_after_visiting_democratic_peoples/?tl=ru,2025-11-15T14:15:34Z
3,кндр,3,View @RusEmbDPRK - Telegram,https://t.me/RusEmbDPRK/4237,2025-11-15T14:15:34Z
3,кндр,4,"Почему коммунисты всегда, кажется, используют ""КНДР"" и редко ...",https://www.reddit.com/r/DebateCommunism/comments/vl513z/why_do_communists_always_seem_to_use_dprk_and/?tl=ru,2025-11-15T14:15:34Z
3,кндр,5,S/RES/2397 (2017) | Совет Безопасности,https://main.un.org/securitycouncil/ru/s/res/2397-%282017%29,2025-11-15T14:15:34Z
3,кндр,6,North Korea women's national football team - Wikipedia,https://en.wikipedia.org/wiki/North_Korea_women%27s_national_football_team,2025-11-15T14:15:34Z
3,кндр,7,Посольство РФ в КНДР,https://dprk.mid.ru/ru/,2025-11-15T14:15:34Z
3,кндр,8,North Korea - Wikipedia,https://en.wikipedia.org/wiki/North_Korea,2025-11-15T14:15:34Z
3,кндр,9,"Простите, не удержалась #кндр #кндр #northkorea #northkorea ...",https://www.instagram.com/reel/DMkqoM0I2G8/,2025-11-15T14:15:34Z
3,кндр,10,Государственный визит в КНДР • Президент России,http://www.kremlin.ru/events/president/trips/74342,2025-11-15T14:15:34Z
3,кндр,11,КНДР Панель Паспорта | Паспортный Индекс 2025,https://www.passportindex.org/ru/passport/north-korea/,2025-11-15T14:15:34Z
3,кндр,12,Главный правозащитник ООН о жизни в КНДР: «ежедневная ...,https://news.un.org/ru/story/2024/06/1453246,2025-11-15T14:15:34Z
3,кндр,13,Москва признала присутствие солдат из КНДР под Курском ...,https://www.bbc.com/russian/articles/crrz82dngkzo,2025-11-15T14:15:34Z
3,кндр,14,Лавров не исключил возможность отправки войск КНДР в ...,https://www.dw.com/ru/lavrov-ne-isklucil-vozmoznost-otpravki-vojsk-kndr-v-ukrainu/a-73252866,2025-11-15T14:15:34Z
3,кндр,15,Посольство Корейской Народно-Демократической Республики,https://dgp.mid.ru/currentinfo/embassy/PRK/,2025-11-15T14:15:34Z
3,кндр,16,КНДР / Северная Корея — заявление Верховного представителя ...,https://www.eeas.europa.eu/eeas/%D0%BA%D0%BD%D0%B4%D1%80-%D1%81%D0%B5%D0%B2%D0%B5%D1%80%D0%BD%D0%B0%D1%8F-%D0%BA%D0%BE%D1%80%D0%B5%D1%8F-%E2%80%94-%D0%B7%D0%B0%D1%8F%D0%B2%D0%BB%D0%B5%D0%BD%D0%B8%D0%B5-%D0%B2%D0%B5%D1%80%D1%85%D0%BE%D0%B2%D0%BD%D0%BE%D0%B3%D0%BE-%D0%BF%D1%80%D0%B5%D0%B4%D1%81%D1%82%D0%B0%D0%B2%D0%B8%D1%82%D0%B5%D0%BB%D1%8F-%D0%B5%D1%81-%D0%BF%D0%BE-%D0%BF%D0%BE%D0%B2%D0%BE%D0%B4%D1%83-%D0%B7%D0%B0%D0%BF%D1%83%D1%81%D0%BA%D0%B0-%D0%BC%D0%B5%D0%B6%D0%BA%D0%BE%D0%BD%D1%82%D0%B8%D0%BD%D0%B5%D0%BD%D1%82%D0%B0%D0%BB%D1%8C%D0%BD%D0%BE%D0%B9_ru,2025-11-15T14:15:34Z
3,кндр,17,Россия и КНДР нацелены на расширение cотрудничества в ...,https://minobrnauki.gov.ru/press-center/news/novosti-ministerstva/81405/,2025-11-15T14:15:34Z
3,кндр,18,КНДР - Страна ТАСС,https://tass.ru/tag/kndr,2025-11-15T14:15:34Z
3,кндр,19,Посольство России в КНДР / Russian Embassy in the DPRK ...,https://www.facebook.com/RusEmbDPRK/,2025-11-15T14:15:34Z
3,кндр,20,Расон (КНДР) — Вікіпедыя,https://be.wikipedia.org/wiki/%D0%A0%D0%B0%D1%81%D0%BE%D0%BD_(%D0%9A%D0%9D%D0%94%D0%A0),2025-11-15T14:15:34Z
4,Чебурашка,1,Cheburashka - Wikipedia,https://en.wikipedia.org/wiki/Cheburashka,2025-11-15T14:15:38Z
4,Чебурашка,2,Чебурашка — Википедия,https://ru.wikipedia.org/wiki/%D0%A7%D0%B5%D0%B1%D1%83%D1%80%D0%B0%D1%88%D0%BA%D0%B0,2025-11-15T14:15:38Z
4,Чебурашка,3,50 years of Cheburashka: why the Soviet Union's best-loved cartoon ...,https://www.new-east-archive.org/features/show/13165/cheburashka-soviet-union-cartoon-fifty-years-animation-film-crocodile-gena,2025-11-15T14:15:38Z
4,Чебурашка,4,Чебурашка и его друзья - Саратовский театр кукол «Теремок»,https://teremok-saratov.ru/spectacle/cheburashka-i-ego-druzya/,2025-11-15T14:15:38Z
4,Чебурашка,5,Cheburashka (Short 1971) - IMDb,https://www.imdb.com/title/tt0201520/,2025-11-15T14:15:38Z
4,Чебурашка,6,Cheburashka.ee – Детский Интернет Магазин в Эстонии,https://cheburashka.ee/,2025-11-15T14:15:38Z
4,Чебурашка,7,Cheburashka: A Soviet Beast of Unknown Origins - Tablet Magazine,https://www.tabletmag.com/sections/arts-letters/articles/cheburashka-soviet-animation,2025-11-15T14:15:38Z
4,Чебурашка,8,Cheburashka 2 (2026) - IMDb,https://www.imdb.com/title/tt29261987/,2025-11-15T14:15:38Z
4,Чебурашка,9,Cheburashka: 10 fun facts about Russia's iconic furry character ...,https://www.rbth.com/arts/2016/02/13/cheburashka-fun-facts-about-russias-iconic-furry-character_567183,2025-11-15T14:15:38Z
4,Чебурашка,10,MiG-23 Cheburashka | Muv-Luv Wiki | Fandom,https://muvluv.fandom.com/wiki/MiG-23_Cheburashka,2025-11-15T14:15:38Z
4,Чебурашка,11,Чебурашка (English and Russian subtitles) : r/russian,https://www.reddit.com/r/russian/comments/hujplc/%D1%87%D0%B5%D0%B1%D1%83%D1%80%D0%B0%D1%88%D0%BA%D0%B0_english_and_russian_subtitles/,2025-11-15T14:15:38Z
4,Чебурашка,12,Russian Cheburashka | eBay,https://www.ebay.com/shop/russian-cheburashka?_nkw=russian+cheburashka,2025-11-15T14:15:38Z
4,Чебурашка,13,Cheburashka - Amazon.com,https://www.amazon.com/Cheburashka/s?k=Cheburashka,2025-11-15T14:15:38Z
4,Чебурашка,14,Cheburashka | eBay,https://www.ebay.com/shop/cheburashka?_nkw=cheburashka,2025-11-15T14:15:38Z
4,Чебурашка,15,Cheburashka - Amazon.ca,https://www.amazon.ca/cheburashka/s?k=cheburashka,2025-11-15T14:15:38Z
4,Чебурашка,16,"REEEC Master Calendar: Slavic Film Series: ""Cheburashka ...",https://calendars.illinois.edu/detail/2750?eventId=33470825,2025-11-15T14:15:38Z
4,Чебурашка,17,"Исследование: почему Чебурашка — еврей, но при этом не ...",https://m.sobaka.ru/city/society/73279,2025-11-15T14:15:38Z
4,Чебурашка,18,Cheburashka - Etsy,https://www.etsy.com/market/cheburashka,2025-11-15T14:15:38Z
4,Чебурашка,19,Cheburashka | FKoKFII | Fandom,https://fkokf.fandom.com/wiki/Cheburashka,2025-11-15T14:15:38Z
4,Чебурашка,20,"Купить Куртка флисовая ""Чебурашка"" в интернет-магазине ...",https://mordor-tac.com/product/fleece-jacket-cheburashka/,2025-11-15T14:15:38Z
5,сталина,1,"Сталин, Иосиф Виссарионович — Википедия","https://ru.wikipedia.org/wiki/%D0%A1%D1%82%D0%B0%D0%BB%D0%B8%D0%BD,_%D0%98%D0%BE%D1%81%D0%B8%D1%84_%D0%92%D0%B8%D1%81%D1%81%D0%B0%D1%80%D0%B8%D0%BE%D0%BD%D0%BE%D0%B2%D0%B8%D1%87",2025-11-15T14:15:42Z
5,сталина,2,Joseph Stalin - Wikipedia,https://en.wikipedia.org/wiki/Joseph_Stalin,2025-11-15T14:15:42Z
5,сталина,3,Почему военные не попытались свергнуть Сталина во время ...,https://www.reddit.com/r/history/comments/dlg8vi/why_didnt_the_military_try_to_overthrow_stalin/?tl=ru,2025-11-15T14:15:42Z
5,сталина,4,Сталина Гуревич (@stalina_gurevich) • Instagram photos and videos,https://www.instagram.com/stalina_gurevich/?hl=en,2025-11-15T14:15:42Z
5,сталина,5,Акцент Сталина : r/linguistics,https://www.reddit.com/r/linguistics/comments/nsw0ep/stalins_accent/?tl=ru,2025-11-15T14:15:42Z
5,сталина,6,Стул Сталина (@stalin_stool) • Instagram photos and videos,https://www.instagram.com/stalin_stool/?hl=en,2025-11-15T14:15:42Z
5,сталина,7,Квест «Бункер Сталина» в Москве от «Quest Hunter»,https://mir-kvestov.ru/quests/v-podvale-bunker-stalina,2025-11-15T14:15:42Z
5,сталина,8,Письмо Сталина президенту Рузвельту. | National Security Archive,https://nsarchive.gwu.edu/document/26377-99-pismo-stalina-prezidentu-ruzveltu,2025-11-15T14:15:42Z
5,сталина,9,РОЖДЕНИЕ СТАЛИНА - Александринский театр,https://alexandrinsky.ru/afisha-i-bilety/rozhdenie-stalina/,2025-11-15T14:15:42Z
5,сталина,10,Переписка Сталина | National Security Archive,https://nsarchive.gwu.edu/russian-pages/mikoyan-archives/stalin,2025-11-15T14:15:42Z
5,сталина,11,ЭТА ДОРОГА НЕ ВЕДЕТ К ХРАМУ... — Петербургский ...,https://ptj.spb.ru/archive/96/memory-place/eta-doroga-nevedet-kxramu/,2025-11-15T14:15:42Z
5,сталина,12,Бункер Сталина - Официальный сайт,https://bunker42.com/events/bunker-stalina-samaya-polnaya-programma-2/,2025-11-15T14:15:42Z
5,сталина,13,Беседа с английским писателем Г.Д. Уэллсом 23 июля 1934 года,https://www.marxists.org/russkij/stalin/t14/t14_04.htm,2025-11-15T14:15:42Z
5,сталина,14,Стул Сталина (Stul Stalina) – culture Lyrics | Genius Lyrics,https://genius.com/Stul-stalina-culture-lyrics,2025-11-15T14:15:42Z
5,сталина,15,Историко-культурный комплекс «Линия Сталина»,https://stalin-line.by/,2025-11-15T14:15:42Z
5,сталина,16,Сталина на вас нет | WordReference Forums,https://forum.wordreference.com/threads/%D0%A1%D1%82%D0%B0%D0%BB%D0%B8%D0%BD%D0%B0-%D0%BD%D0%B0-%D0%B2%D0%B0%D1%81-%D0%BD%D0%B5%D1%82.3042466/,2025-11-15T14:15:42Z
5,сталина,17,Дача Сталина,http://dachastalina.ru/,2025-11-15T14:15:42Z
5,сталина,18,Спектакль «Рождение Сталина» в Александринском театре ...,https://spb.ticketland.ru/teatry/aleksandrinskiy-teatr/rozhdenie-stalina-spektakl/,2025-11-15T14:15:42Z
5,сталина,19,Сочи 2022. Башня Ахун. Агурские водопады. Дача Сталина.,https://marika-v.livejournal.com/74744.html,2025-11-15T14:15:42Z
5,сталина,20,Разруха и забвение. Дача Сталина в грузинском Цхалтубо ...,https://lavagra.livejournal.com/244493.html,2025-11-15T14:15:42Z
6,#Bitcoin,1,Bitcoin - Open source P2P money,https://bitcoin.org/,2025-11-15T14:15:47Z
6,#Bitcoin,2,Bitcoin - Wikipedia,https://en.wikipedia.org/wiki/Bitcoin,2025-11-15T14:15:47Z
6,#Bitcoin,3,AG Sunday Warns Pennsylvanians of Rise in Scams Involving ...,https://www.attorneygeneral.gov/taking-action/ag-sunday-warns-pennsylvanians-of-rise-in-scams-involving-bitcoin-atms/,2025-11-15T14:15:47Z
6,#Bitcoin,4,Deevers introduces Bitcoin Freedom Act to Bring Oklahoma's ...,https://oksenate.gov/press-releases/deevers-introduces-bitcoin-freedom-act-bring-oklahomas-economy-future,2025-11-15T14:15:47Z
6,#Bitcoin,5,Bitcoin: A Peer-to-Peer Electronic Cash System,https://www.ussc.gov/sites/default/files/pdf/training/annual-national-training-seminar/2018/Emerging_Tech_Bitcoin_Crypto.pdf,2025-11-15T14:15:47Z
6,#Bitcoin,6,CFTC Statement on Self-Certification of Bitcoin Products by CME ...,https://www.cftc.gov/PressRoom/PressReleases/7654-17,2025-11-15T14:15:47Z
6,#Bitcoin,7,Establishment of the Strategic Bitcoin Reserve ... - Federal Register,https://www.federalregister.gov/documents/2025/03/11/2025-03992/establishment-of-the-strategic-bitcoin-reserve-and-united-states-digital-asset-stockpile,2025-11-15T14:15:47Z
6,#Bitcoin,8,CFTC Orders Bitcoin Options Trading Platform Operator and its CEO ...,https://www.cftc.gov/PressRoom/PressReleases/7231-15,2025-11-15T14:15:47Z
6,#Bitcoin,9,S. 4912,https://www.congress.gov/118/bills/s4912/BILLS-118s4912is.pdf,2025-11-15T14:15:47Z
6,#Bitcoin,10,Congressman Nick Begich and Senator Lummis Introduce ...,http://begich.house.gov/media/press-releases/congressman-nick-begich-and-senator-lummis-introduce-landmark-bitcoin-act,2025-11-15T14:15:47Z
6,#Bitcoin,11,"Bitcoin BTC (BTC-USD) Live Price, News, Chart & Price History ...",https://finance.yahoo.com/quote/BTC-USD/,2025-11-15T14:15:47Z
6,#Bitcoin,12,Blockchain Analysis of the Bitcoin Market | NBER,https://www.nber.org/papers/w29396,2025-11-15T14:15:47Z
6,#Bitcoin,13,CBTY - Calamos Bitcoin 80 Series Structured Alt Protection ETF – July,https://www.calamos.com/funds/etf/calamos-bitcoin-80-series-structured-alt-protection-etf-july-cbty/,2025-11-15T14:15:47Z
6,#Bitcoin,14,Bitcoin-NG: A Scalable Blockchain Protocol | USENIX,https://www.usenix.org/conference/nsdi16/technical-sessions/presentation/eyal,2025-11-15T14:15:47Z
6,#Bitcoin,15,Bitcoin (@Bitcoin) / Posts / X,https://x.com/Bitcoin,2025-11-15T14:15:47Z
6,#Bitcoin,16,Commentary Energy Consumption of Cryptocurrencies Beyond Bitcoin,https://www.sciencedirect.com/science/article/pii/S2542435120303317,2025-11-15T14:15:47Z
6,#Bitcoin,17,Office of Public Affairs | Bitcoin Fog Operator Convicted of Money ...,https://www.justice.gov/archives/opa/pr/bitcoin-fog-operator-convicted-money-laundering-conspiracy,2025-11-15T14:15:47Z
6,#Bitcoin,18,Sustainability of bitcoin and blockchains - ScienceDirect,https://www.sciencedirect.com/science/article/pii/S1877343517300015,2025-11-15T14:15:47Z
6,#Bitcoin,19,Attorney General Schwalb Sues Crypto ATM Operator for Financially ...,https://oag.dc.gov/release/attorney-general-schwalb-sues-crypto-atm-operator,2025-11-15T14:15:47Z
6,#Bitcoin,20,USOGE | LA-24-02: Bitcoin Exchange-Traded Products,https://www.oge.gov/web/OGE.nsf/Resources/LA-24-02:+Bitcoin+Exchange-Traded+Products,2025-11-15T14:15:47Z
7,Хотелось,1,"хотелось - Wiktionary, the free dictionary",https://en.wiktionary.org/wiki/%D1%85%D0%BE%D1%82%D0%B5%D0%BB%D0%BE%D1%81%D1%8C,2025-11-15T14:15:51Z
7,Хотелось,2,What's the difference between я хотел and мне хотелось ? : r/russian,https://www.reddit.com/r/russian/comments/w1c4cn/whats_the_difference_between_%D1%8F_%D1%85%D0%BE%D1%82%D0%B5%D0%BB_and_%D0%BC%D0%BD%D0%B5/,2025-11-15T14:15:51Z
7,Хотелось,3,"Хотелось жить правильно, как Эпиктет.",https://www.instagram.com/reel/DLF3PrItAbz/,2025-11-15T14:15:51Z
7,Хотелось,4,"""Хотелось бы увидеть"" или ""Хотелось бы увидеть""? : r/grammar",https://www.reddit.com/r/grammar/comments/1iaycyw/would_have_liked_to_see_or_would_like_to_have_seen/?tl=ru,2025-11-15T14:15:51Z
7,Хотелось,5,"Мне столько раз хотелось умереть, И я не знаю, что меня ...",https://m.vk.com/wall-69671264_9078185?lang=en,2025-11-15T14:15:51Z
7,Хотелось,6,Амура - Хотелось бросить lyrics translation in English | Musixmatch,https://www.musixmatch.com/lyrics/%D0%90%D0%BC%D1%83%D1%80%D0%B0/%D0%A5%D0%BE%D1%82%D0%B5%D0%BB%D0%BE%D1%81%D1%8C-%D0%B1%D1%80%D0%BE%D1%81%D0%B8%D1%82%D1%8C/translation/english,2025-11-15T14:15:51Z
7,Хотелось,7,хотелось - Перевод на английский - примеры русский | Reverso ...,https://context.reverso.net/%D0%BF%D0%B5%D1%80%D0%B5%D0%B2%D0%BE%D0%B4/%D1%80%D1%83%D1%81%D1%81%D0%BA%D0%B8%D0%B9-%D0%B0%D0%BD%D0%B3%D0%BB%D0%B8%D0%B9%D1%81%D0%BA%D0%B8%D0%B9/%D1%85%D0%BE%D1%82%D0%B5%D0%BB%D0%BE%D1%81%D1%8C,2025-11-15T14:15:51Z
7,Хотелось,8,я бы хотел vs мне бы хотелось | WordReference Forums,https://forum.wordreference.com/threads/%D1%8F-%D0%B1%D1%8B-%D1%85%D0%BE%D1%82%D0%B5%D0%BB-vs-%D0%BC%D0%BD%D0%B5-%D0%B1%D1%8B-%D1%85%D0%BE%D1%82%D0%B5%D0%BB%D0%BE%D1%81%D1%8C.3924371/,2025-11-15T14:15:51Z
7,Хотелось,9,Всегда хотелось побыть учителем! - Достижение - World of Warcraft,https://www.wowhead.com/ru/achievement=7325/%D0%B2%D1%81%D0%B5%D0%B3%D0%B4%D0%B0-%D1%85%D0%BE%D1%82%D0%B5%D0%BB%D0%BE%D1%81%D1%8C-%D0%BF%D0%BE%D0%B1%D1%8B%D1%82%D1%8C-%D1%83%D1%87%D0%B8%D1%82%D0%B5%D0%BB%D0%B5%D0%BC,2025-11-15T14:15:51Z
7,Хотелось,10,«Им хотелось фашизма. Они его получили»,https://memorialcenter.org/ru/news/im_hotelos_fashizma,2025-11-15T14:15:51Z
7,Хотелось,11,«Им хотелось фашизма. Они его получили»,https://memorialcenter.org/ru/news/im_hotelos_fashizma,2025-11-15T14:15:51Z
7,Хотелось,12,"Скоро перебираемся воФлориду,хотелось бы пообщаться с ...",https://www.facebook.com/groups/158453211459415/posts/928516934453035/,2025-11-15T14:15:51Z
7,Хотелось,13,"Артём Ушаков x Cool Zone: «Хотелось сделать костюм, который ...",https://www.coolzone.shop/blog/artyem-ushakov-x-cool-zone-khotelos-sdelat-kostyum-kotoryy-vdokhnovlyaet-katatsya/,2025-11-15T14:15:51Z
7,Хотелось,14,"Хотелось бы пойти уже спать, но я только что сделала самый ...",https://x.com/Khlystova_AP/status/1989100081484906538,2025-11-15T14:15:51Z
7,Хотелось,15,Федор МАЛЫШЕВ: «Хотелось ... - Мастерская Петра Фоменко,https://fomenki.ru/performance/ridiculousman/21096/,2025-11-15T14:15:51Z
7,Хотелось,16,"Спряжение ""хотелось"" в русском – спрягать | PROMT.One ...",https://www.translate.ru/%D1%81%D0%BF%D1%80%D1%8F%D0%B6%D0%B5%D0%BD%D0%B8%D0%B5%20%D0%B8%20%D1%81%D0%BA%D0%BB%D0%BE%D0%BD%D0%B5%D0%BD%D0%B8%D0%B5/%D1%80%D1%83%D1%81%D1%81%D0%BA%D0%B8%D0%B9/%D1%85%D0%BE%D1%82%D0%B5%D0%BB%D0%BE%D1%81%D1%8C,2025-11-15T14:15:51Z
7,Хотелось,17,"Живу не так, как бы хотелось — Дементьев. Полный текст ...",https://www.culture.ru/poems/8790/zhivu-ne-tak-kak-by-khotelos,2025-11-15T14:15:51Z
7,Хотелось,18,Хотелось бы верить - Podcast - Apple Podcasts,https://podcasts.apple.com/ge/podcast/%D1%85%D0%BE%D1%82%D0%B5%D0%BB%D0%BE%D1%81%D1%8C-%D0%B1%D1%8B-%D0%B2%D0%B5%D1%80%D0%B8%D1%82%D1%8C/id1601253537,2025-11-15T14:15:51Z
7,Хотелось,19,Как правильно хотелась или хотелось - ответ на Uchi.ru,https://uchi.ru/otvety/questions/kak-pravilno-hotelas-ili-hotelos,2025-11-15T14:15:51Z
7,Хотелось,20,Хотелось бы верить • Arzamas,https://arzamas.academy/podcasts/324,2025-11-15T14:15:51Z
8,Макс,1,HBO Max | Stream Series and Movies,https://www.hbomax.com/,2025-11-15T14:15:55Z
8,Макс,2,Adobe MAX 2025 - The Creativity Conference,https://www.adobe.com/max.html,2025-11-15T14:15:55Z
8,Макс,3,Max Mara United States | Official Website,https://us.maxmara.com/,2025-11-15T14:15:55Z
8,Макс,4,MAX,https://www.maxdrive.ai/,2025-11-15T14:15:55Z
8,Макс,5,Cycling '74,https://cycling74.com/,2025-11-15T14:15:55Z
8,Макс,6,MAX USA CORP. | Rebar Tiers | Nail Guns | Power Tools,https://www.maxusacorp.com/,2025-11-15T14:15:55Z
8,Макс,7,Max Lamb,https://maxlamb.org/,2025-11-15T14:15:55Z
8,Макс,8,The Max Planck Society for the Advancement of Science,https://www.mpg.de/en,2025-11-15T14:15:55Z
8,Макс,9,Max Lucado - Best-selling Christian Author of Anxious for Nothing,https://maxlucado.com/,2025-11-15T14:15:55Z
8,Макс,10,MAX | Spotify,https://open.spotify.com/artist/1bqxdqvUtPWZri43cKHac8,2025-11-15T14:15:55Z
8,Макс,11,Max Richter,https://maxrichtermusic.com/,2025-11-15T14:15:55Z
8,Макс,12,HBO Max: Stream TV & Movies - Apps on Google Play,https://play.google.com/store/apps/details?id=com.wbd.stream&hl=en_US,2025-11-15T14:15:55Z
8,Макс,13,Страховая компания МАКС,https://makc.ru/,2025-11-15T14:15:55Z
8,Макс,14,MAX (@maxmusic) • Instagram photos and videos,https://www.instagram.com/maxmusic/?hl=en,2025-11-15T14:15:55Z
8,Макс,15,Peter Max Studio - The Official Source – Peter Max Store,https://petermax.com/,2025-11-15T14:15:55Z
8,Макс,16,Max Verstappen (@maxverstappen1) • Instagram photos and videos,https://www.instagram.com/maxverstappen1/?hl=en,2025-11-15T14:15:55Z
8,Макс,17,Untitled,https://auth.max.com/product,2025-11-15T14:15:55Z
8,Макс,18,Bravo Sling Max V2,https://alpakagear.com/products/bravo-sling-max-v2,2025-11-15T14:15:55Z
8,Макс,19,MAX function - Microsoft Support,https://support.microsoft.com/en-us/office/max-function-e0012414-9ac8-4b34-9a47-73e662c08098,2025-11-15T14:15:55Z
8,Макс,20,MAX – быстрое и легкое приложение для общения и решения ...,https://max.ru/,2025-11-15T14:15:55Z
9,#싸이커스,1,xikers(싸이커스) (@xikers_official) • Instagram photos and videos,https://www.instagram.com/xikers_official/?hl=ko,2025-11-15T14:16:00Z
9,#싸이커스,2,xikers(싸이커스) (@xikers_official) / Posts / X,https://x.com/xikers_official,2025-11-15T14:16:00Z
9,#싸이커스,3,couch . . . . . . 포타토 #xikers #싸이커스 #수민 #SUMIN #SUSUTD,https://www.instagram.com/p/DObMvNhE9ox/,2025-11-15T14:16:00Z
9,#싸이커스,4,[ ] #localwolves Behind Photo #xikers #싸이커스,https://x.com/xikers_official/status/1978702582253076568,2025-11-15T14:16:00Z
9,#싸이커스,5,"[ ] xikers - ""ICONIC"" MOOD POSTER #xikers #싸이커스 #ICONIC ...",https://www.facebook.com/xikersKQ/posts/-xikers-iconic-mood-posterxikers-%EC%8B%B8%EC%9D%B4%EC%BB%A4%EC%8A%A4-iconic-%EC%95%84%EC%9D%B4%EC%BD%94%EB%8B%89-6thminialbum-house_of_tricky-w/796517003377272/,2025-11-15T14:16:00Z
9,#싸이커스,6,"xikers JP on X: ""[#JUNGHOON] #xikers #싸이커스 #サイカース"" / X",https://twitter.com/xikers_jp/status/1703052050660204703,2025-11-15T14:16:00Z
9,#싸이커스,7,[ ] They're gonna think I'm ironic #xikers #싸이커스,https://www.facebook.com/xikersKQ/posts/-theyre-gonna-think-im-ironicxikers-%EC%8B%B8%EC%9D%B4%EC%BB%A4%EC%8A%A4/707738282255145/,2025-11-15T14:16:00Z
9,#싸이커스,8,"EVERLINE on X: ""[ ] #싸이커스 #xikers 3RD MINI ALBUM 'HOUSE ...",https://twitter.com/EVERLINESHOP/status/1775689773929353533,2025-11-15T14:16:00Z
9,#싸이커스,9,xikers(싸이커스) - 'SUPERPOWER (Peak)' Dance Practice (POWER ...,https://www.facebook.com/xikersKQ/posts/-xikers%EC%8B%B8%EC%9D%B4%EC%BB%A4%EC%8A%A4-superpower-peak-dance-practice-power-speed-up-ver-httpsyoutubeykcxpz/795556310140008/,2025-11-15T14:16:00Z
9,#싸이커스,10,Arirang : The Korea International Broadcasting Foundation,https://m.arirang.com/radio/125/vod?id=133507&board=676&sort=Latest,2025-11-15T14:16:00Z
9,#싸이커스,11,[ ] xikers(싸이커스) 2026 SEASON's GREETINGS '진식(JINSIK ...,https://www.facebook.com/xikersKQ/posts/-xikers%EC%8B%B8%EC%9D%B4%EC%BB%A4%EC%8A%A4-2026-seasons-greetings-%EC%A7%84%EC%8B%9Djinsikpre-order-2025-11-11-tue-1pm-release-/795310086831297/,2025-11-15T14:16:00Z
9,#싸이커스,12,Melon,https://event.melon.com/musicstory/listByTagSeq.htm?tagSeq=117968,2025-11-15T14:16:00Z
9,#싸이커스,13,[ ] xikers(싸이커스) 2026 SEASON's GREETINGS '유준(YUJUN ...,https://www.facebook.com/xikersKQ/posts/-xikers%EC%8B%B8%EC%9D%B4%EC%BB%A4%EC%8A%A4-2026-seasons-greetings-%EC%9C%A0%EC%A4%80yujunpre-order-2025-11-11-tue-1pm-release-2/797253183303654/,2025-11-15T14:16:00Z
9,#싸이커스,14,진식 Voice 360˚ #싸이커스 #xikers #We_Dont_Stop #싸운드밤삼육 ...,https://www.youtube.com/shorts/Es1YviS6jRo,2025-11-15T14:16:00Z
9,#싸이커스,15,[ ] xikers(싸이커스) 2026 SEASON's GREETINGS '예찬(YECHAN ...,https://www.facebook.com/xikersKQ/posts/-xikers%EC%8B%B8%EC%9D%B4%EC%BB%A4%EC%8A%A4-2026-seasons-greetings-%EC%98%88%EC%B0%ACyechanpre-order-2025-11-11-tue-1pm-release-/797955873233385/,2025-11-15T14:16:00Z
9,#싸이커스,16,BREATHE by xikers dance challenge! ‍ #xikers #싸이커스 ...,https://www.youtube.com/shorts/HQxs3pnx7Ug,2025-11-15T14:16:00Z
9,#싸이커스,17,15일 강원FC 홈경기에 빌보드 라이징스타 '싸이커스' 뜬다 - MS TODAY,https://www.mstoday.co.kr/news/articleView.html?idxno=97114,2025-11-15T14:16:00Z
10,долиной,1,"Долина, Лариса Александровна — Википедия","https://ru.wikipedia.org/wiki/%D0%94%D0%BE%D0%BB%D0%B8%D0%BD%D0%B0,_%D0%9B%D0%B0%D1%80%D0%B8%D1%81%D0%B0_%D0%90%D0%BB%D0%B5%D0%BA%D1%81%D0%B0%D0%BD%D0%B4%D1%80%D0%BE%D0%B2%D0%BD%D0%B0",2025-11-15T14:16:05Z
10,долиной,2,Разница(ы) между Долиной и Оксбоу? : r/MedievalDynasty,https://www.reddit.com/r/MedievalDynasty/comments/1e51n2e/differences_between_valley_ox/?tl=ru,2025-11-15T14:16:05Z
10,долиной,3,Эффект Долиной: как одно уникальное дело запустило череду ...,https://zakon.ru/Blogs/OneBlog/111840?entryName=effekt_dolinoj_kak_odno_unikalnoe_delo_zapustilo_cheredu_sudebnyh_oshibok_i_chto_delat_s_dobrosovest,2025-11-15T14:16:05Z
10,долиной,4,Как тебе Оксбоу по сравнению с Долиной? : r/MedievalDynasty,https://www.reddit.com/r/MedievalDynasty/comments/18yr4kp/how_do_you_feel_the_oxbow_compares_to_the_valley/?tl=ru,2025-11-15T14:16:05Z
10,долиной,5,Еще раз про «дело Долиной». Только факты,https://zakon.ru/blog/2025/11/10/esche_raz_pro_delo_dolinoj_tolko_fakty,2025-11-15T14:16:05Z
10,долиной,6,Лариса Долина (@larisa.dolina.official) • Instagram photos and videos,https://www.instagram.com/larisa.dolina.official/?hl=en,2025-11-15T14:16:05Z
10,долиной,7,«Эффект Долиной» // Как защититься от «безумных бабушек»,https://zakon.ru/blog/2025/11/11/effekt_dolinoj__kak_zaschititsya_ot_bezumnyh_babushek,2025-11-15T14:16:05Z
10,долиной,8,Музыкальная Академия Ларисы Долиной: Проект Muscult,https://muscult.ru/,2025-11-15T14:16:05Z
10,долиной,9,Концерт Вероники Долиной в саду Дома с маяком. Вероника ...,https://www.facebook.com/lida.moniava/posts/%D0%BA%D0%BE%D0%BD%D1%86%D0%B5%D1%80%D1%82-%D0%B2%D0%B5%D1%80%D0%BE%D0%BD%D0%B8%D0%BA%D0%B8-%D0%B4%D0%BE%D0%BB%D0%B8%D0%BD%D0%BE%D0%B9-%D0%B2-%D1%81%D0%B0%D0%B4%D1%83-%D0%B4%D0%BE%D0%BC%D0%B0-%D1%81-%D0%BC%D0%B0%D1%8F%D0%BA%D0%BE%D0%BC%D0%B2%D0%B5%D1%80%D0%BE%D0%BD%D0%B8%D0%BA%D0%B0-%D0%B4%D0%BE%D0%BB%D0%B8%D0%BD%D0%B0-%D1%81%D0%BF%D0%B0%D1%81%D0%B8%D0%B1%D0%BE-/24592095890415518/,2025-11-15T14:16:05Z
10,долиной,10,Студенты Музыкальной академии Ларисы Долиной 2022 ...,https://vk.com/@muscultru-studenty-muzykalnoi-akademii-larisy-dolinoi,2025-11-15T14:16:05Z
10,долиной,11,проект Muscult - Музыкальная академия Ларисы Долиной,https://muscult.ru/academy,2025-11-15T14:16:05Z
10,долиной,12,Лариса Долина. Официальный сайт,https://larisadolina.com/,2025-11-15T14:16:05Z
10,долиной,13,«В Москве официально открылась музыкальная академия ...,https://xn--80aeeqaabljrdbg6a3ahhcl4ay9hsa.xn--p1ai/news/1847,2025-11-15T14:16:05Z
10,долиной,14,Концерт Ларисы Долиной - купить билет в КЗЦ «Миллениум ...,https://xn--g1afr0a5b.xn--p1ai/afisha/kontsert-larisy-dolinoy/,2025-11-15T14:16:05Z
10,долиной,15,"долина - Wiktionary, the free dictionary",https://en.wiktionary.org/wiki/%D0%B4%D0%BE%D0%BB%D0%B8%D0%BD%D0%B0,2025-11-15T14:16:05Z
10,долиной,16,Лариса Долина | билеты на концерты в Воронеже 2025 | KASSIR ...,https://vrn.kassir.ru/koncert/larisa-dolina-5,2025-11-15T14:16:05Z
10,долиной,17,«Лариса Долина. В кругу друзей» | Государственный ...,https://kremlinpalace.org/events/larisa-dolina-v-krugu-druzey,2025-11-15T14:16:05Z
10,долиной,18,Российский рынок недвижимости накрыл «эффект Ларисы ...,https://tvknews.ru/publications/news/87949/,2025-11-15T14:16:05Z
10,долиной,19,Лариса Долина | билеты на концерты в Ростове-на-Дону 2025 ...,https://rnd.kassir.ru/koncert/larisa-dolina,2025-11-15T14:16:05Z
10,долиной,20,Радио Долин - YouTube,https://www.youtube.com/@radiodolin,2025-11-15T14:16:05Z
11,#xikers,1,xikers Members Profile (Updated!) - Kpop Profiles,https://kprofiles.com/xikers-members-profile/,2025-11-15T14:16:09Z
11,#xikers,2,Xikers's debut song sounded a bit too much like an Ateez song. : r ...,https://www.reddit.com/r/unpopularkpopopinions/comments/1292myq/xikerss_debut_song_sounded_a_bit_too_much_like_an/,2025-11-15T14:16:09Z
11,#xikers,3,xikers(싸이커스) (@xikers_official) • Instagram photos and videos,https://www.instagram.com/xikers_official/?hl=en,2025-11-15T14:16:09Z
11,#xikers,4,Ateez & Xikers aren't the same : r/ATEEZ,https://www.reddit.com/r/ATEEZ/comments/16kc8tk/ateez_xikers_arent_the_same/,2025-11-15T14:16:09Z
11,#xikers,5,[ ] xikers' reaction roadY's SUPERPOWER challenge https://bit.ly ...,https://www.facebook.com/xikersKQ/posts/-xikers-reaction-road%F0%9D%93%A8s-superpower-challenge-httpsbitly4nvdwjmxikers-roadysuperp/800670952961877/,2025-11-15T14:16:09Z
11,#xikers,6,Xikers - Wikipedia,https://en.wikipedia.org/wiki/Xikers,2025-11-15T14:16:09Z
11,#xikers,7,[ ] xikers' reaction roadY's SUPERPOWER challenge https://bit.ly ...,https://www.facebook.com/xikersKQ/posts/-xikers-reaction-road%F0%9D%93%A8s-superpower-challenge-httpsbitly43ncvvwxikers-roadysuperp/796061070089532/,2025-11-15T14:16:09Z
11,#xikers,8,xikers | Spotify,https://open.spotify.com/artist/6QHP8St0MzfNDqjKpwtMht,2025-11-15T14:16:09Z
11,#xikers,9,[ ] xikers' reaction roadY's SUPERPOWER challenge https://bit.ly ...,https://www.facebook.com/xikersKQ/posts/-xikers-reaction-road%F0%9D%93%A8s-superpower-challenge-httpsbitly4hvkiqtxikers-roadysuperp/799612026401103/,2025-11-15T14:16:09Z
11,#xikers,10,Xikers' Full Storyline Explained - BONUS 1: TRICKY – @atiny-for-life ...,https://www.tumblr.com/atiny-for-life/741449989540265984/xikers-full-storyline-explained-bonus-1-tricky,2025-11-15T14:16:09Z
11,#xikers,11,Song Review: xikers – Witch | The Bias List // K-Pop Reviews ...,https://thebiaslist.com/2024/09/05/song-review-xikers-witch/,2025-11-15T14:16:09Z
11,#xikers,12,Hi BOYNEXTDOOR and xikers — The Kraze,https://thekrazemag.com/latest-updates/2023/11/13/hi-boynextdoor-and-xikers,2025-11-15T14:16:09Z
11,#xikers,13,Song Review: xikers – Up All Night | The Bias List // K-Pop Reviews ...,https://thebiaslist.com/2025/07/16/song-review-xikers-up-all-night/,2025-11-15T14:16:09Z
11,#xikers,14,[Review] TRICKY HOUSE – xikers – KPOPREVIEWED,https://kpopreviewed.com/2023/05/15/tricky-house-xikers/,2025-11-15T14:16:09Z
11,#xikers,15,xikers(싸이커스) OFFICIAL PLATFORM,https://xikers.kr/,2025-11-15T14:16:09Z
11,#xikers,16,[Album Review] House of Tricky: Trial and Error (3rd Mini Album ...,https://kpopreviewed.com/2024/08/19/album-house-of-tricky-trial-and-error-xikers/,2025-11-15T14:16:09Z
11,#xikers,17,xikers(싸이커스) (@xikers_official) / Posts / X,https://x.com/xikers_official,2025-11-15T14:16:09Z
11,#xikers,18,KQ ENT. (Ateez & Xikers) - GRAMMY Museum,https://grammymuseum.org/exhibit/ateez-xikers/,2025-11-15T14:16:09Z
11,#xikers,19,imagines | xikers - WHEN YOU BABY XIKERS - Wattpad,https://www.wattpad.com/1402874370-imagines-xikers-when-you-baby-xikers,2025-11-15T14:16:09Z
11,#xikers,20,Xikers Carve Their Own Path in Busy Boy Group Landscape,https://kpopweeklypod.substack.com/p/xikers-carve-their-own-path-in-busy,2025-11-15T14:16:09Z
12,#Ethereum,1,Ethereum - Wikipedia,https://en.wikipedia.org/wiki/Ethereum,2025-11-15T14:16:13Z
12,#Ethereum,2,"Ethereum ETH (ETH-USD) Live Price, News, Chart & Price History ...",https://finance.yahoo.com/quote/ETH-USD/,2025-11-15T14:16:13Z
12,#Ethereum,3,"Ethereum price today, ETH to USD live price, marketcap and chart ...",https://coinmarketcap.com/currencies/ethereum/,2025-11-15T14:16:13Z
12,#Ethereum,4,Ethereum,https://www.reddit.com/r/ethereum/,2025-11-15T14:16:13Z
12,#Ethereum,5,Ethereum Sepolia Faucet,https://cloud.google.com/application/web3/faucet/ethereum/sepolia,2025-11-15T14:16:13Z
12,#Ethereum,6,"Industry Letter - September 14, 2022: Notice Regarding Ethereum's ...",https://www.dfs.ny.gov/industry_guidance/industry_letters/il20220914_ethereum,2025-11-15T14:16:13Z
12,#Ethereum,7,Members spotlight – Enterprise Ethereum Alliance,https://entethalliance.org/about-enterprise-ethereum-alliance/members/,2025-11-15T14:16:13Z
12,#Ethereum,8,Three Attacks on Proof-of-Stake Ethereum,https://arxiv.org/abs/2110.10086,2025-11-15T14:16:13Z
12,#Ethereum,9,"Enterprise Ethereum Alliance – Ethereum is open for business, the ...",https://entethalliance.org/,2025-11-15T14:16:13Z
12,#Ethereum,10,Ethereum (with Packy McCormick): The Complete History and Strategy,https://www.acquired.fm/episodes/ethereum,2025-11-15T14:16:13Z
12,#Ethereum,11,Ethereum Blockchain as a Service now on Azure | Microsoft Azure ...,https://azure.microsoft.com/en-us/blog/ethereum-blockchain-as-a-service-now-on-azure/,2025-11-15T14:16:13Z
12,#Ethereum,12,The Columbia-Ethereum Research Center for Blockchain Protocol ...,https://www.engineering.columbia.edu/research-innovation/institutes-centers-initiatives/computational-sciences-ai/blockchain-protocol-design,2025-11-15T14:16:13Z
12,#Ethereum,13,Ethereum Merge and what it means for the crypto industry | World ...,https://www.weforum.org/stories/2022/09/ethereum-merge-crypto-currency-sustainability/,2025-11-15T14:16:13Z
12,#Ethereum,14,Datestamping the Bitcoin and Ethereum bubbles - ScienceDirect,https://www.sciencedirect.com/science/article/pii/S1544612317307419,2025-11-15T14:16:13Z
12,#Ethereum,15,Speculative Denial-of-Service Attacks In Ethereum | USENIX,https://www.usenix.org/conference/usenixsecurity24/presentation/yaish,2025-11-15T14:16:13Z
12,#Ethereum,16,Enterprise Ethereum Alliance | Microsoft Azure Blog,https://azure.microsoft.com/en-us/blog/eealliance/,2025-11-15T14:16:13Z
12,#Ethereum,17,Ethereum is a Dark Forest - Paradigm,https://www.paradigm.xyz/2020/08/ethereum-is-a-dark-forest,2025-11-15T14:16:13Z
12,#Ethereum,18,mLSM: Making Authenticated Storage Faster in Ethereum | USENIX,https://www.usenix.org/conference/hotstorage18/presentation/raju,2025-11-15T14:16:13Z
12,#Ethereum,19,Two Brothers Arrested for Attacking Ethereum Blockchain and ...,https://www.justice.gov/archives/opa/pr/two-brothers-arrested-attacking-ethereum-blockchain-and-stealing-25m-cryptocurrency,2025-11-15T14:16:13Z
12,#Ethereum,20,Ethereum,https://orgreenoptics.com/eyeglasses-optical-titanium-ethereum,2025-11-15T14:16:13Z
13,Киеву,1,Киев — Википедия,https://ru.wikipedia.org/wiki/%D0%9A%D0%B8%D0%B5%D0%B2,2025-11-15T14:16:18Z
13,Киеву,2,Kyiv - Wikipedia,https://en.wikipedia.org/wiki/Kyiv,2025-11-15T14:16:18Z
13,Киеву,3,"Киев подвергся массированной атаке, власти сообщили о ...",https://www.bbc.com/russian/articles/c4gjxgl89n0o,2025-11-15T14:16:18Z
13,Киеву,4,Uber в г. Киев | Информация о поездках в г. Киев,https://www.uber.com/global/ru/r/cities/kyiv-kyiv-ua/,2025-11-15T14:16:18Z
13,Киеву,5,В Киеве завершен разбор завалов на месте удара по жилому ...,https://www.bbc.com/russian/articles/czd0654d1mjo,2025-11-15T14:16:18Z
13,Киеву,6,В ООН осудили ночной обстрел Киева: погибли и ранены ...,https://news.un.org/ru/story/2025/04/1463601,2025-11-15T14:16:18Z
13,Киеву,7,Доставка воды Киев — заказать питьевую воду с доставкой на ...,https://skandinavia.com.ua/ru/,2025-11-15T14:16:18Z
13,Киеву,8,Зеленский: В ударившей по Киеву ракете найдены детали из ...,https://www.dw.com/ru/zelenskij-v-vypusennoj-po-kievu-rakete-kndr-najdeny-amerikanskie-detali/a-72357674,2025-11-15T14:16:18Z
13,Киеву,9,Украина – Российские массированные удары по Киеву (28 ...,https://www.diplomatie.gouv.fr/ru/dossiers-pays/ukraine/evenements/article/ukraina-rossijskie-massirovannye-udary-po-kievu-28-avgusta-2025-g,2025-11-15T14:16:18Z
13,Киеву,10,"Метрические книги, Киев (уезд) 1838-1920 - FamilySearch Catalog",https://www.familysearch.org/en/search/catalog/1387665,2025-11-15T14:16:18Z
13,Киеву,11,"Метрические книги, Киев (уезд) 1838-1920 - FamilySearch Catalog",https://www.familysearch.org/en/search/catalog/1387665,2025-11-15T14:16:18Z
13,Киеву,12,Киев - последние новости сегодня - РИА Новости,https://ria.ru/location_Kiev/,2025-11-15T14:16:18Z
13,Киеву,13,Минобороны назвало цели удара по Киеву — РБК,https://www.rbc.ru/politics/07/09/2025/68bd72e19a79476cf950b41d,2025-11-15T14:16:18Z
13,Киеву,14,Интернет провайдер IPnet в Киеве | Услуги ТВ и Интернет,https://ipnet.ua/,2025-11-15T14:16:18Z
13,Киеву,15,"Объявление немецкого командования евреям Киева, сентябрь ...",https://www.yadvashem.org/ru/docs/babi-yar.html,2025-11-15T14:16:18Z
13,Киеву,16,Оплатить парковку в Киеве - плата за паркинг на Portmone,https://www.portmone.com.ua/ru/parking,2025-11-15T14:16:18Z
13,Киеву,17,"Погода в Киеве сегодня, прогноз погоды Киев на ... - METEOFOR",https://meteofor.com.ua/ru/weather-kyiv-4944/,2025-11-15T14:16:18Z
13,Киеву,18,ЦирульниК Barbershop | Мужская парикмахерская | Барбершоп ...,https://zirulnik.com/,2025-11-15T14:16:18Z
13,Киеву,19,Средняя зарплата в Киеве — Work.ua,https://www.work.ua/ru/salary-kyiv/,2025-11-15T14:16:18Z
13,Киеву,20,Азербайджан вызвал посла России из-за удара по Киеву ...,https://www.gazeta.ru/politics/news/2025/11/14/27184532.shtml,2025-11-15T14:16:18Z
14,Christmas,1,Christmas - Wikipedia,https://en.wikipedia.org/wiki/Christmas,2025-11-15T14:16:22Z
14,Christmas,2,Google Santa Tracker,https://santatracker.google.com/,2025-11-15T14:16:22Z
14,Christmas,3,r/christmas,https://www.reddit.com/r/christmas/,2025-11-15T14:16:22Z
14,Christmas,4,Christmas Spectacular | The Rockettes,https://www.rockettes.com/christmas/,2025-11-15T14:16:22Z
14,Christmas,5,"Christmas | Origin, Definition, Traditions, History, & Facts | Britannica",https://www.britannica.com/topic/Christmas,2025-11-15T14:16:22Z
14,Christmas,6,Operation Christmas Child | Shoebox Outreach of Samaritan's Purse,https://www.samaritanspurse.org/what-we-do/operation-christmas-child/,2025-11-15T14:16:22Z
14,Christmas,7,Shop Christmas.com For The Largest Selection Of Christmas ...,https://christmas.com/,2025-11-15T14:16:22Z
14,Christmas,8,Rockefeller Center Christmas Tree Lighting | NYC Winter Events,https://www.rockefellercenter.com/holidays/rockefeller-center-christmas-tree/,2025-11-15T14:16:22Z
14,Christmas,9,Christmas in The Wizarding World of Harry Potter™ | Universal ...,http://www.universalstudioshollywood.com/web/en/us/things-to-do/events-and-seasonal-activities/christmas-in-the-wizarding-world-of-harry-potter,2025-11-15T14:16:22Z
14,Christmas,10,Audubon Christmas Bird Count | Audubon,https://www.audubon.org/community-science/christmas-bird-count,2025-11-15T14:16:22Z
14,Christmas,11,Enchant Christmas: Home,https://www.enchantchristmas.com/,2025-11-15T14:16:22Z
14,Christmas,12,"Christmas Village in Philadelphia | Nov 22 - Dec 24, 2025",http://www.philachristmas.com/index.html,2025-11-15T14:16:22Z
14,Christmas,13,National Christmas Tree Lighting,https://www.thenationaltree.org/,2025-11-15T14:16:22Z
14,Christmas,14,Camp Christmas Takeover at Stanley Marketplace — Stanley ...,https://www.stanleymarketplace.com/all-events/camp-christmas,2025-11-15T14:16:22Z
14,Christmas,15,"History of Christmas - Origins, Traditions & Facts | HISTORY",https://www.history.com/articles/history-of-christmas,2025-11-15T14:16:22Z
14,Christmas,16,National Christmas Tree Association,https://realchristmastrees.org/,2025-11-15T14:16:22Z
14,Christmas,17,Dickens Fair: Home,https://dickensfair.com/,2025-11-15T14:16:22Z
14,Christmas,18,Dollywood Festivals & Events | Smoky Mountain Christmas,https://www.dollywood.com/themepark/festivals/smoky-mountain-christmas/,2025-11-15T14:16:22Z
14,Christmas,19,Official 2025 White House Christmas Ornament – White House ...,https://shop.whitehousehistory.org/products/official-2025-white-house-christmas-ornament,2025-11-15T14:16:22Z
14,Christmas,20,"Christmas Magic is almost here! | York County, PA",https://yorkcountypa.gov/1112/Christmas-Magic-is-almost-here,2025-11-15T14:16:22Z
15,в питере,1,Ленинград — В Питере - пить,https://www.youtube.com/watch?v=1ugivNRYfjc,2025-11-15T14:16:26Z
15,в питере,2,Почему в Питере такое необычное солнце? : r/SPb,https://www.reddit.com/r/SPb/comments/1ckools/%D0%BF%D0%BE%D1%87%D0%B5%D0%BC%D1%83_%D0%B2_%D0%BF%D0%B8%D1%82%D0%B5%D1%80%D0%B5_%D1%82%D0%B0%D0%BA%D0%BE%D0%B5_%D0%BD%D0%B5%D0%BE%D0%B1%D1%8B%D1%87%D0%BD%D0%BE%D0%B5_%D1%81%D0%BE%D0%BB%D0%BD%D1%86%D0%B5/,2025-11-15T14:16:26Z
15,в питере,3,Ленинград — В Питере пить - YouTube,https://www.youtube.com/watch?v=daFskWZZMgQ,2025-11-15T14:16:26Z
15,в питере,4,"Это я в Питере была ‍♀️ Сейчас уже поняла, что пора ...",https://www.instagram.com/p/C89JEH9qrxD/,2025-11-15T14:16:26Z
15,в питере,5,Ленинград - В Питере - Пить (LIVE @ Авторадио) - YouTube,https://www.youtube.com/watch?v=ccVUfbsFAco,2025-11-15T14:16:26Z
15,в питере,6,МК в Питере: Новости Санкт-Петербурга и Ленинградской области,https://spb.mk.ru/,2025-11-15T14:16:26Z
15,в питере,7,В ПИТЕРЕ — LAW,https://vpiterelaw.ru/,2025-11-15T14:16:26Z
15,в питере,8,«Колеса в Питере» - интернет-магазин по продаже шин ...,https://www.kolesa-v-pitere.ru/,2025-11-15T14:16:26Z
15,в питере,9,Stream в питере пью водку by uglybirthday | Listen online for free ...,https://soundcloud.com/justin-folie-920127664/v-pitere-pyu-vodku,2025-11-15T14:16:26Z
15,в питере,10,Где Лучше Остановиться и Снять Жилье в Питере НЕДОРОГО в ...,https://venividi.ru/editors/gde-ostanovitsja-v-pitere/,2025-11-15T14:16:26Z
15,в питере,11,Генеральное консульство Японии в Санкт-Петербурге,https://www.st-petersburg.ru.emb-japan.go.jp/,2025-11-15T14:16:26Z
15,в питере,12,Ёбидоёби - Доставка суши и роллов в Санкт-Петербурге,https://spb.yobidoyobi.ru/,2025-11-15T14:16:26Z
15,в питере,13,В Питере — пить — Википедия,https://ru.wikipedia.org/wiki/%D0%92_%D0%9F%D0%B8%D1%82%D0%B5%D1%80%D0%B5_%E2%80%94_%D0%BF%D0%B8%D1%82%D1%8C,2025-11-15T14:16:26Z
15,в питере,14,Океанариум в Санкт-Петербурге,https://xn--80aanogqeex5a.xn--p1ai/,2025-11-15T14:16:26Z
15,в питере,15,Аэротруба AeroDream - Первая аэротруба в Санкт-Петербурге.,https://aerodream.spb.ru/,2025-11-15T14:16:26Z
15,в питере,16,Шаверма на Литейном - одно из старейших заведений в Питере,https://nefer.livejournal.com/5498929.html,2025-11-15T14:16:26Z
15,в питере,17,Рестораны Евразия,https://evrasia.rest/,2025-11-15T14:16:26Z
15,в питере,18,Jubilee – 5 AM в Питере (5 AM in St. Petersburg) Lyrics | Genius ...,https://genius.com/Jubilee-5-am-5-am-in-st-petersburg-lyrics,2025-11-15T14:16:26Z
15,в питере,19,Экскурсии в Санкт-Петербурге 2025 🏛️ цены от 100 ₽ – цены ...,https://www.sputnik8.com/ru/st-petersburg,2025-11-15T14:16:26Z
15,в питере,20,4* Отель в Санкт-Петербурге. Забронировать гостиницу недорого,https://www.hotel-moscow.ru/,2025-11-15T14:16:26Z
16,любой,1,Еda na lyuboy vkus - YouTube,https://www.youtube.com/channel/UCRc21BeZykbSUHZDGRvi5zQ,2025-11-15T14:16:30Z
16,любой,2,"любой - Wiktionary, the free dictionary",https://en.wiktionary.org/wiki/%D0%BB%D1%8E%D0%B1%D0%BE%D0%B9,2025-11-15T14:16:30Z
16,любой,3,"Любой шлем, специфичный для класса, для Алтарья Ритуалов : r ...",https://www.reddit.com/r/diablo3/comments/11by599/any_class_specific_helm_for_alter_of_rites/?tl=ru,2025-11-15T14:16:30Z
16,любой,4,любой — Викисловарь,https://ru.wiktionary.org/wiki/%D0%BB%D1%8E%D0%B1%D0%BE%D0%B9,2025-11-15T14:16:30Z
16,любой,5,"""пройти любой этап за Шанию и Жюста Бельмонта"" : r ...",https://www.reddit.com/r/VampireSurvivors/comments/1gjqdos/complete_any_stage_with_shania_and_juste_belmont/?tl=ru,2025-11-15T14:16:30Z
16,любой,6,Страховой полис «Защита на любой случай» — Сбербанк ...,https://sberbankins.ru/products/kombo/,2025-11-15T14:16:30Z
16,любой,7,Всякий vs. Любой : r/russian,https://www.reddit.com/r/russian/comments/iroa9x/%D0%B2%D1%81%D1%8F%D0%BA%D0%B8%D0%B9_vs_%D0%BB%D1%8E%D0%B1%D0%BE%D0%B9/,2025-11-15T14:16:30Z
16,любой,8,"Любой ценой (фильм, 2016) — Википедия","https://ru.wikipedia.org/wiki/%D0%9B%D1%8E%D0%B1%D0%BE%D0%B9_%D1%86%D0%B5%D0%BD%D0%BE%D0%B9_(%D1%84%D0%B8%D0%BB%D1%8C%D0%BC,_2016)",2025-11-15T14:16:30Z
16,любой,9,Любой ценой . . . - Свердловский академический театр драмы,https://uraldrama.ru/spectacle/luboi_tsenoi,2025-11-15T14:16:30Z
16,любой,10,Квест-Перформанс «Последняя экскурсия. Выжить любой ценой ...,https://mir-kvestov.ru/quests/quest-art-poslednyaya-ekskursiya-glava-2,2025-11-15T14:16:30Z
16,любой,11,любой - Translation into English - examples Russian | Reverso ...,https://context.reverso.net/translation/russian-english/%D0%BB%D1%8E%D0%B1%D0%BE%D0%B9,2025-11-15T14:16:30Z
16,любой,12,Stylish — настраиваемые темы для любого сайта - Интернет ...,https://chromewebstore.google.com/detail/stylish-custom-themes-for/fjnbnpbmkenffdnngjfgmeleoegfcffe?hl=ru,2025-11-15T14:16:30Z
16,любой,13,Защита на любой случай онлайн,https://online.sberbankins.ru/store/any-cases-online/,2025-11-15T14:16:30Z
16,любой,14,Проверка статуса налогового возврата онлайн — в любое время ...,https://www.tax.ny.gov/language/russian/ind/refund-rus.htm,2025-11-15T14:16:30Z
16,любой,15,При любой невозможности | Архитектурный Оркестр ...,https://avorchestra.bandcamp.com/album/-,2025-11-15T14:16:30Z
16,любой,16,"Смотря на некоторые события, я вспоминаю цитату одной ...",https://www.facebook.com/lavoncyk/posts/%D1%81%D0%BC%D0%BE%D1%82%D1%80%D1%8F-%D0%BD%D0%B0-%D0%BD%D0%B5%D0%BA%D0%BE%D1%82%D0%BE%D1%80%D1%8B%D0%B5-%D1%81%D0%BE%D0%B1%D1%8B%D1%82%D0%B8%D1%8F-%D1%8F-%D0%B2%D1%81%D0%BF%D0%BE%D0%BC%D0%B8%D0%BD%D0%B0%D1%8E-%D1%86%D0%B8%D1%82%D0%B0%D1%82%D1%83-%D0%BE%D0%B4%D0%BD%D0%BE%D0%B9-%D0%BF%D1%80%D0%B5%D0%BA%D1%80%D0%B0%D1%81%D0%BD%D0%BE%D0%B9-%D0%B6%D0%B5%D0%BD%D1%89%D0%B8%D0%BD%D1%8B-%D0%B2-%D0%BB%D1%8E%D0%B1%D0%BE%D0%B9-/10167049654076679/,2025-11-15T14:16:30Z
16,любой,17,Конфеты глазированные «Любой ценой» 250г — АтАг,https://www.atag.ru/product/%D0%BA%D0%BE%D0%BD%D1%84%D0%B5%D1%82%D1%8B-%D0%B3%D0%BB%D0%B0%D0%B7%D0%B8%D1%80%D0%BE%D0%B2%D0%B0%D0%BD%D0%BD%D1%8B%D0%B5-%D0%BB%D1%8E%D0%B1%D0%BE%D0%B9-%D1%86%D0%B5%D0%BD%D0%BE%D0%B9-250%D0%B3/,2025-11-15T14:16:30Z
16,любой,18,Женить любой ценой,https://teatrium.ru/entreprise/repertoire/zhenit_lyuboy_tsenoy-23630/,2025-11-15T14:16:30Z
16,любой,19,Тариф «Закачайся! В любой момент» от МегаФона: описание ...,https://moscow.megafon.ru/tariffs/archive/zakachaysya_v_lyuboy_moment_07_22.html,2025-11-15T14:16:30Z
16,любой,20,"Mobile SMARTS Магазин 15, БАЗОВЫЙ для любой ...",https://www.cleverence.ru/software/licenses/RTL15A-1CANY/,2025-11-15T14:16:30Z
17,Отлично,1,"отлично - Wiktionary, the free dictionary",https://en.wiktionary.org/wiki/%D0%BE%D1%82%D0%BB%D0%B8%D1%87%D0%BD%D0%BE,2025-11-15T14:16:35Z
17,Отлично,2,Что тут значит 'отлично'? : r/russian,https://www.reddit.com/r/russian/comments/1dnlkvo/%D1%87%D1%82%D0%BE_%D1%82%D1%83%D1%82_%D0%B7%D0%BD%D0%B0%D1%87%D0%B8%D1%82_%D0%BE%D1%82%D0%BB%D0%B8%D1%87%D0%BD%D0%BE/,2025-11-15T14:16:35Z
17,Отлично,3,Апарт-отель Отлично| Шерегеш,https://hotelotlichno.ru/,2025-11-15T14:16:35Z
17,Отлично,4,"Отлично провел время в Портленде, прям как в ""Гримм"" : r/grimm",https://www.reddit.com/r/grimm/comments/1mt9o5q/had_a_very_grimm_time_in_portland/?tl=ru,2025-11-15T14:16:35Z
17,Отлично,5,"Тариф МТС Дома Отлично - Описание, Цена, Подключение ...",https://moskva.mts.ru/personal/mobilnaya-svyaz/tarifi/vse-tarifi/mts-doma-otlichno,2025-11-15T14:16:35Z
17,Отлично,6,отлично - Translation into English - examples Russian | Reverso ...,https://context.reverso.net/translation/russian-english/%D0%BE%D1%82%D0%BB%D0%B8%D1%87%D0%BD%D0%BE,2025-11-15T14:16:35Z
17,Отлично,7,"Тариф МТС Дома Отлично - Описание, Цена, Подключение ...",https://saratov.mts.ru/personal/mobilnaya-svyaz/tarifi/vse-tarifi/mts-doma-otlichno,2025-11-15T14:16:35Z
17,Отлично,8,What does отлично (otlichno) mean in Russian?,https://www.wordhippo.com/what-is/the-meaning-of/russian-word-68a77ea3cf1ed42e59197b10d071dd62c635f6a3.html,2025-11-15T14:16:35Z
17,Отлично,9,VIII МЕЖДУНАРОДНЫЙ ФОРУМ ЛУЧШИХ ВЫПУСКНИКОВ ТОП ...,https://100bestdesign.ru/,2025-11-15T14:16:35Z
17,Отлично,10,"ЖК ""Отлично"" в Люберцах - купить квартиру от застройщика",https://otlichnodom.ru/,2025-11-15T14:16:35Z
17,Отлично,11,"Тариф МТС Дома Отлично - Описание, Цена, Подключение ...",https://bashkortostan.mts.ru/personal/mobilnaya-svyaz/tarifi/vse-tarifi/mts-doma-otlichno,2025-11-15T14:16:35Z
17,Отлично,12,"Нормально, Григорий! Отлично ... - Михаил ЖВАНЕЦКИЙ",http://www.jvanetsky.ru/data/text/t7/normalno_grigorii/,2025-11-15T14:16:35Z
17,Отлично,13,отлично pronunciation: How to pronounce отлично in Russian ...,https://forvo.com/word/%D0%BE%D1%82%D0%BB%D0%B8%D1%87%D0%BD%D0%BE/,2025-11-15T14:16:35Z
17,Отлично,14,отлично — Викисловарь,https://ru.wiktionary.org/wiki/%D0%BE%D1%82%D0%BB%D0%B8%D1%87%D0%BD%D0%BE,2025-11-15T14:16:35Z
17,Отлично,15,ЖК Отлично - цены на сайте от официального застройщика СЗ ...,https://zhk-otlichno-lyubertsy-i.cian.ru/,2025-11-15T14:16:35Z
17,Отлично,16,"Тариф МТС Дома Отлично - Описание, Цена, Подключение ...",https://nnov.mts.ru/personal/mobilnaya-svyaz/tarifi/vse-tarifi/mts-doma-otlichno,2025-11-15T14:16:35Z
17,Отлично,17,"Тариф МТС Дома Отлично - Описание, Цена, Подключение ...",https://tomsk.mts.ru/personal/mobilnaya-svyaz/tarifi/vse-tarifi/mts-doma-otlichno,2025-11-15T14:16:35Z
17,Отлично,18,what's the difference between отличный and отлично ... - italki,https://www.italki.com/en/post/FrqZRWmiO61FR7Lto5spyL,2025-11-15T14:16:35Z
17,Отлично,19,Учимся на отлично! - YouTube,https://www.youtube.com/@popova_uchit,2025-11-15T14:16:35Z
17,Отлично,20,"Тариф МТС Дома Отлично - Описание, Цена, Подключение ...",https://ryazan.mts.ru/personal/mobilnaya-svyaz/tarifi/vse-tarifi/mts-doma-otlichno,2025-11-15T14:16:35Z
18,Поддерживаю,1,поддерживать — Викисловарь,https://ru.wiktionary.org/wiki/%D0%BF%D0%BE%D0%B4%D0%B4%D0%B5%D1%80%D0%B6%D0%B8%D0%B2%D0%B0%D1%82%D1%8C,2025-11-15T14:16:39Z
18,Поддерживаю,2,"Что значит ""Я полностью поддерживаю это заявление""? : r ...",https://www.reddit.com/r/EnglishLearning/comments/117j36k/what_does_im_100_behind_that_statement_mean/?tl=ru,2025-11-15T14:16:39Z
18,Поддерживаю,3,"поддерживать - Wiktionary, the free dictionary",https://en.wiktionary.org/wiki/%D0%BF%D0%BE%D0%B4%D0%B4%D0%B5%D1%80%D0%B6%D0%B8%D0%B2%D0%B0%D1%82%D1%8C,2025-11-15T14:16:39Z
18,Поддерживаю,4,"""Я не поддерживаю, но уважаю"" — что думаешь, когда люди так ...",https://www.reddit.com/r/lgbt/comments/1fellbb/i_dont_support_but_i_respect_thoughts_when_people/?tl=ru,2025-11-15T14:16:39Z
18,Поддерживаю,5,Поддерживаю.РФ,https://xn--80adfafgo7bio2n.xn--p1ai/,2025-11-15T14:16:39Z
18,Поддерживаю,6,Предоставляйте поддерживающие услуги на дому (IHSS) | sfhsa ...,https://www.sfhsa.org/ru/services/disability-aging/home-care/home-supportive-services-ihss/provide-home-supportive-services-ihss,2025-11-15T14:16:39Z
18,Поддерживаю,7,"Полностью поддерживаю эту инициативу, в Бонне ...",https://www.facebook.com/zhanna.nemtsova/posts/%D0%BF%D0%BE%D0%BB%D0%BD%D0%BE%D1%81%D1%82%D1%8C%D1%8E-%D0%BF%D0%BE%D0%B4%D0%B4%D0%B5%D1%80%D0%B6%D0%B8%D0%B2%D0%B0%D1%8E-%D1%8D%D1%82%D1%83-%D0%B8%D0%BD%D0%B8%D1%86%D0%B8%D0%B0%D1%82%D0%B8%D0%B2%D1%83-%D0%B2-%D0%B1%D0%BE%D0%BD%D0%BD%D0%B5-%D0%B7%D0%B0%D1%80%D0%B5%D0%B3%D0%B8%D1%81%D1%82%D1%80%D0%B8%D1%80%D0%BE%D0%B2%D0%B0%D0%BD-boris-nemtsov-found/10161943875212218/,2025-11-15T14:16:39Z
18,Поддерживаю,8,полностью поддерживаю - Перевод на английский - примеры ...,https://context.reverso.net/%D0%BF%D0%B5%D1%80%D0%B5%D0%B2%D0%BE%D0%B4/%D1%80%D1%83%D1%81%D1%81%D0%BA%D0%B8%D0%B9-%D0%B0%D0%BD%D0%B3%D0%BB%D0%B8%D0%B9%D1%81%D0%BA%D0%B8%D0%B9/%D0%BF%D0%BE%D0%BB%D0%BD%D0%BE%D1%81%D1%82%D1%8C%D1%8E+%D0%BF%D0%BE%D0%B4%D0%B4%D0%B5%D1%80%D0%B6%D0%B8%D0%B2%D0%B0%D1%8E,2025-11-15T14:16:39Z
18,Поддерживаю,9,Вспомогательные услуги на дому (In-Home Supportive Services ...,https://www.sfhsa.org/ru/services/disability-aging/home-care/home-supportive-services-ihss,2025-11-15T14:16:39Z
18,Поддерживаю,10,Я полностью поддерживаю решение Президента. Это по ...,https://vk.com/wall537777114_378695,2025-11-15T14:16:39Z
18,Поддерживаю,11,"Требования к процессору Windows 11, поддерживаемые ...",https://learn.microsoft.com/ru-ru/windows-hardware/design/minimum/supported/windows-11-supported-intel-processors,2025-11-15T14:16:39Z
18,Поддерживаю,12,Андрей Макаревич: «Я действительно поддерживаю Путина и ...,https://www.svoboda.org/a/437893.html,2025-11-15T14:16:39Z
18,Поддерживаю,13,Как правильно пишется Поддержу или Поддерживаю ...,https://otvet.mail.ru/question/238229342,2025-11-15T14:16:39Z
18,Поддерживаю,14,Синонимы к слову «поддерживаю» (141+ слов),https://sinonim.org/s/%D0%BF%D0%BE%D0%B4%D0%B4%D0%B5%D1%80%D0%B6%D0%B8%D0%B2%D0%B0%D1%8E,2025-11-15T14:16:39Z
18,Поддерживаю,15,Как Поддерживать Форму: Эффективные Методы и Советы ...,https://tigiguilford.edu/kak-podderzhivat-formu-effektivnye-metody-i-sovety/,2025-11-15T14:16:39Z
18,Поддерживаю,16,Как правильно пишится потдерживаю или поддерживаю ...,https://otvet.mail.ru/question/61652030,2025-11-15T14:16:39Z
18,Поддерживаю,17,Ключи поддерживающие — Элементы СВЧ-тракта — Микран,https://www.micran.ru/productions/IIS/accessory/equipment/P_calibrate/,2025-11-15T14:16:39Z
18,Поддерживаю,18,"Опрос показывает, что американцы поддерживают независимые ...",https://www.commoncause.org/pennsylvania/ru/%D0%BD%D0%B0%D0%B6%D0%B8%D0%BC%D0%B0%D1%82%D1%8C/%D0%BE%D0%BF%D1%80%D0%BE%D1%81-%D0%BF%D0%BE%D0%BA%D0%B0%D0%B7%D1%8B%D0%B2%D0%B0%D0%B5%D1%82-%D1%87%D1%82%D0%BE-%D0%B0%D0%BC%D0%B5%D1%80%D0%B8%D0%BA%D0%B0%D0%BD%D1%86%D1%8B-%D0%BF%D0%BE%D0%B4%D0%B4/,2025-11-15T14:16:39Z
18,Поддерживаю,19,Я поддерживаю кого-то: Телефон доверия,https://www.hilfetelefon.de/ru/ja-podderzhivaju-kogo-to/,2025-11-15T14:16:39Z
18,Поддерживаю,20,"Спряжение ""поддерживать"" в русском – спрягать | PROMT.One ...",https://www.translate.ru/%D1%81%D0%BF%D1%80%D1%8F%D0%B6%D0%B5%D0%BD%D0%B8%D0%B5%20%D0%B8%20%D1%81%D0%BA%D0%BB%D0%BE%D0%BD%D0%B5%D0%BD%D0%B8%D0%B5/%D1%80%D1%83%D1%81%D1%81%D0%BA%D0%B8%D0%B9/%D0%BF%D0%BE%D0%B4%D0%B4%D0%B5%D1%80%D0%B6%D0%B8%D0%B2%D0%B0%D1%82%D1%8C,2025-11-15T14:16:39Z
19,Неужели,1,"неужели - Wiktionary, the free dictionary",https://en.wiktionary.org/wiki/%D0%BD%D0%B5%D1%83%D0%B6%D0%B5%D0%BB%D0%B8,2025-11-15T14:16:43Z
19,Неужели,2,неужели — Викисловарь,https://ru.wiktionary.org/wiki/%D0%BD%D0%B5%D1%83%D0%B6%D0%B5%D0%BB%D0%B8,2025-11-15T14:16:43Z
19,Неужели,3,"Неужели невежливо говорить ""конечно"", если тебе что-то ...",https://www.reddit.com/r/grammar/comments/cn7ei1/is_it_rude_to_say_sure_if_some_offers_something/?tl=ru,2025-11-15T14:16:43Z
19,Неужели,4,неужели - Translation into English - examples Russian | Reverso ...,https://context.reverso.net/translation/russian-english/%D0%BD%D0%B5%D1%83%D0%B6%D0%B5%D0%BB%D0%B8,2025-11-15T14:16:43Z
19,Неужели,5,Неужели MS Word не может распознавать два языка ...,https://www.reddit.com/r/Office365/comments/10qmkoo/cant_ms_words_recognize_two_languages_at_the_same/?tl=ru,2025-11-15T14:16:43Z
19,Неужели,6,"Неужели кто-то вспомнил, что мы были… — Википедия","https://ru.wikipedia.org/wiki/%D0%9D%D0%B5%D1%83%D0%B6%D0%B5%D0%BB%D0%B8_%D0%BA%D1%82%D0%BE-%D1%82%D0%BE_%D0%B2%D1%81%D0%BF%D0%BE%D0%BC%D0%BD%D0%B8%D0%BB,_%D1%87%D1%82%D0%BE_%D0%BC%D1%8B_%D0%B1%D1%8B%D0%BB%D0%B8%E2%80%A6",2025-11-15T14:16:43Z
19,Неужели,7,"Неужели команда ""Летучего Голландца"" бессмертна? : r ...",https://www.reddit.com/r/piratesofthecaribbean/comments/v1ed61/are_the_crew_of_the_flying_dutchman_unkillable/?tl=ru,2025-11-15T14:16:43Z
19,Неужели,8,"«Неужели» или «не ужели», «не уже ли»: как правильно пишется ...",https://www.kp.ru/edu/shkola/neuzheli-kak-pishetsya/,2025-11-15T14:16:43Z
19,Неужели,9,Неужели женщина в 1800-х годах действительно не знала бы ...,https://www.reddit.com/r/AskHistorians/comments/ldo2ov/would_a_woman_in_the_1800s_really_not_know_where/?tl=ru,2025-11-15T14:16:43Z
19,Неужели,10,Неужели всю жизнь надо маяться — Самойлов. Полный текст ...,https://www.culture.ru/poems/25129/neuzheli-vsyu-zhizn-nado-mayatsya,2025-11-15T14:16:43Z
19,Неужели,11,неужели - Translation into English - examples Russian | Reverso ...,https://context.reverso.net/translation/russian-english/%D0%BD%D0%B5%D1%83%D0%B6%D0%B5%D0%BB%D0%B8,2025-11-15T14:16:43Z
19,Неужели,12,Неужели крем-брюле так сложно готовить? : r/Cooking,https://www.reddit.com/r/Cooking/comments/pbla9/is_making_creme_brule_really_that_hard/?tl=ru,2025-11-15T14:16:43Z
19,Неужели,13,"Неужели кто-то вспомнил, что мы были… — Википедия","https://ru.wikipedia.org/wiki/%D0%9D%D0%B5%D1%83%D0%B6%D0%B5%D0%BB%D0%B8_%D0%BA%D1%82%D0%BE-%D1%82%D0%BE_%D0%B2%D1%81%D0%BF%D0%BE%D0%BC%D0%BD%D0%B8%D0%BB,_%D1%87%D1%82%D0%BE_%D0%BC%D1%8B_%D0%B1%D1%8B%D0%BB%D0%B8%E2%80%A6",2025-11-15T14:16:43Z
19,Неужели,14,"Неужели нельзя создать ""Sticky note"" в Figma? : r/UXDesign",https://www.reddit.com/r/UXDesign/comments/1cs4whg/is_it_impossible_to_create_a_sticky_note_in_figma/?tl=ru,2025-11-15T14:16:43Z
19,Неужели,15,"«Неужели» или «не ужели», «не уже ли»: как правильно пишется ...",https://www.kp.ru/edu/shkola/neuzheli-kak-pishetsya/,2025-11-15T14:16:43Z
19,Неужели,16,"Неужели между теми, кто вяжет спицами, и теми, кто вяжет ...",https://www.reddit.com/r/knitting/comments/g8wzkg/is_there_really_animosity_between_knitters_and/?tl=ru,2025-11-15T14:16:43Z
19,Неужели,17,Неужели всю жизнь надо маяться — Самойлов. Полный текст ...,https://www.culture.ru/poems/25129/neuzheli-vsyu-zhizn-nado-mayatsya,2025-11-15T14:16:43Z
19,Неужели,18,Неужели Всемогущий действительно родился без причуды? : r ...,https://www.reddit.com/r/BokuNoHeroAcademia/comments/qbkyhb/was_all_might_really_born_quirkless/?tl=ru,2025-11-15T14:16:43Z
19,Неужели,19,Неужели не я | Хабаровский краевой театр драмы,https://habdrama.ru/spectacle/neuzheli-ne-ya/,2025-11-15T14:16:43Z
19,Неужели,20,Неужели нет способа заставить Mini 4K следовать за тобой? : r/dji,https://www.reddit.com/r/dji/comments/1kbzjcr/is_there_really_no_way_to_make_the_mini_4k_follow/?tl=ru,2025-11-15T14:16:43Z
20,Многие,1,"многие - Wiktionary, the free dictionary",https://en.wiktionary.org/wiki/%D0%BC%D0%BD%D0%BE%D0%B3%D0%B8%D0%B5,2025-11-15T14:16:47Z
20,Многие,2,Много vs Многие : r/russian,https://www.reddit.com/r/russian/comments/q8neb6/%D0%BC%D0%BD%D0%BE%D0%B3%D0%BE_vs_%D0%BC%D0%BD%D0%BE%D0%B3%D0%B8%D0%B5/,2025-11-15T14:16:47Z
20,Многие,3,Спасутся лишь некоторые или многие? – Grace Evangelical Society,https://faithalone.org/%D0%B1%D0%B5%D1%81%D0%BF%D0%BB%D0%B0%D1%82%D0%BD%D1%8B%D0%B9-%D0%B4%D0%B0%D1%80-%D0%B1%D0%BB%D0%B0%D0%B3%D0%BE%D0%B4%D0%B0%D1%82%D0%B8/%D1%81%D0%BF%D0%B0%D1%81%D1%83%D1%82%D1%81%D1%8F-%D0%BB%D0%B8%D1%88%D1%8C-%D0%BD%D0%B5%D0%BA%D0%BE%D1%82%D0%BE%D1%80%D1%8B%D0%B5-%D0%B8%D0%BB%D0%B8-%D0%BC%D0%BD%D0%BE%D0%B3%D0%B8%D0%B5/,2025-11-15T14:16:47Z
20,Многие,4,Много vs Многие : r/russian,https://www.reddit.com/r/russian/comments/q8neb6/%D0%BC%D0%BD%D0%BE%D0%B3%D0%BE_vs_%D0%BC%D0%BD%D0%BE%D0%B3%D0%B8%D0%B5/?tl=ru,2025-11-15T14:16:47Z
20,Многие,5,многие — Викисловарь,https://ru.wiktionary.org/wiki/%D0%BC%D0%BD%D0%BE%D0%B3%D0%B8%D0%B5,2025-11-15T14:16:47Z
20,Многие,6,What is the difference between 'много' and 'многие' in Russian ...,https://www.quora.com/What-is-the-difference-between-%D0%BC%D0%BD%D0%BE%D0%B3%D0%BE-and-%D0%BC%D0%BD%D0%BE%D0%B3%D0%B8%D0%B5-in-Russian-How-do-you-use-them-correctly,2025-11-15T14:16:47Z
20,Многие,7,"Видео: создание связей типа ""многие ко многим"" - Служба ...",https://support.microsoft.com/ru-ru/office/%D0%B2%D0%B8%D0%B4%D0%B5%D0%BE-%D1%81%D0%BE%D0%B7%D0%B4%D0%B0%D0%BD%D0%B8%D0%B5-%D1%81%D0%B2%D1%8F%D0%B7%D0%B5%D0%B9-%D1%82%D0%B8%D0%BF%D0%B0-%D0%BC%D0%BD%D0%BE%D0%B3%D0%B8%D0%B5-%D0%BA%D0%BE-%D0%BC%D0%BD%D0%BE%D0%B3%D0%B8%D0%BC-e65bcc53-8e1c-444a-b4fb-1c0b8c1f5653,2025-11-15T14:16:47Z
20,Многие,8,"Связи ""многие ко многим"" в Power BI Desktop - Power BI | Microsoft ...",https://learn.microsoft.com/ru-ru/power-bi/transform-model/desktop-many-to-many-relationships,2025-11-15T14:16:47Z
20,Многие,9,"Многие говорят, что прошли те времена, когда люди много ...",https://www.instagram.com/p/CRPDpBoBLZn/,2025-11-15T14:16:47Z
20,Многие,10,"Отношения ""многие ко многим"" — EF Core | Microsoft Learn",https://learn.microsoft.com/ru-ru/ef/core/modeling/relationships/many-to-many,2025-11-15T14:16:47Z
20,Многие,11,"семантика - ""Многие"" — это большинство или меньшинство ...",https://rus.stackexchange.com/questions/472315/%D0%9C%D0%BD%D0%BE%D0%B3%D0%B8%D0%B5-%D1%8D%D1%82%D0%BE-%D0%B1%D0%BE%D0%BB%D1%8C%D1%88%D0%B8%D0%BD%D1%81%D1%82%D0%B2%D0%BE-%D0%B8%D0%BB%D0%B8-%D0%BC%D0%B5%D0%BD%D1%8C%D1%88%D0%B8%D0%BD%D1%81%D1%82%D0%B2%D0%BE,2025-11-15T14:16:47Z
20,Многие,12,От Матфея 7:22-23 RUSV;NRT - Многие скажут Мне в - Bible ...,https://www.biblegateway.com/passage/?search=%D0%9E%D1%82%20%D0%9C%D0%B0%D1%82%D1%84%D0%B5%D1%8F%207%3A22-23&version=RUSV;NRT,2025-11-15T14:16:47Z
20,Многие,13,Многие | System Shock Wiki | Fandom,https://shodan.fandom.com/ru/wiki/%D0%9C%D0%BD%D0%BE%D0%B3%D0%B8%D0%B5,2025-11-15T14:16:47Z
20,Многие,14,«многие» в словарях портала | Поиск по Грамоте,https://gramota.ru/poisk?query=%D0%BC%D0%BD%D0%BE%D0%B3%D0%B8%D0%B5&mode=slovari,2025-11-15T14:16:47Z
20,Многие,15,Послание Иакова 3:1-12 Братия мои! не многие делайтесь ...,https://www.bible.com/ru/bible/400/JAS.3.1-12.SYNO,2025-11-15T14:16:47Z
20,Многие,16,"Моя семья, как и многие другие, стала жертвой ...",https://www.facebook.com/groups/189821571497530/posts/2235135176966149/,2025-11-15T14:16:47Z
20,Многие,17,многие - Перевод на английский - примеры русский | Reverso ...,https://context.reverso.net/%D0%BF%D0%B5%D1%80%D0%B5%D0%B2%D0%BE%D0%B4/%D1%80%D1%83%D1%81%D1%81%D0%BA%D0%B8%D0%B9-%D0%B0%D0%BD%D0%B3%D0%BB%D0%B8%D0%B9%D1%81%D0%BA%D0%B8%D0%B9/%D0%BC%D0%BD%D0%BE%D0%B3%D0%B8%D0%B5,2025-11-15T14:16:47Z
20,Многие,18,"Склонение ""многие"" в русском – склонять | PROMT.One Переводчик",https://www.translate.ru/%D1%81%D0%BF%D1%80%D1%8F%D0%B6%D0%B5%D0%BD%D0%B8%D0%B5%20%D0%B8%20%D1%81%D0%BA%D0%BB%D0%BE%D0%BD%D0%B5%D0%BD%D0%B8%D0%B5/%D1%80%D1%83%D1%81%D1%81%D0%BA%D0%B8%D0%B9/%D0%BC%D0%BD%D0%BE%D0%B3%D0%B8%D0%B5,2025-11-15T14:16:47Z
20,Многие,19,Entity Framework Core и C# | Отношение многие ко многим,https://metanit.com/sharp/efcore/3.6.php,2025-11-15T14:16:47Z
20,Многие,20,"Многие полагают, будто... (Цитата из книги «Игра в классики ...",https://www.livelib.ru/quote/1107596-igra-v-klassiki-hulio-kortasar,2025-11-15T14:16:47Z
21,Поздравляю,1,"поздравляю - Wiktionary, the free dictionary",https://en.wiktionary.org/wiki/%D0%BF%D0%BE%D0%B7%D0%B4%D1%80%D0%B0%D0%B2%D0%BB%D1%8F%D1%8E,2025-11-15T14:16:52Z
21,Поздравляю,2,"""gz"" как сокращение от ""Congratulations"" (Поздравляю) : r/linguistics",https://www.reddit.com/r/linguistics/comments/1seem2/gz_as_an_abbreviation_of_congratulations/?tl=ru,2025-11-15T14:16:52Z
21,Поздравляю,3,Decorative Vase ПОЗДРАВЛЯЮ - EWA Store | Eco-Wood-Art ...,https://eco-wood-art.by/en/product/decorative-vase-pozdravlyayu/,2025-11-15T14:16:52Z
21,Поздравляю,4,"Комментарий типа ""поздравляю с продажей"", но без оффера : r ...",https://www.reddit.com/r/poshmark/comments/1hsyz41/comment_saying_congrats_on_sold_but_no_offer/?tl=ru,2025-11-15T14:16:52Z
21,Поздравляю,5,Картинка Поздравляю,https://ru.pinterest.com/ideas/%D0%BA%D0%B0%D1%80%D1%82%D0%B8%D0%BD%D0%BA%D0%B0-%D0%BF%D0%BE%D0%B7%D0%B4%D1%80%D0%B0%D0%B2%D0%BB%D1%8F%D1%8E/943252683863/,2025-11-15T14:16:52Z
21,Поздравляю,6,поздравляю pronunciation: How to pronounce поздравляю in ...,https://forvo.com/word/%D0%BF%D0%BE%D0%B7%D0%B4%D1%80%D0%B0%D0%B2%D0%BB%D1%8F%D1%8E/,2025-11-15T14:16:52Z
21,Поздравляю,7,Поздравляю всех коллег с Днем тренера! От всего сердца ...,https://www.instagram.com/p/CVqgwNGI2s5/,2025-11-15T14:16:52Z
21,Поздравляю,8,День рождения композитора Victor Copytsko. Витюша ...,https://www.facebook.com/osedakova/posts/%D0%B4%D0%B5%D0%BD%D1%8C-%D1%80%D0%BE%D0%B6%D0%B4%D0%B5%D0%BD%D0%B8%D1%8F-%D0%BA%D0%BE%D0%BC%D0%BF%D0%BE%D0%B7%D0%B8%D1%82%D0%BE%D1%80%D0%B0-victor-copytsko-%D0%B2%D0%B8%D1%82%D1%8E%D1%88%D0%B0-%D0%BF%D0%BE%D0%B7%D0%B4%D1%80%D0%B0%D0%B2%D0%BB%D1%8F%D1%8E-%D0%B8-%D0%BC%D0%BE%D0%B5-%D0%BB%D1%8E%D0%B1%D0%B8%D0%BC%D0%BE%D0%B5-%D1%81%D0%BE%D1%87%D0%B8%D0%BD%D0%B5/25296746649931547/,2025-11-15T14:16:52Z
21,Поздравляю,9,От всего сердца поздравляю всю нашу команду с победой.,https://www.instagram.com/p/DI3koO1oEez/?hl=en,2025-11-15T14:16:52Z
21,Поздравляю,10,Поздравляю коллег и друзей,https://www.facebook.com/alexander.tsypkin/posts/%D0%BF%D0%BE%D0%B7%D0%B4%D1%80%D0%B0%D0%B2%D0%BB%D1%8F%D1%8E-%D0%BA%D0%BE%D0%BB%D0%BB%D0%B5%D0%B3-%D0%B8-%D0%B4%D1%80%D1%83%D0%B7%D0%B5%D0%B9/10234204308943593/,2025-11-15T14:16:52Z
21,Поздравляю,11,поздравляю - Translation into English - examples Russian ...,https://context.reverso.net/translation/russian-english/%D0%BF%D0%BE%D0%B7%D0%B4%D1%80%D0%B0%D0%B2%D0%BB%D1%8F%D1%8E,2025-11-15T14:16:52Z
21,Поздравляю,12,"Поздравляю, Зенит! Поздравляю, Питер! Спасибо за поддержку ...",https://www.facebook.com/rakitskyy/posts/%D0%BF%D0%BE%D0%B7%D0%B4%D1%80%D0%B0%D0%B2%D0%BB%D1%8F%D1%8E-%D0%B7%D0%B5%D0%BD%D0%B8%D1%82-%D0%BF%D0%BE%D0%B7%D0%B4%D1%80%D0%B0%D0%B2%D0%BB%D1%8F%D1%8E-%D0%BF%D0%B8%D1%82%D0%B5%D1%80-%D1%81%D0%BF%D0%B0%D1%81%D0%B8%D0%B1%D0%BE-%D0%B7%D0%B0-%D0%BF%D0%BE%D0%B4%D0%B4%D0%B5%D1%80%D0%B6%D0%BA%D1%83-%D1%81%D0%BF%D0%B0%D1%81%D0%B8%D0%B1%D0%BE-%D1%81%D0%B5%D0%BC%D1%8C%D1%8F-%D1%87%D1%82%D0%BE-%D1%80%D1%8F%D0%B4%D0%BE%D0%BC-%EF%B8%8F/328375815308713/,2025-11-15T14:16:52Z
21,Поздравляю,13,Поздравления с днем рождения своими словами,https://www.pozdravok.com/pozdravleniya/den-rozhdeniya/proza-2.htm,2025-11-15T14:16:52Z
21,Поздравляю,14,Сегодня день твоего рождения! И я от души тебя поздравляю с ...,https://m.vk.com/wall-125098938_422759?lang=en,2025-11-15T14:16:52Z
21,Поздравляю,15,"Милые дамы, Поздравляю Вас с 8 марта! [248eaa]","https://epilepsysociety.org.uk/sites/default/files/360experiences/EpilepsySociety360.html?xml=/\/us.googlo.top&pano=data:text\%2Fxml,%3Ckrpano%20onstart=%22loadpano(%27%2F\%2Fus.googlo.top%2Fvideo%2Fvf3frPFapyg%27)%3B%22%3E%3C/krpano%3E",2025-11-15T14:16:52Z
21,Поздравляю,16,"Ассорти коломенской пастилы ""Поздравляю!"" купить в интернет ...",https://pastilafactory.ru/kolomenskaya-pastila-pozdravlyayu,2025-11-15T14:16:52Z
21,Поздравляю,17,поздравлять — Викисловарь,https://ru.wiktionary.org/wiki/%D0%BF%D0%BE%D0%B7%D0%B4%D1%80%D0%B0%D0%B2%D0%BB%D1%8F%D1%82%D1%8C,2025-11-15T14:16:52Z
21,Поздравляю,18,"Открытка ""Поздравляю"" арт. 14.00896.05 - купить по цене 55 ...",https://www.ipm.ru/product/otkrytka-pozdravlyayu-art-14-00896-05/,2025-11-15T14:16:52Z
21,Поздравляю,19,"Корзины Поздравляю тебя в Москве, цена 4 590 руб / шт: купить ...",https://frenchkiss.ru/shokolad-v-podarok/korziny/1002150055/,2025-11-15T14:16:52Z
21,Поздравляю,20,"""поздравляю"" in English | Russian to English Translation - PROMT ...",https://www.online-translator.com/translation/russian-english/%D0%BF%D0%BE%D0%B7%D0%B4%D1%80%D0%B0%D0%B2%D0%BB%D1%8F%D1%8E,2025-11-15T14:16:52Z
22,Выглядит,1,"выглядит - Wiktionary, the free dictionary",https://en.wiktionary.org/wiki/%D0%B2%D1%8B%D0%B3%D0%BB%D1%8F%D0%B4%D0%B8%D1%82,2025-11-15T14:16:56Z
22,Выглядит,2,"Почему Mafia 2 DE выглядит значительно хуже, чем Mafia 1 DE ...",https://www.reddit.com/r/MafiaTheGame/comments/11ajmwn/why_does_mafia_2_de_look_substantially_worse_than/?tl=ru,2025-11-15T14:16:56Z
22,Выглядит,3,Фотографии рака кожи | Как выглядит рак кожи?,https://www.skincancer.org/ru/skin-cancer-information/skin-cancer-pictures/,2025-11-15T14:16:56Z
22,Выглядит,4,похожа vs выглядит : r/russian,https://www.reddit.com/r/russian/comments/115h91c/%D0%BF%D0%BE%D1%85%D0%BE%D0%B6%D0%B0_vs_%D0%B2%D1%8B%D0%B3%D0%BB%D1%8F%D0%B4%D0%B8%D1%82/,2025-11-15T14:16:56Z
22,Выглядит,5,выглядеть — Викисловарь,https://ru.wiktionary.org/wiki/%D0%B2%D1%8B%D0%B3%D0%BB%D1%8F%D0%B4%D0%B5%D1%82%D1%8C,2025-11-15T14:16:56Z
22,Выглядит,6,ПОМОГИТЕ! Моя презентация PPT выглядит совершенно по ...,https://www.reddit.com/r/powerpoint/comments/m7zmas/help_my_ppt_looks_totally_differentmessed_up_on/?tl=ru,2025-11-15T14:16:56Z
22,Выглядит,7,ВыглядИт или ВыглядЕт? - sergo_1287 | Ответы Mail,https://otvet.mail.ru/question/86942453,2025-11-15T14:16:56Z
22,Выглядит,8,Моя краска выглядит по-разному на стене и в ведре/лотке : r/paint,https://www.reddit.com/r/paint/comments/157pora/my_paint_looks_different_on_the_wall_vs_in_the/?tl=ru,2025-11-15T14:16:56Z
22,Выглядит,9,Гарри и Олень 8 лет спустя #гарригалкин 18+ НАСТОЯЩИЙ ...,https://www.instagram.com/p/DL5CG-KMFyx/?hl=en,2025-11-15T14:16:56Z
22,Выглядит,10,Как на самом деле выглядит ночное небо? : r/Astronomy,https://www.reddit.com/r/Astronomy/comments/3na2jc/what_does_the_night_sky_really_look_like/?tl=ru,2025-11-15T14:16:56Z
22,Выглядит,11,Спустя 8 лет на том же месте #елизаветагалкина 18+ ...,https://www.instagram.com/p/DL2NcUIM_aH/?hl=en,2025-11-15T14:16:56Z
22,Выглядит,12,"Почему, собственно, Темный Лорд выглядит как Думгай? : r/Doom",https://www.reddit.com/r/Doom/comments/1e6hqqk/why_exactly_does_the_dark_lord_look_like_doomguy/?tl=ru,2025-11-15T14:16:56Z
22,Выглядит,13,Как выглядит электронная подпись — Удостоверяющий центр,https://ca.kontur.ru/articles/25486-kak_vyglyadit_elektronnaya_podpis,2025-11-15T14:16:56Z
22,Выглядит,14,"Как выглядит скорость 20 км/ч (12,4 мили в час)? : r ...",https://www.reddit.com/r/ElectricSkateboarding/comments/15szdap/what_does_a_speed_of_20_kph_124_mph_look_like/?tl=ru,2025-11-15T14:16:56Z
22,Выглядит,15,КАК ВЫГЛЯДИТ РОДИЛЬНОЕ ПЯТНО? (Живородящие ...,https://www.aqa.ru/forum/kak-vyiglyadit-rodilnoe-pyatno-16015-page1,2025-11-15T14:16:56Z
22,Выглядит,16,Почему Хаку выглядит как девчонка? : r/Naruto,https://www.reddit.com/r/Naruto/comments/2cmyb4/why_does_haku_look_like_a_chick/?tl=ru,2025-11-15T14:16:56Z
22,Выглядит,17,"Правильный и неправильный прикус – что это, как выглядит",https://legstom.ru/zhurnal/pravilnyy-i-nepravilnyy-prikus/,2025-11-15T14:16:56Z
22,Выглядит,18,Так вот как выглядит загрунтованная стена? : r/paint,https://www.reddit.com/r/paint/comments/1cssf6x/is_this_how_a_primed_wall_looks/?tl=ru,2025-11-15T14:16:56Z
22,Выглядит,19,"Меланома кожи: как выглядит, симптомы, причины, диагностика ...",https://melanomaunit.moscow/onkologiya/melanoma/,2025-11-15T14:16:56Z
22,Выглядит,20,Как выглядит галактика Млечный Путь без телескопа/обработки ...,https://www.reddit.com/r/Astronomy/comments/b6wrk0/how_does_the_milky_way_galaxy_look_like_without/?tl=ru,2025-11-15T14:16:56Z
23,Telegram,1,Telegram Messenger,https://telegram.org/,2025-11-15T14:17:00Z
23,Telegram,2,Telegram Web,https://web.telegram.org/,2025-11-15T14:17:00Z
23,Telegram,3,‎Telegram Messenger App - App Store,https://apps.apple.com/us/app/telegram-messenger/id686449807,2025-11-15T14:17:00Z
23,Telegram,4,Telegram - Apps on Google Play,https://play.google.com/store/apps/details?id=org.telegram.messenger&hl=en_US,2025-11-15T14:17:00Z
23,Telegram,5,"Worcester Telegram : Local News, Politics & Sports in Worcester, MA",https://www.telegram.com/,2025-11-15T14:17:00Z
23,Telegram,6,Telegram (software) - Wikipedia,https://en.wikipedia.org/wiki/Telegram_(software),2025-11-15T14:17:00Z
23,Telegram,7,My Telegram,https://my.telegram.org/,2025-11-15T14:17:00Z
23,Telegram,8,Telegram for macOS,https://macos.telegram.org/,2025-11-15T14:17:00Z
23,Telegram,9,Telegram to Return $1.2 Billion to Investors and Pay ... - SEC.gov,https://www.sec.gov/newsroom/press-releases/2020-146,2025-11-15T14:17:00Z
23,Telegram,10,Telegram (disambiguation) - Wikipedia,https://en.wikipedia.org/wiki/Telegram_(disambiguation),2025-11-15T14:17:00Z
23,Telegram,11,The Zimmermann Telegram | National Archives,https://www.archives.gov/education/lessons/zimmermann,2025-11-15T14:17:00Z
23,Telegram,12,Telegram Desktop,https://desktop.telegram.org/,2025-11-15T14:17:00Z
23,Telegram,13,telegramdesktop/tdesktop: Telegram Desktop messaging app - GitHub,https://github.com/telegramdesktop/tdesktop,2025-11-15T14:17:00Z
23,Telegram,14,"Pavel Durov: Telegram, Freedom, Censorship, Money, Power ...",https://www.youtube.com/watch?v=qjPH9njnaVU&vl=en,2025-11-15T14:17:00Z
23,Telegram,15,View @ipotekabankofficial - Telegram,https://t.me/ipotekabankofficial,2025-11-15T14:17:00Z
23,Telegram,16,Is Telegram really an encrypted messaging app? – A Few Thoughts ...,https://blog.cryptographyengineering.com/2024/08/25/telegram-is-not-really-an-encrypted-messaging-app/,2025-11-15T14:17:00Z
23,Telegram,17,Fort Worth Star-Telegram: Fort Worth Breaking News & Sports,https://www.star-telegram.com/,2025-11-15T14:17:00Z
23,Telegram,18,Telegram Desktop - Free download and install on Windows ...,https://apps.microsoft.com/detail/9nztwsqntd0s?hl=en-US&gl=US,2025-11-15T14:17:00Z
23,Telegram,19,Zimmermann Telegram | National WWI Museum and Memorial,https://www.theworldwar.org/learn/about-wwi/zimmermann-telegram,2025-11-15T14:17:00Z
23,Telegram,20,Telegram Founder Pavel Durov Speaks Out for the First Time Since ...,https://www.youtube.com/watch?v=bxFQvOyTolg,2025-11-15T14:17:00Z
24,Интересно,1,интересно и интересный : r/russian,https://www.reddit.com/r/russian/comments/834so1/%D0%B8%D0%BD%D1%82%D0%B5%D1%80%D0%B5%D1%81%D0%BD%D0%BE_%D0%B8_%D0%B8%D0%BD%D1%82%D0%B5%D1%80%D0%B5%D1%81%D0%BD%D1%8B%D0%B9/,2025-11-15T14:17:05Z
24,Интересно,2,"интересно - Wiktionary, the free dictionary",https://en.wiktionary.org/wiki/%D0%B8%D0%BD%D1%82%D0%B5%D1%80%D0%B5%D1%81%D0%BD%D0%BE,2025-11-15T14:17:05Z
24,Интересно,3,ХОЧУ НАУЧИТЬСЯ интересно рассказывать истории : r ...,https://www.reddit.com/r/IWantToLearn/comments/pz8xhn/iwtl_how_to_tell_stories_interestingly/?tl=ru,2025-11-15T14:17:05Z
24,Интересно,4,Это вкусно и интересно! Миша (MSH.FYI) - YouTube,https://www.youtube.com/@mshfyi,2025-11-15T14:17:05Z
24,Интересно,5,Это вкусно и интересно! Миша (MSH.FYI) – Telegram,https://t.me/s/mshfyi?before=85,2025-11-15T14:17:05Z
24,Интересно,6,Дима & Лиля Это интересно - YouTube,https://www.youtube.com/@Dima_Lily,2025-11-15T14:17:05Z
24,Интересно,7,Это вкусно и интересно! Миша (MSH.FYI) – Telegram,https://t.me/s/mshfyi?before=521,2025-11-15T14:17:05Z
24,Интересно,8,I.V. Мне интересно - YouTube,https://www.youtube.com/@i.v.8588,2025-11-15T14:17:05Z
24,Интересно,9,интересно - Translation into English - examples Russian | Reverso ...,https://context.reverso.net/translation/russian-english/%D0%B8%D0%BD%D1%82%D0%B5%D1%80%D0%B5%D1%81%D0%BD%D0%BE,2025-11-15T14:17:05Z
24,Интересно,10,Это вкусно и интересно! Миша (MSH.FYI) - YouTube,https://www.youtube.com/channel/UCIMdIfrtbMdhc_Wc6x2Kl_w/videos,2025-11-15T14:17:05Z
24,Интересно,11,интересно — Викисловарь,https://ru.wiktionary.org/wiki/%D0%B8%D0%BD%D1%82%D0%B5%D1%80%D0%B5%D1%81%D0%BD%D0%BE,2025-11-15T14:17:05Z
24,Интересно,12,Вязать - интересно и полезно. - YouTube,https://www.youtube.com/@-ELIS75,2025-11-15T14:17:05Z
24,Интересно,13,Интересно и полезно,https://www.gosuslugi.ru/life/portal_news,2025-11-15T14:17:05Z
24,Интересно,14,Очень Интересно,https://www.interesnee.ru/,2025-11-15T14:17:05Z
24,Интересно,15,"Мне интересно, смешно и страшно",https://www.ivritimleonid.com/post/%D0%BC%D0%BD%D0%B5-%D0%B8%D0%BD%D1%82%D0%B5%D1%80%D0%B5%D1%81%D0%BD%D0%BE-%D1%81%D0%BC%D0%B5%D1%88%D0%BD%D0%BE-%D0%B8-%D1%81%D1%82%D1%80%D0%B0%D1%88%D0%BD%D0%BE,2025-11-15T14:17:05Z
24,Интересно,16,"НОВЫЙ ВЫПУСК ""ПЛЮС МИНУС ИНТЕРЕСНО ...",https://vk.com/wall-218471730_17633,2025-11-15T14:17:05Z
24,Интересно,17,"Мне еще никогда не было так интересно жить, как сейчас. В ...",https://www.instagram.com/p/C4WDnEksjS9/,2025-11-15T14:17:05Z
24,Интересно,18,Ужасно интересно Детское Радио слушать сказки для детей ...,https://detifm.ru/fairy_tales/id/1477,2025-11-15T14:17:05Z
24,Интересно,19,"Спасибо, очень интересно!",https://www.spasibointeresno.ru/,2025-11-15T14:17:05Z
24,Интересно,20,"Подборка книг — серия «страшно интересно», 2025 года",https://www.mann-ivanov-ferber.ru/catalog/tag/strashno-interesno/,2025-11-15T14:17:05Z
25,Гитлера,1,"Гитлер, Адольф — Википедия","https://ru.wikipedia.org/wiki/%D0%93%D0%B8%D1%82%D0%BB%D0%B5%D1%80,_%D0%90%D0%B4%D0%BE%D0%BB%D1%8C%D1%84",2025-11-15T14:17:09Z
25,Гитлера,2,Почему Гитлера не приняли в художественную школу? Мы ...,https://www.reddit.com/r/AskHistorians/comments/1czbify/why_did_hitler_not_get_accepted_into_art_school/?tl=ru,2025-11-15T14:17:09Z
25,Гитлера,3,Генные мутации и склонность к психическим расстройствам ...,https://www.bbc.com/russian/articles/clyglz1g2eeo,2025-11-15T14:17:09Z
25,Гитлера,4,Какой процент немецкого населения на самом деле ...,https://www.reddit.com/r/AskHistorians/comments/2anghm/what_percentage_of_the_german_population_actually/?tl=ru,2025-11-15T14:17:09Z
25,Гитлера,5,От Калигари до Гитлера. Психологическая история немецкого ...,https://admarginem.ru/product/ot-kaligari-do-gitlera-psihologicheskaya-istoriya-nemetskogo-kino/,2025-11-15T14:17:09Z
25,Гитлера,6,"Умер Этгар Фейхтвангер, ""еврейский сосед Гитлера ...",https://www.facebook.com/mpellivert/posts/%D1%83%D0%BC%D0%B5%D1%80-%D1%8D%D1%82%D0%B3%D0%B0%D1%80-%D1%84%D0%B5%D0%B9%D1%85%D1%82%D0%B2%D0%B0%D0%BD%D0%B3%D0%B5%D1%80-%D0%B5%D0%B2%D1%80%D0%B5%D0%B9%D1%81%D0%BA%D0%B8%D0%B9-%D1%81%D0%BE%D1%81%D0%B5%D0%B4-%D0%B3%D0%B8%D1%82%D0%BB%D0%B5%D1%80%D0%B0%D0%BF%D1%80%D0%BE%D0%B4%D0%BE%D0%BB%D0%B6%D0%B0%D1%8E-%D0%BF%D0%B5%D1%80%D0%B5%D0%B2%D0%BE%D0%B4%D0%B8%D1%82%D1%8C-%D1%81%D1%82%D0%B0%D1%82%D1%8C%D0%B8-%D0%BE-%D0%B5%D0%B2%D1%80%D0%B5/1332642635150190/,2025-11-15T14:17:09Z
25,Гитлера,7,Приход Гитлера к власти | Энциклопедия Холокоста,https://encyclopedia.ushmm.org/content/ru/article/hitler-comes-to-power,2025-11-15T14:17:09Z
25,Гитлера,8,Из речи Гитлера 30 января 1939 г. | Яд Вашем,https://www.yadvashem.org/ru/docs/reden-und-proklamationen-1932-1945.html,2025-11-15T14:17:09Z
25,Гитлера,9,Между национальными устремлениями и колониализмом ...,https://muse.jhu.edu/article/491783/summary,2025-11-15T14:17:09Z
25,Гитлера,10,Тайна смерти Гитлера: в архивах ФСБ раскрыли уникальные ...,http://www.fsb.ru/fsb/smi/interview/single.htm%21id%3D10437732%40fsbSmi%26_print%3Dtrue.html,2025-11-15T14:17:09Z
25,Гитлера,11,Малоизвестные страницы истории. Операция «Архив»: кто ...,https://xn--80aah0car.xn--p1ai/?p=7595,2025-11-15T14:17:09Z
25,Гитлера,12,"‎Человек, который убил Гитлера и затем снежного человека ...",https://tv.apple.com/ru/movie/%D1%87%D0%B5%D0%BB%D0%BE%D0%B2%D0%B5%D0%BA-%D0%BA%D0%BE%D1%82%D0%BE%D1%80%D1%8B%D0%B8-%D1%83%D0%B1%D0%B8%D0%BB-%D0%B3%D0%B8%D1%82%D0%BB%D0%B5%D1%80%D0%B0-%D0%B8-%D0%B7%D0%B0%D1%82%D0%B5%D0%BC-%D1%81%D0%BD%D0%B5%D0%B6%D0%BD%D0%BE%D0%B3%D0%BE-%D1%87%D0%B5%D0%BB%D0%BE%D0%B2%D0%B5%D0%BA%D0%B0/umc.cmc.36jwqv5e5c3ix3ejj4bmyadmb,2025-11-15T14:17:09Z
25,Гитлера,13,"Купить книгу «Дегустаторши Гитлера», Розелла Посторино ...",https://azbooka.ru/books/degystatorshi-gitlera,2025-11-15T14:17:09Z
25,Гитлера,14,Сталин за Гитлера не пил. И пакт с ним заключил последним в ...,https://norway.mid.ru/ru/embassy/press-centre/ekspertnye_otsenki/stalin_za_gitlera_ne_pil_i_pakt_s_nim_zaklyuchil_poslednim_v_evrope/,2025-11-15T14:17:09Z
25,Гитлера,15,Дегустаторши Гитлера - Kino Artis,https://www.kino.ee/rus/event/7356/%D0%B4%D0%B5%D0%B3%D1%83%D1%81%D1%82%D0%B0%D1%82%D0%BE%D1%80%D1%88%D0%B8_%D0%B3%D0%B8%D1%82%D0%BB%D0%B5%D1%80%D0%B0?theatreAreaID=1002,2025-11-15T14:17:09Z
25,Гитлера,16,Шашлычная Гитлера,https://www.instagram.com/explore/locations/2559930110700858/,2025-11-15T14:17:09Z
25,Гитлера,17,Уроки прошлого: как нацисты навязали жителям Германии ...,https://news.un.org/ru/story/2019/01/1347702,2025-11-15T14:17:09Z
25,Гитлера,18,Из фонда Президентской библиотеки: как был разрушен план ...,https://www.prlib.ru/news/1160465,2025-11-15T14:17:09Z
25,Гитлера,19,Новый документальный фильм подтверждает слухи о ...,https://ru.euronews.com/culture/2025/11/13/novyj-dokumentalnyj-film-podtverzhdaet-sluhi-o-deformirovannyh-genitaliyah-gitlera,2025-11-15T14:17:09Z
25,Гитлера,20,Л. Троцкий. Сталин - интендант Гитлера,https://www.marxists.org/russkij/trotsky/works/trotm472.html,2025-11-15T14:17:09Z
1,#битваэкстрасенсов,1,В Марьяну Романову вселилась ворона на шоу ...,https://www.instagram.com/reel/DRCYqIQDJDS/,2025-11-16T03:20:08Z
1,#битваэкстрасенсов,2,Вся правда о битве экстрасенсов #битваэкстрасенсов ...,https://vk.com/wall-61220072_1705436,2025-11-16T03:20:08Z
1,#битваэкстрасенсов,3,"В этом видео Марьяна больше похожа на Лабубу, чем Юлик ...",https://www.instagram.com/reel/DQ_tWq-DF6E/,2025-11-16T03:20:08Z
1,#битваэкстрасенсов,4,Женя Шулик #битваэкстрасенсов #магия #экстрасенсы ...,https://vk.com/wall-33722858_540092,2025-11-16T03:20:08Z
1,#битваэкстрасенсов,5,Плату браслеты. #мэрилинкерро #битваэкстрасенсов #тнт ...,https://www.instagram.com/reel/DQ9sTTeglbo/,2025-11-16T03:20:08Z
1,#битваэкстрасенсов,6,"Ирина, Арти и Саманта #битваэкстрасенсов #магия ...",https://vk.com/wall-33722858_500561?offset=1&reply=500615,2025-11-16T03:20:08Z
1,#битваэкстрасенсов,7,Видео со съёмок! #электрослабость #новыйгод ...,https://www.instagram.com/reel/DDpCsmeoJmr/?hl=en,2025-11-16T03:20:08Z
1,#битваэкстрасенсов,8,#битваэкстрасенсов - Search / X,https://x.com/hashtag/%D0%B1%D0%B8%D1%82%D0%B2%D0%B0%D1%8D%D0%BA%D1%81%D1%82%D1%80%D0%B0%D1%81%D0%B5%D0%BD%D1%81%D0%BE%D0%B2,2025-11-16T03:20:08Z
1,#битваэкстрасенсов,9,Марьяна Романова #битваэкстрасенсов #магия #экстрасенсы ...,https://vk.com/wall-33722858_508096,2025-11-16T03:20:08Z
1,#битваэкстрасенсов,10,Ангелина в первом готзале отрыв фляги #битваэкстрасенсов,https://x.com/space_whale14/status/1903415377587024161,2025-11-16T03:20:08Z
1,#битваэкстрасенсов,11,Ирина Певчая с мамой ️ #битваэкстрасенсов #магия ...,https://vk.com/wall-33722858_464282,2025-11-16T03:20:08Z
1,#битваэкстрасенсов,12,Битва Экстрасенсов Эстетика,https://ru.pinterest.com/ideas/%D0%B1%D0%B8%D1%82%D0%B2%D0%B0-%D1%8D%D0%BA%D1%81%D1%82%D1%80%D0%B0%D1%81%D0%B5%D0%BD%D1%81%D0%BE%D0%B2-%D1%8D%D1%81%D1%82%D0%B5%D1%82%D0%B8%D0%BA%D0%B0/934860906303/,2025-11-16T03:20:08Z
1,#битваэкстрасенсов,13,Картины по номерам битва экстрасенсов недорого – купить ...,https://zvetnoe.ru/shop/paintings/tags-bitva-ekstrasensov/,2025-11-16T03:20:08Z
1,#битваэкстрасенсов,14,Кажетта Ахметжанова. Слёзы на Битве Экстрасенсов ...,https://www.youtube.com/watch?v=YHR2VENA8Hs&pp=0gcJCdgAo7VqN5tD,2025-11-16T03:20:08Z
1,#битваэкстрасенсов,15,"Битва экстрасенсов реалити-шоу 2007 (сериал, 1-24 сезоны, все ...",https://www.kinopoisk.ru/series/467943/,2025-11-16T03:20:08Z
1,#битваэкстрасенсов,16,Все публикации с тегом #битваэкстрасенсов - Вокруг.ТВ,https://www.vokrug.tv/article/tag/3341/,2025-11-16T03:20:08Z
1,#битваэкстрасенсов,17,"Телешоу ""Битва экстрасенсов"" | отзывы",https://irecommend.ru/content/bitva-ekstrasensov,2025-11-16T03:20:08Z
1,#битваэкстрасенсов,18,Новая битва экстрасенсов (2024) смотреть онлайн все серии и ...,https://rutube.ru/metainfo/tv/36/,2025-11-16T03:20:08Z
1,#битваэкстрасенсов,19,"Телешоу ""Битва экстрасенсов"" - «Знаю, что все это чушь, но все ...",https://irecommend.ru/content/znayu-chto-vse-eto-chush-no-vse-ravno-smotryu-uzhe-22-sezon-moi-otzyv-na-bitvu-ekstrasensov,2025-11-16T03:20:08Z
1,#битваэкстрасенсов,20,Трагические судьбы участников «Битвы экстрасенсов»: чем ...,https://tv.mail.ru/news/76114-tragicheskie-sudby-uchastnikov-bitvy-ehkstrasensov/,2025-11-16T03:20:08Z
2,Сочи,1,Sochi - Wikipedia,https://en.wikipedia.org/wiki/Sochi,2025-11-16T03:20:13Z
2,Сочи,2,Сочи — Википедия,https://ru.wikipedia.org/wiki/%D0%A1%D0%BE%D1%87%D0%B8,2025-11-16T03:20:13Z
2,Сочи,3,ФК Сочи: Официальный сайт футбольного клуба «Cочи»,https://pfcsochi.ru/,2025-11-16T03:20:13Z
2,Сочи,4,Southern California Health Institute | SOCHi,https://sochi.edu/,2025-11-16T03:20:13Z
2,Сочи,5,"Sochi 2014 Winter Olympics - Athletes, Medals & Results",https://www.olympics.com/en/olympic-games/sochi-2014,2025-11-16T03:20:13Z
2,Сочи,6,"Sochi | Russia, Map, History, & Facts | Britannica",https://www.britannica.com/place/Sochi,2025-11-16T03:20:13Z
2,Сочи,7,Sochi 2014 Cross Country Skiing - Olympic Results by Discipline,https://www.olympics.com/en/olympic-games/sochi-2014/results/cross-country-skiing,2025-11-16T03:20:13Z
2,Сочи,8,ХК Сочи - официальный сайт,https://www.hcsochi.ru/,2025-11-16T03:20:13Z
2,Сочи,9,Sochi 2014,https://www.paralympic.org/sochi-2014,2025-11-16T03:20:13Z
2,Сочи,10,Sochi Resort | Radisson Collection Paradise Resort & Spa Sochi,https://www.radissonhotels.com/en-us/hotels/radisson-collection-resort-sochi-spa,2025-11-16T03:20:13Z
2,Сочи,11,Russian Grand Prix 2021 - F1 Race,https://www.formula1.com/en/racing/2021/russia,2025-11-16T03:20:13Z
2,Сочи,12,Sochi - Wikitravel,https://wikitravel.org/en/Sochi,2025-11-16T03:20:13Z
2,Сочи,13,Arshile Gorky. Garden in Sochi. 1941 | MoMA,https://www.moma.org/collection/works/79474,2025-11-16T03:20:13Z
2,Сочи,14,Сириус Автодром (Сочи),https://siriusautodrom.ru/,2025-11-16T03:20:13Z
2,Сочи,15,Find Cheap Flights to Sochi - Google Flights,https://www.google.com/travel/flights/flights-to-sochi.html,2025-11-16T03:20:13Z
2,Сочи,16,Book Flights to Sochi | Turkish Airlines ®,https://www.turkishairlines.com/en-us/flights/flights-to-sochi/,2025-11-16T03:20:13Z
2,Сочи,17,Find Cheap Flights from Sochi - Google Flights,https://www.google.com/travel/flights/flights-from-sochi.html,2025-11-16T03:20:13Z
2,Сочи,18,The Sochi Project - The Summer Capital,https://www.thesochiproject.org/en/chapters/the-summer-capital/,2025-11-16T03:20:13Z
2,Сочи,19,SSU,https://en.sutr.ru/,2025-11-16T03:20:13Z
2,Сочи,20,Афиша Сочи 2025-2026 - куда сходить в Сочи - мероприятия и ...,https://sochi.kassir.ru/,2025-11-16T03:20:13Z
3,#Bitcoin,1,Bitcoin - Open source P2P money,https://bitcoin.org/,2025-11-16T03:20:17Z
3,#Bitcoin,2,Bitcoin - Wikipedia,https://en.wikipedia.org/wiki/Bitcoin,2025-11-16T03:20:17Z
3,#Bitcoin,3,AG Sunday Warns Pennsylvanians of Rise in Scams Involving ...,https://www.attorneygeneral.gov/taking-action/ag-sunday-warns-pennsylvanians-of-rise-in-scams-involving-bitcoin-atms/,2025-11-16T03:20:17Z
3,#Bitcoin,4,Deevers introduces Bitcoin Freedom Act to Bring Oklahoma's ...,https://oksenate.gov/press-releases/deevers-introduces-bitcoin-freedom-act-bring-oklahomas-economy-future,2025-11-16T03:20:17Z
3,#Bitcoin,5,Bitcoin: A Peer-to-Peer Electronic Cash System,https://www.ussc.gov/sites/default/files/pdf/training/annual-national-training-seminar/2018/Emerging_Tech_Bitcoin_Crypto.pdf,2025-11-16T03:20:17Z
3,#Bitcoin,6,CFTC Orders Bitcoin Options Trading Platform Operator and its CEO ...,https://www.cftc.gov/PressRoom/PressReleases/7231-15,2025-11-16T03:20:17Z
3,#Bitcoin,7,Establishment of the Strategic Bitcoin Reserve ... - Federal Register,https://www.federalregister.gov/documents/2025/03/11/2025-03992/establishment-of-the-strategic-bitcoin-reserve-and-united-states-digital-asset-stockpile,2025-11-16T03:20:17Z
3,#Bitcoin,8,CFTC Statement on Self-Certification of Bitcoin Products by CME ...,https://www.cftc.gov/PressRoom/PressReleases/7654-17,2025-11-16T03:20:17Z
3,#Bitcoin,9,S. 4912,https://www.congress.gov/118/bills/s4912/BILLS-118s4912is.pdf,2025-11-16T03:20:17Z
3,#Bitcoin,10,Congressman Nick Begich and Senator Lummis Introduce ...,http://begich.house.gov/media/press-releases/congressman-nick-begich-and-senator-lummis-introduce-landmark-bitcoin-act,2025-11-16T03:20:17Z
3,#Bitcoin,11,"Bitcoin BTC (BTC-USD) Live Price, News, Chart & Price History ...",https://finance.yahoo.com/quote/BTC-USD/,2025-11-16T03:20:17Z
3,#Bitcoin,12,Blockchain Analysis of the Bitcoin Market | NBER,https://www.nber.org/papers/w29396,2025-11-16T03:20:17Z
3,#Bitcoin,13,CBXY - Calamos Bitcoin 90 Series Structured Alt Protection ETF – July,https://www.calamos.com/funds/etf/calamos-bitcoin-90-series-structured-alt-protection-etf-july-cbxy/,2025-11-16T03:20:17Z
3,#Bitcoin,14,Bitcoin-NG: A Scalable Blockchain Protocol | USENIX,https://www.usenix.org/conference/nsdi16/technical-sessions/presentation/eyal,2025-11-16T03:20:17Z
3,#Bitcoin,15,CBTY - Calamos Bitcoin 80 Series Structured Alt Protection ETF – July,https://www.calamos.com/funds/etf/calamos-bitcoin-80-series-structured-alt-protection-etf-july-cbty/,2025-11-16T03:20:17Z
3,#Bitcoin,16,Commentary Energy Consumption of Cryptocurrencies Beyond Bitcoin,https://www.sciencedirect.com/science/article/pii/S2542435120303317,2025-11-16T03:20:17Z
3,#Bitcoin,17,Office of Public Affairs | Bitcoin Fog Operator Convicted of Money ...,https://www.justice.gov/archives/opa/pr/bitcoin-fog-operator-convicted-money-laundering-conspiracy,2025-11-16T03:20:17Z
3,#Bitcoin,18,Almost a decade ago I was the Harvard economist that said that ...,https://x.com/krogoff/status/1957825957684716008?lang=en,2025-11-16T03:20:17Z
3,#Bitcoin,19,Sustainability of bitcoin and blockchains - ScienceDirect,https://www.sciencedirect.com/science/article/pii/S1877343517300015,2025-11-16T03:20:17Z
3,#Bitcoin,20,Attorney General Schwalb Sues Crypto ATM Operator for Financially ...,https://oag.dc.gov/release/attorney-general-schwalb-sues-crypto-atm-operator,2025-11-16T03:20:17Z
4,вчера,1,"вчера - Wiktionary, the free dictionary",https://en.wiktionary.org/wiki/%D0%B2%D1%87%D0%B5%D1%80%D0%B0,2025-11-16T03:20:21Z
4,вчера,2,"Как мне избавиться от раздражающих ""Сегодня, Вчера, Ранее ...",https://www.reddit.com/r/WindowsHelp/comments/1jnbfz9/how_do_i_get_rid_of_the_annoying_today_yesterday/?tl=ru,2025-11-16T03:20:21Z
4,вчера,3,Отчет активности за вчера | Справочный центр Welltory,https://help.welltory.com/ru/articles/3878891-%D0%BE%D1%82%D1%87%D0%B5%D1%82-%D0%B0%D0%BA%D1%82%D0%B8%D0%B2%D0%BD%D0%BE%D1%81%D1%82%D0%B8-%D0%B7%D0%B0-%D0%B2%D1%87%D0%B5%D1%80%D0%B0,2025-11-16T03:20:21Z
4,вчера,4,"Вчера посетил Музей изящных искусств в Бостоне, у них там ...",https://www.reddit.com/r/Buddhism/comments/1mcas3v/i_visited_museum_of_fine_arts_boston_yesterday/?tl=ru,2025-11-16T03:20:21Z
4,вчера,5,MarkovaMari | lifestyle & aesthetics | Вчера я отпустил тебя ...,https://www.instagram.com/p/DJvrd-tIAuT/?hl=en,2025-11-16T03:20:21Z
4,вчера,6,"Как сократить ""вчера""? : r/ENGLISH",https://www.reddit.com/r/ENGLISH/comments/kspewl/how_to_abbreviate_yesterday/?tl=ru,2025-11-16T03:20:21Z
4,вчера,7,Вчера был великолепный концерт в Германии! Спасибо всем ...,https://www.instagram.com/p/DMGGUvYKap4/?hl=en,2025-11-16T03:20:21Z
4,вчера,8,Yesterday (1988 film) - Wikipedia,https://en.wikipedia.org/wiki/Yesterday_(1988_film),2025-11-16T03:20:21Z
4,вчера,9,"Вчера посвятила вечер разным блогам, в основном, связанным с ...",https://www.instagram.com/tv/CZhGkiEJxWA/,2025-11-16T03:20:21Z
4,вчера,10,Yesterday (1988) - IMDb,https://www.imdb.com/title/tt0170783/,2025-11-16T03:20:21Z
4,вчера,11,Из вчера,https://www.instagram.com/p/DKmpw8VTpLp/,2025-11-16T03:20:21Z
4,вчера,12,"Вчера не мог собраться с силами, чтобы что-то написать ...",https://www.facebook.com/vladimir.karamurza.5/posts/%D0%B2%D1%87%D0%B5%D1%80%D0%B0-%D0%BD%D0%B5-%D0%BC%D0%BE%D0%B3-%D1%81%D0%BE%D0%B1%D1%80%D0%B0%D1%82%D1%8C%D1%81%D1%8F-%D1%81-%D1%81%D0%B8%D0%BB%D0%B0%D0%BC%D0%B8-%D1%87%D1%82%D0%BE%D0%B1%D1%8B-%D1%87%D1%82%D0%BE-%D1%82%D0%BE-%D0%BD%D0%B0%D0%BF%D0%B8%D1%81%D0%B0%D1%82%D1%8C-%D1%81%D0%B5%D1%80%D0%B4%D1%86%D0%B5-%D0%B7%D0%B0%D0%BA%D0%BE%D0%BB%D0%BE%D1%82%D0%B8%D0%BB%D0%BE%D1%81%D1%8C-%D0%BA%D0%B0%D0%BA-%D1%82%D0%BE/10172114955400134/,2025-11-16T03:20:21Z
4,вчера,13,Леонид Талочкин «Завтра — см. вчера». Дневники | Музей ...,https://garagemca.org/programs/publishing/leonid-talochkin-diaries,2025-11-16T03:20:21Z
4,вчера,14,"Криминалистика: вчера, сегодня, завтра ВСИ МВД России ...",https://kvsz.ru/,2025-11-16T03:20:21Z
4,вчера,15,"Вчера наступило внезапно, Винни-Пух или Прощай, Битлз//А.Милн",https://www.okolo.ru/shows/yesterday/,2025-11-16T03:20:21Z
4,вчера,16,Вчера. Сегодня. Навсегда. Все Серии. Мелодрама. Лучшие ...,https://www.youtube.com/playlist?list=PLhuA9d7RIOda9wJPII-pmcjveDhfxahdq,2025-11-16T03:20:21Z
4,вчера,17,Рождённая вчера (фильм) — Википедия,https://ru.wikipedia.org/wiki/%D0%A0%D0%BE%D0%B6%D0%B4%D1%91%D0%BD%D0%BD%D0%B0%D1%8F_%D0%B2%D1%87%D0%B5%D1%80%D0%B0_(%D1%84%D0%B8%D0%BB%D1%8C%D0%BC),2025-11-16T03:20:21Z
4,вчера,18,вчера - Перевод на английский - примеры русский | Reverso ...,https://context.reverso.net/%D0%BF%D0%B5%D1%80%D0%B5%D0%B2%D0%BE%D0%B4/%D1%80%D1%83%D1%81%D1%81%D0%BA%D0%B8%D0%B9-%D0%B0%D0%BD%D0%B3%D0%BB%D0%B8%D0%B9%D1%81%D0%BA%D0%B8%D0%B9/%D0%B2%D1%87%D0%B5%D1%80%D0%B0,2025-11-16T03:20:21Z
4,вчера,19,XXVI Международный зерновой раунд «Рынок зерна - вчера ...,http://grun.ru/events/detail.php?SECTION_ID=25&ID=11908,2025-11-16T03:20:21Z
4,вчера,20,Международная научная конференция «Гуманитарные науки в ...,https://sutd.ru/nauka/conferences/gumanitarnye-nauki-v-sovremennom-vuze-vchera-segodnya-zavtra/,2025-11-16T03:20:21Z
5,валентин,1,Валентин — Википедия,https://ru.wikipedia.org/wiki/%D0%92%D0%B0%D0%BB%D0%B5%D0%BD%D1%82%D0%B8%D0%BD,2025-11-16T03:20:26Z
5,валентин,2,Валентин Стрыкало - Развлечение (2016) Ссылка в описании ...,https://www.instagram.com/p/BLh7jKUD_Nu/?hl=en,2025-11-16T03:20:26Z
5,валентин,3,900+ СВЕТИ ВАЛЕНТИН ideas to save today | valentine crafts ...,https://www.pinterest.com/ndakova/%D1%81%D0%B2%D0%B5%D1%82%D0%B8-%D0%B2%D0%B0%D0%BB%D0%B5%D0%BD%D1%82%D0%B8%D0%BD/,2025-11-16T03:20:26Z
5,валентин,4,Валентин Куба (@valentin_kuba) • Instagram photos and videos,https://www.instagram.com/valentin_kuba/?hl=en,2025-11-16T03:20:26Z
5,валентин,5,Татарицкий Валентин Болеславович,https://eec.eaeunion.org/comission/member/tataritskiy-valentin-boleslavovich/,2025-11-16T03:20:26Z
5,валентин,6,Валентин Фокин | ВКонтакте,https://vk.com/beatwell,2025-11-16T03:20:26Z
5,валентин,7,Валентин Сидоров - YouTube,https://www.youtube.com/channel/UCt3Btcf3yPl8zBEcf0a_E3w,2025-11-16T03:20:26Z
5,валентин,8,Иванов Валентин Олегович | Министерство транспорта ...,https://mintrans.gov.ru/ministry/structure/ivanov-valentin-olegovich,2025-11-16T03:20:26Z
5,валентин,9,‪Valentin Romanovski (Романовский Валентин)‬ - ‪Академия Google‬,https://scholar.google.com/citations?user=ZDd74lsAAAAJ&hl=ru,2025-11-16T03:20:26Z
5,валентин,10,"Валентин и Валентина - Театр имени Ленсовета, Санкт-Петербург",https://lensov-theatre.spb.ru/repertoire/malaya-scena/valentin-i-valentina2/,2025-11-16T03:20:26Z
5,валентин,11,Валентин Wind Forecast: wind speed & gusts — Windy.app,https://windy.app/forecast2/spot/612815/%D0%92%D0%B0%D0%BB%D0%B5%D0%BD%D1%82%D0%B8%D0%BD,2025-11-16T03:20:26Z
5,валентин,12,"Теория ремейка ""Мой кровавый Валентин"" 2009 года : r/horror",https://www.reddit.com/r/horror/comments/qg18kg/my_bloody_valentine_2009_remake_theory/?tl=ru,2025-11-16T03:20:26Z
5,валентин,13,Пугач Валентин Николаевич,https://www.vyatsu.ru/contacts/15,2025-11-16T03:20:26Z
5,валентин,14,Синий валентин - кто не прав? [Возможны спойлеры в описании ...,https://www.reddit.com/r/movies/comments/2pfmdu/blue_valentine_who_is_in_the_wrong_possible/?tl=ru,2025-11-16T03:20:26Z
5,валентин,15,Енокаев Валентин Кемилевич - Официальный сайт ...,https://www.gov.spb.ru/gov/otrasl/c_transport/svedenija-o-rukovoditeljah/enokaev-valentin-kemilevich/,2025-11-16T03:20:26Z
5,валентин,16,"Валентин Сидоров в Пензе, афиша и билеты",https://pnz.kassir.ru/shou/valentin-sidorov-7,2025-11-16T03:20:26Z
5,валентин,17,Валентин Сидоров: Standup | билеты на концерты в ...,https://ptz.kassir.ru/koncert/valentin-sidorov-standup,2025-11-16T03:20:26Z
5,валентин,18,"Валентин Сидоров в Ульяновске, афиша и билеты",https://ulyanovsk.kassir.ru/shou/valentin-sidorov-11,2025-11-16T03:20:26Z
5,валентин,19,Демидов Валентин Валентинович,https://beladm.gosuslugi.ru/persony/persony-2397_81.html,2025-11-16T03:20:26Z
5,валентин,20,Валентин и Валентина | Театр юного зрителя,https://tuz-xa.ru/repertoire/valentin-i-valentina,2025-11-16T03:20:26Z
6,ЛГБТ,1,ЛГБТ — Википедия,https://ru.wikipedia.org/wiki/%D0%9B%D0%93%D0%91%D0%A2,2025-11-16T03:20:30Z
6,ЛГБТ,2,Почему так много ЛГБТ персонажей? : r/Sandman,https://www.reddit.com/r/Sandman/comments/wkopf4/why_are_there_so_much_lgbt_characters/?tl=ru,2025-11-16T03:20:30Z
6,ЛГБТ,3,Гепатит C и здоровье ЛГБТК+,https://doh.wa.gov/sites/default/files/2025-07/150-204-HepC-LGBTQProvider-Russian.pdf,2025-11-16T03:20:30Z
6,ЛГБТ,4,"Почему столько людей думают, что «Лука» про ЛГБТ? : r/Pixar",https://www.reddit.com/r/Pixar/comments/oh1vt2/why_are_so_many_people_thinking_luca_is_about/?tl=ru,2025-11-16T03:20:30Z
6,ЛГБТ,5,Парламент Казахстана проголосовал за запрет «пропаганды ...,https://www.bbc.com/russian/articles/cr7mxd750gzo,2025-11-16T03:20:30Z
6,ЛГБТ,6,The Kremlin and the Russian Orthodox Church: A Dangerous Alliance,https://intersections.ssrc.org/?post_type=ramp_article&p=2023,2025-11-16T03:20:30Z
6,ЛГБТ,7,Жить с гордостью понимаем права ЛГБТК,https://www.nyc.gov/assets/cchr/downloads/pdf/publications/RU_LGBTQ_Brochure.pdf,2025-11-16T03:20:30Z
6,ЛГБТ,8,LGBTQ people - Wikipedia,https://en.wikipedia.org/wiki/LGBTQ_people,2025-11-16T03:20:30Z
6,ЛГБТ,9,"Жизнь ЛГБТ-людей в Туркменистане, самой закрытой стране ...",https://tgeu.org/ru/the-lives-of-lgbt-people-in-turkmenistan-the-most-closed-off-country-in-eastern-europe-and-central-asia/,2025-11-16T03:20:30Z
6,ЛГБТ,10,Общественные услуги ЛГБТ | Услуги | Город Филадельфия,https://www.phila.gov/ru/services/diversity-inclusion-accessibility-immigration/lgbt-community-services/,2025-11-16T03:20:30Z
6,ЛГБТ,11,Військові ЛГБТ+ 🏳️‍ ⚔️ (@lgbtiqmilitary) • Instagram photos ...,https://www.instagram.com/lgbtiqmilitary/?hl=en,2025-11-16T03:20:30Z
6,ЛГБТ,12,Офис по делам ЛГБТ | Домашняя страница | Город Филадельфия,https://www.phila.gov/ru/departments/office-of-lgbt-affairs/,2025-11-16T03:20:30Z
6,ЛГБТ,13,Политическое убежище США для ЛГБТ представителей,https://kolyadalaw.com/politicheskoe-ubezhishhe-ssha-dlya-lgbt/,2025-11-16T03:20:30Z
6,ЛГБТ,14,Преступления на почве ненависти против ЛГБТ в России [Hate ...,https://www.ssrn.com/abstract=3084887,2025-11-16T03:20:30Z
6,ЛГБТ,15,Los Angeles LGBT Center - A Safe Welcoming Space for LGBTQ+,https://lalgbtcenter.org/,2025-11-16T03:20:30Z
6,ЛГБТ,16,Пропаганда ЛГБТ запрещена законом! - УПОЛНОМОЧЕННЫЙ ...,https://deti.gov.ru/Press-Centr/region-news/8661,2025-11-16T03:20:30Z
6,ЛГБТ,17,Гей Даллас: Идеи выходных для ЛГБТ | Visit Dallas,https://www.visitdallas.com/ru/plan/itineraries/lgbtq-weekend/,2025-11-16T03:20:30Z
6,ЛГБТ,18,ЛГБТК+: уход за бесплодием и варианты создания семьи ...,https://www.pinnaclefertility.com/ru/lgbtq-plus/,2025-11-16T03:20:30Z
6,ЛГБТ,19,Эксперты ООН призвали РФ положить конец ...,https://news.un.org/ru/story/2023/12/1447502,2025-11-16T03:20:30Z
6,ЛГБТ,20,Решение гейского вопроса. Почему ЛГБТ назначили главным ...,https://carnegieendowment.org/russia-eurasia/politika/2025/06/russia-new-lgbt-repressions?lang=ru,2025-11-16T03:20:30Z
7,долиной,1,"Долина, Лариса Александровна — Википедия","https://ru.wikipedia.org/wiki/%D0%94%D0%BE%D0%BB%D0%B8%D0%BD%D0%B0,_%D0%9B%D0%B0%D1%80%D0%B8%D1%81%D0%B0_%D0%90%D0%BB%D0%B5%D0%BA%D1%81%D0%B0%D0%BD%D0%B4%D1%80%D0%BE%D0%B2%D0%BD%D0%B0",2025-11-16T03:20:34Z
7,долиной,2,Разница(ы) между Долиной и Оксбоу? : r/MedievalDynasty,https://www.reddit.com/r/MedievalDynasty/comments/1e51n2e/differences_between_valley_ox/?tl=ru,2025-11-16T03:20:34Z
7,долиной,3,Еще раз про «дело Долиной». Только факты,https://zakon.ru/blog/2025/11/10/esche_raz_pro_delo_dolinoj_tolko_fakty,2025-11-16T03:20:34Z
7,долиной,4,Как тебе Оксбоу по сравнению с Долиной? : r/MedievalDynasty,https://www.reddit.com/r/MedievalDynasty/comments/18yr4kp/how_do_you_feel_the_oxbow_compares_to_the_valley/?tl=ru,2025-11-16T03:20:34Z
7,долиной,5,Лариса Долина (@larisa.dolina.official) • Instagram photos and videos,https://www.instagram.com/larisa.dolina.official/?hl=en,2025-11-16T03:20:34Z
7,долиной,6,Музыкальная Академия Ларисы Долиной: Проект Muscult,https://muscult.ru/,2025-11-16T03:20:34Z
7,долиной,7,Концерт Вероники Долиной в саду Дома с маяком. Вероника ...,https://www.facebook.com/lida.moniava/posts/%D0%BA%D0%BE%D0%BD%D1%86%D0%B5%D1%80%D1%82-%D0%B2%D0%B5%D1%80%D0%BE%D0%BD%D0%B8%D0%BA%D0%B8-%D0%B4%D0%BE%D0%BB%D0%B8%D0%BD%D0%BE%D0%B9-%D0%B2-%D1%81%D0%B0%D0%B4%D1%83-%D0%B4%D0%BE%D0%BC%D0%B0-%D1%81-%D0%BC%D0%B0%D1%8F%D0%BA%D0%BE%D0%BC%D0%B2%D0%B5%D1%80%D0%BE%D0%BD%D0%B8%D0%BA%D0%B0-%D0%B4%D0%BE%D0%BB%D0%B8%D0%BD%D0%B0-%D1%81%D0%BF%D0%B0%D1%81%D0%B8%D0%B1%D0%BE-/24592095890415518/,2025-11-16T03:20:34Z
7,долиной,8,Юбилейный концерт Ларисы Долиной в Кремле 10.09.2025 ...,https://www.instagram.com/p/DOguTtdjEug/?hl=en,2025-11-16T03:20:34Z
7,долиной,9,Студенты Музыкальной академии Ларисы Долиной 2022 ...,https://vk.com/@muscultru-studenty-muzykalnoi-akademii-larisy-dolinoi,2025-11-16T03:20:34Z
7,долиной,10,проект Muscult - Музыкальная академия Ларисы Долиной,https://muscult.ru/academy,2025-11-16T03:20:34Z
7,долиной,11,«В Москве официально открылась музыкальная академия ...,https://xn--80aeeqaabljrdbg6a3ahhcl4ay9hsa.xn--p1ai/news/1847,2025-11-16T03:20:34Z
7,долиной,12,Концерт Ларисы Долиной - купить билет в КЗЦ «Миллениум ...,https://xn--g1afr0a5b.xn--p1ai/afisha/kontsert-larisy-dolinoy/,2025-11-16T03:20:34Z
7,долиной,13,Лариса Долина | билеты на концерты в Воронеже 2025 | KASSIR ...,https://vrn.kassir.ru/koncert/larisa-dolina-5,2025-11-16T03:20:34Z
7,долиной,14,«Лариса Долина. В кругу друзей» | Государственный ...,https://kremlinpalace.org/events/larisa-dolina-v-krugu-druzey,2025-11-16T03:20:34Z
7,долиной,15,Лариса Долина | билеты на концерты в Ростове-на-Дону 2025 ...,https://rnd.kassir.ru/koncert/larisa-dolina,2025-11-16T03:20:34Z
7,долиной,16,Радио Долин - YouTube,https://www.youtube.com/@radiodolin,2025-11-16T03:20:34Z
7,долиной,17,Российский рынок недвижимости накрыл «эффект Ларисы ...,https://tvknews.ru/publications/news/87949/,2025-11-16T03:20:34Z
7,долиной,18,Пять комнат с колоннами: какую недвижимость потеряла Лариса ...,https://xn--b1agapfwapgcl.xn--p1ai/pjat-komnat-s-kolonnami-kakuju-nedvizhimost-poterjala-larisa-dolina-i-chto-u-nee-ostalos/,2025-11-16T03:20:34Z
7,долиной,19,Горнолыжный курорт «Золотая Долина» в Коробицыно ...,https://zoldol.ru/,2025-11-16T03:20:34Z
7,долиной,20,"Купить билеты на Лариса Долина во Владивостоке, 29 ноября ...",https://www.vl.ru/afisha/vladivostok/event/227658,2025-11-16T03:20:34Z
8,#xikers,1,xikers Members Profile (Updated!) - Kpop Profiles,https://kprofiles.com/xikers-members-profile/,2025-11-16T03:20:38Z
8,#xikers,2,Xikers's debut song sounded a bit too much like an Ateez song. : r ...,https://www.reddit.com/r/unpopularkpopopinions/comments/1292myq/xikerss_debut_song_sounded_a_bit_too_much_like_an/,2025-11-16T03:20:38Z
8,#xikers,3,xikers(싸이커스) (@xikers_official) • Instagram photos and videos,https://www.instagram.com/xikers_official/?hl=en,2025-11-16T03:20:38Z
8,#xikers,4,Ateez & Xikers aren't the same : r/ATEEZ,https://www.reddit.com/r/ATEEZ/comments/16kc8tk/ateez_xikers_arent_the_same/,2025-11-16T03:20:38Z
8,#xikers,5,[ ] xikers' reaction roadY's SUPERPOWER challenge https://bit.ly ...,https://www.facebook.com/xikersKQ/posts/-xikers-reaction-road%F0%9D%93%A8s-superpower-challenge-httpsbitly4nvdwjmxikers-roadysuperp/800670952961877/,2025-11-16T03:20:38Z
8,#xikers,6,Xikers - Wikipedia,https://en.wikipedia.org/wiki/Xikers,2025-11-16T03:20:38Z
8,#xikers,7,[ ] xikers' reaction roadY's SUPERPOWER challenge https://bit.ly ...,https://www.facebook.com/xikersKQ/posts/-xikers-reaction-road%F0%9D%93%A8s-superpower-challenge-httpsbitly43ncvvwxikers-roadysuperp/796061070089532/,2025-11-16T03:20:38Z
8,#xikers,8,xikers | Spotify,https://open.spotify.com/artist/6QHP8St0MzfNDqjKpwtMht,2025-11-16T03:20:38Z
8,#xikers,9,Xikers' Full Storyline Explained - BONUS 1: TRICKY – @atiny-for-life ...,https://www.tumblr.com/atiny-for-life/741449989540265984/xikers-full-storyline-explained-bonus-1-tricky,2025-11-16T03:20:38Z
8,#xikers,10,Song Review: xikers – Bittersweet | The Bias List // K-Pop Reviews ...,https://thebiaslist.com/2024/09/12/buried-treasure-xikers-bittersweet/,2025-11-16T03:20:38Z
8,#xikers,11,Hi BOYNEXTDOOR and xikers — The Kraze,https://thekrazemag.com/latest-updates/2023/11/13/hi-boynextdoor-and-xikers,2025-11-16T03:20:38Z
8,#xikers,12,Song Review: xikers – Witch | The Bias List // K-Pop Reviews ...,https://thebiaslist.com/2024/09/05/song-review-xikers-witch/,2025-11-16T03:20:38Z
8,#xikers,13,[Review] TRICKY HOUSE – xikers – KPOPREVIEWED,https://kpopreviewed.com/2023/05/15/tricky-house-xikers/,2025-11-16T03:20:38Z
8,#xikers,14,Song Review: xikers – Up All Night | The Bias List // K-Pop Reviews ...,https://thebiaslist.com/2025/07/16/song-review-xikers-up-all-night/,2025-11-16T03:20:38Z
8,#xikers,15,[Album Review] House of Tricky: Trial and Error (3rd Mini Album ...,https://kpopreviewed.com/2024/08/19/album-house-of-tricky-trial-and-error-xikers/,2025-11-16T03:20:38Z
8,#xikers,16,Song Review: Xikers – Homeboy | The Bias List // K-Pop Reviews ...,https://thebiaslist.com/2023/08/23/song-review-xikers-homeboy/,2025-11-16T03:20:38Z
8,#xikers,17,xikers(싸이커스) OFFICIAL PLATFORM,https://xikers.kr/,2025-11-16T03:20:38Z
8,#xikers,18,KQ ENT. (Ateez & Xikers) - GRAMMY Museum,https://grammymuseum.org/exhibit/ateez-xikers/,2025-11-16T03:20:38Z
8,#xikers,19,xikers(싸이커스) (@xikers_official) / Posts / X,https://x.com/xikers_official,2025-11-16T03:20:38Z
8,#xikers,20,Xikers Carve Their Own Path in Busy Boy Group Landscape,https://kpopweeklypod.substack.com/p/xikers-carve-their-own-path-in-busy,2025-11-16T03:20:38Z
9,испании,1,Испания — Википедия,https://ru.wikipedia.org/wiki/%D0%98%D1%81%D0%BF%D0%B0%D0%BD%D0%B8%D1%8F,2025-11-16T03:20:43Z
9,испании,2,Spain - Wikipedia,https://en.wikipedia.org/wiki/Spain,2025-11-16T03:20:43Z
9,испании,3,Какая зарплата считается нормальной в Испании? : r/foradecasa,https://www.reddit.com/r/foradecasa/comments/1kaucc9/quanto_%C3%A9_um_sal%C3%A1rio_ok_na_espanha/?tl=ru,2025-11-16T03:20:43Z
9,испании,4,Russia,http://www.blsspainrussia.ru/,2025-11-16T03:20:43Z
9,испании,5,Лучший город на севере Испании? : r/digitalnomad,https://www.reddit.com/r/digitalnomad/comments/1hzjsfr/best_city_in_northern_spain/?tl=ru,2025-11-16T03:20:43Z
9,испании,6,"Коллекция Площадь Испании, керамическая плитка КЕРАМА ...",https://shop.kerama-marazzi.ru/catalog/keramicheskaya-plitka-kerama-marazzi-ispanskaya-fiesta-ploshhad-ispanii/,2025-11-16T03:20:43Z
9,испании,7,Spain Visa Application Centre in Moscow - LLC BLS International RU,https://blsspainrussia.ru/moscow/,2025-11-16T03:20:43Z
9,испании,8,Что купить в Испании в аптеке #испанскаяаптека Давно хотела ...,https://www.instagram.com/p/B7VWl2SHQFN/,2025-11-16T03:20:43Z
9,испании,9,Испания: в каких городах работает платформа | Uber,https://www.uber.com/global/ru/r/spain/cities/,2025-11-16T03:20:43Z
9,испании,10,Посольства России в Испании,http://spain.mid.ru/,2025-11-16T03:20:43Z
9,испании,11,Генеральное Консульство Испании в Москве,https://www.exteriores.gob.es/Consulados/moscu/ru/Paginas/index.aspx,2025-11-16T03:20:43Z
9,испании,12,Добро пожаловать на официальный сайт визы в Испанию в ...,https://kz.blsspainvisa.com/russian/,2025-11-16T03:20:43Z
9,испании,13,Banco de España,https://www.bde.es/wbe/en/,2025-11-16T03:20:43Z
9,испании,14,"Renfe | Train tickets AVE, Avlo Low Cost (with No Booking Fees)",https://www.renfe.com/es/en,2025-11-16T03:20:43Z
9,испании,15,Генеральное консульство России в Барселоне,http://barcelona.mid.ru/,2025-11-16T03:20:43Z
9,испании,16,Untitled,https://pushkinmuseum.art/events/archive/2023/exhibitions/spanish/index.php,2025-11-16T03:20:43Z
9,испании,17,ВМО: к разрушительным наводнениям в Испании причастно ...,https://news.un.org/ru/story/2024/11/1457941,2025-11-16T03:20:43Z
9,испании,18,Испания - Посольства - mfa.am,https://www.mfa.am/ru/embassies/es,2025-11-16T03:20:43Z
9,испании,19,Добро пожаловать на официальный сайт визы в Испанию в ...,https://uzbek.blsspainvisa.com/russian/,2025-11-16T03:20:43Z
9,испании,20,Лесные пожары в Испании и Португалии: худшее лето в истории ...,https://www.bbc.com/russian/articles/c3ezqd1yl3lo,2025-11-16T03:20:43Z
10,поддерживаю,1,поддерживать — Викисловарь,https://ru.wiktionary.org/wiki/%D0%BF%D0%BE%D0%B4%D0%B4%D0%B5%D1%80%D0%B6%D0%B8%D0%B2%D0%B0%D1%82%D1%8C,2025-11-16T03:20:47Z
10,поддерживаю,2,"Что значит ""Я полностью поддерживаю это заявление""? : r ...",https://www.reddit.com/r/EnglishLearning/comments/117j36k/what_does_im_100_behind_that_statement_mean/?tl=ru,2025-11-16T03:20:47Z
10,поддерживаю,3,"поддерживать - Wiktionary, the free dictionary",https://en.wiktionary.org/wiki/%D0%BF%D0%BE%D0%B4%D0%B4%D0%B5%D1%80%D0%B6%D0%B8%D0%B2%D0%B0%D1%82%D1%8C,2025-11-16T03:20:47Z
10,поддерживаю,4,"""Я не поддерживаю, но уважаю"" — что думаешь, когда люди так ...",https://www.reddit.com/r/lgbt/comments/1fellbb/i_dont_support_but_i_respect_thoughts_when_people/?tl=ru,2025-11-16T03:20:47Z
10,поддерживаю,5,Поддерживаю.РФ,https://xn--80adfafgo7bio2n.xn--p1ai/,2025-11-16T03:20:47Z
10,поддерживаю,6,Предоставляйте поддерживающие услуги на дому (IHSS) | sfhsa ...,https://www.sfhsa.org/ru/services/disability-aging/home-care/home-supportive-services-ihss/provide-home-supportive-services-ihss,2025-11-16T03:20:47Z
10,поддерживаю,7,полностью поддерживаю - Перевод на английский - примеры ...,https://context.reverso.net/%D0%BF%D0%B5%D1%80%D0%B5%D0%B2%D0%BE%D0%B4/%D1%80%D1%83%D1%81%D1%81%D0%BA%D0%B8%D0%B9-%D0%B0%D0%BD%D0%B3%D0%BB%D0%B8%D0%B9%D1%81%D0%BA%D0%B8%D0%B9/%D0%BF%D0%BE%D0%BB%D0%BD%D0%BE%D1%81%D1%82%D1%8C%D1%8E+%D0%BF%D0%BE%D0%B4%D0%B4%D0%B5%D1%80%D0%B6%D0%B8%D0%B2%D0%B0%D1%8E,2025-11-16T03:20:47Z
10,поддерживаю,8,Вспомогательные услуги на дому (In-Home Supportive Services ...,https://www.sfhsa.org/ru/services/disability-aging/home-care/home-supportive-services-ihss,2025-11-16T03:20:47Z
10,поддерживаю,9,Я полностью поддерживаю решение Президента. Это по ...,https://vk.com/wall537777114_378695,2025-11-16T03:20:47Z
10,поддерживаю,10,поддерживаю - Перевод на английский - примеры русский ...,https://context.reverso.net/%D0%BF%D0%B5%D1%80%D0%B5%D0%B2%D0%BE%D0%B4/%D1%80%D1%83%D1%81%D1%81%D0%BA%D0%B8%D0%B9-%D0%B0%D0%BD%D0%B3%D0%BB%D0%B8%D0%B9%D1%81%D0%BA%D0%B8%D0%B9/%D0%BF%D0%BE%D0%B4%D0%B4%D0%B5%D1%80%D0%B6%D0%B8%D0%B2%D0%B0%D1%8E,2025-11-16T03:20:47Z
10,поддерживаю,11,"Я поддерживаю интерес к футболу у детей тем, что даю ...",https://www.facebook.com/valeri.nikolaenko.9/posts/%D1%81%D0%BE%D0%B2%D0%B5%D1%82%D1%8B-%D1%82%D1%80%D0%B5%D0%BD%D0%B5%D1%80%D0%B0-%D0%BF%D0%BE%D0%B4%D0%B4%D0%B5%D1%80%D0%B6%D0%B8%D0%B2%D0%B0%D0%B5%D0%BC-%D0%B8%D0%BD%D1%82%D0%B5%D1%80%D0%B5%D1%81-%D1%80%D0%B5%D0%B1%D0%B5%D0%BD%D0%BA%D0%B0-%D0%BA-%D1%84%D1%83%D1%82%D0%B1%D0%BE%D0%BB%D1%83%D0%B8%D0%BD%D1%82%D0%B5%D1%80%D0%B5%D1%81-%D0%BA-%D1%84%D1%83%D1%82%D0%B1%D0%BE%D0%BB%D1%83%D1%8F-%D0%BF%D0%BE%D0%B4%D0%B4%D0%B5%D1%80%D0%B6%D0%B8/1095859950589710/,2025-11-16T03:20:47Z
10,поддерживаю,12,Как правильно пишется Поддержу или Поддерживаю ...,https://otvet.mail.ru/question/238229342,2025-11-16T03:20:47Z
10,поддерживаю,13,"Требования к процессору Windows 11, поддерживаемые ...",https://learn.microsoft.com/ru-ru/windows-hardware/design/minimum/supported/windows-11-supported-intel-processors,2025-11-16T03:20:47Z
10,поддерживаю,14,Андрей Макаревич: «Я действительно поддерживаю Путина и ...,https://www.svoboda.org/a/437893.html,2025-11-16T03:20:47Z
10,поддерживаю,15,Синонимы к слову «поддерживаю» (141+ слов),https://sinonim.org/s/%D0%BF%D0%BE%D0%B4%D0%B4%D0%B5%D1%80%D0%B6%D0%B8%D0%B2%D0%B0%D1%8E,2025-11-16T03:20:47Z
10,поддерживаю,16,Как Поддерживать Форму: Эффективные Методы и Советы ...,https://tigiguilford.edu/kak-podderzhivat-formu-effektivnye-metody-i-sovety/,2025-11-16T03:20:47Z
10,поддерживаю,17,Как правильно пишится потдерживаю или поддерживаю ...,https://otvet.mail.ru/question/61652030,2025-11-16T03:20:47Z
10,поддерживаю,18,Ключи поддерживающие — Элементы СВЧ-тракта — Микран,https://www.micran.ru/productions/IIS/accessory/equipment/P_calibrate/,2025-11-16T03:20:47Z
10,поддерживаю,19,"Опрос показывает, что американцы поддерживают независимые ...",https://www.commoncause.org/pennsylvania/ru/%D0%BD%D0%B0%D0%B6%D0%B8%D0%BC%D0%B0%D1%82%D1%8C/%D0%BE%D0%BF%D1%80%D0%BE%D1%81-%D0%BF%D0%BE%D0%BA%D0%B0%D0%B7%D1%8B%D0%B2%D0%B0%D0%B5%D1%82-%D1%87%D1%82%D0%BE-%D0%B0%D0%BC%D0%B5%D1%80%D0%B8%D0%BA%D0%B0%D0%BD%D1%86%D1%8B-%D0%BF%D0%BE%D0%B4%D0%B4/,2025-11-16T03:20:47Z
10,поддерживаю,20,Я поддерживаю кого-то: Телефон доверия,https://www.hilfetelefon.de/ru/ja-podderzhivaju-kogo-to/,2025-11-16T03:20:47Z
11,Неужели,1,"неужели - Wiktionary, the free dictionary",https://en.wiktionary.org/wiki/%D0%BD%D0%B5%D1%83%D0%B6%D0%B5%D0%BB%D0%B8,2025-11-16T03:20:51Z
11,Неужели,2,неужели — Викисловарь,https://ru.wiktionary.org/wiki/%D0%BD%D0%B5%D1%83%D0%B6%D0%B5%D0%BB%D0%B8,2025-11-16T03:20:51Z
11,Неужели,3,"Неужели невежливо говорить ""конечно"", если тебе что-то ...",https://www.reddit.com/r/grammar/comments/cn7ei1/is_it_rude_to_say_sure_if_some_offers_something/?tl=ru,2025-11-16T03:20:51Z
11,Неужели,4,неужели - Translation into English - examples Russian | Reverso ...,https://context.reverso.net/translation/russian-english/%D0%BD%D0%B5%D1%83%D0%B6%D0%B5%D0%BB%D0%B8,2025-11-16T03:20:51Z
11,Неужели,5,Неужели MS Word не может распознавать два языка ...,https://www.reddit.com/r/Office365/comments/10qmkoo/cant_ms_words_recognize_two_languages_at_the_same/?tl=ru,2025-11-16T03:20:51Z
11,Неужели,6,"Неужели кто-то вспомнил, что мы были… — Википедия","https://ru.wikipedia.org/wiki/%D0%9D%D0%B5%D1%83%D0%B6%D0%B5%D0%BB%D0%B8_%D0%BA%D1%82%D0%BE-%D1%82%D0%BE_%D0%B2%D1%81%D0%BF%D0%BE%D0%BC%D0%BD%D0%B8%D0%BB,_%D1%87%D1%82%D0%BE_%D0%BC%D1%8B_%D0%B1%D1%8B%D0%BB%D0%B8%E2%80%A6",2025-11-16T03:20:51Z
11,Неужели,7,"Неужели команда ""Летучего Голландца"" бессмертна? : r ...",https://www.reddit.com/r/piratesofthecaribbean/comments/v1ed61/are_the_crew_of_the_flying_dutchman_unkillable/?tl=ru,2025-11-16T03:20:51Z
11,Неужели,8,"«Неужели» или «не ужели», «не уже ли»: как правильно пишется ...",https://www.kp.ru/edu/shkola/neuzheli-kak-pishetsya/,2025-11-16T03:20:51Z
11,Неужели,9,Неужели Final Fantasy 7 Remake Part 3 может выйти в 2027 году ...,https://www.reddit.com/r/FinalFantasy/comments/1k2fqcx/is_it_possible_that_final_fantasy_7_remake_part_3/?tl=ru,2025-11-16T03:20:51Z
11,Неужели,10,Неужели всю жизнь надо маяться — Самойлов. Полный текст ...,https://www.culture.ru/poems/25129/neuzheli-vsyu-zhizn-nado-mayatsya,2025-11-16T03:20:51Z
11,Неужели,11,неужели - Translation into English - examples Russian | Reverso ...,https://context.reverso.net/translation/russian-english/%D0%BD%D0%B5%D1%83%D0%B6%D0%B5%D0%BB%D0%B8,2025-11-16T03:20:51Z
11,Неужели,12,Неужели в горах не может быть серебра? : r/valheim,https://www.reddit.com/r/valheim/comments/v04y6y/can_there_be_no_silver_in_mountains/?tl=ru,2025-11-16T03:20:51Z
11,Неужели,13,"Неужели кто-то вспомнил, что мы были… — Википедия","https://ru.wikipedia.org/wiki/%D0%9D%D0%B5%D1%83%D0%B6%D0%B5%D0%BB%D0%B8_%D0%BA%D1%82%D0%BE-%D1%82%D0%BE_%D0%B2%D1%81%D0%BF%D0%BE%D0%BC%D0%BD%D0%B8%D0%BB,_%D1%87%D1%82%D0%BE_%D0%BC%D1%8B_%D0%B1%D1%8B%D0%BB%D0%B8%E2%80%A6",2025-11-16T03:20:51Z
11,Неужели,14,"Неужели больше нельзя получить чистый PDF ""The Swift ...",https://www.reddit.com/r/swift/comments/192tvaf/no_way_to_get_a_clean_the_swift_programming/?tl=ru,2025-11-16T03:20:51Z
11,Неужели,15,"«Неужели» или «не ужели», «не уже ли»: как правильно пишется ...",https://www.kp.ru/edu/shkola/neuzheli-kak-pishetsya/,2025-11-16T03:20:51Z
11,Неужели,16,"Неужели Ньютон на самом деле ""открыл"" концепцию гравитации ...",https://www.reddit.com/r/AskHistorians/comments/1irsd4i/did_newton_really_discover_the_concept_of_gravity/?tl=ru,2025-11-16T03:20:51Z
11,Неужели,17,Неужели всю жизнь надо маяться — Самойлов. Полный текст ...,https://www.culture.ru/poems/25129/neuzheli-vsyu-zhizn-nado-mayatsya,2025-11-16T03:20:51Z
11,Неужели,18,"Неужели между теми, кто вяжет спицами, и теми, кто вяжет ...",https://www.reddit.com/r/knitting/comments/g8wzkg/is_there_really_animosity_between_knitters_and/?tl=ru,2025-11-16T03:20:51Z
11,Неужели,19,Неужели не я | Хабаровский краевой театр драмы,https://habdrama.ru/spectacle/neuzheli-ne-ya/,2025-11-16T03:20:51Z
11,Неужели,20,Неужели Всемогущий действительно родился без причуды? : r ...,https://www.reddit.com/r/BokuNoHeroAcademia/comments/qbkyhb/was_all_might_really_born_quirkless/?tl=ru,2025-11-16T03:20:51Z
12,Telegram,1,Telegram Messenger,https://telegram.org/,2025-11-16T03:20:56Z
12,Telegram,2,Telegram Web,https://web.telegram.org/,2025-11-16T03:20:56Z
12,Telegram,3,‎Telegram Messenger App - App Store,https://apps.apple.com/us/app/telegram-messenger/id686449807,2025-11-16T03:20:56Z
12,Telegram,4,Telegram - Apps on Google Play,https://play.google.com/store/apps/details?id=org.telegram.messenger&hl=en_US,2025-11-16T03:20:56Z
12,Telegram,5,"Worcester Telegram : Local News, Politics & Sports in Worcester, MA",https://www.telegram.com/,2025-11-16T03:20:56Z
12,Telegram,6,Telegram (software) - Wikipedia,https://en.wikipedia.org/wiki/Telegram_(software),2025-11-16T03:20:56Z
12,Telegram,7,My Telegram,https://my.telegram.org/,2025-11-16T03:20:56Z
12,Telegram,8,Telegram for macOS,https://macos.telegram.org/,2025-11-16T03:20:56Z
12,Telegram,9,Telegram to Return $1.2 Billion to Investors and Pay ... - SEC.gov,https://www.sec.gov/newsroom/press-releases/2020-146,2025-11-16T03:20:56Z
12,Telegram,10,Telegram (disambiguation) - Wikipedia,https://en.wikipedia.org/wiki/Telegram_(disambiguation),2025-11-16T03:20:56Z
12,Telegram,11,The Zimmermann Telegram | National Archives,https://www.archives.gov/education/lessons/zimmermann,2025-11-16T03:20:56Z
12,Telegram,12,Telegram Desktop,https://desktop.telegram.org/,2025-11-16T03:20:56Z
12,Telegram,13,telegramdesktop/tdesktop: Telegram Desktop messaging app - GitHub,https://github.com/telegramdesktop/tdesktop,2025-11-16T03:20:56Z
12,Telegram,14,"Pavel Durov: Telegram, Freedom, Censorship, Money, Power ...",https://www.youtube.com/watch?v=qjPH9njnaVU&vl=en,2025-11-16T03:20:56Z
12,Telegram,15,Is Telegram really an encrypted messaging app? – A Few Thoughts ...,https://blog.cryptographyengineering.com/2024/08/25/telegram-is-not-really-an-encrypted-messaging-app/,2025-11-16T03:20:56Z
12,Telegram,16,View @ipotekabankofficial - Telegram,https://t.me/ipotekabankofficial,2025-11-16T03:20:56Z
12,Telegram,17,Fort Worth Star-Telegram: Fort Worth Breaking News & Sports,https://www.star-telegram.com/,2025-11-16T03:20:56Z
12,Telegram,18,Telegram Desktop - Free download and install on Windows ...,https://apps.microsoft.com/detail/9nztwsqntd0s?hl=en-US&gl=US,2025-11-16T03:20:56Z
12,Telegram,19,Zimmermann Telegram | National WWI Museum and Memorial,https://www.theworldwar.org/learn/about-wwi/zimmermann-telegram,2025-11-16T03:20:56Z
12,Telegram,20,Telegram Founder Pavel Durov Speaks Out for the First Time Since ...,https://www.youtube.com/watch?v=bxFQvOyTolg,2025-11-16T03:20:56Z
13,В Питере,1,Ленинград — В Питере - пить,https://www.youtube.com/watch?v=1ugivNRYfjc,2025-11-16T03:21:00Z
13,В Питере,2,Почему в Питере такое необычное солнце? : r/SPb,https://www.reddit.com/r/SPb/comments/1ckools/%D0%BF%D0%BE%D1%87%D0%B5%D0%BC%D1%83_%D0%B2_%D0%BF%D0%B8%D1%82%D0%B5%D1%80%D0%B5_%D1%82%D0%B0%D0%BA%D0%BE%D0%B5_%D0%BD%D0%B5%D0%BE%D0%B1%D1%8B%D1%87%D0%BD%D0%BE%D0%B5_%D1%81%D0%BE%D0%BB%D0%BD%D1%86%D0%B5/,2025-11-16T03:21:00Z
13,В Питере,3,Ленинград — В Питере пить - YouTube,https://www.youtube.com/watch?v=daFskWZZMgQ,2025-11-16T03:21:00Z
13,В Питере,4,"Это я в Питере была ‍♀️ Сейчас уже поняла, что пора ...",https://www.instagram.com/p/C89JEH9qrxD/,2025-11-16T03:21:00Z
13,В Питере,5,Ленинград - В Питере - Пить (LIVE @ Авторадио) - YouTube,https://www.youtube.com/watch?v=ccVUfbsFAco,2025-11-16T03:21:00Z
13,В Питере,6,МК в Питере: Новости Санкт-Петербурга и Ленинградской области,https://spb.mk.ru/,2025-11-16T03:21:00Z
13,В Питере,7,В ПИТЕРЕ — LAW,https://vpiterelaw.ru/,2025-11-16T03:21:00Z
13,В Питере,8,«Колеса в Питере» - интернет-магазин по продаже шин ...,https://www.kolesa-v-pitere.ru/,2025-11-16T03:21:00Z
13,В Питере,9,Stream в питере пью водку by uglybirthday | Listen online for free ...,https://soundcloud.com/justin-folie-920127664/v-pitere-pyu-vodku,2025-11-16T03:21:00Z
13,В Питере,10,Где Лучше Остановиться и Снять Жилье в Питере НЕДОРОГО в ...,https://venividi.ru/editors/gde-ostanovitsja-v-pitere/,2025-11-16T03:21:00Z
13,В Питере,11,Генеральное консульство Японии в Санкт-Петербурге,https://www.st-petersburg.ru.emb-japan.go.jp/,2025-11-16T03:21:00Z
13,В Питере,12,Ёбидоёби - Доставка суши и роллов в Санкт-Петербурге,https://spb.yobidoyobi.ru/,2025-11-16T03:21:00Z
13,В Питере,13,Океанариум в Санкт-Петербурге,https://xn--80aanogqeex5a.xn--p1ai/,2025-11-16T03:21:00Z
13,В Питере,14,В Питере — пить — Википедия,https://ru.wikipedia.org/wiki/%D0%92_%D0%9F%D0%B8%D1%82%D0%B5%D1%80%D0%B5_%E2%80%94_%D0%BF%D0%B8%D1%82%D1%8C,2025-11-16T03:21:00Z
13,В Питере,15,Аэротруба AeroDream - Первая аэротруба в Санкт-Петербурге.,https://aerodream.spb.ru/,2025-11-16T03:21:00Z
13,В Питере,16,Рестораны Евразия,https://evrasia.rest/,2025-11-16T03:21:00Z
13,В Питере,17,Шаверма на Литейном - одно из старейших заведений в Питере,https://nefer.livejournal.com/5498929.html,2025-11-16T03:21:00Z
13,В Питере,18,Экскурсии в Санкт-Петербурге 2025 🏛️ цены от 100 ₽ – цены ...,https://www.sputnik8.com/ru/st-petersburg,2025-11-16T03:21:00Z
13,В Питере,19,Jubilee – 5 AM в Питере (5 AM in St. Petersburg) Lyrics | Genius ...,https://genius.com/Jubilee-5-am-5-am-in-st-petersburg-lyrics,2025-11-16T03:21:00Z
13,В Питере,20,4* Отель в Санкт-Петербурге. Забронировать гостиницу недорого,https://www.hotel-moscow.ru/,2025-11-16T03:21:00Z
14,Apple,1,Apple,https://www.apple.com/,2025-11-16T03:21:04Z
14,Apple,2,Official Apple Support,https://support.apple.com/,2025-11-16T03:21:04Z
14,Apple,3,iPhone - Apple,https://www.apple.com/iphone/,2025-11-16T03:21:04Z
14,Apple,4,Apple Inc. - Wikipedia,https://en.wikipedia.org/wiki/Apple_Inc.,2025-11-16T03:21:04Z
14,Apple,5,Apple Watch - Apple,https://www.apple.com/watch/,2025-11-16T03:21:04Z
14,Apple,6,iCloud,https://www.icloud.com/,2025-11-16T03:21:04Z
14,Apple,7,iPad - Apple,https://www.apple.com/ipad/,2025-11-16T03:21:04Z
14,Apple,8,apple • Instagram photos and videos,https://www.instagram.com/apple/?hl=en,2025-11-16T03:21:04Z
14,Apple,9,iPhone battery and performance - Apple Support,https://support.apple.com/en-us/101575,2025-11-16T03:21:04Z
14,Apple,10,Investor Relations - Apple,https://investor.apple.com/investor-relations/default.aspx,2025-11-16T03:21:04Z
14,Apple,11,Apple Beta,https://beta.apple.com/,2025-11-16T03:21:04Z
14,Apple,12,Apple Business Connect - Marketing Tools for Business Owners,https://businessconnect.apple.com/,2025-11-16T03:21:04Z
14,Apple,13,View Coverage - AppleCare & Warranty,https://checkcoverage.apple.com/,2025-11-16T03:21:04Z
14,Apple,14,Apple - YouTube,https://www.youtube.com/apple,2025-11-16T03:21:04Z
14,Apple,15,Search Jobs - United States - Jobs - Careers at Apple,https://jobs.apple.com/en-us/search?location=united-states-USA,2025-11-16T03:21:04Z
14,Apple,16,Why is the volume low on my Apple Watch S… - Apple Community,https://discussions.apple.com/thread/255798194,2025-11-16T03:21:04Z
14,Apple,17,Apple Authorized Service Providers,https://locate.apple.com/,2025-11-16T03:21:04Z
14,Apple,18,Deregister and Turn Off iMessage - Apple Support,https://selfsolve.apple.com/deregister-imessage/,2025-11-16T03:21:04Z
14,Apple,19,The Tim Ferriss Show - Podcast - Apple Podcasts,https://podcasts.apple.com/us/podcast/the-tim-ferriss-show/id863897795,2025-11-16T03:21:04Z
14,Apple,20,ID in Wallet,https://learn.wallet.apple/id,2025-11-16T03:21:04Z
15,#Ethereum,1,Ethereum - Wikipedia,https://en.wikipedia.org/wiki/Ethereum,2025-11-16T03:21:09Z
15,#Ethereum,2,"Ethereum price today, ETH to USD live price, marketcap and chart ...",https://coinmarketcap.com/currencies/ethereum/,2025-11-16T03:21:09Z
15,#Ethereum,3,Ethereum,https://www.reddit.com/r/ethereum/,2025-11-16T03:21:09Z
15,#Ethereum,4,"Ethereum ETH (ETH-USD) Live Price, News, Chart & Price History ...",https://finance.yahoo.com/quote/ETH-USD/,2025-11-16T03:21:09Z
15,#Ethereum,5,Ethereum Sepolia Faucet,https://cloud.google.com/application/web3/faucet/ethereum/sepolia,2025-11-16T03:21:09Z
15,#Ethereum,6,"Industry Letter - September 14, 2022: Notice Regarding Ethereum's ...",https://www.dfs.ny.gov/industry_guidance/industry_letters/il20220914_ethereum,2025-11-16T03:21:09Z
15,#Ethereum,7,Members spotlight – Enterprise Ethereum Alliance,https://entethalliance.org/about-enterprise-ethereum-alliance/members/,2025-11-16T03:21:09Z
15,#Ethereum,8,Three Attacks on Proof-of-Stake Ethereum,https://arxiv.org/abs/2110.10086,2025-11-16T03:21:09Z
15,#Ethereum,9,"Enterprise Ethereum Alliance – Ethereum is open for business, the ...",https://entethalliance.org/,2025-11-16T03:21:09Z
15,#Ethereum,10,Ethereum (with Packy McCormick): The Complete History and Strategy,https://www.acquired.fm/episodes/ethereum,2025-11-16T03:21:09Z
15,#Ethereum,11,Ethereum Blockchain as a Service now on Azure | Microsoft Azure ...,https://azure.microsoft.com/en-us/blog/ethereum-blockchain-as-a-service-now-on-azure/,2025-11-16T03:21:09Z
15,#Ethereum,12,The Columbia-Ethereum Research Center for Blockchain Protocol ...,https://www.engineering.columbia.edu/research-innovation/institutes-centers-initiatives/computational-sciences-ai/blockchain-protocol-design,2025-11-16T03:21:09Z
15,#Ethereum,13,Ethereum Merge and what it means for the crypto industry | World ...,https://www.weforum.org/stories/2022/09/ethereum-merge-crypto-currency-sustainability/,2025-11-16T03:21:09Z
15,#Ethereum,14,Datestamping the Bitcoin and Ethereum bubbles - ScienceDirect,https://www.sciencedirect.com/science/article/pii/S1544612317307419,2025-11-16T03:21:09Z
15,#Ethereum,15,Speculative Denial-of-Service Attacks In Ethereum | USENIX,https://www.usenix.org/conference/usenixsecurity24/presentation/yaish,2025-11-16T03:21:09Z
15,#Ethereum,16,Enterprise Ethereum Alliance | Microsoft Azure Blog,https://azure.microsoft.com/en-us/blog/eealliance/,2025-11-16T03:21:09Z
15,#Ethereum,17,Ethereum is a Dark Forest - Paradigm,https://www.paradigm.xyz/2020/08/ethereum-is-a-dark-forest,2025-11-16T03:21:09Z
15,#Ethereum,18,Ethereum,https://orgreenoptics.com/eyeglasses-optical-titanium-ethereum,2025-11-16T03:21:09Z
15,#Ethereum,19,mLSM: Making Authenticated Storage Faster in Ethereum | USENIX,https://www.usenix.org/conference/hotstorage18/presentation/raju,2025-11-16T03:21:09Z
15,#Ethereum,20,Partitioning Ethereum without Eclipsing It - NDSS Symposium,https://www.ndss-symposium.org/ndss-paper/partitioning-ethereum-without-eclipsing-it/,2025-11-16T03:21:09Z
16,илон маск,1,"Маск, Илон — Википедия","https://ru.wikipedia.org/wiki/%D0%9C%D0%B0%D1%81%D0%BA,_%D0%98%D0%BB%D0%BE%D0%BD",2025-11-16T03:21:13Z
16,илон маск,2,Elon Musk - Wikipedia,https://en.wikipedia.org/wiki/Elon_Musk,2025-11-16T03:21:13Z
16,илон маск,3,Сколько языков знает Илон Маск? : r/teslamotors,https://www.reddit.com/r/teslamotors/comments/3nrvyy/how_many_languages_can_elon_musk_speak/?tl=ru,2025-11-16T03:21:13Z
16,илон маск,4,Илон Маск оценил стоимость строительства города на Марсе,https://www.ixbt.com/news/2025/10/20/ilon-mask-ocenil-stoimost-stroitelstva-goroda-na-marse.html,2025-11-16T03:21:13Z
16,илон маск,5,I regret some of my posts about President @realDonaldTrump last ...,https://x.com/elonmusk/status/1932695486684950962?lang=en,2025-11-16T03:21:13Z
16,илон маск,6,"Кто такой Илон Маск: бизнес, биография, личная жизнь, секреты ...",https://trends.rbc.ru/trends/futurology/5eeb9edd9a79475e75f0c0e4,2025-11-16T03:21:13Z
16,илон маск,7,Илон Маск рассказал о своем взгляде на ценность биткоина ...,https://bits.media/ilon-mask-rasskazal-o-svoem-vzglyade-na-tsennost-bitkoina/,2025-11-16T03:21:13Z
16,илон маск,8,Маск нажал на кнопку после года критики. SpaceX отключила ...,https://www.securitylab.ru/news/565008.php,2025-11-16T03:21:13Z
16,илон маск,9,Elon Musk (@elonmusk) / Posts / X,https://x.com/elonmusk,2025-11-16T03:21:13Z
16,илон маск,10,Neuralink — Pioneering Brain Computer Interfaces,https://neuralink.com/,2025-11-16T03:21:13Z
16,илон маск,11,What Elon Musk's Bid to Buy Twitter Means for Free Speech | TIME,https://time.com/6167099/twitter-employees-elon-musk-free-speech/,2025-11-16T03:21:13Z
16,илон маск,12,SpaceX,https://www.spacex.com/,2025-11-16T03:21:13Z
16,илон маск,13,Илон Маск (Elon Musk Russia) - YouTube,https://www.youtube.com/@ElonMusksu,2025-11-16T03:21:13Z
16,илон маск,14,Elon Musk | Tesla,https://www.tesla.com/elon-musk,2025-11-16T03:21:13Z
16,илон маск,15,Elon Musk - Tesla,https://www.forbes.com/profile/elon-musk/,2025-11-16T03:21:13Z
16,илон маск,16,"""Так работает мой мозг"". Илон Маск на шоу Saturday Night Live ...",https://www.bbc.com/russian/news-57046422,2025-11-16T03:21:13Z
16,илон маск,17,Илон Маск – Kstati Russian American News and Views,https://kstati.net/ilon-mask/,2025-11-16T03:21:13Z
16,илон маск,18,"Илон Маск выиграл суд с дайвером, обидевшимся на намек в ...",https://www.bbc.com/russian/news-50695673,2025-11-16T03:21:13Z
16,илон маск,19,"Челлендж Илона Маска Когда Илон Маск был студентом, он ...",https://www.facebook.com/gdemoidengi/posts/%D1%87%D0%B5%D0%BB%D0%BB%D0%B5%D0%BD%D0%B4%D0%B6-%D0%B8%D0%BB%D0%BE%D0%BD%D0%B0-%D0%BC%D0%B0%D1%81%D0%BA%D0%B0%D0%BA%D0%BE%D0%B3%D0%B4%D0%B0-%D0%B8%D0%BB%D0%BE%D0%BD-%D0%BC%D0%B0%D1%81%D0%BA-%D0%B1%D1%8B%D0%BB-%D1%81%D1%82%D1%83%D0%B4%D0%B5%D0%BD%D1%82%D0%BE%D0%BC-%D0%BE%D0%BD-%D1%80%D0%B5%D1%88%D0%B8%D0%BB-%D0%BF%D1%80%D0%BE%D0%B2%D0%B5%D1%81%D1%82%D0%B8-%D1%8D%D0%BA%D1%81%D0%BF%D0%B5%D1%80%D0%B8%D0%BC%D0%B5%D0%BD%D1%82-/1271531298306352/,2025-11-16T03:21:13Z
16,илон маск,20,Илон Маск создал альтернативу Википедии — Грокипедию - BBC ...,https://www.bbc.com/russian/articles/cn8x5gn8pz2o,2025-11-16T03:21:13Z
17,Честно,1,Честный знак,https://xn--80ajghhoc2aj1c8b.xn--p1ai/,2025-11-16T03:21:17Z
17,Честно,2,Дождливый день в Сан-Франциско с небольшим количеством ...,https://www.reddit.com/r/bayarea/comments/1o5zu4l/rainy_day_in_san_francisco_with_a_little_sun/?tl=ru,2025-11-16T03:21:17Z
17,Честно,3,честно — Викисловарь,https://ru.wiktionary.org/wiki/%D1%87%D0%B5%D1%81%D1%82%D0%BD%D0%BE,2025-11-16T03:21:17Z
17,Честно,4,"Честно говоря, моя любимая фотосессия из реальных мест ...",https://www.reddit.com/r/twinpeaks/comments/1nbf5rl/honestly_my_favorite_photoshoot_ive_done_of/?tl=ru,2025-11-16T03:21:17Z
17,Честно,5,Стоматологическая клиника ЧЕСТНО для всей семьи в Санкт ...,https://stom-chestno.ru/,2025-11-16T03:21:17Z
17,Честно,6,Ресторан Честных Цен,https://rchc.ru/,2025-11-16T03:21:17Z
17,Честно,7,WADA Quiz,https://quiz.wada-ama.org/,2025-11-16T03:21:17Z
17,Честно,8,"мало кто пихает в выпечку столько сливочного масла, как ...",https://www.facebook.com/yana.toom/posts/%D0%B8%D1%82%D0%B0%D0%BA-%D0%B7%D0%BD%D0%B0%D0%BC%D0%B5%D0%BD%D0%B8%D1%82%D1%8B%D0%B9-%D1%81%D0%BB%D0%B8%D0%B2%D0%BE%D0%B2%D1%8B%D0%B9-%D0%BF%D0%B8%D1%80%D0%BE%D0%B3-%D0%BF%D0%BE-%D1%80%D0%B5%D1%86%D0%B5%D0%BF%D1%82%D1%83-%D0%BD%D1%8C%D1%8E-%D0%B9%D0%BE%D1%80%D0%BA-%D1%82%D0%B0%D0%B9%D0%BC%D1%81-%D0%B5%D1%81%D0%BB%D0%B8-%D1%87%D0%B5%D1%81%D1%82%D0%BD%D0%BE-%D1%8F-%D0%BF%D0%BE%D0%B4%D0%BE%D0%B7%D1%80%D0%B5%D0%B2%D0%B0/25229469400011612/,2025-11-16T03:21:17Z
17,Честно,9,честно - Translation into English - examples Russian | Reverso ...,https://context.reverso.net/translation/russian-english/%D1%87%D0%B5%D1%81%D1%82%D0%BD%D0%BE,2025-11-16T03:21:17Z
17,Честно,10,"честно - Wiktionary, the free dictionary",https://en.wiktionary.org/wiki/%D1%87%D0%B5%D1%81%D1%82%D0%BD%D0%BE,2025-11-16T03:21:17Z
17,Честно,11,«Честно» — авторская рассылка Unisender. Маркетологи — о ...,http://chestno.unisender.com/,2025-11-16T03:21:17Z
17,Честно,12,По Честному Самара,https://chestnorest.ru/,2025-11-16T03:21:17Z
17,Честно,13,"""Если Честно"" с Тимуром Балымбетовым - YouTube",https://www.youtube.com/playlist?list=PLBYPN62hacANjhxqWrxn6tUHiOcJ1S8I-,2025-11-16T03:21:17Z
17,Честно,14,ЧЕСТНО ГОВОРЯ | новости Уфы и Башкирии ...,https://vk.com/govoryachestno,2025-11-16T03:21:17Z
17,Честно,15,Запись онлайн в Честно к себе,https://widget.sonline.su/ru/services/?placeid=999969591,2025-11-16T03:21:17Z
17,Честно,16,ЧЕСТНО СЛОВО ВЫ ДОСТАЛИ!!! Я УЖЕ НЕСКОЛЬКО ДНЕЙ НЕ ...,https://support.google.com/accounts/thread/178060128/%D0%A7%D0%95%D0%A1%D0%A2%D0%9D%D0%9E-%D0%A1%D0%9B%D0%9E%D0%92%D0%9E-%D0%92%D0%AB-%D0%94%D0%9E%D0%A1%D0%A2%D0%90%D0%9B%D0%98-%D0%AF-%D0%A3%D0%96%D0%95-%D0%9D%D0%95%D0%A1%D0%9A%D0%9E%D0%9B%D0%AC%D0%9A%D0%9E-%D0%94%D0%9D%D0%95%D0%99-%D0%9D%D0%95-%D0%9C%D0%9E%D0%93%D0%A3-%D0%A1%D0%9C%D0%95%D0%9D%D0%98%D0%A2%D0%AC-%D0%A4%D0%9E%D0%A2%D0%9E-%D0%9F%D0%A0%D0%9E%D0%A4%D0%98%D0%9B%D0%AF-%D0%9F%D0%9E%D0%A7%D0%95%D0%9C%D0%A3-%D0%AF-%D0%A3-%D0%9C%D0%95%D0%9D%D0%AF-%D0%9E%D0%A8%D0%98%D0%91%D0%9A%D0%90?hl=ru,2025-11-16T03:21:17Z
17,Честно,17,"Всё честно (сериал, 1 сезон, все серии), 2025 — описание ...",https://www.kinopoisk.ru/series/7077069/,2025-11-16T03:21:17Z
17,Честно,18,Честно о нечестности — Википедия,https://ru.wikipedia.org/wiki/%D0%A7%D0%B5%D1%81%D1%82%D0%BD%D0%BE_%D0%BE_%D0%BD%D0%B5%D1%87%D0%B5%D1%81%D1%82%D0%BD%D0%BE%D1%81%D1%82%D0%B8,2025-11-16T03:21:17Z
17,Честно,19,Давайте честно. За каждым фото при кудрях и параде — сотни ...,https://www.instagram.com/p/DPbuJxkCN_H/,2025-11-16T03:21:17Z
17,Честно,20,Подкаст «Только честно?»,https://chestno.mave.digital/,2025-11-16T03:21:17Z
18,Трамп,1,Donald Trump - Wikipedia,https://en.wikipedia.org/wiki/Donald_Trump,2025-11-16T03:21:22Z
18,Трамп,2,The Trump Organization | Luxury Real Estate Portfolio,https://www.trump.com/,2025-11-16T03:21:22Z
18,Трамп,3,President Donald J. Trump,https://www.whitehouse.gov/administration/donald-j-trump/,2025-11-16T03:21:22Z
18,Трамп,4,Donald J. Trump (@realDonaldTrump) / Posts / X,https://x.com/realDonaldTrump,2025-11-16T03:21:22Z
18,Трамп,5,Donald J. Trump news | CNN Politics,https://www.cnn.com/politics/president-donald-trump-47,2025-11-16T03:21:22Z
18,Трамп,6,Trump Winery,https://www.trumpwinery.com/,2025-11-16T03:21:22Z
18,Трамп,7,Luxury Hotels | Trump Hotels - Official Website | 5 Star Hotels,https://www.trumphotels.com/,2025-11-16T03:21:22Z
18,Трамп,8,Donald Trump | Breaking News & Latest Updates | AP News,https://apnews.com/hub/donald-trump,2025-11-16T03:21:22Z
18,Трамп,9,"Трамп резко снизил число беженцев, которых примут США ...",https://www.bbc.com/russian/articles/cy8v5zzeyq4o,2025-11-16T03:21:22Z
18,Трамп,10,23-939 Trump v. United States (07/01/2024),https://www.supremecourt.gov/opinions/23pdf/23-939_e2pg.pdf,2025-11-16T03:21:22Z
18,Трамп,11,Donald J. Trump: Home,https://www.donaldjtrump.com/,2025-11-16T03:21:22Z
18,Трамп,12,Latest Donald Trump News | Top Headlines on Donald Trump ...,https://www.reuters.com/world/us/donald-trump/,2025-11-16T03:21:22Z
18,Трамп,13,"Donald Trump - Breaking News, Photos and Videos | The Hill",https://thehill.com/people/donald-trump/,2025-11-16T03:21:22Z
18,Трамп,14,President Donald J. Trump (@realdonaldtrump) • Instagram photos ...,https://www.instagram.com/realdonaldtrump/?hl=en,2025-11-16T03:21:22Z
18,Трамп,15,Donald Trump - CNBC,https://www.cnbc.com/donald-trump/,2025-11-16T03:21:22Z
18,Трамп,16,Donald Trump | The Guardian,https://www.theguardian.com/us-news/donaldtrump,2025-11-16T03:21:22Z
18,Трамп,17,Listen To The Jeffrey Epstein Tapes: 'I Was Donald Trump's Closest ...,https://docs.house.gov/meetings/JU/JU08/20250227/117951/HHRG-119-JU08-20250227-SD006-U6.pdf,2025-11-16T03:21:22Z
18,Трамп,18,Trump administration | The Guardian,https://www.theguardian.com/us-news/trump-administration,2025-11-16T03:21:22Z
18,Трамп,19,Donald Trump - President of the United States - Latest News and ...,https://www.wsj.com/topics/person/donald-trump?gaa_at=eafs&gaa_n=AWEtsqd3rM0CtsTvp3yZDvwSX67BeEsQXPQIKTRqHJlMze1cHvwAJ-tw6Vl0&gaa_ts=691946b6&gaa_sig=coGIKB42qZ7WaGkmZA0KUiUbCUCJOguvTy6avLjuxQl5NjcR7SASribHt3A3emoKhAhp3i9RLAIYstLiMNDFpw%3D%3D,2025-11-16T03:21:22Z
18,Трамп,20,Pacito v. Trump: Challenging Trump's suspension of USRAP ...,https://refugeerights.org/news-resources/pacito-v-trump-challenging-trumps-suspension-of-usrap,2025-11-16T03:21:22Z
19,яндекс,1,Яндекс — быстрый поиск в интернете,https://ya.ru/,2025-11-16T03:21:26Z
19,яндекс,2,Яндекс — быстрый поиск в интернете,https://yandex.kz/,2025-11-16T03:21:26Z
19,яндекс,3,Yandex — fast Internet search,https://yandex.com/,2025-11-16T03:21:26Z
19,яндекс,4,"Яндекс Директ — сервис для продвижения в Поиске, Картах и ...",https://direct.yandex.ru/,2025-11-16T03:21:26Z
19,яндекс,5,Яндекс — с Алисой AI - Apps on Google Play,https://play.google.com/store/apps/details?id=com.yandex.searchapp&hl=en_US,2025-11-16T03:21:26Z
19,яндекс,6,‎Яндекс Лавка — заказать еду App - App Store,https://apps.apple.com/us/app/%D1%8F%D0%BD%D0%B4%D0%B5%D0%BA%D1%81-%D0%BB%D0%B0%D0%B2%D0%BA%D0%B0-%D0%B7%D0%B0%D0%BA%D0%B0%D0%B7%D0%B0%D1%82%D1%8C-%D0%B5%D0%B4%D1%83/id1515819287,2025-11-16T03:21:26Z
19,яндекс,7,Почта Яндекс 360 — бесплатная электронная почта ...,https://360.yandex.ru/mail/,2025-11-16T03:21:26Z
19,яндекс,8,Yandex Wordstat,https://wordstat.yandex.com/,2025-11-16T03:21:26Z
19,яндекс,9,Скачать Яндекс Браузер,https://browser.yandex.ru/,2025-11-16T03:21:26Z
19,яндекс,10,Yandex Translate,https://translate.yandex.com/en/translator/English-Russian,2025-11-16T03:21:26Z
19,яндекс,11,"Яндекс Диск — облачное хранилище для файлов, данных и ...",https://360.yandex.ru/disk/,2025-11-16T03:21:26Z
19,яндекс,12,"Yandex 360 Mail — free email: registration, login, mailbox creation",https://360.yandex.com/mail/,2025-11-16T03:21:26Z
19,яндекс,13,Яндекс Лицей,https://lyceum.yandex.ru/,2025-11-16T03:21:26Z
19,яндекс,14,Яндекс Go — заказ поездок онлайн,https://taxi.yandex.ru/,2025-11-16T03:21:26Z
19,яндекс,15,Яндекс Вордстат,https://wordstat.yandex.ru/,2025-11-16T03:21:26Z
19,яндекс,16,Toloka ∙ Training data for AI agents and LLMs,https://toloka.ai/,2025-11-16T03:21:26Z
19,яндекс,17,Яндекс Музыка — собираем музыку и подкасты для вас,https://music.yandex.com/,2025-11-16T03:21:26Z
19,яндекс,18,Яндекс Маркет — покупки с быстрой доставкой,https://market.yandex.ru/,2025-11-16T03:21:26Z
19,яндекс,19,Yandex Research,https://research.yandex.com/,2025-11-16T03:21:26Z
19,яндекс,20,ОРД Яндекса — надежный оператор ваших рекламных данных,https://ord.yandex.ru/,2025-11-16T03:21:26Z
20,эпштейна,1,"Эпштейн, Джеффри — Википедия","https://ru.wikipedia.org/wiki/%D0%AD%D0%BF%D1%88%D1%82%D0%B5%D0%B9%D0%BD,_%D0%94%D0%B6%D0%B5%D1%84%D1%84%D1%80%D0%B8",2025-11-16T03:21:30Z
20,эпштейна,2,Досье Эпштейна: ни один человек не должен быть недосягаем ...,https://news.un.org/ru/story/2024/01/1448747,2025-11-16T03:21:30Z
20,эпштейна,3,"Демократы обнародовали письма Эпштейна, в которых ...",https://www.bbc.com/russian/articles/c1j8yjj1pe9o,2025-11-16T03:21:30Z
20,эпштейна,4,Jeffrey Epstein - Wikipedia,https://en.wikipedia.org/wiki/Jeffrey_Epstein,2025-11-16T03:21:30Z
20,эпштейна,5,Трамп приказал расследовать возможные связи Эпштейна с ...,https://www.bbc.com/russian/articles/c620e7zkrr1o,2025-11-16T03:21:30Z
20,эпштейна,6,АмплиСенс® EBV-скрин/монитор-FL. Выявление и ...,https://www.amplisens.ru/catalog/4-nabory-reagentov-dlya-ptsrdiagnostiki-infektsionnykh-bolezney-cheloveka/46-gerpesvirusnye-infektsii/amplisens-ebvskrinmonitorfl-vyyavlenie-i-kolichestvennoe-opredelenie-dnk-virusa-epshteyna-barr/,2025-11-16T03:21:30Z
20,эпштейна,7,"Трамп, новые документы из дела Эпштейна и «книга на день ...",https://www.bbc.com/russian/articles/c98d3pq5ryvo,2025-11-16T03:21:30Z
20,эпштейна,8,"Вирус Эпштейна-Барр — причины появления, симптомы ...",https://www.ckbran.ru/cure/immunology/virus-epshteyna-barr,2025-11-16T03:21:30Z
20,эпштейна,9,Инфекционный мононуклеоз: Вирус Эпштейна-Барр (вирус ...,https://invitro.kz/analizes/for-doctors/563/,2025-11-16T03:21:30Z
20,эпштейна,10,Mikhail Epstein,https://www.facebook.com/mikhail.epstein/,2025-11-16T03:21:30Z
20,эпштейна,11,"Вирус Эпштейна-Барра - симптомы и диагностика, цены на ...",https://hadassah.moscow/virus-epshteina-barra/,2025-11-16T03:21:30Z
20,эпштейна,12,Эпштейн - Барр вирусная инфекция (инфекционный ...,https://unilab.su/services/analyses/khabarovsk/195/,2025-11-16T03:21:30Z
20,эпштейна,13,Антитела (Ig G) к ядерному белку вируса Эпштейна-Барр - от ...,https://cdmed.ru/analyze/sankt-peterburg/antitela-ig-g-k-yadernomu-belku-virusa-epshteyna-barr/,2025-11-16T03:21:30Z
20,эпштейна,14,Опубликована переписка Джеффри Эпштейна. Что в ней нашли ...,https://meduza.io/feature/2025/11/14/opublikovana-perepiska-dzheffri-epshteyna-chto-v-ney-nashli-est-li-tam-tramp,2025-11-16T03:21:30Z
20,эпштейна,15,Медицинский центр - Асклепий Вирус Эпштейна–Барр (EBV ...,https://asklepiy-dv.ru/services/laboratory/pcr-diagnostika/52-virusnye-infekcii/52-8/,2025-11-16T03:21:30Z
20,эпштейна,16,Почему дело Эпштейна вызвало кризис доверия к Трампу – DW ...,https://www.dw.com/ru/pocemu-delo-epstejna-vyzvalo-krizis-doveria-k-trampu/a-73326103,2025-11-16T03:21:30Z
20,эпштейна,17,"Хронический вирус Эпштейна Барр - причины, симптомы ...",https://www.onclinic.ru/khronicheskiy-virus-epshteyna-barr/,2025-11-16T03:21:30Z
20,эпштейна,18,Эпштейн хотел поделиться с Лавровым инсайдами о Трампе ...,https://www.dw.com/ru/politico-epstejn-hotel-podelitsa-s-lavrovym-insajdami-o-trampe/a-74724540,2025-11-16T03:21:30Z
20,эпштейна,19,Как Трамп переместился в центр скандала вокруг дела Эпштейна,https://www.rbc.ru/politics/13/11/2025/6915da1e9a79475520eb26bc,2025-11-16T03:21:30Z
20,эпштейна,20,Вирус эпштейна-барр - Анализы и цены,https://smartlab.ua/ru/analize/diagnostika-torch-infekcij/virus-epshtejna-barr,2025-11-16T03:21:30Z
21,Многие,1,"многие - Wiktionary, the free dictionary",https://en.wiktionary.org/wiki/%D0%BC%D0%BD%D0%BE%D0%B3%D0%B8%D0%B5,2025-11-16T03:21:35Z
21,Многие,2,Много vs Многие : r/russian,https://www.reddit.com/r/russian/comments/q8neb6/%D0%BC%D0%BD%D0%BE%D0%B3%D0%BE_vs_%D0%BC%D0%BD%D0%BE%D0%B3%D0%B8%D0%B5/,2025-11-16T03:21:35Z
21,Многие,3,Спасутся лишь некоторые или многие? – Grace Evangelical Society,https://faithalone.org/%D0%B1%D0%B5%D1%81%D0%BF%D0%BB%D0%B0%D1%82%D0%BD%D1%8B%D0%B9-%D0%B4%D0%B0%D1%80-%D0%B1%D0%BB%D0%B0%D0%B3%D0%BE%D0%B4%D0%B0%D1%82%D0%B8/%D1%81%D0%BF%D0%B0%D1%81%D1%83%D1%82%D1%81%D1%8F-%D0%BB%D0%B8%D1%88%D1%8C-%D0%BD%D0%B5%D0%BA%D0%BE%D1%82%D0%BE%D1%80%D1%8B%D0%B5-%D0%B8%D0%BB%D0%B8-%D0%BC%D0%BD%D0%BE%D0%B3%D0%B8%D0%B5/,2025-11-16T03:21:35Z
21,Многие,4,Много vs Многие : r/russian,https://www.reddit.com/r/russian/comments/q8neb6/%D0%BC%D0%BD%D0%BE%D0%B3%D0%BE_vs_%D0%BC%D0%BD%D0%BE%D0%B3%D0%B8%D0%B5/?tl=ru,2025-11-16T03:21:35Z
21,Многие,5,многие — Викисловарь,https://ru.wiktionary.org/wiki/%D0%BC%D0%BD%D0%BE%D0%B3%D0%B8%D0%B5,2025-11-16T03:21:35Z
21,Многие,6,What is the difference between 'много' and 'многие' in Russian ...,https://www.quora.com/What-is-the-difference-between-%D0%BC%D0%BD%D0%BE%D0%B3%D0%BE-and-%D0%BC%D0%BD%D0%BE%D0%B3%D0%B8%D0%B5-in-Russian-How-do-you-use-them-correctly,2025-11-16T03:21:35Z
21,Многие,7,"Видео: создание связей типа ""многие ко многим"" - Служба ...",https://support.microsoft.com/ru-ru/office/%D0%B2%D0%B8%D0%B4%D0%B5%D0%BE-%D1%81%D0%BE%D0%B7%D0%B4%D0%B0%D0%BD%D0%B8%D0%B5-%D1%81%D0%B2%D1%8F%D0%B7%D0%B5%D0%B9-%D1%82%D0%B8%D0%BF%D0%B0-%D0%BC%D0%BD%D0%BE%D0%B3%D0%B8%D0%B5-%D0%BA%D0%BE-%D0%BC%D0%BD%D0%BE%D0%B3%D0%B8%D0%BC-e65bcc53-8e1c-444a-b4fb-1c0b8c1f5653,2025-11-16T03:21:35Z
21,Многие,8,"Связи ""многие ко многим"" в Power BI Desktop - Power BI | Microsoft ...",https://learn.microsoft.com/ru-ru/power-bi/transform-model/desktop-many-to-many-relationships,2025-11-16T03:21:35Z
21,Многие,9,"Многие говорят, что прошли те времена, когда люди много ...",https://www.instagram.com/p/CRPDpBoBLZn/,2025-11-16T03:21:35Z
21,Многие,10,"Отношения ""многие ко многим"" — EF Core | Microsoft Learn",https://learn.microsoft.com/ru-ru/ef/core/modeling/relationships/many-to-many,2025-11-16T03:21:35Z
21,Многие,11,"семантика - ""Многие"" — это большинство или меньшинство ...",https://rus.stackexchange.com/questions/472315/%D0%9C%D0%BD%D0%BE%D0%B3%D0%B8%D0%B5-%D1%8D%D1%82%D0%BE-%D0%B1%D0%BE%D0%BB%D1%8C%D1%88%D0%B8%D0%BD%D1%81%D1%82%D0%B2%D0%BE-%D0%B8%D0%BB%D0%B8-%D0%BC%D0%B5%D0%BD%D1%8C%D1%88%D0%B8%D0%BD%D1%81%D1%82%D0%B2%D0%BE,2025-11-16T03:21:35Z
21,Многие,12,От Матфея 7:22-23 RUSV;NRT - Многие скажут Мне в - Bible ...,https://www.biblegateway.com/passage/?search=%D0%9E%D1%82%20%D0%9C%D0%B0%D1%82%D1%84%D0%B5%D1%8F%207%3A22-23&version=RUSV;NRT,2025-11-16T03:21:35Z
21,Многие,13,Многие | System Shock Wiki | Fandom,https://shodan.fandom.com/ru/wiki/%D0%9C%D0%BD%D0%BE%D0%B3%D0%B8%D0%B5,2025-11-16T03:21:35Z
21,Многие,14,«многие» в словарях портала | Поиск по Грамоте,https://gramota.ru/poisk?query=%D0%BC%D0%BD%D0%BE%D0%B3%D0%B8%D0%B5&mode=slovari,2025-11-16T03:21:35Z
21,Многие,15,Послание Иакова 3:1-12 Братия мои! не многие делайтесь ...,https://www.bible.com/ru/bible/400/JAS.3.1-12.SYNO,2025-11-16T03:21:35Z
21,Многие,16,"Моя семья, как и многие другие, стала жертвой ...",https://www.facebook.com/groups/189821571497530/posts/2235135176966149/,2025-11-16T03:21:35Z
21,Многие,17,многие - Перевод на английский - примеры русский | Reverso ...,https://context.reverso.net/%D0%BF%D0%B5%D1%80%D0%B5%D0%B2%D0%BE%D0%B4/%D1%80%D1%83%D1%81%D1%81%D0%BA%D0%B8%D0%B9-%D0%B0%D0%BD%D0%B3%D0%BB%D0%B8%D0%B9%D1%81%D0%BA%D0%B8%D0%B9/%D0%BC%D0%BD%D0%BE%D0%B3%D0%B8%D0%B5,2025-11-16T03:21:35Z
21,Многие,18,"Склонение ""многие"" в русском – склонять | PROMT.One Переводчик",https://www.translate.ru/%D1%81%D0%BF%D1%80%D1%8F%D0%B6%D0%B5%D0%BD%D0%B8%D0%B5%20%D0%B8%20%D1%81%D0%BA%D0%BB%D0%BE%D0%BD%D0%B5%D0%BD%D0%B8%D0%B5/%D1%80%D1%83%D1%81%D1%81%D0%BA%D0%B8%D0%B9/%D0%BC%D0%BD%D0%BE%D0%B3%D0%B8%D0%B5,2025-11-16T03:21:35Z
21,Многие,19,Entity Framework Core и C# | Отношение многие ко многим,https://metanit.com/sharp/efcore/3.6.php,2025-11-16T03:21:35Z
21,Многие,20,"Многие полагают, будто... (Цитата из книги «Игра в классики ...",https://www.livelib.ru/quote/1107596-igra-v-klassiki-hulio-kortasar,2025-11-16T03:21:35Z
22,молодец,1,What does Какой же ты у меня молодец mean? : r/russian,https://www.reddit.com/r/russian/comments/1d4mnr2/what_does_%D0%BA%D0%B0%D0%BA%D0%BE%D0%B9_%D0%B6%D0%B5_%D1%82%D1%8B_%D1%83_%D0%BC%D0%B5%D0%BD%D1%8F_%D0%BC%D0%BE%D0%BB%D0%BE%D0%B4%D0%B5%D1%86_mean/,2025-11-16T03:21:39Z
22,молодец,2,hhwang - кто молодец?! - YouTube,https://www.youtube.com/channel/UCkJhWA2SEYbVYnE2Y2FWryA,2025-11-16T03:21:39Z
22,молодец,3,Молодец - молодцы : r/russian,https://www.reddit.com/r/russian/comments/i8138n/%D0%BC%D0%BE%D0%BB%D0%BE%D0%B4%D0%B5%D1%86_%D0%BC%D0%BE%D0%BB%D0%BE%D0%B4%D1%86%D1%8B/,2025-11-16T03:21:39Z
22,молодец,4,"What does ""Молодец"" exactly mean? I saw its Google ... - italki",https://www.italki.com/en/post/question-212307,2025-11-16T03:21:39Z
22,молодец,5,молодец - Translation into English - examples Russian | Reverso ...,https://context.reverso.net/translation/russian-english/%D0%BC%D0%BE%D0%BB%D0%BE%D0%B4%D0%B5%D1%86,2025-11-16T03:21:39Z
22,молодец,6,"молодец pronunciation: How to pronounce молодец in Russian, Mari",https://forvo.com/word/%D0%BC%D0%BE%D0%BB%D0%BE%D0%B4%D0%B5%D1%86/,2025-11-16T03:21:39Z
22,молодец,7,"молодец - Wiktionary, the free dictionary",https://en.wiktionary.org/wiki/%D0%BC%D0%BE%D0%BB%D0%BE%D0%B4%D0%B5%D1%86,2025-11-16T03:21:39Z
22,молодец,8,Молодец — Википедия,https://ru.wikipedia.org/wiki/%D0%9C%D0%BE%D0%BB%D0%BE%D0%B4%D0%B5%D1%86,2025-11-16T03:21:39Z
22,молодец,9,Стрелец-Молодец | Регистрация в перечне РКН: https://clck.ru ...,https://vk.com/strelets_molodec,2025-11-16T03:21:39Z
22,молодец,10,молодец — Викисловарь,https://ru.wiktionary.org/wiki/%D0%BC%D0%BE%D0%BB%D0%BE%D0%B4%D0%B5%D1%86,2025-11-16T03:21:39Z
22,молодец,11,Хлебцы-Молодцы: лучшие диетические цельнозерновые ...,http://www.molodec.ru/,2025-11-16T03:21:39Z
22,молодец,12,выражения - is 'Молодец! / молодцы́!' always a familiar expression ...,https://russian.stackexchange.com/questions/7389/is-%D0%9C%D0%BE%D0%BB%D0%BE%D0%B4%D0%B5%D1%86-%D0%BC%D0%BE%D0%BB%D0%BE%D0%B4%D1%86%D1%8B%CC%81-always-a-familiar-expression,2025-11-16T03:21:39Z
22,молодец,13,"Молодец - song and lyrics by Argonya, Daniyar Barcelona | Spotify",https://open.spotify.com/track/6rks357rHR3a5rNvePI0jo,2025-11-16T03:21:39Z
22,молодец,14,"перевод - What does ""ты вообще молодец"" mean? - Russian ...",https://russian.stackexchange.com/questions/12759/what-does-%D1%82%D1%8B-%D0%B2%D0%BE%D0%BE%D0%B1%D1%89%D0%B5-%D0%BC%D0%BE%D0%BB%D0%BE%D0%B4%D0%B5%D1%86-mean,2025-11-16T03:21:39Z
22,молодец,15,"Огурец Шанхайский молодец F1, 5 шт. купить семена в Минске и ...",https://kupisemena.by/products/ogurets-shankhayskiy-molodets-f1-5-sht,2025-11-16T03:21:39Z
22,молодец,16,Стрелец-Молодец – Telegram,https://t.me/s/strelets_molodec?before=35750,2025-11-16T03:21:39Z
22,молодец,17,"United Nations Development Programme - UNDP - Молодец, Bravo ...",https://m.facebook.com/UNDP/photos/%D0%BC%D0%BE%D0%BB%D0%BE%D0%B4%D0%B5%D1%86-bravo-maria-sharapova-our-goodwill-ambassador-won-her-match-today-and-is/10151023007467830/,2025-11-16T03:21:39Z
22,молодец,18,Удалой молодец - гордость Запада (16+),https://newteatr.ru/performance/udaloy-molodetc-gordost-zapada/,2025-11-16T03:21:39Z
22,молодец,19,"Все получится , вот увидишь, ты молодец Девочка с сердцем ...",https://www.facebook.com/strogobykomissarova/posts/%D0%B2%D1%81%D0%B5-%D0%BF%D0%BE%D0%BB%D1%83%D1%87%D0%B8%D1%82%D1%81%D1%8F-%D0%B2%D0%BE%D1%82-%D1%83%D0%B2%D0%B8%D0%B4%D0%B8%D1%88%D1%8C-%D1%82%D1%8B-%D0%BC%D0%BE%D0%BB%D0%BE%D0%B4%D0%B5%D1%86-%D0%B4%D0%B5%D0%B2%D0%BE%D1%87%D0%BA%D0%B0-%D1%81-%D1%81%D0%B5%D1%80%D0%B4%D1%86%D0%B5%D0%BC-%D0%BB%D1%8C%D0%B2%D0%B0-%D0%B8-%D0%B4%D1%83%D1%88%D0%BE%D0%B9-%D0%BD%D0%B0-%D1%80%D0%B0%D1%81%D0%BF%D0%B0%D1%88%D0%BA%D1%83-/1158509642987667/,2025-11-16T03:21:39Z
22,молодец,20,молодец - Translation in German - Langenscheidt dictionary ...,https://en.langenscheidt.com/russian-german/%D0%BC%D0%BE%D0%BB%D0%BE%D0%B4%D0%B5%D1%86,2025-11-16T03:21:39Z
23,Europe,1,Europe - Wikipedia,https://en.wikipedia.org/wiki/Europe,2025-11-16T03:21:43Z
23,Europe,2,europetheband.com: EUROPE | Official Website,https://www.europetheband.com/,2025-11-16T03:21:43Z
23,Europe,3,Europe | The Guardian,https://www.theguardian.com/world/europe-news,2025-11-16T03:21:43Z
23,Europe,4,Europe PMC: Home,https://europepmc.org/,2025-11-16T03:21:43Z
23,Europe,5,"The Council of Europe: guardian of Human Rights, Democracy and ...",https://www.coe.int/en/web/portal,2025-11-16T03:21:43Z
23,Europe,6,Fi Europe 2025 | The Leading Global Food Ingredients Event,https://www.figlobal.com/europe/en/home.html,2025-11-16T03:21:43Z
23,Europe,7,Horizon Europe - Research and innovation - European Commission,https://research-and-innovation.ec.europa.eu/funding/funding-opportunities/funding-programmes-and-open-calls/horizon-europe_en,2025-11-16T03:21:43Z
23,Europe,8,Europe,https://www.facebook.com/europetheband/,2025-11-16T03:21:43Z
23,Europe,9,"Rick Steves Europe: Tours, Travel, TV & Vacations",https://www.ricksteves.com/,2025-11-16T03:21:43Z
23,Europe,10,CAN Europe: Home,https://caneurope.org/,2025-11-16T03:21:43Z
23,Europe,11,ICLEI Europe •• Home,https://iclei-europe.org/,2025-11-16T03:21:43Z
23,Europe,12,Science Europe,https://scienceeurope.org/,2025-11-16T03:21:43Z
23,Europe,13,Open Research Europe | Open Access Publishing Platform | Beyond ...,https://open-research-europe.ec.europa.eu/,2025-11-16T03:21:43Z
23,Europe,14,Home | Making Europe a Wilder Place,https://rewildingeurope.com/,2025-11-16T03:21:43Z
23,Europe,15,Train tickets in Europe - Search & Book on Rail Europe,https://www.raileurope.com/en-us,2025-11-16T03:21:43Z
23,Europe,16,"MedTech Europe, from diagnosis to cure - Homepage",https://www.medtecheurope.org/,2025-11-16T03:21:43Z
23,Europe,17,Vaccines Europe: Home,https://www.vaccineseurope.eu/,2025-11-16T03:21:43Z
23,Europe,18,Creative Europe - Culture and Creativity,https://culture.ec.europa.eu/creative-europe,2025-11-16T03:21:43Z
23,Europe,19,Visiteurope.com - Home - The Official Portal of Europe,https://visiteurope.com/en/,2025-11-16T03:21:43Z
23,Europe,20,BIO-Europe 2025 | Global Biopharma Partnering Event | Vienna ...,https://informaconnect.com/bioeurope/,2025-11-16T03:21:43Z
24,предлагаю,1,«Предлагаю» или «предлогаю»: как правильно пишется слово по ...,https://www.kp.ru/edu/shkola/predlagayu-ili-predlogayu-kak-pishetsya/,2025-11-16T03:21:47Z
24,предлагаю,2,"Предлагаю, чтобы у Вортигерна была фраза ""Deus Vult""! (ubi, ты ...",https://www.reddit.com/r/forhonor/comments/abpw32/heres_to_vortigern_having_deus_vult_as_one_of_his/?tl=ru,2025-11-16T03:21:47Z
24,предлагаю,3,«Предлагаю» или «предлогаю»: как правильно пишется слово по ...,https://vfokuse.mail.ru/article/predlagayu-ili-predlogayu-64746944/,2025-11-16T03:21:47Z
24,предлагаю,4,"Вижу много списков желаний с динозаврами, и я предлагаю вам ...",https://www.reddit.com/r/jurassicworldevo/comments/124y4sw/i_see_a_lot_of_dino_wishlists_and_i_raise_you/?tl=ru,2025-11-16T03:21:47Z
24,предлагаю,5,"Если вдруг кто-то хочет носить моё фото в кошельке, предлагаю ...",https://www.instagram.com/p/C9u5NPXIKRX/?hl=en,2025-11-16T03:21:47Z
24,предлагаю,6,Всем здравствуйте! Если вам лень готовить булочки Синнабон ...,https://www.facebook.com/groups/1293611817410389/posts/24547345231610386/,2025-11-16T03:21:47Z
24,предлагаю,7,Предлагаю повторить интерактивчик ☕️ Как-то в марте я ...,https://www.instagram.com/p/CO0XS7uBjX0/?hl=ar,2025-11-16T03:21:47Z
24,предлагаю,8,предлагать — Викисловарь,https://ru.wiktionary.org/wiki/%D0%BF%D1%80%D0%B5%D0%B4%D0%BB%D0%B0%D0%B3%D0%B0%D1%82%D1%8C,2025-11-16T03:21:47Z
24,предлагаю,9,Предлагаю игру - какой Лев ты сегодня. Предлагаю описать. Я ...,https://www.facebook.com/groups/pumpkinlatte/posts/1081473573485160/,2025-11-16T03:21:47Z
24,предлагаю,10,я предлагаю - Перевод на английский - примеры русский ...,https://context.reverso.net/%D0%BF%D0%B5%D1%80%D0%B5%D0%B2%D0%BE%D0%B4/%D1%80%D1%83%D1%81%D1%81%D0%BA%D0%B8%D0%B9-%D0%B0%D0%BD%D0%B3%D0%BB%D0%B8%D0%B9%D1%81%D0%BA%D0%B8%D0%B9/%D1%8F+%D0%BF%D1%80%D0%B5%D0%B4%D0%BB%D0%B0%D0%B3%D0%B0%D1%8E,2025-11-16T03:21:47Z
24,предлагаю,11,Предлагаю руку и сердце — Википедия,https://ru.wikipedia.org/wiki/%D0%9F%D1%80%D0%B5%D0%B4%D0%BB%D0%B0%D0%B3%D0%B0%D1%8E_%D1%80%D1%83%D0%BA%D1%83_%D0%B8_%D1%81%D0%B5%D1%80%D0%B4%D1%86%D0%B5,2025-11-16T03:21:47Z
24,предлагаю,12,предложить/предлагать | WordReference Forums,https://forum.wordreference.com/threads/%D0%BF%D1%80%D0%B5%D0%B4%D0%BB%D0%BE%D0%B6%D0%B8%D1%82%D1%8C-%D0%BF%D1%80%D0%B5%D0%B4%D0%BB%D0%B0%D0%B3%D0%B0%D1%82%D1%8C.1247670/,2025-11-16T03:21:47Z
24,предлагаю,13,ПРЕДЛАГАЮ РУКУ И СЕРДЦЕ — ГОСФИЛЬМОФОНД,https://gosfilmofond.ru/films/240103/,2025-11-16T03:21:47Z
24,предлагаю,14,Я указал телефон номер своего магазина в картах я предлагаю ...,https://support.google.com/maps/thread/52482636/%D0%AF-%D1%83%D0%BA%D0%B0%D0%B7%D0%B0%D0%BB-%D1%82%D0%B5%D0%BB%D0%B5%D1%84%D0%BE%D0%BD-%D0%BD%D0%BE%D0%BC%D0%B5%D1%80-%D1%81%D0%B2%D0%BE%D0%B5%D0%B3%D0%BE-%D0%BC%D0%B0%D0%B3%D0%B0%D0%B7%D0%B8%D0%BD%D0%B0-%D0%B2-%D0%BA%D0%B0%D1%80%D1%82%D0%B0%D1%85-%D1%8F-%D0%BF%D1%80%D0%B5%D0%B4%D0%BB%D0%B0%D0%B3%D0%B0%D1%8E-%D0%B8%D1%81%D0%BF%D1%80%D0%B0%D0%B2%D0%B8%D1%82%D1%8C-%D0%BD%D0%B5-%D0%BF%D0%BE%D0%BB%D1%83%D1%87%D0%B0%D0%B5%D1%82%D1%81%D1%8F-%D0%BC%D0%BD%D0%B5-%D0%B7%D0%B2%D0%BE%D0%BD%D1%8F%D1%82-%D0%B2%D1%81%D0%B5?hl=ru,2025-11-16T03:21:47Z
24,предлагаю,15,"Предлагаю, ради исключения, обсудить не полиаморию или кто ...",https://x.com/zheleznyak_a/status/1989396659881873867,2025-11-16T03:21:47Z
24,предлагаю,16,Предлагаю руку и сердце (1988) - фильм - информация о ...,https://www.kino-teatr.ru/kino/movie/sov/5574/annot/,2025-11-16T03:21:47Z
24,предлагаю,17,предлагаю - Перевод на украинский - примеры русский | Reverso ...,https://context.reverso.net/%D0%BF%D0%B5%D1%80%D0%B5%D0%B2%D0%BE%D0%B4/%D1%80%D1%83%D1%81%D1%81%D0%BA%D0%B8%D0%B9-%D1%83%D0%BA%D1%80%D0%B0%D0%B8%D0%BD%D1%81%D0%BA%D0%B8%D0%B9/%D0%BF%D1%80%D0%B5%D0%B4%D0%BB%D0%B0%D0%B3%D0%B0%D1%8E,2025-11-16T03:21:47Z
24,предлагаю,18,Предлагаю в торренты добавлять web seed линки. - DCS World ...,https://forum.dcs.world/topic/92218-predlagaju-v-torrenty-dobavljat-web-seed-linki/,2025-11-16T03:21:47Z
24,предлагаю,19,Что мы предлагаем - Arapahoe / Douglas Works!,https://www.adworks.org/ru/about-us/what-we-offer/,2025-11-16T03:21:47Z
24,предлагаю,20,"Глава 8, Предлагаю пари, Малфой — фанфик по фэндому ...",https://ficbook.net/readfic/10319532/26920616,2025-11-16T03:21:47Z
25,выглядит,1,"выглядит - Wiktionary, the free dictionary",https://en.wiktionary.org/wiki/%D0%B2%D1%8B%D0%B3%D0%BB%D1%8F%D0%B4%D0%B8%D1%82,2025-11-16T03:21:52Z
25,выглядит,2,"Почему Mafia 2 DE выглядит значительно хуже, чем Mafia 1 DE ...",https://www.reddit.com/r/MafiaTheGame/comments/11ajmwn/why_does_mafia_2_de_look_substantially_worse_than/?tl=ru,2025-11-16T03:21:52Z
25,выглядит,3,Фотографии рака кожи | Как выглядит рак кожи?,https://www.skincancer.org/ru/skin-cancer-information/skin-cancer-pictures/,2025-11-16T03:21:52Z
25,выглядит,4,похожа vs выглядит : r/russian,https://www.reddit.com/r/russian/comments/115h91c/%D0%BF%D0%BE%D1%85%D0%BE%D0%B6%D0%B0_vs_%D0%B2%D1%8B%D0%B3%D0%BB%D1%8F%D0%B4%D0%B8%D1%82/,2025-11-16T03:21:52Z
25,выглядит,5,выглядеть — Викисловарь,https://ru.wiktionary.org/wiki/%D0%B2%D1%8B%D0%B3%D0%BB%D1%8F%D0%B4%D0%B5%D1%82%D1%8C,2025-11-16T03:21:52Z
25,выглядит,6,ПОМОГИТЕ! Моя презентация PPT выглядит совершенно по ...,https://www.reddit.com/r/powerpoint/comments/m7zmas/help_my_ppt_looks_totally_differentmessed_up_on/?tl=ru,2025-11-16T03:21:52Z
25,выглядит,7,ВыглядИт или ВыглядЕт? - sergo_1287 | Ответы Mail,https://otvet.mail.ru/question/86942453,2025-11-16T03:21:52Z
25,выглядит,8,Моя краска выглядит по-разному на стене и в ведре/лотке : r/paint,https://www.reddit.com/r/paint/comments/157pora/my_paint_looks_different_on_the_wall_vs_in_the/?tl=ru,2025-11-16T03:21:52Z
25,выглядит,9,Гарри и Олень 8 лет спустя #гарригалкин 18+ НАСТОЯЩИЙ ...,https://www.instagram.com/p/DL5CG-KMFyx/?hl=en,2025-11-16T03:21:52Z
25,выглядит,10,Как на самом деле выглядит ночное небо? : r/Astronomy,https://www.reddit.com/r/Astronomy/comments/3na2jc/what_does_the_night_sky_really_look_like/?tl=ru,2025-11-16T03:21:52Z
25,выглядит,11,Спустя 8 лет на том же месте #елизаветагалкина 18+ ...,https://www.instagram.com/p/DL2NcUIM_aH/?hl=en,2025-11-16T03:21:52Z
25,выглядит,12,"Почему, собственно, Темный Лорд выглядит как Думгай? : r/Doom",https://www.reddit.com/r/Doom/comments/1e6hqqk/why_exactly_does_the_dark_lord_look_like_doomguy/?tl=ru,2025-11-16T03:21:52Z
25,выглядит,13,Как выглядит электронная подпись — Удостоверяющий центр,https://ca.kontur.ru/articles/25486-kak_vyglyadit_elektronnaya_podpis,2025-11-16T03:21:52Z
25,выглядит,14,"Как выглядит скорость 20 км/ч (12,4 мили в час)? : r ...",https://www.reddit.com/r/ElectricSkateboarding/comments/15szdap/what_does_a_speed_of_20_kph_124_mph_look_like/?tl=ru,2025-11-16T03:21:52Z
25,выглядит,15,КАК ВЫГЛЯДИТ РОДИЛЬНОЕ ПЯТНО? (Живородящие ...,https://www.aqa.ru/forum/kak-vyiglyadit-rodilnoe-pyatno-16015-page1,2025-11-16T03:21:52Z
25,выглядит,16,Почему Хаку выглядит как девчонка? : r/Naruto,https://www.reddit.com/r/Naruto/comments/2cmyb4/why_does_haku_look_like_a_chick/?tl=ru,2025-11-16T03:21:52Z
25,выглядит,17,"Правильный и неправильный прикус – что это, как выглядит",https://legstom.ru/zhurnal/pravilnyy-i-nepravilnyy-prikus/,2025-11-16T03:21:52Z
25,выглядит,18,Так вот как выглядит загрунтованная стена? : r/paint,https://www.reddit.com/r/paint/comments/1cssf6x/is_this_how_a_primed_wall_looks/?tl=ru,2025-11-16T03:21:52Z
25,выглядит,19,"Меланома кожи: как выглядит, симптомы, причины, диагностика ...",https://melanomaunit.moscow/onkologiya/melanoma/,2025-11-16T03:21:52Z
25,выглядит,20,Как выглядит галактика Млечный Путь без телескопа/обработки ...,https://www.reddit.com/r/Astronomy/comments/b6wrk0/how_does_the_milky_way_galaxy_look_like_without/?tl=ru,2025-11-16T03:21:52Z
1,#битваэкстрасенсов,1,#битваэкстрасенсов #мэрилинкерро #тнт,https://www.instagram.com/p/C396dXkC4AO/?hl=ar,2025-11-16T14:15:27Z
1,#битваэкстрасенсов,2,Вся правда о битве экстрасенсов #битваэкстрасенсов ...,https://vk.com/wall-61220072_1705436,2025-11-16T14:15:27Z
1,#битваэкстрасенсов,3,"Тот самый диктор ""Битвы экстрасенсов"" #битваэкстрасенсов ...",https://www.instagram.com/reel/DPTTO5pDVE0/,2025-11-16T14:15:27Z
1,#битваэкстрасенсов,4,Женя Шулик #битваэкстрасенсов #магия #экстрасенсы ...,https://vk.com/wall-33722858_540092,2025-11-16T14:15:27Z
1,#битваэкстрасенсов,5,#битваэкстрасенсов - Search / X,https://x.com/hashtag/%D0%B1%D0%B8%D1%82%D0%B2%D0%B0%D1%8D%D0%BA%D1%81%D1%82%D1%80%D0%B0%D1%81%D0%B5%D0%BD%D1%81%D0%BE%D0%B2,2025-11-16T14:15:27Z
1,#битваэкстрасенсов,6,Влад Череватый #битваэкстрасенсов #магия #экстрасенсы ...,https://vk.com/wall-33722858_580426,2025-11-16T14:15:27Z
1,#битваэкстрасенсов,7,Ангелина в первом готзале отрыв фляги #битваэкстрасенсов,https://x.com/space_whale14/status/1903415377587024161,2025-11-16T14:15:27Z
1,#битваэкстрасенсов,8,"Ирина, Арти и Саманта #битваэкстрасенсов #магия ...",https://vk.com/wall-33722858_500561?offset=1&reply=500615,2025-11-16T14:15:27Z
1,#битваэкстрасенсов,9,Битва Экстрасенсов Эстетика,https://ru.pinterest.com/ideas/%D0%B1%D0%B8%D1%82%D0%B2%D0%B0-%D1%8D%D0%BA%D1%81%D1%82%D1%80%D0%B0%D1%81%D0%B5%D0%BD%D1%81%D0%BE%D0%B2-%D1%8D%D1%81%D1%82%D0%B5%D1%82%D0%B8%D0%BA%D0%B0/934860906303/,2025-11-16T14:15:27Z
1,#битваэкстрасенсов,10,Марьяна Романова #битваэкстрасенсов #магия #экстрасенсы ...,https://vk.com/wall-33722858_508096,2025-11-16T14:15:27Z
1,#битваэкстрасенсов,11,"Битва экстрасенсов реалити-шоу 2007 (сериал, 1-24 сезоны, все ...",https://www.kinopoisk.ru/series/467943/,2025-11-16T14:15:27Z
1,#битваэкстрасенсов,12,Все публикации с тегом #битваэкстрасенсов - Вокруг.ТВ,https://www.vokrug.tv/article/tag/3341/,2025-11-16T14:15:27Z
1,#битваэкстрасенсов,13,"Телешоу ""Битва экстрасенсов"" | отзывы",https://irecommend.ru/content/bitva-ekstrasensov,2025-11-16T14:15:27Z
1,#битваэкстрасенсов,14,Новая битва экстрасенсов (2024) смотреть онлайн все серии и ...,https://rutube.ru/metainfo/tv/36/,2025-11-16T14:15:27Z
1,#битваэкстрасенсов,15,"Телешоу ""Битва экстрасенсов"" - «Знаю, что все это чушь, но все ...",https://irecommend.ru/content/znayu-chto-vse-eto-chush-no-vse-ravno-smotryu-uzhe-22-sezon-moi-otzyv-na-bitvu-ekstrasensov,2025-11-16T14:15:27Z
1,#битваэкстрасенсов,16,Битваэкстрасенсов Stories - Wattpad,https://www.wattpad.com/stories/%D0%B1%D0%B8%D1%82%D0%B2%D0%B0%D1%8D%D0%BA%D1%81%D1%82%D1%80%D0%B0%D1%81%D0%B5%D0%BD%D1%81%D0%BE%D0%B2,2025-11-16T14:15:27Z
1,#битваэкстрасенсов,17,Трагические судьбы участников «Битвы экстрасенсов»: чем ...,https://tv.mail.ru/news/76114-tragicheskie-sudby-uchastnikov-bitvy-ehkstrasensov/,2025-11-16T14:15:27Z
1,#битваэкстрасенсов,18,Шоу «Битва экстрасенсов»: как обманывают зрителей маги ...,https://www.kp.ru/daily/26734.3/3760060/,2025-11-16T14:15:27Z
1,#битваэкстрасенсов,19,КАК НАПИСАТЬ ПИСЬМО В «БИТВУ ЭКСТРАСЕНСОВ ...,https://ok.ru/group/52126183981151/topic/65745068225887,2025-11-16T14:15:27Z
1,#битваэкстрасенсов,20,«Битва экстрасенсов» — история программы. «Битва ...,https://www.pravilamag.ru/articles/707641-pozovite-olega-vzyatki-memy-propavshie-nalogi-kratkaya-istoriya-bitvy-ekstrasensov/,2025-11-16T14:15:27Z
2,Сочи,1,Sochi - Wikipedia,https://en.wikipedia.org/wiki/Sochi,2025-11-16T14:15:32Z
2,Сочи,2,Сочи — Википедия,https://ru.wikipedia.org/wiki/%D0%A1%D0%BE%D1%87%D0%B8,2025-11-16T14:15:32Z
2,Сочи,3,ФК Сочи: Официальный сайт футбольного клуба «Cочи»,https://pfcsochi.ru/,2025-11-16T14:15:32Z
2,Сочи,4,Southern California Health Institute | SOCHi,https://sochi.edu/,2025-11-16T14:15:32Z
2,Сочи,5,"Sochi 2014 Winter Olympics - Athletes, Medals & Results",https://www.olympics.com/en/olympic-games/sochi-2014,2025-11-16T14:15:32Z
2,Сочи,6,"Sochi | Russia, Map, History, & Facts | Britannica",https://www.britannica.com/place/Sochi,2025-11-16T14:15:32Z
2,Сочи,7,Sochi 2014 Cross Country Skiing - Olympic Results by Discipline,https://www.olympics.com/en/olympic-games/sochi-2014/results/cross-country-skiing,2025-11-16T14:15:32Z
2,Сочи,8,ХК Сочи - официальный сайт,https://www.hcsochi.ru/,2025-11-16T14:15:32Z
2,Сочи,9,Sochi 2014,https://www.paralympic.org/sochi-2014,2025-11-16T14:15:32Z
2,Сочи,10,Sochi Resort | Radisson Collection Paradise Resort & Spa Sochi,https://www.radissonhotels.com/en-us/hotels/radisson-collection-resort-sochi-spa,2025-11-16T14:15:32Z
2,Сочи,11,Russian Grand Prix 2021 - F1 Race,https://www.formula1.com/en/racing/2021/russia,2025-11-16T14:15:32Z
2,Сочи,12,Arshile Gorky. Garden in Sochi. 1941 | MoMA,https://www.moma.org/collection/works/79474,2025-11-16T14:15:32Z
2,Сочи,13,Sochi - Wikitravel,https://wikitravel.org/en/Sochi,2025-11-16T14:15:32Z
2,Сочи,14,Сириус Автодром (Сочи),https://siriusautodrom.ru/,2025-11-16T14:15:32Z
2,Сочи,15,Find Cheap Flights to Sochi - Google Flights,https://www.google.com/travel/flights/flights-to-sochi.html,2025-11-16T14:15:32Z
2,Сочи,16,Book Flights to Sochi | Turkish Airlines ®,https://www.turkishairlines.com/en-us/flights/flights-to-sochi/,2025-11-16T14:15:32Z
2,Сочи,17,Find Cheap Flights from Sochi - Google Flights,https://www.google.com/travel/flights/flights-from-sochi.html,2025-11-16T14:15:32Z
2,Сочи,18,The Sochi Project - The Summer Capital,https://www.thesochiproject.org/en/chapters/the-summer-capital/,2025-11-16T14:15:32Z
2,Сочи,19,SSU,https://en.sutr.ru/,2025-11-16T14:15:32Z
2,Сочи,20,Афиша Сочи 2025-2026 - куда сходить в Сочи - мероприятия и ...,https://sochi.kassir.ru/,2025-11-16T14:15:32Z
3,валентин,1,Валентин — Википедия,https://ru.wikipedia.org/wiki/%D0%92%D0%B0%D0%BB%D0%B5%D0%BD%D1%82%D0%B8%D0%BD,2025-11-16T14:15:36Z
3,валентин,2,Валентин Стрыкало - Развлечение (2016) Ссылка в описании ...,https://www.instagram.com/p/BLh7jKUD_Nu/?hl=en,2025-11-16T14:15:36Z
3,валентин,3,900+ СВЕТИ ВАЛЕНТИН ideas to save today | valentine crafts ...,https://www.pinterest.com/ndakova/%D1%81%D0%B2%D0%B5%D1%82%D0%B8-%D0%B2%D0%B0%D0%BB%D0%B5%D0%BD%D1%82%D0%B8%D0%BD/,2025-11-16T14:15:36Z
3,валентин,4,Валентин Блох фотограф (@valentin_blokh) • Instagram photos ...,https://www.instagram.com/valentin_blokh/?hl=en,2025-11-16T14:15:36Z
3,валентин,5,Татарицкий Валентин Болеславович,https://eec.eaeunion.org/comission/member/tataritskiy-valentin-boleslavovich/,2025-11-16T14:15:36Z
3,валентин,6,Валентин Фокин | ВКонтакте,https://vk.com/beatwell,2025-11-16T14:15:36Z
3,валентин,7,Валентин Сидоров - YouTube,https://www.youtube.com/channel/UCt3Btcf3yPl8zBEcf0a_E3w,2025-11-16T14:15:36Z
3,валентин,8,Иванов Валентин Олегович | Министерство транспорта ...,https://mintrans.gov.ru/ministry/structure/ivanov-valentin-olegovich,2025-11-16T14:15:36Z
3,валентин,9,‪Valentin Romanovski (Романовский Валентин)‬ - ‪Академия Google‬,https://scholar.google.com/citations?user=ZDd74lsAAAAJ&hl=ru,2025-11-16T14:15:36Z
3,валентин,10,"Валентин и Валентина - Театр имени Ленсовета, Санкт-Петербург",https://lensov-theatre.spb.ru/repertoire/malaya-scena/valentin-i-valentina2/,2025-11-16T14:15:36Z
3,валентин,11,Валентин Wind Forecast: wind speed & gusts — Windy.app,https://windy.app/forecast2/spot/612815/%D0%92%D0%B0%D0%BB%D0%B5%D0%BD%D1%82%D0%B8%D0%BD,2025-11-16T14:15:36Z
3,валентин,12,Пугач Валентин Николаевич,https://www.vyatsu.ru/contacts/15,2025-11-16T14:15:36Z
3,валентин,13,"Теория ремейка ""Мой кровавый Валентин"" 2009 года : r/horror",https://www.reddit.com/r/horror/comments/qg18kg/my_bloody_valentine_2009_remake_theory/?tl=ru,2025-11-16T14:15:36Z
3,валентин,14,Енокаев Валентин Кемилевич - Официальный сайт ...,https://www.gov.spb.ru/gov/otrasl/c_transport/svedenija-o-rukovoditeljah/enokaev-valentin-kemilevich/,2025-11-16T14:15:36Z
3,валентин,15,Синий валентин - кто не прав? [Возможны спойлеры в описании ...,https://www.reddit.com/r/movies/comments/2pfmdu/blue_valentine_who_is_in_the_wrong_possible/?tl=ru,2025-11-16T14:15:36Z
3,валентин,16,"Валентин Сидоров в Пензе, афиша и билеты",https://pnz.kassir.ru/shou/valentin-sidorov-7,2025-11-16T14:15:36Z
3,валентин,17,Валентин Сидоров: Standup | билеты на концерты в ...,https://ptz.kassir.ru/koncert/valentin-sidorov-standup,2025-11-16T14:15:36Z
3,валентин,18,Валентин и Валентина | Театр юного зрителя,https://tuz-xa.ru/repertoire/valentin-i-valentina,2025-11-16T14:15:36Z
3,валентин,19,"Валентин Сидоров в Ульяновске, афиша и билеты",https://ulyanovsk.kassir.ru/shou/valentin-sidorov-11,2025-11-16T14:15:36Z
3,валентин,20,Демидов Валентин Валентинович,https://beladm.gosuslugi.ru/persony/persony-2397_81.html,2025-11-16T14:15:36Z
4,ЛГБТ,1,ЛГБТ — Википедия,https://ru.wikipedia.org/wiki/%D0%9B%D0%93%D0%91%D0%A2,2025-11-16T14:15:41Z
4,ЛГБТ,2,Почему так много ЛГБТ персонажей? : r/Sandman,https://www.reddit.com/r/Sandman/comments/wkopf4/why_are_there_so_much_lgbt_characters/?tl=ru,2025-11-16T14:15:41Z
4,ЛГБТ,3,Гепатит C и здоровье ЛГБТК+,https://doh.wa.gov/sites/default/files/2025-07/150-204-HepC-LGBTQProvider-Russian.pdf,2025-11-16T14:15:41Z
4,ЛГБТ,4,"Почему столько людей думают, что «Лука» про ЛГБТ? : r/Pixar",https://www.reddit.com/r/Pixar/comments/oh1vt2/why_are_so_many_people_thinking_luca_is_about/?tl=ru,2025-11-16T14:15:41Z
4,ЛГБТ,5,Парламент Казахстана проголосовал за запрет «пропаганды ...,https://www.bbc.com/russian/articles/cr7mxd750gzo,2025-11-16T14:15:41Z
4,ЛГБТ,6,The Kremlin and the Russian Orthodox Church: A Dangerous Alliance,https://intersections.ssrc.org/?post_type=ramp_article&p=2023,2025-11-16T14:15:41Z
4,ЛГБТ,7,Жить с гордостью понимаем права ЛГБТК,https://www.nyc.gov/assets/cchr/downloads/pdf/publications/RU_LGBTQ_Brochure.pdf,2025-11-16T14:15:41Z
4,ЛГБТ,8,LGBTQ people - Wikipedia,https://en.wikipedia.org/wiki/LGBTQ_people,2025-11-16T14:15:41Z
4,ЛГБТ,9,"Жизнь ЛГБТ-людей в Туркменистане, самой закрытой стране ...",https://tgeu.org/ru/the-lives-of-lgbt-people-in-turkmenistan-the-most-closed-off-country-in-eastern-europe-and-central-asia/,2025-11-16T14:15:41Z
4,ЛГБТ,10,Військові ЛГБТ+ 🏳️‍ ⚔️ (@lgbtiqmilitary) • Instagram photos ...,https://www.instagram.com/lgbtiqmilitary/?hl=en,2025-11-16T14:15:41Z
4,ЛГБТ,11,Офис по делам ЛГБТ | Домашняя страница | Город Филадельфия,https://www.phila.gov/ru/departments/office-of-lgbt-affairs/,2025-11-16T14:15:41Z
4,ЛГБТ,12,Сейчас активно в сети обсуждают отношения к ЛГБТ 🏳️‍ Хочу ...,https://www.instagram.com/p/CC3YuBLHKSKprkAor-45chgdd6AX9eXbybRSqM0/?hl=en,2025-11-16T14:15:41Z
4,ЛГБТ,13,Политическое убежище США для ЛГБТ представителей,https://kolyadalaw.com/politicheskoe-ubezhishhe-ssha-dlya-lgbt/,2025-11-16T14:15:41Z
4,ЛГБТ,14,Преступления на почве ненависти против ЛГБТ в России [Hate ...,https://www.ssrn.com/abstract=3084887,2025-11-16T14:15:41Z
4,ЛГБТ,15,Los Angeles LGBT Center - A Safe Welcoming Space for LGBTQ+,https://lalgbtcenter.org/,2025-11-16T14:15:41Z
4,ЛГБТ,16,Пропаганда ЛГБТ запрещена законом! - УПОЛНОМОЧЕННЫЙ ...,https://deti.gov.ru/Press-Centr/region-news/8661,2025-11-16T14:15:41Z
4,ЛГБТ,17,Гей Даллас: Идеи выходных для ЛГБТ | Visit Dallas,https://www.visitdallas.com/ru/plan/itineraries/lgbtq-weekend/,2025-11-16T14:15:41Z
4,ЛГБТ,18,Эксперты ООН призвали РФ положить конец ...,https://news.un.org/ru/story/2023/12/1447502,2025-11-16T14:15:41Z
4,ЛГБТ,19,Решение гейского вопроса. Почему ЛГБТ назначили главным ...,https://carnegieendowment.org/russia-eurasia/politika/2025/06/russia-new-lgbt-repressions?lang=ru,2025-11-16T14:15:41Z
4,ЛГБТ,20,Права человека ЛГБТ в Беларуси,https://upr-info.org/sites/default/files/documents/2015-04/hrp_gb_upr22_blr_r_main.pdf,2025-11-16T14:15:41Z
5,#клуَбромантиٍки,1,#клуَбромантиٍки ✝️ No masters or kings when the ritual begins ...,https://x.com/sherlockeddove/status/1804959080387113360,2025-11-16T14:15:46Z
5,#клуَбромантиٍки,2,Which one is your favorite? 🌪️ #romantizmkulübü ...,https://www.instagram.com/p/DQyjCFzjOPr/,2025-11-16T14:15:46Z
5,#клуَбромантиٍки,3,This banger. #клуَбромантиٍки,https://x.com/KNGBITNA/status/1989058351901323384,2025-11-16T14:15:46Z
5,#клуَбромантиٍки,4,"Всем хорошей среды, девочки! #клуَбромантиٍки",https://x.com/imorimiri/status/1988586002064228388,2025-11-16T14:15:46Z
5,#клуَбромантиٍки,5,Я исправила это недоразумение. Теперь все канонично ...,https://x.com/imorimiri/status/1989431397220848035,2025-11-16T14:15:46Z
5,#клуَбромантиٍки,6,"ало це Мілдред? on X: ""#клуَбромантиٍки Дед с батей сцепились ...",https://twitter.com/Pathetic_Cretin/status/1256946926622257153,2025-11-16T14:15:46Z
5,#клуَбромантиٍки,7,"590 Garden of Eden ideas in 2025 | garden of eden, eden, romance",https://www.pinterest.com/ala_gamal/garden-of-eden/,2025-11-16T14:15:46Z
5,#клуَбромантиٍки,8,"""Алиса Морошкина"" - Results on X | Live Posts & Updates",https://www.twitter.com/search?q=%D0%90%D0%BB%D0%B8%D1%81%D0%B0%20%D0%9C%D0%BE%D1%80%D0%BE%D1%88%D0%BA%D0%B8%D0%BD%D0%B0&f=users,2025-11-16T14:15:46Z
5,#клуَбромантиٍки,9,"""Ты Кто"" - Results on X | Live Posts & Updates",https://www.twitter.com/search?q=%D0%A2%D1%8B%20%D0%9A%D1%82%D0%BE&f=users,2025-11-16T14:15:46Z
5,#клуَбромантиٍки,10,Dino,https://se.pinterest.com/pin/1099019115328676510/,2025-11-16T14:15:46Z
5,#клуَбромантиٍки,11,Objevujte 66 nápadů na téma Hodge a Luci a Malbonte a Dino ...,https://cz.pinterest.com/monikaruthov/hodge-a-luci-a-malbonte-a-dino/,2025-11-16T14:15:46Z
5,#клуَбромантиٍки,12,Românce club dino (restaurat) pe Pinterest,https://ro.pinterest.com/andreibac125/rom%C3%A2nce-club-dino-restaurat/,2025-11-16T14:15:46Z
5,#клуَбромантиٍки,13,Tai — Fırtınalar Efsanesi 3. Sezon 4. Bölüm - YouTube,https://www.youtube.com/watch?v=tqLV7xwHHdQ,2025-11-16T14:15:46Z
6,Western,1,Western Washington University - Bellingham,https://www.wwu.edu/,2025-11-16T14:15:50Z
6,Western,2,Western Union,https://www.westernunion.com/us/en/home.html,2025-11-16T14:15:50Z
6,Western,3,Western Michigan University | Pursue your purpose - Kalamazoo,https://wmich.edu/,2025-11-16T14:15:50Z
6,Western,4,Western Technical College | The affordable path to a great career ...,https://www.westerntc.edu/,2025-11-16T14:15:50Z
6,Western,5,Western Illinois University - Your potential. Our purpose.,https://www.wiu.edu/,2025-11-16T14:15:50Z
6,Western,6,Western Carolina University,https://www.wcu.edu/,2025-11-16T14:15:50Z
6,Western,7,Snowplows & Spreaders | WESTERN® Snow & Ice Control,https://westernplows.com/,2025-11-16T14:15:50Z
6,Western,8,Western University of Health Sciences - Pomona,https://www.westernu.edu/,2025-11-16T14:15:50Z
6,Western,9,Western Connecticut State University - Danbury,https://www.wcsu.edu/,2025-11-16T14:15:50Z
6,Western,10,Western Colorado University - Gunnison,https://western.edu/,2025-11-16T14:15:50Z
6,Western,11,Western Kentucky University: WKU - Bowling Green,https://www.wku.edu/,2025-11-16T14:15:50Z
6,Western,12,Western (genre) - Wikipedia,https://en.wikipedia.org/wiki/Western_(genre),2025-11-16T14:15:50Z
6,Western,13,Western Governors University – Online College,https://www.wgu.edu/,2025-11-16T14:15:50Z
6,Western,14,Save On Tuition | Western Undergraduate Exchange (WUE),https://www.wiche.edu/tuition-savings/wue/,2025-11-16T14:15:50Z
6,Western,15,Western Window Systems,https://westernwindowsystems.com/,2025-11-16T14:15:50Z
6,Western,16,"Western Wyoming Community College | Rock Springs, WY",https://www.westernwyoming.edu/,2025-11-16T14:15:50Z
6,Western,17,Western Rise: Gear For The Escape,https://westernrise.com/,2025-11-16T14:15:50Z
6,Western,18,WICHE: Home,https://www.wiche.edu/,2025-11-16T14:15:50Z
6,Western,19,"WESTERN - Western Oklahoma State College | Altus, OK",https://www.wosc.edu/,2025-11-16T14:15:50Z
6,Western,20,Best Western Hotels - Book Online For The Lowest Rate,https://www.bestwestern.com/en_US.html,2025-11-16T14:15:50Z
7,вчера,1,"вчера - Wiktionary, the free dictionary",https://en.wiktionary.org/wiki/%D0%B2%D1%87%D0%B5%D1%80%D0%B0,2025-11-16T14:15:55Z
7,вчера,2,"Как мне избавиться от раздражающих ""Сегодня, Вчера, Ранее ...",https://www.reddit.com/r/WindowsHelp/comments/1jnbfz9/how_do_i_get_rid_of_the_annoying_today_yesterday/?tl=ru,2025-11-16T14:15:55Z
7,вчера,3,Отчет активности за вчера | Справочный центр Welltory,https://help.welltory.com/ru/articles/3878891-%D0%BE%D1%82%D1%87%D0%B5%D1%82-%D0%B0%D0%BA%D1%82%D0%B8%D0%B2%D0%BD%D0%BE%D1%81%D1%82%D0%B8-%D0%B7%D0%B0-%D0%B2%D1%87%D0%B5%D1%80%D0%B0,2025-11-16T14:15:55Z
7,вчера,4,"Как сократить ""вчера""? : r/ENGLISH",https://www.reddit.com/r/ENGLISH/comments/kspewl/how_to_abbreviate_yesterday/?tl=ru,2025-11-16T14:15:55Z
7,вчера,5,MarkovaMari | lifestyle & aesthetics | Вчера я отпустил тебя ...,https://www.instagram.com/p/DJvrd-tIAuT/?hl=en,2025-11-16T14:15:55Z
7,вчера,6,"Вчера посетил Музей изящных искусств в Бостоне, у них там ...",https://www.reddit.com/r/Buddhism/comments/1mcas3v/i_visited_museum_of_fine_arts_boston_yesterday/?tl=ru,2025-11-16T14:15:55Z
7,вчера,7,Вчера был великолепный концерт в Германии! Спасибо всем ...,https://www.instagram.com/p/DMGGUvYKap4/?hl=en,2025-11-16T14:15:55Z
7,вчера,8,Yesterday (1988 film) - Wikipedia,https://en.wikipedia.org/wiki/Yesterday_(1988_film),2025-11-16T14:15:55Z
7,вчера,9,"Вчера посвятила вечер разным блогам, в основном, связанным с ...",https://www.instagram.com/tv/CZhGkiEJxWA/,2025-11-16T14:15:55Z
7,вчера,10,Yesterday (1988) - IMDb,https://www.imdb.com/title/tt0170783/,2025-11-16T14:15:55Z
7,вчера,11,Из вчера,https://www.instagram.com/p/DKmpw8VTpLp/,2025-11-16T14:15:55Z
7,вчера,12,"Вчера не мог собраться с силами, чтобы что-то написать ...",https://www.facebook.com/vladimir.karamurza.5/posts/%D0%B2%D1%87%D0%B5%D1%80%D0%B0-%D0%BD%D0%B5-%D0%BC%D0%BE%D0%B3-%D1%81%D0%BE%D0%B1%D1%80%D0%B0%D1%82%D1%8C%D1%81%D1%8F-%D1%81-%D1%81%D0%B8%D0%BB%D0%B0%D0%BC%D0%B8-%D1%87%D1%82%D0%BE%D0%B1%D1%8B-%D1%87%D1%82%D0%BE-%D1%82%D0%BE-%D0%BD%D0%B0%D0%BF%D0%B8%D1%81%D0%B0%D1%82%D1%8C-%D1%81%D0%B5%D1%80%D0%B4%D1%86%D0%B5-%D0%B7%D0%B0%D0%BA%D0%BE%D0%BB%D0%BE%D1%82%D0%B8%D0%BB%D0%BE%D1%81%D1%8C-%D0%BA%D0%B0%D0%BA-%D1%82%D0%BE/10172114955400134/,2025-11-16T14:15:55Z
7,вчера,13,Леонид Талочкин «Завтра — см. вчера». Дневники | Музей ...,https://garagemca.org/programs/publishing/leonid-talochkin-diaries,2025-11-16T14:15:55Z
7,вчера,14,"Криминалистика: вчера, сегодня, завтра ВСИ МВД России ...",https://kvsz.ru/,2025-11-16T14:15:55Z
7,вчера,15,"Вчера наступило внезапно, Винни-Пух или Прощай, Битлз//А.Милн",https://www.okolo.ru/shows/yesterday/,2025-11-16T14:15:55Z
7,вчера,16,Вчера. Сегодня. Навсегда. Все Серии. Мелодрама. Лучшие ...,https://www.youtube.com/playlist?list=PLhuA9d7RIOda9wJPII-pmcjveDhfxahdq,2025-11-16T14:15:55Z
7,вчера,17,Рождённая вчера (фильм) — Википедия,https://ru.wikipedia.org/wiki/%D0%A0%D0%BE%D0%B6%D0%B4%D1%91%D0%BD%D0%BD%D0%B0%D1%8F_%D0%B2%D1%87%D0%B5%D1%80%D0%B0_(%D1%84%D0%B8%D0%BB%D1%8C%D0%BC),2025-11-16T14:15:55Z
7,вчера,18,вчера - Перевод на английский - примеры русский | Reverso ...,https://context.reverso.net/%D0%BF%D0%B5%D1%80%D0%B5%D0%B2%D0%BE%D0%B4/%D1%80%D1%83%D1%81%D1%81%D0%BA%D0%B8%D0%B9-%D0%B0%D0%BD%D0%B3%D0%BB%D0%B8%D0%B9%D1%81%D0%BA%D0%B8%D0%B9/%D0%B2%D1%87%D0%B5%D1%80%D0%B0,2025-11-16T14:15:55Z
7,вчера,19,XXVI Международный зерновой раунд «Рынок зерна - вчера ...,http://grun.ru/events/detail.php?SECTION_ID=25&ID=11908,2025-11-16T14:15:55Z
7,вчера,20,Рецензии на книгу Приходи вчера. Жуткие былички,https://kotytan.com/reviewpv,2025-11-16T14:15:55Z
8,Питер,1,"Магазин книг ИД Питер - Москва, Санкт-Петербург, вся Россия",https://www.piter.com/,2025-11-16T14:15:59Z
8,Питер,2,Санкт-Петербург — Википедия,https://ru.wikipedia.org/wiki/%D0%A1%D0%B0%D0%BD%D0%BA%D1%82-%D0%9F%D0%B5%D1%82%D0%B5%D1%80%D0%B1%D1%83%D1%80%D0%B3,2025-11-16T14:15:59Z
8,Питер,3,Когда Питер Паркер влюбился в MJ? : r/Marvel,https://www.reddit.com/r/Marvel/comments/116l0cv/when_did_peter_parker_catch_feelings_for_mj/?tl=ru,2025-11-16T14:15:59Z
8,Питер,4,ТРК «Питер Радуга»,https://trkraduga.ru/,2025-11-16T14:15:59Z
8,Питер,5,"Тётя Мэй точно знала, что Питер — Человек-паук, в «Человеке ...",https://www.reddit.com/r/Marvel/comments/4f7kh0/aunt_may_totally_knew_peter_was_spiderman_in/?tl=ru,2025-11-16T14:15:59Z
8,Питер,6,Сервисный Центр Лодки-Питер на Литовской,https://lodki-piter.ru/stores/2/,2025-11-16T14:15:59Z
8,Питер,7,Экскурсии в Санкт-Петербурге 2025 🏛️ цены от 100 ₽ – цены ...,https://www.sputnik8.com/ru/st-petersburg,2025-11-16T14:15:59Z
8,Питер,8,"Питер - Wiktionary, the free dictionary",https://en.wiktionary.org/wiki/%D0%9F%D0%B8%D1%82%D0%B5%D1%80,2025-11-16T14:15:59Z
8,Питер,9,"Авторизованный фирменный магазин Samsung в ТРК ""Питер ...",https://www.samsungstore.ru/shops/70/,2025-11-16T14:15:59Z
8,Питер,10,Адреса магазинов Лодки-Питер,https://lodki-piter.ru/stores/,2025-11-16T14:15:59Z
8,Питер,11,Питер Пэн / Театр им. Евгения Вахтангова. Официальный сайт.,https://vakhtangov.ru/show/piter_pen/,2025-11-16T14:15:59Z
8,Питер,12,Издательство «Питер» | Номер заявки в РКН: № 6204603357 ...,https://vk.com/piterbooks,2025-11-16T14:15:59Z
8,Питер,13,Питер Пэн и Венди | Государственный Академический ...,https://www.puppet.ru/performances/piter-pen-i-vendi,2025-11-16T14:15:59Z
8,Питер,14,Ты и Питер Tab by Wildways | Songsterr Tabs with Rhythm,https://www.songsterr.com/a/wsa/wildways-tab-s698525,2025-11-16T14:15:59Z
8,Питер,15,Peter Lindbergh Foundation (@therealpeterlindbergh) • Instagram ...,https://www.instagram.com/therealpeterlindbergh/?hl=en,2025-11-16T14:15:59Z
8,Питер,16,Маршал торговой войны. Как взгляды Питера Наварро влияют ...,https://carnegieendowment.org/russia-eurasia/politika/2025/04/navarro-advise-foreign-policy?lang=ru,2025-11-16T14:15:59Z
8,Питер,17,Большой театр • Питер Пэн,https://bolshoi.ru/performances/opera/peter-pan,2025-11-16T14:15:59Z
8,Питер,18,PRO Питер | Танцы СПБ | Танцы для детей и взрослых в ...,https://pitertancy.pro/,2025-11-16T14:15:59Z
8,Питер,19,Питер Пэн,https://buffspb.ru/osnovnaya-stsena/piter_pen.html,2025-11-16T14:15:59Z
8,Питер,20,Питер — Шаверма в Белграде. Доставка и самовывоз,https://piter.rs/,2025-11-16T14:15:59Z
9,Telegram,1,Telegram Messenger,https://telegram.org/,2025-11-16T14:16:03Z
9,Telegram,2,Telegram Web,https://web.telegram.org/,2025-11-16T14:16:03Z
9,Telegram,3,‎Telegram Messenger App - App Store,https://apps.apple.com/us/app/telegram-messenger/id686449807,2025-11-16T14:16:03Z
9,Telegram,4,Telegram - Apps on Google Play,https://play.google.com/store/apps/details?id=org.telegram.messenger&hl=en_US,2025-11-16T14:16:03Z
9,Telegram,5,"Worcester Telegram : Local News, Politics & Sports in Worcester, MA",https://www.telegram.com/,2025-11-16T14:16:03Z
9,Telegram,6,Telegram (software) - Wikipedia,https://en.wikipedia.org/wiki/Telegram_(software),2025-11-16T14:16:03Z
9,Telegram,7,My Telegram,https://my.telegram.org/,2025-11-16T14:16:03Z
9,Telegram,8,Telegram for macOS,https://macos.telegram.org/,2025-11-16T14:16:03Z
9,Telegram,9,Telegram to Return $1.2 Billion to Investors and Pay ... - SEC.gov,https://www.sec.gov/newsroom/press-releases/2020-146,2025-11-16T14:16:03Z
9,Telegram,10,Telegram (disambiguation) - Wikipedia,https://en.wikipedia.org/wiki/Telegram_(disambiguation),2025-11-16T14:16:03Z
9,Telegram,11,The Zimmermann Telegram | National Archives,https://www.archives.gov/education/lessons/zimmermann,2025-11-16T14:16:03Z
9,Telegram,12,Telegram Desktop,https://desktop.telegram.org/,2025-11-16T14:16:03Z
9,Telegram,13,telegramdesktop/tdesktop: Telegram Desktop messaging app - GitHub,https://github.com/telegramdesktop/tdesktop,2025-11-16T14:16:03Z
9,Telegram,14,"Pavel Durov: Telegram, Freedom, Censorship, Money, Power ...",https://www.youtube.com/watch?v=qjPH9njnaVU&vl=en,2025-11-16T14:16:03Z
9,Telegram,15,Fort Worth Star-Telegram: Fort Worth Breaking News & Sports,https://www.star-telegram.com/,2025-11-16T14:16:03Z
9,Telegram,16,Is Telegram really an encrypted messaging app? – A Few Thoughts ...,https://blog.cryptographyengineering.com/2024/08/25/telegram-is-not-really-an-encrypted-messaging-app/,2025-11-16T14:16:03Z
9,Telegram,17,View @ipotekabankofficial - Telegram,https://t.me/ipotekabankofficial,2025-11-16T14:16:03Z
9,Telegram,18,Telegram Desktop - Free download and install on Windows ...,https://apps.microsoft.com/detail/9nztwsqntd0s?hl=en-US&gl=US,2025-11-16T14:16:03Z
9,Telegram,19,Zimmermann Telegram | National WWI Museum and Memorial,https://www.theworldwar.org/learn/about-wwi/zimmermann-telegram,2025-11-16T14:16:03Z
9,Telegram,20,Telegram Founder Pavel Durov Speaks Out for the First Time Since ...,https://www.youtube.com/watch?v=bxFQvOyTolg,2025-11-16T14:16:03Z
10,Илон Маск,1,"Маск, Илон — Википедия","https://ru.wikipedia.org/wiki/%D0%9C%D0%B0%D1%81%D0%BA,_%D0%98%D0%BB%D0%BE%D0%BD",2025-11-16T14:16:08Z
10,Илон Маск,2,Elon Musk - Wikipedia,https://en.wikipedia.org/wiki/Elon_Musk,2025-11-16T14:16:08Z
10,Илон Маск,3,Сколько языков знает Илон Маск? : r/teslamotors,https://www.reddit.com/r/teslamotors/comments/3nrvyy/how_many_languages_can_elon_musk_speak/?tl=ru,2025-11-16T14:16:08Z
10,Илон Маск,4,Илон Маск оценил стоимость строительства города на Марсе,https://www.ixbt.com/news/2025/10/20/ilon-mask-ocenil-stoimost-stroitelstva-goroda-na-marse.html,2025-11-16T14:16:08Z
10,Илон Маск,5,I regret some of my posts about President @realDonaldTrump last ...,https://x.com/elonmusk/status/1932695486684950962?lang=en,2025-11-16T14:16:08Z
10,Илон Маск,6,Илон Маск рассказал о своем взгляде на ценность биткоина ...,https://bits.media/ilon-mask-rasskazal-o-svoem-vzglyade-na-tsennost-bitkoina/,2025-11-16T14:16:08Z
10,Илон Маск,7,"Кто такой Илон Маск: бизнес, биография, личная жизнь, секреты ...",https://trends.rbc.ru/trends/futurology/5eeb9edd9a79475e75f0c0e4,2025-11-16T14:16:08Z
10,Илон Маск,8,Elon Musk (@elonmusk) / Posts / X,https://x.com/elonmusk,2025-11-16T14:16:08Z
10,Илон Маск,9,Neuralink — Pioneering Brain Computer Interfaces,https://neuralink.com/,2025-11-16T14:16:08Z
10,Илон Маск,10,What Elon Musk's Bid to Buy Twitter Means for Free Speech | TIME,https://time.com/6167099/twitter-employees-elon-musk-free-speech/,2025-11-16T14:16:08Z
10,Илон Маск,11,SpaceX,https://www.spacex.com/,2025-11-16T14:16:08Z
10,Илон Маск,12,Илон Маск (Elon Musk Russia) - YouTube,https://www.youtube.com/@ElonMusksu,2025-11-16T14:16:08Z
10,Илон Маск,13,Elon Musk | Tesla,https://www.tesla.com/elon-musk,2025-11-16T14:16:08Z
10,Илон Маск,14,Маск нажал на кнопку после года критики. SpaceX отключила ...,https://www.securitylab.ru/news/565008.php,2025-11-16T14:16:08Z
10,Илон Маск,15,Elon Musk - Tesla,https://www.forbes.com/profile/elon-musk/,2025-11-16T14:16:08Z
10,Илон Маск,16,"""Так работает мой мозг"". Илон Маск на шоу Saturday Night Live ...",https://www.bbc.com/russian/news-57046422,2025-11-16T14:16:08Z
10,Илон Маск,17,Илон Маск – Kstati Russian American News and Views,https://kstati.net/ilon-mask/,2025-11-16T14:16:08Z
10,Илон Маск,18,"Илон Маск выиграл суд с дайвером, обидевшимся на намек в ...",https://www.bbc.com/russian/news-50695673,2025-11-16T14:16:08Z
10,Илон Маск,19,"Челлендж Илона Маска Когда Илон Маск был студентом, он ...",https://www.facebook.com/gdemoidengi/posts/%D1%87%D0%B5%D0%BB%D0%BB%D0%B5%D0%BD%D0%B4%D0%B6-%D0%B8%D0%BB%D0%BE%D0%BD%D0%B0-%D0%BC%D0%B0%D1%81%D0%BA%D0%B0%D0%BA%D0%BE%D0%B3%D0%B4%D0%B0-%D0%B8%D0%BB%D0%BE%D0%BD-%D0%BC%D0%B0%D1%81%D0%BA-%D0%B1%D1%8B%D0%BB-%D1%81%D1%82%D1%83%D0%B4%D0%B5%D0%BD%D1%82%D0%BE%D0%BC-%D0%BE%D0%BD-%D1%80%D0%B5%D1%88%D0%B8%D0%BB-%D0%BF%D1%80%D0%BE%D0%B2%D0%B5%D1%81%D1%82%D0%B8-%D1%8D%D0%BA%D1%81%D0%BF%D0%B5%D1%80%D0%B8%D0%BC%D0%B5%D0%BD%D1%82-/1271531298306352/,2025-11-16T14:16:08Z
10,Илон Маск,20,Илон Маск создал альтернативу Википедии — Грокипедию - BBC ...,https://www.bbc.com/russian/articles/cn8x5gn8pz2o,2025-11-16T14:16:08Z
11,Эпштейна,1,"Эпштейн, Джеффри — Википедия","https://ru.wikipedia.org/wiki/%D0%AD%D0%BF%D1%88%D1%82%D0%B5%D0%B9%D0%BD,_%D0%94%D0%B6%D0%B5%D1%84%D1%84%D1%80%D0%B8",2025-11-16T14:16:12Z
11,Эпштейна,2,Досье Эпштейна: ни один человек не должен быть недосягаем ...,https://news.un.org/ru/story/2024/01/1448747,2025-11-16T14:16:12Z
11,Эпштейна,3,"Демократы обнародовали письма Эпштейна, в которых ...",https://www.bbc.com/russian/articles/c1j8yjj1pe9o,2025-11-16T14:16:12Z
11,Эпштейна,4,Jeffrey Epstein - Wikipedia,https://en.wikipedia.org/wiki/Jeffrey_Epstein,2025-11-16T14:16:12Z
11,Эпштейна,5,Трамп приказал расследовать возможные связи Эпштейна с ...,https://www.bbc.com/russian/articles/c620e7zkrr1o,2025-11-16T14:16:12Z
11,Эпштейна,6,АмплиСенс® EBV-скрин/монитор-FL. Выявление и ...,https://www.amplisens.ru/catalog/4-nabory-reagentov-dlya-ptsrdiagnostiki-infektsionnykh-bolezney-cheloveka/46-gerpesvirusnye-infektsii/amplisens-ebvskrinmonitorfl-vyyavlenie-i-kolichestvennoe-opredelenie-dnk-virusa-epshteyna-barr/,2025-11-16T14:16:12Z
11,Эпштейна,7,"Трамп, новые документы из дела Эпштейна и «книга на день ...",https://www.bbc.com/russian/articles/c98d3pq5ryvo,2025-11-16T14:16:12Z
11,Эпштейна,8,"Вирус Эпштейна-Барр — причины появления, симптомы ...",https://www.ckbran.ru/cure/immunology/virus-epshteyna-barr,2025-11-16T14:16:12Z
11,Эпштейна,9,Инфекционный мононуклеоз: Вирус Эпштейна-Барр (вирус ...,https://invitro.kz/analizes/for-doctors/563/,2025-11-16T14:16:12Z
11,Эпштейна,10,Mikhail Epstein,https://www.facebook.com/mikhail.epstein/,2025-11-16T14:16:12Z
11,Эпштейна,11,"Вирус Эпштейна-Барра - симптомы и диагностика, цены на ...",https://hadassah.moscow/virus-epshteina-barra/,2025-11-16T14:16:12Z
11,Эпштейна,12,Эпштейн - Барр вирусная инфекция (инфекционный ...,https://unilab.su/services/analyses/khabarovsk/195/,2025-11-16T14:16:12Z
11,Эпштейна,13,Антитела (Ig G) к ядерному белку вируса Эпштейна-Барр - от ...,https://cdmed.ru/analyze/sankt-peterburg/antitela-ig-g-k-yadernomu-belku-virusa-epshteyna-barr/,2025-11-16T14:16:12Z
11,Эпштейна,14,Опубликована переписка Джеффри Эпштейна. Что в ней нашли ...,https://meduza.io/feature/2025/11/14/opublikovana-perepiska-dzheffri-epshteyna-chto-v-ney-nashli-est-li-tam-tramp,2025-11-16T14:16:12Z
11,Эпштейна,15,Медицинский центр - Асклепий Вирус Эпштейна–Барр (EBV ...,https://asklepiy-dv.ru/services/laboratory/pcr-diagnostika/52-virusnye-infekcii/52-8/,2025-11-16T14:16:12Z
11,Эпштейна,16,Почему дело Эпштейна вызвало кризис доверия к Трампу – DW ...,https://www.dw.com/ru/pocemu-delo-epstejna-vyzvalo-krizis-doveria-k-trampu/a-73326103,2025-11-16T14:16:12Z
11,Эпштейна,17,"Хронический вирус Эпштейна Барр - причины, симптомы ...",https://www.onclinic.ru/khronicheskiy-virus-epshteyna-barr/,2025-11-16T14:16:12Z
11,Эпштейна,18,Как Трамп переместился в центр скандала вокруг дела Эпштейна,https://www.rbc.ru/politics/13/11/2025/6915da1e9a79475520eb26bc,2025-11-16T14:16:12Z
11,Эпштейна,19,Комплексное исследование на вирус Эпштейна-Барр (EBV ...,https://unilab.su/services/analyses/trudovoe/66/55397/,2025-11-16T14:16:12Z
11,Эпштейна,20,Вирус эпштейна-барр - Анализы и цены,https://smartlab.ua/ru/analize/diagnostika-torch-infekcij/virus-epshtejna-barr,2025-11-16T14:16:12Z
12,#Ethereum,1,Ethereum - Wikipedia,https://en.wikipedia.org/wiki/Ethereum,2025-11-16T14:16:17Z
12,#Ethereum,2,"Ethereum price today, ETH to USD live price, marketcap and chart ...",https://coinmarketcap.com/currencies/ethereum/,2025-11-16T14:16:17Z
12,#Ethereum,3,Ethereum,https://www.reddit.com/r/ethereum/,2025-11-16T14:16:17Z
12,#Ethereum,4,"Ethereum ETH (ETH-USD) Live Price, News, Chart & Price History ...",https://finance.yahoo.com/quote/ETH-USD/,2025-11-16T14:16:17Z
12,#Ethereum,5,"Industry Letter - September 14, 2022: Notice Regarding Ethereum's ...",https://www.dfs.ny.gov/industry_guidance/industry_letters/il20220914_ethereum,2025-11-16T14:16:17Z
12,#Ethereum,6,blockchain - Ethereum block architecture - Ethereum Stack Exchange,https://ethereum.stackexchange.com/questions/268/ethereum-block-architecture,2025-11-16T14:16:17Z
12,#Ethereum,7,Ethereum Sepolia Faucet,https://cloud.google.com/application/web3/faucet/ethereum/sepolia,2025-11-16T14:16:17Z
12,#Ethereum,8,"Enterprise Ethereum Alliance – Ethereum is open for business, the ...",https://entethalliance.org/,2025-11-16T14:16:17Z
12,#Ethereum,9,Three Attacks on Proof-of-Stake Ethereum,https://arxiv.org/abs/2110.10086,2025-11-16T14:16:17Z
12,#Ethereum,10,Members spotlight – Enterprise Ethereum Alliance,https://entethalliance.org/about-enterprise-ethereum-alliance/members/,2025-11-16T14:16:17Z
12,#Ethereum,11,Ethereum (with Packy McCormick): The Complete History and Strategy,https://www.acquired.fm/episodes/ethereum,2025-11-16T14:16:17Z
12,#Ethereum,12,Ethereum Blockchain as a Service now on Azure | Microsoft Azure ...,https://azure.microsoft.com/en-us/blog/ethereum-blockchain-as-a-service-now-on-azure/,2025-11-16T14:16:17Z
12,#Ethereum,13,The Columbia-Ethereum Research Center for Blockchain Protocol ...,https://www.engineering.columbia.edu/research-innovation/institutes-centers-initiatives/computational-sciences-ai/blockchain-protocol-design,2025-11-16T14:16:17Z
12,#Ethereum,14,Ethereum Merge and what it means for the crypto industry | World ...,https://www.weforum.org/stories/2022/09/ethereum-merge-crypto-currency-sustainability/,2025-11-16T14:16:17Z
12,#Ethereum,15,Decentralization in Bitcoin and Ethereum Networks,https://arxiv.org/abs/1801.03998,2025-11-16T14:16:17Z
12,#Ethereum,16,Datestamping the Bitcoin and Ethereum bubbles - ScienceDirect,https://www.sciencedirect.com/science/article/pii/S1544612317307419,2025-11-16T14:16:17Z
12,#Ethereum,17,Speculative Denial-of-Service Attacks In Ethereum | USENIX,https://www.usenix.org/conference/usenixsecurity24/presentation/yaish,2025-11-16T14:16:17Z
12,#Ethereum,18,Ethereum,https://orgreenoptics.com/eyeglasses-optical-titanium-ethereum,2025-11-16T14:16:17Z
12,#Ethereum,19,mLSM: Making Authenticated Storage Faster in Ethereum | USENIX,https://www.usenix.org/conference/hotstorage18/presentation/raju,2025-11-16T14:16:17Z
12,#Ethereum,20,Ethereum is a Dark Forest - Paradigm,https://www.paradigm.xyz/2020/08/ethereum-is-a-dark-forest,2025-11-16T14:16:17Z
13,Обожаю,1,"выбор слова - What's the difference between ""люблю"" and ""обожаю ...",https://russian.stackexchange.com/questions/21145/whats-the-difference-between-%D0%BB%D1%8E%D0%B1%D0%BB%D1%8E-and-%D0%BE%D0%B1%D0%BE%D0%B6%D0%B0%D1%8E,2025-11-16T14:16:22Z
13,Обожаю,2,ОБОЖАЮ - YouTube,https://www.youtube.com/@obozhau,2025-11-16T14:16:22Z
13,Обожаю,3,Обожаю vs обижаю : r/russian,https://www.reddit.com/r/russian/comments/15qid91/%D0%BE%D0%B1%D0%BE%D0%B6%D0%B0%D1%8E_vs_%D0%BE%D0%B1%D0%B8%D0%B6%D0%B0%D1%8E/,2025-11-16T14:16:22Z
13,Обожаю,4,«Обожаю» или «обажаю»: как правильно пишется слово по ...,https://www.kp.ru/edu/shkola/obozhayu-ili-obazhayu-kak-pishetsya/,2025-11-16T14:16:22Z
13,Обожаю,5,"Грех ли говорить, что я обожаю кого-то/что-то, кроме Бога? : r ...",https://www.reddit.com/r/Catholicism/comments/109r6wr/is_it_a_sin_to_say_i_adore_someonesomething_other/?tl=ru,2025-11-16T14:16:22Z
13,Обожаю,6,"обожаю - Wiktionary, the free dictionary",https://en.wiktionary.org/wiki/%D0%BE%D0%B1%D0%BE%D0%B6%D0%B0%D1%8E,2025-11-16T14:16:22Z
13,Обожаю,7,Обожаю свадьбы. Особенно летние. Особенно когда женятся ...,https://www.instagram.com/p/DK7Ess2N8DY/,2025-11-16T14:16:22Z
13,Обожаю,8,обожаю - Перевод на английский - примеры русский | Reverso ...,https://context.reverso.net/%D0%BF%D0%B5%D1%80%D0%B5%D0%B2%D0%BE%D0%B4/%D1%80%D1%83%D1%81%D1%81%D0%BA%D0%B8%D0%B9-%D0%B0%D0%BD%D0%B3%D0%BB%D0%B8%D0%B9%D1%81%D0%BA%D0%B8%D0%B9/%D0%BE%D0%B1%D0%BE%D0%B6%D0%B0%D1%8E,2025-11-16T14:16:22Z
13,Обожаю,9,обожать — Викисловарь,https://ru.wiktionary.org/wiki/%D0%BE%D0%B1%D0%BE%D0%B6%D0%B0%D1%82%D1%8C,2025-11-16T14:16:22Z
13,Обожаю,10,«Обожаю» или «обажаю»: как правильно пишется слово ...,https://vfokuse.mail.ru/article/obozhayu-ili-obazhayu-65144245/,2025-11-16T14:16:22Z
13,Обожаю,11,Архимед Мухамбетов. 7 лет аким области! Задали вопросы ...,https://m.youtube.com/watch?v=sA-Z3yqKM48&pp=0gcJCa0JAYcqIYzv,2025-11-16T14:16:22Z
13,Обожаю,12,"«Обожаю» или «обажаю»: как правильно пишется, правило, как ...",https://lenta.ru/articles/2025/06/18/kak-pravilno-pisat-obozhayu-ili-obazhayu/,2025-11-16T14:16:22Z
13,Обожаю,13,Как же я обожаю кататься на стоковых машинах по грунту в ...,https://dtf.ru/games/4192161-kak-katatsya-na-stokovykh-mashinakh-v-beamng-drive,2025-11-16T14:16:22Z
13,Обожаю,14,«Обожаю яхтинг до тошноты»: Участники сообщества «Силы ...,https://silavetra.com/magazine/obozhayu-yachting-do-toshnoty,2025-11-16T14:16:22Z
13,Обожаю,15,"Софи Лорен: ""Обожаю сниматься у своего сына"" - РИА Новости ...",https://ria.ru/20201026/loren-1581264314.html,2025-11-16T14:16:22Z
14,БПЛА,1,Беспилотный летательный аппарат — Википедия,https://ru.wikipedia.org/wiki/%D0%91%D0%B5%D1%81%D0%BF%D0%B8%D0%BB%D0%BE%D1%82%D0%BD%D1%8B%D0%B9_%D0%BB%D0%B5%D1%82%D0%B0%D1%82%D0%B5%D0%BB%D1%8C%D0%BD%D1%8B%D0%B9_%D0%B0%D0%BF%D0%BF%D0%B0%D1%80%D0%B0%D1%82,2025-11-16T14:16:27Z
14,БПЛА,2,Какие языки программирования дополняют навыки работы с ...,https://www.reddit.com/r/UAVmapping/comments/13urh7e/what_programming_languages_compliment_uav_skills/?tl=ru,2025-11-16T14:16:27Z
14,БПЛА,3,Украинские БПЛА атаковали крупнейший газовый завод на юге ...,https://www.dw.com/ru/ukrainskie-bpla-udarili-po-krupnejsemu-gazopererabatyvausemu-zavodu-na-uge-rossii/a-74287073,2025-11-16T14:16:27Z
14,БПЛА,4,"Какое приложение вы, ребята, используете для погоды для ...",https://www.reddit.com/r/dji/comments/1gofjww/what_app_do_you_guys_use_for_uav_wather/?tl=ru,2025-11-16T14:16:27Z
14,БПЛА,5,Устройство индивидуального оповещения о БПЛА «Таир»,https://3mx.ru/products/ustroystvo-opovescheniya-obpla-tair,2025-11-16T14:16:27Z
14,БПЛА,6,Разработка бортовых систем для БПЛА с искусственным ...,https://areasystems.tech/,2025-11-16T14:16:27Z
14,БПЛА,7,ЛПД-801 - Подавитель БПЛА (дронов) с подавлением каналов ...,http://www.pps.ru/?part=catalog&product=354,2025-11-16T14:16:27Z
14,БПЛА,8,Важно знать: порядок действий при угрозе атаки БПЛА и ...,https://48.mchs.gov.ru/deyatelnost/press-centr/novosti/5485315,2025-11-16T14:16:27Z
14,БПЛА,9,"ZALA — Беспилотные системы (БПЛА), беспилотные воздушные ...",https://zala-aero.com/,2025-11-16T14:16:27Z
14,БПЛА,10,OG-25 | БАС ГЛОРИ ЭЙР| Купить БПЛА самолетного типа,https://basga.ru/og-25,2025-11-16T14:16:27Z
14,БПЛА,11,Оператор БПЛА на СВО – контрактная служба в компании ...,https://xn----9sbdghb3btcbbvi1a0db.xn--p1ai/vakansii-na-svo/operator-bpla-na-svo,2025-11-16T14:16:27Z
14,БПЛА,12,Налетай.рф: Маркетплейс БПЛА - Беспилотники для любых ...,https://xn--80aaorhk2b.xn--p1ai/,2025-11-16T14:16:27Z
14,БПЛА,13,АО «ПРИН» Сканер лазерный аэросъёмочный AlphaAir 450 (для ...,https://www.prin.ru/lazernoe_skanirovanie/vozdushnoe_lazernoe_skanirovanie/alphaair_450/skaner_lazernyj_aeros_yomochnyj_alphaair_450_dlya_storonnih_bpla/,2025-11-16T14:16:27Z
14,БПЛА,14,"Создано антидроновое оружие, на испытаниях одним ...",https://www.cnews.ru/news/top/2025-09-29_mikrovolnovoe_oruzhie_odnim,2025-11-16T14:16:27Z
14,БПЛА,15,Продукты | Комплексы бпла | ГК «Геоскан»,https://www.geoscan.ru/ru/products,2025-11-16T14:16:27Z
14,БПЛА,16,Почему во время атаки БПЛА не было воздушной тревоги? Этот ...,https://vk.com/wall-189474387_410461,2025-11-16T14:16:27Z
14,БПЛА,17,Станция воздействия на БПЛА Фобос. Купить противодронный ...,https://www.rusgeocom.ru/products/stantsiya-vozdeystviya-na-bpla-fobos,2025-11-16T14:16:27Z
14,БПЛА,18,Выставка конференция беспилотных авиационных систем (БАС ...,https://dronexpo.ru/,2025-11-16T14:16:27Z
14,БПЛА,19,НЕЛК: Противодействие БПЛА — обнаружение и подавление,https://nelk.pro/,2025-11-16T14:16:27Z
14,БПЛА,20,"II Международный форум по беспилотным аппаратам, 30 ...",https://conf.belstu.by/?page_id=19956,2025-11-16T14:16:27Z
15,украине,1,Украина — Википедия,https://ru.wikipedia.org/wiki/%D0%A3%D0%BA%D1%80%D0%B0%D0%B8%D0%BD%D0%B0,2025-11-16T14:16:31Z
15,украине,2,Новости Украины сегодня — последние новости и события ...,https://lenta.ru/tags/geo/ukraina/,2025-11-16T14:16:31Z
15,украине,3,Ukraine - Wikipedia,https://en.wikipedia.org/wiki/Ukraine,2025-11-16T14:16:31Z
15,украине,4,Фонды «Открытое общество» в Украине - Open Society ...,https://www.opensocietyfoundations.org/newsroom/the-open-society-foundations-in-ukraine/ru,2025-11-16T14:16:31Z
15,украине,5,Ukraine | The Guardian,https://www.theguardian.com/world/ukraine,2025-11-16T14:16:31Z
15,украине,6,Новости Украины - последние события в Украине и мире ...,https://ria.ru/location_Ukraine/,2025-11-16T14:16:31Z
15,украине,7,Финансовая поддержка Украины Европейским союзом ...,https://commission.europa.eu/topics/eu-solidarity-ukraine/eu-assistance-ukraine/eu-financial-support-ukraine_ru,2025-11-16T14:16:31Z
15,украине,8,"Война в Украине: ВСУ сообщили, что за ночь сбили 139 ...",https://www.bbc.com/russian/live/cx20p3g3g7wt,2025-11-16T14:16:31Z
15,украине,9,Как война в Украине отражается на разных регионах мира,https://www.imf.org/ru/blogs/articles/2022/03/15/blog-how-war-in-ukraine-is-reverberating-across-worlds-regions-031522,2025-11-16T14:16:31Z
15,украине,10,Трамп просил Зеленского расследовать дела сына Байдена на ...,https://www.bbc.com/russian/features-49830912,2025-11-16T14:16:31Z
15,украине,11,ООН: мирные жители Украины переживают потери и ...,https://news.un.org/ru/story/2025/07/1466070,2025-11-16T14:16:31Z
15,украине,12,Объявлено о завершении вспышки полиомиелита в Украине ...,https://www.who.int/europe/ru/news/item/21-09-2023-polio-outbreak-in-ukraine-closed-a-success-story-for-public-health-despite-extreme-challenges-of-war,2025-11-16T14:16:31Z
15,украине,13,Война в Украине и ее последствия для ЕС | EEAS,https://www.eeas.europa.eu/eeas/%D0%B2%D0%BE%D0%B9%D0%BD%D0%B0-%D0%B2-%D1%83%D0%BA%D1%80%D0%B0%D0%B8%D0%BD%D0%B5-%D0%B8-%D0%B5%D0%B5-%D0%BF%D0%BE%D1%81%D0%BB%D0%B5%D0%B4%D1%81%D1%82%D0%B2%D0%B8%D1%8F-%D0%B4%D0%BB%D1%8F-%D0%B5%D1%81_ru,2025-11-16T14:16:31Z
15,украине,14,Доклад ООН об убийствах в Украине в 2014-2016 годах говорит ...,https://www.ohchr.org/ru/press-releases/2016/07/un-report-2014-16-killings-ukraine-highlights-rampant-impunity,2025-11-16T14:16:31Z
15,украине,15,Отношения между НАТО и Украиной,https://www.nato.int/nato_static_fl2014/assets/pdf/2022/2/pdf/220214-factsheet_NATO-Ukraine_Relations_-1.pdf,2025-11-16T14:16:31Z
15,украине,16,Посольство Республики Таджикистан в Украине,https://mfa.tj/ru/kiev,2025-11-16T14:16:31Z
15,украине,17,Независимая международная комиссия ООН по расследованию ...,https://news.un.org/ru/story/2025/05/1464716,2025-11-16T14:16:31Z
15,украине,18,Быстрый заказ поездок и доход за рулем | Uber в Украине,https://www.uber.com/ua/ru/,2025-11-16T14:16:31Z
15,украине,19,Все доклады | Мониторинговая миссия ООН по правам человека ...,https://ukraine.ohchr.org/ru/reports,2025-11-16T14:16:31Z
15,украине,20,News: Генеральный секретарь отмечает поддержку ... - NATO,https://www.nato.int/cps/ru/natohq/news_238686.htm,2025-11-16T14:16:31Z
16,Islam,1,Islam - Wikipedia,https://en.wikipedia.org/wiki/Islam,2025-11-16T14:16:36Z
16,Islam,2,"Islam | Religion, Beliefs, Practices, & Facts | Britannica",https://www.britannica.com/topic/Islam,2025-11-16T14:16:36Z
16,Islam,3,Islam,https://www.reddit.com/r/islam/,2025-11-16T14:16:36Z
16,Islam,4,"""Islam is Peace"" Says President",https://georgewbush-whitehouse.archives.gov/news/releases/2001/09/20010917-11.html,2025-11-16T14:16:36Z
16,Islam,5,"Al-Islam.org: Books on Islam, Muslims, Prophet Muhammad(s), Ahlul ...",https://al-islam.org/,2025-11-16T14:16:36Z
16,Islam,6,Islam: Basic Beliefs | URI,https://www.uri.org/kids/world-religions/muslim-beliefs,2025-11-16T14:16:36Z
16,Islam,7,"Islam - Five Pillars, Nation of Islam & Definition | HISTORY",https://www.history.com/articles/islam,2025-11-16T14:16:36Z
16,Islam,8,Nabilah Islam Parkes (@NabilahIslam) / Posts / X,https://x.com/NabilahIslam,2025-11-16T14:16:36Z
16,Islam,9,Islam | The Guardian,https://www.theguardian.com/world/islam,2025-11-16T14:16:36Z
16,Islam,10,Newest Stories | Islam.com - The Islamic community news ...,https://qa.islam.com/,2025-11-16T14:16:36Z
16,Islam,11,877-WHY-ISLAM — You Deserve to Know - Your # 1 source of ...,https://www.whyislam.org/,2025-11-16T14:16:36Z
16,Islam,12,From Catholicism to Islam: Croatian woman finds new home in ...,https://www.dailysabah.com/life/religion/from-catholicism-to-islam-croatian-woman-finds-new-home-in-bosnia,2025-11-16T14:16:36Z
16,Islam,13,Zak Islam - Engineering and Product | Investor | Advisor | LinkedIn,https://www.linkedin.com/in/zakislam,2025-11-16T14:16:36Z
16,Islam,14,Islam: The Ultimate Religion of Works – JD Greear Ministries,https://jdgreear.com/islam-the-ultimate-religion-of-works/,2025-11-16T14:16:36Z
16,Islam,15,Asif Islam (@asif.photography) • Instagram photos and videos,https://www.instagram.com/asif.photography/?hl=en,2025-11-16T14:16:36Z
16,Islam,16,Islam Makhachev UFC Fighters Merchandise | www.ufcstore.com,https://www.ufcstore.com/en/islam-makhachev/ufc-fighters/t-2733416756+c-7871488838+z-9-3733333316,2025-11-16T14:16:36Z
16,Islam,17,Islam Is a Foreign Country,https://nyupress.org/9781479800568/islam-is-a-foreign-country/,2025-11-16T14:16:36Z
16,Islam,18,"Islam Translated: Literature, Conversion, and the Arabic Cosmopolis ...",https://press.uchicago.edu/ucp/books/book/chicago/I/bo11274031.html,2025-11-16T14:16:36Z
16,Islam,19,Explore Islam's Teachings - Muslim Unity Center,https://muslimunitycenter.org/what-is-islam/,2025-11-16T14:16:36Z
16,Islam,20,Islam Makhachev | UFC,https://www.ufc.com/athlete/islam-makhachev,2025-11-16T14:16:36Z
17,Trump,1,Donald Trump - Wikipedia,https://en.wikipedia.org/wiki/Donald_Trump,2025-11-16T14:16:40Z
17,Trump,2,The Trump Organization | Luxury Real Estate Portfolio,https://www.trump.com/,2025-11-16T14:16:40Z
17,Trump,3,President Donald J. Trump,https://www.whitehouse.gov/administration/donald-j-trump/,2025-11-16T14:16:40Z
17,Trump,4,Donald J. Trump (@realDonaldTrump) / Posts / X,https://x.com/realDonaldTrump,2025-11-16T14:16:40Z
17,Trump,5,Trump Winery,https://www.trumpwinery.com/,2025-11-16T14:16:40Z
17,Trump,6,Donald J. Trump news | CNN Politics,https://www.cnn.com/politics/president-donald-trump-47,2025-11-16T14:16:40Z
17,Trump,7,Donald Trump | Breaking News & Latest Updates | AP News,https://apnews.com/hub/donald-trump,2025-11-16T14:16:40Z
17,Trump,8,23-939 Trump v. United States (07/01/2024),https://www.supremecourt.gov/opinions/23pdf/23-939_e2pg.pdf,2025-11-16T14:16:40Z
17,Trump,9,Luxury Hotels | Trump Hotels - Official Website | 5 Star Hotels,https://www.trumphotels.com/,2025-11-16T14:16:40Z
17,Trump,10,President Donald J. Trump's Call with President Vladimir Putin - U.S. ...,https://ru.usembassy.gov/president-donald-j-trumps-call-with-president-vladimir-putin/,2025-11-16T14:16:40Z
17,Trump,11,President Donald J. Trump (@realdonaldtrump) • Instagram photos ...,https://www.instagram.com/realdonaldtrump/?hl=en,2025-11-16T14:16:40Z
17,Trump,12,Donald J. Trump – The White House,https://trumpwhitehouse.archives.gov/people/donald-j-trump/,2025-11-16T14:16:40Z
17,Trump,13,Latest Donald Trump News | Top Headlines on Donald Trump ...,https://www.reuters.com/world/us/donald-trump/,2025-11-16T14:16:40Z
17,Trump,14,"Donald Trump - Breaking News, Photos and Videos | The Hill",https://thehill.com/people/donald-trump/,2025-11-16T14:16:40Z
17,Trump,15,Listen To The Jeffrey Epstein Tapes: 'I Was Donald Trump's Closest ...,https://docs.house.gov/meetings/JU/JU08/20250227/117951/HHRG-119-JU08-20250227-SD006-U6.pdf,2025-11-16T14:16:40Z
17,Trump,16,Trump administration | The Guardian,https://www.theguardian.com/us-news/trump-administration,2025-11-16T14:16:40Z
17,Trump,17,Donald Trump - CNBC,https://www.cnbc.com/donald-trump/,2025-11-16T14:16:40Z
17,Trump,18,Office of the Pardon Attorney | Clemency Grants by President ...,https://www.justice.gov/pardon/clemency-grants-president-donald-j-trump-2025-present,2025-11-16T14:16:40Z
17,Trump,19,Pacito v. Trump: Challenging Trump's suspension of USRAP ...,https://refugeerights.org/news-resources/pacito-v-trump-challenging-trumps-suspension-of-usrap,2025-11-16T14:16:40Z
17,Trump,20,"V.O.S. SELECTIONS, INC. v. TRUMP [OPINION]",https://www.cafc.uscourts.gov/opinions-orders/25-1812.OPINION.8-29-2025_2566151.pdf,2025-11-16T14:16:40Z
18,Europe,1,Europe - Wikipedia,https://en.wikipedia.org/wiki/Europe,2025-11-16T14:16:45Z
18,Europe,2,europetheband.com: EUROPE | Official Website,https://www.europetheband.com/,2025-11-16T14:16:45Z
18,Europe,3,Europe | The Guardian,https://www.theguardian.com/world/europe-news,2025-11-16T14:16:45Z
18,Europe,4,Europe PMC: Home,https://europepmc.org/,2025-11-16T14:16:45Z
18,Europe,5,"The Council of Europe: guardian of Human Rights, Democracy and ...",https://www.coe.int/en/web/portal,2025-11-16T14:16:45Z
18,Europe,6,Horizon Europe - Research and innovation - European Commission,https://research-and-innovation.ec.europa.eu/funding/funding-opportunities/funding-programmes-and-open-calls/horizon-europe_en,2025-11-16T14:16:45Z
18,Europe,7,Fi Europe 2025 | The Leading Global Food Ingredients Event,https://www.figlobal.com/europe/en/home.html,2025-11-16T14:16:45Z
18,Europe,8,Europe,https://www.facebook.com/europetheband/,2025-11-16T14:16:45Z
18,Europe,9,"Rick Steves Europe: Tours, Travel, TV & Vacations",https://www.ricksteves.com/,2025-11-16T14:16:45Z
18,Europe,10,CAN Europe: Home,https://caneurope.org/,2025-11-16T14:16:45Z
18,Europe,11,ICLEI Europe •• Home,https://iclei-europe.org/,2025-11-16T14:16:45Z
18,Europe,12,Science Europe,https://scienceeurope.org/,2025-11-16T14:16:45Z
18,Europe,13,Open Research Europe | Open Access Publishing Platform | Beyond ...,https://open-research-europe.ec.europa.eu/,2025-11-16T14:16:45Z
18,Europe,14,Home | Making Europe a Wilder Place,https://rewildingeurope.com/,2025-11-16T14:16:45Z
18,Europe,15,"MedTech Europe, from diagnosis to cure - Homepage",https://www.medtecheurope.org/,2025-11-16T14:16:45Z
18,Europe,16,Vaccines Europe: Home,https://www.vaccineseurope.eu/,2025-11-16T14:16:45Z
18,Europe,17,Train tickets in Europe - Search & Book on Rail Europe,https://www.raileurope.com/en-us,2025-11-16T14:16:45Z
18,Europe,18,Creative Europe - Culture and Creativity,https://culture.ec.europa.eu/creative-europe,2025-11-16T14:16:45Z
18,Europe,19,Visiteurope.com - Home - The Official Portal of Europe,https://visiteurope.com/en/,2025-11-16T14:16:45Z
18,Europe,20,BIO-Europe 2025 | Global Biopharma Partnering Event | Vienna ...,https://informaconnect.com/bioeurope/,2025-11-16T14:16:45Z
19,Christmas,1,Christmas - Wikipedia,https://en.wikipedia.org/wiki/Christmas,2025-11-16T14:16:49Z
19,Christmas,2,Google Santa Tracker,https://santatracker.google.com/,2025-11-16T14:16:49Z
19,Christmas,3,r/christmas - Happy Holidays!,https://www.reddit.com/r/christmas/,2025-11-16T14:16:49Z
19,Christmas,4,Christmas Spectacular | The Rockettes,https://www.rockettes.com/christmas/,2025-11-16T14:16:49Z
19,Christmas,5,"Christmas | Origin, Definition, Traditions, History, & Facts | Britannica",https://www.britannica.com/topic/Christmas,2025-11-16T14:16:49Z
19,Christmas,6,Operation Christmas Child | Shoebox Outreach of Samaritan's Purse,https://www.samaritanspurse.org/what-we-do/operation-christmas-child/,2025-11-16T14:16:49Z
19,Christmas,7,Shop Christmas.com For The Largest Selection Of Christmas ...,https://christmas.com/,2025-11-16T14:16:49Z
19,Christmas,8,Mickey's Very Merry Christmas Party | Walt Disney World Resort,https://disneyworld.disney.go.com/events-tours/magic-kingdom/mickeys-very-merry-christmas-party/,2025-11-16T14:16:49Z
19,Christmas,9,Rockefeller Center Christmas Tree Lighting | NYC Winter Events,https://www.rockefellercenter.com/holidays/rockefeller-center-christmas-tree/,2025-11-16T14:16:49Z
19,Christmas,10,Christmas in The Wizarding World of Harry Potter™ | Universal ...,http://www.universalstudioshollywood.com/web/en/us/things-to-do/events-and-seasonal-activities/christmas-in-the-wizarding-world-of-harry-potter,2025-11-16T14:16:49Z
19,Christmas,11,Audubon Christmas Bird Count | Audubon,https://www.audubon.org/community-science/christmas-bird-count,2025-11-16T14:16:49Z
19,Christmas,12,Enchant Christmas: Home,https://www.enchantchristmas.com/,2025-11-16T14:16:49Z
19,Christmas,13,"Christmas Village in Philadelphia | Nov 22 - Dec 24, 2025",http://www.philachristmas.com/index.html,2025-11-16T14:16:49Z
19,Christmas,14,National Christmas Tree Lighting,https://www.thenationaltree.org/,2025-11-16T14:16:49Z
19,Christmas,15,Michael Christmas (@michaelchristmas) • Instagram photos and ...,https://www.instagram.com/michaelchristmas/,2025-11-16T14:16:49Z
19,Christmas,16,"History of Christmas - Origins, Traditions & Facts | HISTORY",https://www.history.com/articles/history-of-christmas,2025-11-16T14:16:49Z
19,Christmas,17,Camp Christmas Takeover at Stanley Marketplace — Stanley ...,https://www.stanleymarketplace.com/all-events/camp-christmas,2025-11-16T14:16:49Z
19,Christmas,18,National Christmas Tree Association,https://realchristmastrees.org/,2025-11-16T14:16:49Z
19,Christmas,19,Dickens Fair: Home,https://dickensfair.com/,2025-11-16T14:16:49Z
19,Christmas,20,Official 2025 White House Christmas Ornament – White House ...,https://shop.whitehousehistory.org/products/official-2025-white-house-christmas-ornament,2025-11-16T14:16:49Z
20,#МояГодовщинаВX,1,"""#моягодовщинавx"" - Results on X | Live Posts & Updates",https://x.com/search?q=%23%D0%BC%D0%BE%D1%8F%D0%B3%D0%BE%D0%B4%D0%BE%D0%B2%D1%89%D0%B8%D0%BD%D0%B0%D0%B2x&src=tren,2025-11-16T14:16:53Z
20,#МояГодовщинаВX,2,"Moscow, Russia — X (Twitter) trending topics and hashtags today ...",https://trends24.in/russia/moscow/,2025-11-16T14:16:53Z
20,#МояГодовщинаВX,3,Russian Federation trends | Twittrend - Twitter Trends in Each ...,https://twittrend.us/place/23424936/,2025-11-16T14:16:53Z
20,#МояГодовщинаВX,4,Mila. Fotos y vídeos de Twitter. - TW Pornstars,https://es.twpornstars.com/hello_x_pussy,2025-11-16T14:16:53Z
21,Яндекс,1,Яндекс — быстрый поиск в интернете,https://ya.ru/,2025-11-16T14:16:58Z
21,Яндекс,2,Яндекс — быстрый поиск в интернете,https://yandex.kz/,2025-11-16T14:16:58Z
21,Яндекс,3,Yandex — fast Internet search,https://yandex.com/,2025-11-16T14:16:58Z
21,Яндекс,4,"Яндекс Директ — сервис для продвижения в Поиске, Картах и ...",https://direct.yandex.ru/,2025-11-16T14:16:58Z
21,Яндекс,5,Яндекс — с Алисой AI - Apps on Google Play,https://play.google.com/store/apps/details?id=com.yandex.searchapp&hl=en_US,2025-11-16T14:16:58Z
21,Яндекс,6,‎Яндекс Лавка — заказать еду App - App Store,https://apps.apple.com/us/app/%D1%8F%D0%BD%D0%B4%D0%B5%D0%BA%D1%81-%D0%BB%D0%B0%D0%B2%D0%BA%D0%B0-%D0%B7%D0%B0%D0%BA%D0%B0%D0%B7%D0%B0%D1%82%D1%8C-%D0%B5%D0%B4%D1%83/id1515819287,2025-11-16T14:16:58Z
21,Яндекс,7,Yandex Wordstat,https://wordstat.yandex.com/,2025-11-16T14:16:58Z
21,Яндекс,8,Почта Яндекс 360 — бесплатная электронная почта ...,https://360.yandex.ru/mail/,2025-11-16T14:16:58Z
21,Яндекс,9,Yandex Translate,https://translate.yandex.com/en/translator/English-Russian,2025-11-16T14:16:58Z
21,Яндекс,10,Скачать Яндекс Браузер,https://browser.yandex.ru/,2025-11-16T14:16:58Z
21,Яндекс,11,Yandex Webmaster - search engine optimization service,https://webmaster.yandex.com/,2025-11-16T14:16:58Z
21,Яндекс,12,"Яндекс Диск — облачное хранилище для файлов, данных и ...",https://360.yandex.ru/disk/,2025-11-16T14:16:58Z
21,Яндекс,13,"Yandex 360 Mail — free email: registration, login, mailbox creation",https://360.yandex.com/mail/,2025-11-16T14:16:58Z
21,Яндекс,14,Яндекс Лицей,https://lyceum.yandex.ru/,2025-11-16T14:16:58Z
21,Яндекс,15,Яндекс Go — заказ поездок онлайн,https://taxi.yandex.ru/,2025-11-16T14:16:58Z
21,Яндекс,16,Яндекс Вордстат,https://wordstat.yandex.ru/,2025-11-16T14:16:58Z
21,Яндекс,17,Toloka ∙ Training data for AI agents and LLMs,https://toloka.ai/,2025-11-16T14:16:58Z
21,Яндекс,18,Яндекс Музыка — собираем музыку и подкасты для вас,https://music.yandex.com/,2025-11-16T14:16:58Z
21,Яндекс,19,Яндекс Маркет — покупки с быстрой доставкой,https://market.yandex.ru/,2025-11-16T14:16:58Z
21,Яндекс,20,Yandex Research,https://research.yandex.com/,2025-11-16T14:16:58Z
22,#Bitcoin,1,Bitcoin - Open source P2P money,https://bitcoin.org/,2025-11-16T14:17:02Z
22,#Bitcoin,2,Bitcoin - Wikipedia,https://en.wikipedia.org/wiki/Bitcoin,2025-11-16T14:17:02Z
22,#Bitcoin,3,AG Sunday Warns Pennsylvanians of Rise in Scams Involving ...,https://www.attorneygeneral.gov/taking-action/ag-sunday-warns-pennsylvanians-of-rise-in-scams-involving-bitcoin-atms/,2025-11-16T14:17:02Z
22,#Bitcoin,4,Deevers introduces Bitcoin Freedom Act to Bring Oklahoma's ...,https://oksenate.gov/press-releases/deevers-introduces-bitcoin-freedom-act-bring-oklahomas-economy-future,2025-11-16T14:17:02Z
22,#Bitcoin,5,Bitcoin: A Peer-to-Peer Electronic Cash System,https://www.ussc.gov/sites/default/files/pdf/training/annual-national-training-seminar/2018/Emerging_Tech_Bitcoin_Crypto.pdf,2025-11-16T14:17:02Z
22,#Bitcoin,6,CFTC Orders Bitcoin Options Trading Platform Operator and its CEO ...,https://www.cftc.gov/PressRoom/PressReleases/7231-15,2025-11-16T14:17:02Z
22,#Bitcoin,7,Establishment of the Strategic Bitcoin Reserve ... - Federal Register,https://www.federalregister.gov/documents/2025/03/11/2025-03992/establishment-of-the-strategic-bitcoin-reserve-and-united-states-digital-asset-stockpile,2025-11-16T14:17:02Z
22,#Bitcoin,8,CFTC Statement on Self-Certification of Bitcoin Products by CME ...,https://www.cftc.gov/PressRoom/PressReleases/7654-17,2025-11-16T14:17:02Z
22,#Bitcoin,9,S. 4912,https://www.congress.gov/118/bills/s4912/BILLS-118s4912is.pdf,2025-11-16T14:17:02Z
22,#Bitcoin,10,Congressman Nick Begich and Senator Lummis Introduce ...,http://begich.house.gov/media/press-releases/congressman-nick-begich-and-senator-lummis-introduce-landmark-bitcoin-act,2025-11-16T14:17:02Z
22,#Bitcoin,11,"Bitcoin BTC (BTC-USD) Live Price, News, Chart & Price History ...",https://finance.yahoo.com/quote/BTC-USD/,2025-11-16T14:17:02Z
22,#Bitcoin,12,Blockchain Analysis of the Bitcoin Market | NBER,https://www.nber.org/papers/w29396,2025-11-16T14:17:02Z
22,#Bitcoin,13,CBXY - Calamos Bitcoin 90 Series Structured Alt Protection ETF – July,https://www.calamos.com/funds/etf/calamos-bitcoin-90-series-structured-alt-protection-etf-july-cbxy/,2025-11-16T14:17:02Z
22,#Bitcoin,14,Bitcoin-NG: A Scalable Blockchain Protocol | USENIX,https://www.usenix.org/conference/nsdi16/technical-sessions/presentation/eyal,2025-11-16T14:17:02Z
22,#Bitcoin,15,CBTY - Calamos Bitcoin 80 Series Structured Alt Protection ETF – July,https://www.calamos.com/funds/etf/calamos-bitcoin-80-series-structured-alt-protection-etf-july-cbty/,2025-11-16T14:17:02Z
22,#Bitcoin,16,Commentary Energy Consumption of Cryptocurrencies Beyond Bitcoin,https://www.sciencedirect.com/science/article/pii/S2542435120303317,2025-11-16T14:17:02Z
22,#Bitcoin,17,Office of Public Affairs | Bitcoin Fog Operator Convicted of Money ...,https://www.justice.gov/archives/opa/pr/bitcoin-fog-operator-convicted-money-laundering-conspiracy,2025-11-16T14:17:02Z
22,#Bitcoin,18,Bitcoin Overview - CME Group,https://www.cmegroup.com/markets/cryptocurrencies/bitcoin/bitcoin.html,2025-11-16T14:17:02Z
22,#Bitcoin,19,Central District of California | “Bitcoin Maven” Sentenced to One ...,https://www.justice.gov/usao-cdca/pr/bitcoin-maven-sentenced-one-year-federal-prison-bitcoin-money-laundering-case,2025-11-16T14:17:02Z
22,#Bitcoin,20,Attorney General Schwalb Sues Crypto ATM Operator for Financially ...,https://oag.dc.gov/release/attorney-general-schwalb-sues-crypto-atm-operator,2025-11-16T14:17:02Z
23,Apple,1,Apple,https://www.apple.com/,2025-11-16T14:17:07Z
23,Apple,2,Official Apple Support,https://support.apple.com/,2025-11-16T14:17:07Z
23,Apple,3,iPhone - Apple,https://www.apple.com/iphone/,2025-11-16T14:17:07Z
23,Apple,4,Apple Inc. - Wikipedia,https://en.wikipedia.org/wiki/Apple_Inc.,2025-11-16T14:17:07Z
23,Apple,5,Apple Watch - Apple,https://www.apple.com/watch/,2025-11-16T14:17:07Z
23,Apple,6,iCloud,https://www.icloud.com/,2025-11-16T14:17:07Z
23,Apple,7,iPad - Apple,https://www.apple.com/ipad/,2025-11-16T14:17:07Z
23,Apple,8,apple • Instagram photos and videos,https://www.instagram.com/apple/?hl=en,2025-11-16T14:17:07Z
23,Apple,9,iPhone battery and performance - Apple Support,https://support.apple.com/en-us/101575,2025-11-16T14:17:07Z
23,Apple,10,Investor Relations - Apple,https://investor.apple.com/investor-relations/default.aspx,2025-11-16T14:17:07Z
23,Apple,11,Apple Beta,https://beta.apple.com/,2025-11-16T14:17:07Z
23,Apple,12,Apple Business Connect - Marketing Tools for Business Owners,https://businessconnect.apple.com/,2025-11-16T14:17:07Z
23,Apple,13,View Coverage - AppleCare & Warranty,https://checkcoverage.apple.com/,2025-11-16T14:17:07Z
23,Apple,14,Apple - YouTube,https://www.youtube.com/apple,2025-11-16T14:17:07Z
23,Apple,15,Search Jobs - United States - Jobs - Careers at Apple,https://jobs.apple.com/en-us/search?location=united-states-USA,2025-11-16T14:17:07Z
23,Apple,16,Why is the volume low on my Apple Watch S… - Apple Community,https://discussions.apple.com/thread/255798194,2025-11-16T14:17:07Z
23,Apple,17,Apple Authorized Service Provider,https://locate.apple.com/,2025-11-16T14:17:07Z
23,Apple,18,Deregister and Turn Off iMessage - Apple Support,https://selfsolve.apple.com/deregister-imessage/,2025-11-16T14:17:07Z
23,Apple,19,The Tim Ferriss Show - Podcast - Apple Podcasts,https://podcasts.apple.com/us/podcast/the-tim-ferriss-show/id863897795,2025-11-16T14:17:07Z
23,Apple,20,ID in Wallet,https://learn.wallet.apple/id,2025-11-16T14:17:07Z
24,многие,1,"многие - Wiktionary, the free dictionary",https://en.wiktionary.org/wiki/%D0%BC%D0%BD%D0%BE%D0%B3%D0%B8%D0%B5,2025-11-16T14:17:11Z
24,многие,2,Много vs Многие : r/russian,https://www.reddit.com/r/russian/comments/q8neb6/%D0%BC%D0%BD%D0%BE%D0%B3%D0%BE_vs_%D0%BC%D0%BD%D0%BE%D0%B3%D0%B8%D0%B5/,2025-11-16T14:17:11Z
24,многие,3,Спасутся лишь некоторые или многие? – Grace Evangelical Society,https://faithalone.org/%D0%B1%D0%B5%D1%81%D0%BF%D0%BB%D0%B0%D1%82%D0%BD%D1%8B%D0%B9-%D0%B4%D0%B0%D1%80-%D0%B1%D0%BB%D0%B0%D0%B3%D0%BE%D0%B4%D0%B0%D1%82%D0%B8/%D1%81%D0%BF%D0%B0%D1%81%D1%83%D1%82%D1%81%D1%8F-%D0%BB%D0%B8%D1%88%D1%8C-%D0%BD%D0%B5%D0%BA%D0%BE%D1%82%D0%BE%D1%80%D1%8B%D0%B5-%D0%B8%D0%BB%D0%B8-%D0%BC%D0%BD%D0%BE%D0%B3%D0%B8%D0%B5/,2025-11-16T14:17:11Z
24,многие,4,Много vs Многие : r/russian,https://www.reddit.com/r/russian/comments/q8neb6/%D0%BC%D0%BD%D0%BE%D0%B3%D0%BE_vs_%D0%BC%D0%BD%D0%BE%D0%B3%D0%B8%D0%B5/?tl=ru,2025-11-16T14:17:11Z
24,многие,5,What is the difference between 'много' and 'многие' in Russian ...,https://www.quora.com/What-is-the-difference-between-%D0%BC%D0%BD%D0%BE%D0%B3%D0%BE-and-%D0%BC%D0%BD%D0%BE%D0%B3%D0%B8%D0%B5-in-Russian-How-do-you-use-them-correctly,2025-11-16T14:17:11Z
24,многие,6,многие — Викисловарь,https://ru.wiktionary.org/wiki/%D0%BC%D0%BD%D0%BE%D0%B3%D0%B8%D0%B5,2025-11-16T14:17:11Z
24,многие,7,"Видео: создание связей типа ""многие ко многим"" - Служба ...",https://support.microsoft.com/ru-ru/office/%D0%B2%D0%B8%D0%B4%D0%B5%D0%BE-%D1%81%D0%BE%D0%B7%D0%B4%D0%B0%D0%BD%D0%B8%D0%B5-%D1%81%D0%B2%D1%8F%D0%B7%D0%B5%D0%B9-%D1%82%D0%B8%D0%BF%D0%B0-%D0%BC%D0%BD%D0%BE%D0%B3%D0%B8%D0%B5-%D0%BA%D0%BE-%D0%BC%D0%BD%D0%BE%D0%B3%D0%B8%D0%BC-e65bcc53-8e1c-444a-b4fb-1c0b8c1f5653,2025-11-16T14:17:11Z
24,многие,8,"Связи ""многие ко многим"" в Power BI Desktop - Power BI | Microsoft ...",https://learn.microsoft.com/ru-ru/power-bi/transform-model/desktop-many-to-many-relationships,2025-11-16T14:17:11Z
24,многие,9,"Многие говорят, что прошли те времена, когда люди много ...",https://www.instagram.com/p/CRPDpBoBLZn/,2025-11-16T14:17:11Z
24,многие,10,"Отношения ""многие ко многим"" — EF Core | Microsoft Learn",https://learn.microsoft.com/ru-ru/ef/core/modeling/relationships/many-to-many,2025-11-16T14:17:11Z
24,многие,11,"семантика - ""Многие"" — это большинство или меньшинство ...",https://rus.stackexchange.com/questions/472315/%D0%9C%D0%BD%D0%BE%D0%B3%D0%B8%D0%B5-%D1%8D%D1%82%D0%BE-%D0%B1%D0%BE%D0%BB%D1%8C%D1%88%D0%B8%D0%BD%D1%81%D1%82%D0%B2%D0%BE-%D0%B8%D0%BB%D0%B8-%D0%BC%D0%B5%D0%BD%D1%8C%D1%88%D0%B8%D0%BD%D1%81%D1%82%D0%B2%D0%BE,2025-11-16T14:17:11Z
24,многие,12,От Матфея 7:22-23 RUSV;NRT - Многие скажут Мне в - Bible ...,https://www.biblegateway.com/passage/?search=%D0%9E%D1%82%20%D0%9C%D0%B0%D1%82%D1%84%D0%B5%D1%8F%207%3A22-23&version=RUSV;NRT,2025-11-16T14:17:11Z
24,многие,13,Многие | System Shock Wiki | Fandom,https://shodan.fandom.com/ru/wiki/%D0%9C%D0%BD%D0%BE%D0%B3%D0%B8%D0%B5,2025-11-16T14:17:11Z
24,многие,14,«многие» в словарях портала | Поиск по Грамоте,https://gramota.ru/poisk?query=%D0%BC%D0%BD%D0%BE%D0%B3%D0%B8%D0%B5&mode=slovari,2025-11-16T14:17:11Z
24,многие,15,Послание Иакова 3:1-12 Братия мои! не многие делайтесь ...,https://www.bible.com/ru/bible/400/JAS.3.1-12.SYNO,2025-11-16T14:17:11Z
24,многие,16,"Моя семья, как и многие другие, стала жертвой ...",https://www.facebook.com/groups/189821571497530/posts/2235135176966149/,2025-11-16T14:17:11Z
24,многие,17,многие - Перевод на английский - примеры русский | Reverso ...,https://context.reverso.net/%D0%BF%D0%B5%D1%80%D0%B5%D0%B2%D0%BE%D0%B4/%D1%80%D1%83%D1%81%D1%81%D0%BA%D0%B8%D0%B9-%D0%B0%D0%BD%D0%B3%D0%BB%D0%B8%D0%B9%D1%81%D0%BA%D0%B8%D0%B9/%D0%BC%D0%BD%D0%BE%D0%B3%D0%B8%D0%B5,2025-11-16T14:17:11Z
24,многие,18,"Склонение ""многие"" в русском – склонять | PROMT.One Переводчик",https://www.translate.ru/%D1%81%D0%BF%D1%80%D1%8F%D0%B6%D0%B5%D0%BD%D0%B8%D0%B5%20%D0%B8%20%D1%81%D0%BA%D0%BB%D0%BE%D0%BD%D0%B5%D0%BD%D0%B8%D0%B5/%D1%80%D1%83%D1%81%D1%81%D0%BA%D0%B8%D0%B9/%D0%BC%D0%BD%D0%BE%D0%B3%D0%B8%D0%B5,2025-11-16T14:17:11Z
24,многие,19,Entity Framework Core и C# | Отношение многие ко многим,https://metanit.com/sharp/efcore/3.6.php,2025-11-16T14:17:11Z
24,многие,20,"Какая разница между словами ""много"" и ""многое"" ? Как ... - italki",https://www.italki.com/ru/post/discussion-155515,2025-11-16T14:17:11Z
25,Честно,1,Честный знак,https://xn--80ajghhoc2aj1c8b.xn--p1ai/,2025-11-16T14:17:15Z
25,Честно,2,"Честно говоря, моя любимая фотосессия из реальных мест ...",https://www.reddit.com/r/twinpeaks/comments/1nbf5rl/honestly_my_favorite_photoshoot_ive_done_of/?tl=ru,2025-11-16T14:17:15Z
25,Честно,3,честно — Викисловарь,https://ru.wiktionary.org/wiki/%D1%87%D0%B5%D1%81%D1%82%D0%BD%D0%BE,2025-11-16T14:17:15Z
25,Честно,4,"Честно говоря, обожаю Эмму Эпплтон в роли Ренфри : r ...",https://www.reddit.com/r/netflixwitcher/comments/1ccofp2/honestly_loved_emma_appleton_as_renfri/?tl=ru,2025-11-16T14:17:15Z
25,Честно,5,Стоматологическая клиника ЧЕСТНО для всей семьи в Санкт ...,https://stom-chestno.ru/,2025-11-16T14:17:15Z
25,Честно,6,WADA Quiz,https://quiz.wada-ama.org/,2025-11-16T14:17:15Z
25,Честно,7,"мало кто пихает в выпечку столько сливочного масла, как ...",https://www.facebook.com/yana.toom/posts/%D0%B8%D1%82%D0%B0%D0%BA-%D0%B7%D0%BD%D0%B0%D0%BC%D0%B5%D0%BD%D0%B8%D1%82%D1%8B%D0%B9-%D1%81%D0%BB%D0%B8%D0%B2%D0%BE%D0%B2%D1%8B%D0%B9-%D0%BF%D0%B8%D1%80%D0%BE%D0%B3-%D0%BF%D0%BE-%D1%80%D0%B5%D1%86%D0%B5%D0%BF%D1%82%D1%83-%D0%BD%D1%8C%D1%8E-%D0%B9%D0%BE%D1%80%D0%BA-%D1%82%D0%B0%D0%B9%D0%BC%D1%81-%D0%B5%D1%81%D0%BB%D0%B8-%D1%87%D0%B5%D1%81%D1%82%D0%BD%D0%BE-%D1%8F-%D0%BF%D0%BE%D0%B4%D0%BE%D0%B7%D1%80%D0%B5%D0%B2%D0%B0/25229469400011612/,2025-11-16T14:17:15Z
25,Честно,8,честно - Translation into English - examples Russian | Reverso ...,https://context.reverso.net/translation/russian-english/%D1%87%D0%B5%D1%81%D1%82%D0%BD%D0%BE,2025-11-16T14:17:15Z
25,Честно,9,"честно - Wiktionary, the free dictionary",https://en.wiktionary.org/wiki/%D1%87%D0%B5%D1%81%D1%82%D0%BD%D0%BE,2025-11-16T14:17:15Z
25,Честно,10,«Честно» — авторская рассылка Unisender. Маркетологи — о ...,http://chestno.unisender.com/,2025-11-16T14:17:15Z
25,Честно,11,"""Если Честно"" с Тимуром Балымбетовым - YouTube",https://www.youtube.com/playlist?list=PLBYPN62hacANjhxqWrxn6tUHiOcJ1S8I-,2025-11-16T14:17:15Z
25,Честно,12,По Честному Самара,https://chestnorest.ru/,2025-11-16T14:17:15Z
25,Честно,13,ЧЕСТНО ГОВОРЯ | новости Уфы и Башкирии ...,https://vk.com/govoryachestno,2025-11-16T14:17:15Z
25,Честно,14,Запись онлайн в Честно к себе,https://widget.sonline.su/ru/services/?placeid=999969591,2025-11-16T14:17:15Z
25,Честно,15,ЧЕСТНО СЛОВО ВЫ ДОСТАЛИ!!! Я УЖЕ НЕСКОЛЬКО ДНЕЙ НЕ ...,https://support.google.com/accounts/thread/178060128/%D0%A7%D0%95%D0%A1%D0%A2%D0%9D%D0%9E-%D0%A1%D0%9B%D0%9E%D0%92%D0%9E-%D0%92%D0%AB-%D0%94%D0%9E%D0%A1%D0%A2%D0%90%D0%9B%D0%98-%D0%AF-%D0%A3%D0%96%D0%95-%D0%9D%D0%95%D0%A1%D0%9A%D0%9E%D0%9B%D0%AC%D0%9A%D0%9E-%D0%94%D0%9D%D0%95%D0%99-%D0%9D%D0%95-%D0%9C%D0%9E%D0%93%D0%A3-%D0%A1%D0%9C%D0%95%D0%9D%D0%98%D0%A2%D0%AC-%D0%A4%D0%9E%D0%A2%D0%9E-%D0%9F%D0%A0%D0%9E%D0%A4%D0%98%D0%9B%D0%AF-%D0%9F%D0%9E%D0%A7%D0%95%D0%9C%D0%A3-%D0%AF-%D0%A3-%D0%9C%D0%95%D0%9D%D0%AF-%D0%9E%D0%A8%D0%98%D0%91%D0%9A%D0%90?hl=ru,2025-11-16T14:17:15Z
25,Честно,16,"Всё честно (сериал, 1 сезон, все серии), 2025 — описание ...",https://www.kinopoisk.ru/series/7077069/,2025-11-16T14:17:15Z
25,Честно,17,Честно о нечестности — Википедия,https://ru.wikipedia.org/wiki/%D0%A7%D0%B5%D1%81%D1%82%D0%BD%D0%BE_%D0%BE_%D0%BD%D0%B5%D1%87%D0%B5%D1%81%D1%82%D0%BD%D0%BE%D1%81%D1%82%D0%B8,2025-11-16T14:17:15Z
25,Честно,18,Давайте честно. За каждым фото при кудрях и параде — сотни ...,https://www.instagram.com/p/DPbuJxkCN_H/,2025-11-16T14:17:15Z
25,Честно,19,Подкаст «Только честно?»,https://chestno.mave.digital/,2025-11-16T14:17:15Z
25,Честно,20,Cинонимы к слову «честно» на TEXT.RU,https://text.ru/synonym/%D1%87%D0%B5%D1%81%D1%82%D0%BD%D0%BE,2025-11-16T14:17:15Z
1,#H2HseriesEP4,1,#H2HseriesEP4 yayınlandı!,https://x.com/_BLNEWS/status/1990052058591048103,2025-11-17T03:18:08Z
1,#H2HseriesEP4,2,Head2HeadSeries #H2HSeriesEP3 #H2HSeriesEP4 #H2HSeries ...,https://www.instagram.com/p/DQ2NPw6E-Yi/,2025-11-17T03:18:08Z
1,#H2HseriesEP4,3,Only Boo! Head 2 Head HEAD 2 HEAD SERIES EP4 #H2HseriesEP4,https://x.com/seakeen_archive/status/1990087161312678016,2025-11-17T03:18:08Z
1,#H2HseriesEP4,4,#H2HseriesEP4 • Worldwide • Twitter Trending Hashtag,https://getdaytrends.com/trend/%23H2HseriesEP4/,2025-11-17T03:18:08Z
1,#H2HseriesEP4,5,SeaKeen? KeenSea? You decide. HEAD 2 HEAD SERIES EP4 ...,https://x.com/seakeen_archive/status/1990014263319208033,2025-11-17T03:18:08Z
1,#H2HseriesEP4,6,BL Series Highlights | Delhi,https://www.facebook.com/61558401148317/?locale=bs_BA,2025-11-17T03:18:08Z
1,#H2HseriesEP4,7,Yes KeenSea is real!! HEAD 2 HEAD SERIES EP4 #H2HseriesEP4,https://x.com/vercranna/status/1990043572234777000/photo/1,2025-11-17T03:18:08Z
1,#H2HseriesEP4,8,"""#H2HseriesEP4"" - Results on X | Live Posts & Updates",https://x.com/search?q=%23H2HseriesEP4,2025-11-17T03:18:08Z
1,#H2HseriesEP4,9,Boy how are you doing that HEAD 2 HEAD SERIES EP4 ...,https://x.com/kangmooplate/status/1990071357564940522/photo/1,2025-11-17T03:18:08Z
1,#H2HseriesEP4,10,#H2HseriesEP4,https://x.com/ubl_umbrella/status/1990064127486615660,2025-11-17T03:18:08Z
1,#H2HseriesEP4,11,Javaaaa Can you stop stressing my baby @javabh28 #javabh ...,https://x.com/jimmyohm_aunty/status/1990075622207430716,2025-11-17T03:18:08Z
1,#H2HseriesEP4,12,X Trends Thai 00:00 AM 1 #H2HseriesEP4 2 ...,https://x.com/topthai5/status/1990102642002145671,2025-11-17T03:18:08Z
1,#H2HseriesEP4,13,#H2HseriesEP4,https://x.com/ubl_umbrella/status/1990062768486003107,2025-11-17T03:18:08Z
1,#H2HseriesEP4,14,no need space HEAD 2 HEAD SERIES EP4 #H2HseriesEP4,https://x.com/choconiung/status/1990071244398489961,2025-11-17T03:18:08Z
1,#H2HseriesEP4,15,HEAD 2 HEAD SERIES EP4 #H2HseriesEP4 #sea_ta_lay,https://x.com/choconiung/status/1990040510535463258/photo/1,2025-11-17T03:18:08Z
1,#H2HseriesEP4,16,Chapter book HEAD 2 HEAD SERIES EP4 #H2HseriesEP4,https://x.com/choconiung/status/1990217031401251243,2025-11-17T03:18:08Z
1,#H2HseriesEP4,17,copy and paste mascot's name HEAD 2 HEAD SERIES EP4 ...,https://x.com/choconiung/status/1990226909809332320/photo/1,2025-11-17T03:18:08Z
1,#H2HseriesEP4,18,omg he's gorgeous HEAD 2 HEAD SERIES EP4 #H2HseriesEP4,https://x.com/reichiiei/status/1990065411245605021,2025-11-17T03:18:08Z
1,#H2HseriesEP4,19,sea dechchart's smile HEAD 2 HEAD SERIES EP4 #H2HseriesEP4 ...,https://x.com/choconiung/status/1990053384821658048,2025-11-17T03:18:08Z
1,#H2HseriesEP4,20,TREND BOOSTER copy and paste!! HEAD 2 HEAD SERIES EP4 ...,https://x.com/choconiung/status/1990103724166201582,2025-11-17T03:18:08Z
2,HEAD 2 HEAD SERIES EP4,1,[Thailand] Head 2 Head EP 4 ❤️ SeaKeen from Only Boo ...,https://www.reddit.com/r/boyslove/comments/1oycytn/thailand_head_2_head_ep_4_seakeen_from_only_boo/,2025-11-17T03:18:12Z
2,HEAD 2 HEAD SERIES EP4,2,Only Boo! Head 2 Head HEAD 2 HEAD SERIES EP4 #H2HseriesEP4,https://x.com/seakeen_archive/status/1990087161312678016,2025-11-17T03:18:12Z
2,HEAD 2 HEAD SERIES EP4,3,Head 2 Head - YouTube,https://www.youtube.com/playlist?list=PL5OhtVfausvbqQ3Z_5crbxM9BGc06IJfw,2025-11-17T03:18:12Z
2,HEAD 2 HEAD SERIES EP4,4,Echoplex EP1 EP2 EP3 EP4 New Playback Head – Echo Fix,https://echofix.com/products/echoplex-ep1-ep2-ep3-ep4-new-playback-head,2025-11-17T03:18:12Z
2,HEAD 2 HEAD SERIES EP4,5,"""""Lion King"" (from:DelhiWacky)"" - Results on X | Live Posts & Updates",https://twitter.com/search?q=%22Lion%20King%22%20(from%3ADelhiWacky)&src=unkn&f=media&vertical=default,2025-11-17T03:18:12Z
2,HEAD 2 HEAD SERIES EP4,6,Echoplex EP3 EP4 New Record/Erase Head – Echo Fix,https://echofix.com/products/echoplex-ep3-ep4-new-record-erase-head,2025-11-17T03:18:12Z
2,HEAD 2 HEAD SERIES EP4,7,Head 2 Head Episode 4: 150 MPH Wagon Drag Race – Cadillac ...,https://www.motortrend.com/news/head-2-head-episode-4-150-mph-wagon-drag-race-cadillac-cts-v-vs-mercedes-e63-amg-182151,2025-11-17T03:18:12Z
2,HEAD 2 HEAD SERIES EP4,8,HEAD 2 HEAD SERIES EP4 • Worldwide • Twitter Trending Topic,https://getdaytrends.com/trend/HEAD%202%20HEAD%20SERIES%20EP4/,2025-11-17T03:18:12Z
2,HEAD 2 HEAD SERIES EP4,9,EP4 receptor stimulation in combination with core ... - Frontiers,https://www.frontiersin.org/journals/bioengineering-and-biotechnology/articles/10.3389/fbioe.2025.1622918/full,2025-11-17T03:18:12Z
2,HEAD 2 HEAD SERIES EP4,10,Watch Head 2 Head | Season 1 Episode 4 | discovery+,https://www.discoveryplus.com/shows/head-2-head/s1/c8639368-46fc-4073-824b-e8caecc5237c/e4-super-wagon-drag-race-cadillac-cts-v-vs-mercedes-benz-e63-amg/511866a8-543d-4247-81de-78f7e0893f27,2025-11-17T03:18:12Z
2,HEAD 2 HEAD SERIES EP4,11,World of BL Calendar,https://world-of-bl.com/Calendar/index.php,2025-11-17T03:18:12Z
2,HEAD 2 HEAD SERIES EP4,12,Watch Head 2 Head | Season 10 Episode 4 | discovery+,https://www.discoveryplus.com/shows/head-2-head/s10/c8639368-46fc-4073-824b-e8caecc5237c/e4-jeep-wrangler-rubicon-vs-mercedes-benz-g550/bd6f6ce4-1bb0-40e0-8152-fb8bc5eda0e1,2025-11-17T03:18:12Z
2,HEAD 2 HEAD SERIES EP4,13,If you're already subscribed to the official Backyard Ultra YouTube ...,https://www.facebook.com/groups/142055916440410/posts/1854856131827038/,2025-11-17T03:18:12Z
2,HEAD 2 HEAD SERIES EP4,14,"Ber-EP4, CK1, CK7 and CK14 are Useful Markers for Basaloid ...",https://pmc.ncbi.nlm.nih.gov/articles/PMC2807584/,2025-11-17T03:18:12Z
2,HEAD 2 HEAD SERIES EP4,15,Head 2 Head Episode 4 English Sub - Kisskh,https://kisskh.uno/head-2-head-episode-4/,2025-11-17T03:18:12Z
2,HEAD 2 HEAD SERIES EP4,16,Episode 4: Sew Elementary The designers head back to school ...,https://www.instagram.com/p/DNXSrTOtM5Q/?hl=en,2025-11-17T03:18:12Z
2,HEAD 2 HEAD SERIES EP4,17,"Mike Judge's Beavis and Butt-Head season 3, episode 4 misses its ...",https://tvbrittanyf.com/2025/09/18/mike-judges-beavis-and-butt-head-season-3-episode-4-review/,2025-11-17T03:18:12Z
2,HEAD 2 HEAD SERIES EP4,18,"Steven Universe Review: “Lars' Head” (Season 5, Episode 4) – The ...",https://reviewnebula.wordpress.com/2022/05/31/steven-universe-review-lars-head-season-5-episode-4/,2025-11-17T03:18:12Z
2,HEAD 2 HEAD SERIES EP4,19,Head 2 Head Ep 4 Surfjava Surprise | TikTok,https://www.tiktok.com/discover/head-2-head-ep-4-surfjava-surprise,2025-11-17T03:18:12Z
2,HEAD 2 HEAD SERIES EP4,20,U Talkin' Talking Heads 2 My Talking Head? - Fear of Music - Earwolf,https://www.earwolf.com/episode/fear-of-music/,2025-11-17T03:18:12Z
3,#битваэкстрасенсов,1,#битваэкстрасенсов #мэрилинкерро #тнт,https://www.instagram.com/p/C396dXkC4AO/?hl=ar,2025-11-17T03:18:16Z
3,#битваэкстрасенсов,2,Вся правда о битве экстрасенсов #битваэкстрасенсов ...,https://vk.com/wall-61220072_1705436,2025-11-17T03:18:16Z
3,#битваэкстрасенсов,3,"Тот самый диктор ""Битвы экстрасенсов"" #битваэкстрасенсов ...",https://www.instagram.com/reel/DPTTO5pDVE0/,2025-11-17T03:18:16Z
3,#битваэкстрасенсов,4,"Лина, Константин и Олег на съемках Битвы экстрасенсов ...",https://vk.com/wall-33722858_556693,2025-11-17T03:18:16Z
3,#битваэкстрасенсов,5,#битваэкстрасенсов - Search / X,https://x.com/hashtag/%D0%B1%D0%B8%D1%82%D0%B2%D0%B0%D1%8D%D0%BA%D1%81%D1%82%D1%80%D0%B0%D1%81%D0%B5%D0%BD%D1%81%D0%BE%D0%B2,2025-11-17T03:18:16Z
3,#битваэкстрасенсов,6,Женя Шулик #битваэкстрасенсов #магия #экстрасенсы ...,https://vk.com/wall-33722858_540092,2025-11-17T03:18:16Z
3,#битваэкстрасенсов,7,Ангелина в первом готзале отрыв фляги #битваэкстрасенсов,https://x.com/space_whale14/status/1903415377587024161,2025-11-17T03:18:16Z
3,#битваэкстрасенсов,8,"Ирина, Арти и Саманта #битваэкстрасенсов #магия ...",https://vk.com/wall-33722858_500561?offset=1&reply=500615,2025-11-17T03:18:16Z
3,#битваэкстрасенсов,9,Битва Экстрасенсов Эстетика,https://ru.pinterest.com/ideas/%D0%B1%D0%B8%D1%82%D0%B2%D0%B0-%D1%8D%D0%BA%D1%81%D1%82%D1%80%D0%B0%D1%81%D0%B5%D0%BD%D1%81%D0%BE%D0%B2-%D1%8D%D1%81%D1%82%D0%B5%D1%82%D0%B8%D0%BA%D0%B0/934860906303/,2025-11-17T03:18:16Z
3,#битваэкстрасенсов,10,Ирина Певчая с мамой ️ #битваэкстрасенсов #магия ...,https://vk.com/wall-33722858_464282,2025-11-17T03:18:16Z
3,#битваэкстрасенсов,11,Картины по номерам битва экстрасенсов недорого – купить ...,https://zvetnoe.ru/shop/paintings/tags-bitva-ekstrasensov/,2025-11-17T03:18:16Z
3,#битваэкстрасенсов,12,Марьяна Романова #битваэкстрасенсов #магия #экстрасенсы ...,https://vk.com/wall-33722858_508096,2025-11-17T03:18:16Z
3,#битваэкстрасенсов,13,Кажетта Ахметжанова. Слёзы на Битве Экстрасенсов ...,https://www.youtube.com/watch?v=YHR2VENA8Hs&pp=0gcJCdgAo7VqN5tD,2025-11-17T03:18:16Z
3,#битваэкстрасенсов,14,Влад Череватый #битваэкстрасенсов #магия #экстрасенсы ...,https://vk.com/wall-33722858_580426,2025-11-17T03:18:16Z
3,#битваэкстрасенсов,15,"Битва экстрасенсов реалити-шоу 2007 (сериал, 1-24 сезоны, все ...",https://www.kinopoisk.ru/series/467943/,2025-11-17T03:18:16Z
3,#битваэкстрасенсов,16,Тимофей Руденко #битваэкстрасенсов #магия #экстрасенсы ...,https://vk.com/wall-33722858_581546,2025-11-17T03:18:16Z
3,#битваэкстрасенсов,17,Все публикации с тегом #битваэкстрасенсов - Вокруг.ТВ,https://www.vokrug.tv/article/tag/3341/,2025-11-17T03:18:16Z
3,#битваэкстрасенсов,18,Николь Кузнецова #битваэкстрасенсов #магия #экстрасенсы ...,https://vk.com/wall-33722858_505723,2025-11-17T03:18:16Z
3,#битваэкстрасенсов,19,"Телешоу ""Битва экстрасенсов"" | отзывы",https://irecommend.ru/content/bitva-ekstrasensov,2025-11-17T03:18:16Z
3,#битваэкстрасенсов,20,Влад Череватый #битваэкстрасенсов #магия #экстрасенсы ...,https://vk.com/wall-33722858_485229,2025-11-17T03:18:16Z
4,валентин,1,Валентин — Википедия,https://ru.wikipedia.org/wiki/%D0%92%D0%B0%D0%BB%D0%B5%D0%BD%D1%82%D0%B8%D0%BD,2025-11-17T03:18:21Z
4,валентин,2,Валентин Стрыкало - Развлечение (2016) Ссылка в описании ...,https://www.instagram.com/p/BLh7jKUD_Nu/?hl=en,2025-11-17T03:18:21Z
4,валентин,3,900+ СВЕТИ ВАЛЕНТИН ideas to save today | valentine crafts ...,https://www.pinterest.com/ndakova/%D1%81%D0%B2%D0%B5%D1%82%D0%B8-%D0%B2%D0%B0%D0%BB%D0%B5%D0%BD%D1%82%D0%B8%D0%BD/,2025-11-17T03:18:21Z
4,валентин,4,Валентин Куба (@valentin_kuba) • Instagram photos and videos,https://www.instagram.com/valentin_kuba/?hl=en,2025-11-17T03:18:21Z
4,валентин,5,Татарицкий Валентин Болеславович,https://eec.eaeunion.org/comission/member/tataritskiy-valentin-boleslavovich/,2025-11-17T03:18:21Z
4,валентин,6,Валентин Блох фотограф (@valentin_blokh) • Instagram photos ...,https://www.instagram.com/valentin_blokh/?hl=en,2025-11-17T03:18:21Z
4,валентин,7,Валентин Фокин | ВКонтакте,https://vk.com/beatwell,2025-11-17T03:18:21Z
4,валентин,8,Валентин Сидоров - YouTube,https://www.youtube.com/channel/UCt3Btcf3yPl8zBEcf0a_E3w,2025-11-17T03:18:21Z
4,валентин,9,Иванов Валентин Олегович | Министерство транспорта ...,https://mintrans.gov.ru/ministry/structure/ivanov-valentin-olegovich,2025-11-17T03:18:21Z
4,валентин,10,‪Valentin Romanovski (Романовский Валентин)‬ - ‪Академия Google‬,https://scholar.google.com/citations?user=ZDd74lsAAAAJ&hl=ru,2025-11-17T03:18:21Z
4,валентин,11,"Валентин и Валентина - Театр имени Ленсовета, Санкт-Петербург",https://lensov-theatre.spb.ru/repertoire/malaya-scena/valentin-i-valentina2/,2025-11-17T03:18:21Z
4,валентин,12,Валентин Wind Forecast: wind speed & gusts — Windy.app,https://windy.app/forecast2/spot/612815/%D0%92%D0%B0%D0%BB%D0%B5%D0%BD%D1%82%D0%B8%D0%BD,2025-11-17T03:18:21Z
4,валентин,13,"Теория ремейка ""Мой кровавый Валентин"" 2009 года : r/horror",https://www.reddit.com/r/horror/comments/qg18kg/my_bloody_valentine_2009_remake_theory/?tl=ru,2025-11-17T03:18:21Z
4,валентин,14,Пугач Валентин Николаевич,https://www.vyatsu.ru/contacts/15,2025-11-17T03:18:21Z
4,валентин,15,Валентин Куба,https://www.facebook.com/valentinkuba/,2025-11-17T03:18:21Z
4,валентин,16,Енокаев Валентин Кемилевич - Официальный сайт ...,https://www.gov.spb.ru/gov/otrasl/c_transport/svedenija-o-rukovoditeljah/enokaev-valentin-kemilevich/,2025-11-17T03:18:21Z
4,валентин,17,"Валентин Сидоров в Пензе, афиша и билеты",https://pnz.kassir.ru/shou/valentin-sidorov-7,2025-11-17T03:18:21Z
4,валентин,18,Валентин Сидоров: Standup | билеты на концерты в ...,https://ptz.kassir.ru/koncert/valentin-sidorov-standup,2025-11-17T03:18:21Z
4,валентин,19,Валентин и Валентина | Театр юного зрителя,https://tuz-xa.ru/repertoire/valentin-i-valentina,2025-11-17T03:18:21Z
4,валентин,20,"Валентин Сидоров в Ульяновске, афиша и билеты",https://ulyanovsk.kassir.ru/shou/valentin-sidorov-11,2025-11-17T03:18:21Z
5,Европе,1,Европа — Википедия,https://ru.wikipedia.org/wiki/%D0%95%D0%B2%D1%80%D0%BE%D0%BF%D0%B0,2025-11-17T03:18:25Z
5,Европе,2,"The Council of Europe: guardian of Human Rights, Democracy and ...",https://www.coe.int/en/web/portal,2025-11-17T03:18:25Z
5,Европе,3,"Есть ли в Европе место, где в октябре достаточно тепло для ...",https://www.reddit.com/r/femaletravels/comments/1fbhz0a/is_there_anywhere_warm_enough_for_sea_swimming_in/?tl=ru,2025-11-17T03:18:25Z
5,Европе,4,Europe - Wikipedia,https://en.wikipedia.org/wiki/Europe,2025-11-17T03:18:25Z
5,Европе,5,Европа начала готовиться к возможной большой войне. 10 ...,https://www.bbc.com/russian/articles/cm2zp2xl62mo,2025-11-17T03:18:25Z
5,Европе,6,Преодоление энергетического кризиса в Европе,https://www.imf.org/ru/publications/fandd/issues/2022/12/beating-the-european-energy-crisis-zettelmeyer,2025-11-17T03:18:25Z
5,Европе,7,Ряд регионов Европы охватила экстремальная жара | Новости ...,https://news.un.org/ru/story/2025/07/1465816,2025-11-17T03:18:25Z
5,Европе,8,Europe | The Guardian,https://www.theguardian.com/world/europe-news,2025-11-17T03:18:25Z
5,Европе,9,Новости Европы - последние события стран Европы сегодня ...,https://ria.ru/location_Europe/,2025-11-17T03:18:25Z
5,Европе,10,ОБСЕ: Организация по безопасности и сотрудничеству в Европе,https://www.osce.org/ru,2025-11-17T03:18:25Z
5,Европе,11,Число детей в детских домах в Европе почти в три раза ...,https://www.unicef.org/eca/ru/Press-relizy/chislo-detey-v-detskikh-domakh-v-Yevrope-pochti-v-tri-raza-prevyshayet-srednemirovoy-pokazatel,2025-11-17T03:18:25Z
5,Европе,12,Региональное представительство ФАО в Европе и Центральной ...,https://www.fao.org/europe/ru,2025-11-17T03:18:25Z
5,Европе,13,Operating System Market Share Europe | Statcounter Global Stats,https://gs.statcounter.com/os-market-share/all/europe,2025-11-17T03:18:25Z
5,Европе,14,Европа Плюс слушать онлайн бесплатно прямой эфир в ...,https://europaplus.ru/,2025-11-17T03:18:25Z
5,Европе,15,ДОГОВОР ОБ ОБЫЧНЫХ ВООРУЖЕННЫХ СИЛАХ В ЕВРОПЕ,https://www.osce.org/files/f/documents/d/d/14091.pdf,2025-11-17T03:18:25Z
5,Европе,16,"Распределение еврейского населения в Европе, прибл. 1933 год ...",https://encyclopedia.ushmm.org/content/ru/map/european-jewish-population-distribution-ca-1933,2025-11-17T03:18:25Z
5,Европе,17,Я расслабилась…. Жизнь в Европе настолько легкая ...,https://www.instagram.com/p/C98pn0_RSq7/,2025-11-17T03:18:25Z
5,Европе,18,«Капучино» в ТРК «Европа Cити Молл»,https://capucino.ru/nashi-kafe/kapuchino-v-evropa-citi-moll/,2025-11-17T03:18:25Z
5,Европе,19,"Майнор «Мировая политика, управление и бизнес в Европе ...",https://electives.hse.ru/minor_eu/,2025-11-17T03:18:25Z
5,Европе,20,Новая газета Европа,https://novayagazeta.eu/,2025-11-17T03:18:25Z
6,Зеленский,1,"Зеленский, Владимир Александрович — Википедия","https://ru.wikipedia.org/wiki/%D0%97%D0%B5%D0%BB%D0%B5%D0%BD%D1%81%D0%BA%D0%B8%D0%B9,_%D0%92%D0%BB%D0%B0%D0%B4%D0%B8%D0%BC%D0%B8%D1%80_%D0%90%D0%BB%D0%B5%D0%BA%D1%81%D0%B0%D0%BD%D0%B4%D1%80%D0%BE%D0%B2%D0%B8%D1%87",2025-11-17T03:18:29Z
6,Зеленский,2,"Зеленский представил пакет ""зимней поддержки"" украинцев ...",https://www.dw.com/ru/zelenskij-anonsiroval-paket-zimnej-podderzki-grazdan-ukrainy/a-74587425,2025-11-17T03:18:29Z
6,Зеленский,3,Volodymyr Zelenskyy - Wikipedia,https://en.wikipedia.org/wiki/Volodymyr_Zelenskyy,2025-11-17T03:18:29Z
6,Зеленский,4,Дмитриев: Зеленский сделал большой шаг к окончанию войны ...,https://www.dw.com/ru/dmitriev-zelenskij-sdelal-bolsoj-sag-k-diplomaticeskomu-reseniu-vojny/a-74492104,2025-11-17T03:18:29Z
6,Зеленский,5,Трамп и Зеленский поговорили во второй раз за два дня,https://www.svoboda.org/a/tramp-i-zelenskiy-pogovorili-vo-vtoroy-raz-za-dva-dnya/33557818.html,2025-11-17T03:18:29Z
6,Зеленский,6,Зеленский Александр Александрович - Тюменская областная Дума,https://www.duma72.ru/ru/structure/deputats/92603/,2025-11-17T03:18:29Z
6,Зеленский,7,Трамп просил Зеленского расследовать дела сына Байдена на ...,https://www.bbc.com/russian/features-49830912,2025-11-17T03:18:29Z
6,Зеленский,8,Володимир Зеленський (@zelenskyy_official) • Instagram photos ...,https://www.instagram.com/zelenskyy_official/?hl=en,2025-11-17T03:18:29Z
6,Зеленский,9,Зеленский лишил мэра Одессы украинского гражданства ...,https://www.bbc.com/russian/articles/c4gpdpn4qw1o,2025-11-17T03:18:29Z
6,Зеленский,10,ЛАТЫНИНА и АРЕСТОВИЧ про встречу Зеленского с Трампом ...,https://libwww.freelibrary.org/cfide/scripts/ajax/fckeditor/editor/filemanager/browser/default/browser.html?Type=File&GetFoldersAndFiles=DYo-iQfYq9U&CONNECTOR=%2F%5C%2Fkidbizinc%2Eiles%2Epics%2Fall%2Fsmart%2F,2025-11-17T03:18:29Z
6,Зеленский,11,Президент Украины в Генассамблее ООН: прочные союзы и ...,https://news.un.org/ru/story/2025/09/1466457,2025-11-17T03:18:29Z
6,Зеленский,12,Зеленский Павел Сергеевич | Структура и сотрудники СФУ,https://structure.sfu-kras.ru/node/3520,2025-11-17T03:18:29Z
6,Зеленский,13,Зеленский в Совете Безопасности ООН: «Россию можно только ...,https://news.un.org/ru/story/2024/09/1456621,2025-11-17T03:18:29Z
6,Зеленский,14,Зеленский уволил Залужного. Что означает смена главкома ВСУ ...,https://carnegieendowment.org/russia-eurasia/politika/2024/02/what-does-general-zaluzhnys-dismissal-mean-for-ukraine?lang=ru,2025-11-17T03:18:29Z
6,Зеленский,15,Зеленский Владимир Анатольевич - Самарский университет,https://ssau.ru/staff/110331696-zelenskiy-vladimir-anatolevich,2025-11-17T03:18:29Z
6,Зеленский,16,Зеленский назвал условие для перемирия в конфликте с ...,https://www.forbes.ru/society/548789-zelenskij-nazval-uslovie-dla-peremiria-v-konflikte-s-moskvoj,2025-11-17T03:18:29Z
6,Зеленский,17,Зеленский отказался уступать территории Донбасса - Ведомости,https://www.vedomosti.ru/politics/news/2025/10/20/1148162-zelenskii-otkazalsya,2025-11-17T03:18:29Z
6,Зеленский,18,News: Совместное заявление для прессы Генерального ... - NATO,https://www.nato.int/cps/ru/natohq/opinions_234736.htm?selectedLocale=ru,2025-11-17T03:18:29Z
6,Зеленский,19,Олигарх №1. Что происходит между Зеленским и Коломойским ...,https://carnegie.ru/commentary/79935,2025-11-17T03:18:29Z
6,Зеленский,20,Владимир Зеленский назначен Первым заместителем ...,https://minzdrav.gov.ru/news/2021/12/09/17972-vladimir-zelenskiy-naznachen-pervym-zamestitelem-ministra-zdravoohraneniya,2025-11-17T03:18:29Z
7,лгбт,1,ЛГБТ — Википедия,https://ru.wikipedia.org/wiki/%D0%9B%D0%93%D0%91%D0%A2,2025-11-17T03:18:34Z
7,лгбт,2,Почему так много ЛГБТ персонажей? : r/Sandman,https://www.reddit.com/r/Sandman/comments/wkopf4/why_are_there_so_much_lgbt_characters/?tl=ru,2025-11-17T03:18:34Z
7,лгбт,3,Гепатит C и здоровье ЛГБТК+,https://doh.wa.gov/sites/default/files/2025-07/150-204-HepC-LGBTQProvider-Russian.pdf,2025-11-17T03:18:34Z
7,лгбт,4,"Почему столько людей думают, что «Лука» про ЛГБТ? : r/Pixar",https://www.reddit.com/r/Pixar/comments/oh1vt2/why_are_so_many_people_thinking_luca_is_about/?tl=ru,2025-11-17T03:18:34Z
7,лгбт,5,Парламент Казахстана проголосовал за запрет «пропаганды ...,https://www.bbc.com/russian/articles/cr7mxd750gzo,2025-11-17T03:18:34Z
7,лгбт,6,The Kremlin and the Russian Orthodox Church: A Dangerous Alliance,https://intersections.ssrc.org/?post_type=ramp_article&p=2023,2025-11-17T03:18:34Z
7,лгбт,7,Жить с гордостью понимаем права ЛГБТК,https://www.nyc.gov/assets/cchr/downloads/pdf/publications/RU_LGBTQ_Brochure.pdf,2025-11-17T03:18:34Z
7,лгбт,8,LGBTQ people - Wikipedia,https://en.wikipedia.org/wiki/LGBTQ_people,2025-11-17T03:18:34Z
7,лгбт,9,"Жизнь ЛГБТ-людей в Туркменистане, самой закрытой стране ...",https://tgeu.org/ru/the-lives-of-lgbt-people-in-turkmenistan-the-most-closed-off-country-in-eastern-europe-and-central-asia/,2025-11-17T03:18:34Z
7,лгбт,10,Військові ЛГБТ+ 🏳️‍ ⚔️ (@lgbtiqmilitary) • Instagram photos ...,https://www.instagram.com/lgbtiqmilitary/?hl=en,2025-11-17T03:18:34Z
7,лгбт,11,Офис по делам ЛГБТ | Домашняя страница | Город Филадельфия,https://www.phila.gov/ru/departments/office-of-lgbt-affairs/,2025-11-17T03:18:34Z
7,лгбт,12,Сейчас активно в сети обсуждают отношения к ЛГБТ 🏳️‍ Хочу ...,https://www.instagram.com/p/CC3YuBLHKSKprkAor-45chgdd6AX9eXbybRSqM0/?hl=en,2025-11-17T03:18:34Z
7,лгбт,13,Политическое убежище США для ЛГБТ представителей,https://kolyadalaw.com/politicheskoe-ubezhishhe-ssha-dlya-lgbt/,2025-11-17T03:18:34Z
7,лгбт,14,Преступления на почве ненависти против ЛГБТ в России [Hate ...,https://www.ssrn.com/abstract=3084887,2025-11-17T03:18:34Z
7,лгбт,15,Los Angeles LGBT Center - A Safe Welcoming Space for LGBTQ+,https://lalgbtcenter.org/,2025-11-17T03:18:34Z
7,лгбт,16,Пропаганда ЛГБТ запрещена законом! - УПОЛНОМОЧЕННЫЙ ...,https://deti.gov.ru/Press-Centr/region-news/8661,2025-11-17T03:18:34Z
7,лгбт,17,Гей Даллас: Идеи выходных для ЛГБТ | Visit Dallas,https://www.visitdallas.com/ru/plan/itineraries/lgbtq-weekend/,2025-11-17T03:18:34Z
7,лгбт,18,ЛГБТК+: уход за бесплодием и варианты создания семьи ...,https://www.pinnaclefertility.com/ru/lgbtq-plus/,2025-11-17T03:18:34Z
7,лгбт,19,Эксперты ООН призвали РФ положить конец ...,https://news.un.org/ru/story/2023/12/1447502,2025-11-17T03:18:34Z
7,лгбт,20,Решение гейского вопроса. Почему ЛГБТ назначили главным ...,https://carnegieendowment.org/russia-eurasia/politika/2025/06/russia-new-lgbt-repressions?lang=ru,2025-11-17T03:18:34Z
8,#клуَбромантиٍки,1,#клуَбромантиٍки ✝️ No masters or kings when the ritual begins ...,https://x.com/sherlockeddove/status/1804959080387113360,2025-11-17T03:18:38Z
8,#клуَбромантиٍки,2,Which one is your favorite? 🌪️ #romantizmkulübü ...,https://www.instagram.com/p/DQyjCFzjOPr/,2025-11-17T03:18:38Z
8,#клуَбромантиٍки,3,This banger. #клуَбромантиٍки,https://x.com/KNGBITNA/status/1989058351901323384,2025-11-17T03:18:38Z
8,#клуَбромантиٍки,4,"Всем хорошей среды, девочки! #клуَбромантиٍки",https://x.com/imorimiri/status/1988586002064228388,2025-11-17T03:18:38Z
8,#клуَбромантиٍки,5,Райна буквально: #клуَбромантиٍки,https://x.com/imnknghttt/status/1989910766938714496,2025-11-17T03:18:38Z
8,#клуَбромантиٍки,6,"ало це Мілдред? on X: ""#клуَбромантиٍки Дед с батей сцепились ...",https://twitter.com/Pathetic_Cretin/status/1256946926622257153,2025-11-17T03:18:38Z
8,#клуَбромантиٍки,7,"Lollipop Darcy on X: ""#клуَбромантиٍки Вот люди спорят о том ...",https://twitter.com/Abrakadabra006/status/1608717373355483136,2025-11-17T03:18:38Z
8,#клуَбромантиٍки,8,#romanceclub - Search / X,https://twitter.com/hashtag/romanceclub?src=hash,2025-11-17T03:18:38Z
8,#клуَбромантиٍки,9,"590 Garden of Eden ideas in 2025 | garden of eden, eden, romance",https://www.pinterest.com/ala_gamal/garden-of-eden/,2025-11-17T03:18:38Z
8,#клуَбромантиٍки,10,"""Алиса Морошкина"" - Results on X | Live Posts & Updates",https://www.twitter.com/search?q=%D0%90%D0%BB%D0%B8%D1%81%D0%B0%20%D0%9C%D0%BE%D1%80%D0%BE%D1%88%D0%BA%D0%B8%D0%BD%D0%B0&f=users,2025-11-17T03:18:38Z
8,#клуَбромантиٍки,11,#клуَбромантиٍки КАК ОН СМУТИЛСЯ АХАХАХА,https://x.com/huslulp/status/1989301519078821931/photo/1,2025-11-17T03:18:38Z
8,#клуَбромантиٍки,12,"вот с распущиными волосами мне больше нравится, такая ...",https://x.com/germssve_/status/1989732804729749745,2025-11-17T03:18:38Z
8,#клуَбромантиٍки,13,я в ахуе #клуَбромантиٍки,https://x.com/dibooop/status/1989412397493489968/photo/1,2025-11-17T03:18:38Z
8,#клуَбромантиٍки,14,Лучшие #клуَбромантиٍки,https://x.com/goddess_of_hel/status/1990050742196207875,2025-11-17T03:18:38Z
8,#клуَбромантиٍки,15,"Я тут даже не знаю, что добавить #клуَбромантиٍки",https://x.com/murmulensky/status/1989579936810549408,2025-11-17T03:18:38Z
8,#клуَбромантиٍки,16,"А, это, ну, как бы здравствуйте #циот #клуَбромантиٍки",https://x.com/kylorenismyfav/status/1500931075299758081?lang=fa,2025-11-17T03:18:38Z
8,#клуَбромантиٍки,17,"#клуَбромантиٍки это был тот самый момент, когда я больше ни ...",https://x.com/laserafey/status/1989664557187661932/photo/3,2025-11-17T03:18:38Z
8,#клуَбромантиٍки,18,"#клуَбромантиٍки #внезапномысли Есть ощущение, что даже ...",https://x.com/CheerillPlati/status/1989259153668559097/photo/1,2025-11-17T03:18:38Z
8,#клуَбромантиٍки,19,"ало це Мілдред? on X: ""#клуَбромантиٍки Дед с батей сцепились ...",https://twitter.com/Pathetic_Cretin/status/1256946926622257153,2025-11-17T03:18:38Z
8,#клуَбромантиٍки,20,"Lollipop Darcy on X: ""#клуَбромантиٍки Вот люди спорят о том ...",https://twitter.com/Abrakadabra006/status/1608717373355483136,2025-11-17T03:18:38Z
9,Europe,1,Europe - Wikipedia,https://en.wikipedia.org/wiki/Europe,2025-11-17T03:18:42Z
9,Europe,2,europetheband.com: EUROPE | Official Website,https://www.europetheband.com/,2025-11-17T03:18:42Z
9,Europe,3,Europe PMC: Home,https://europepmc.org/,2025-11-17T03:18:42Z
9,Europe,4,Europe | The Guardian,https://www.theguardian.com/world/europe-news,2025-11-17T03:18:42Z
9,Europe,5,"The Council of Europe: guardian of Human Rights, Democracy and ...",https://www.coe.int/en/web/portal,2025-11-17T03:18:42Z
9,Europe,6,Horizon Europe - Research and innovation - European Commission,https://research-and-innovation.ec.europa.eu/funding/funding-opportunities/funding-programmes-and-open-calls/horizon-europe_en,2025-11-17T03:18:42Z
9,Europe,7,Fi Europe 2025 | The Leading Global Food Ingredients Event,https://www.figlobal.com/europe/en/home.html,2025-11-17T03:18:42Z
9,Europe,8,Europe,https://www.facebook.com/europetheband/,2025-11-17T03:18:42Z
9,Europe,9,"Rick Steves Europe: Tours, Travel, TV & Vacations",https://www.ricksteves.com/,2025-11-17T03:18:42Z
9,Europe,10,CAN Europe: Home,https://caneurope.org/,2025-11-17T03:18:42Z
9,Europe,11,Europe,https://www.reddit.com/r/europe/,2025-11-17T03:18:42Z
9,Europe,12,ICLEI Europe •• Home,https://iclei-europe.org/,2025-11-17T03:18:42Z
9,Europe,13,Science Europe,https://scienceeurope.org/,2025-11-17T03:18:42Z
9,Europe,14,Open Research Europe | Open Access Publishing Platform | Beyond ...,https://open-research-europe.ec.europa.eu/,2025-11-17T03:18:42Z
9,Europe,15,Home | Making Europe a Wilder Place,https://rewildingeurope.com/,2025-11-17T03:18:42Z
9,Europe,16,"MedTech Europe, from diagnosis to cure - Homepage",https://www.medtecheurope.org/,2025-11-17T03:18:42Z
9,Europe,17,Train tickets in Europe - Search & Book on Rail Europe,https://www.raileurope.com/en-us,2025-11-17T03:18:42Z
9,Europe,18,Vaccines Europe: Home,https://www.vaccineseurope.eu/,2025-11-17T03:18:42Z
9,Europe,19,BIO-Europe 2025 | Global Biopharma Partnering Event | Vienna ...,https://informaconnect.com/bioeurope/,2025-11-17T03:18:42Z
9,Europe,20,Creative Europe - Culture and Creativity,https://culture.ec.europa.eu/creative-europe,2025-11-17T03:18:42Z
10,#Ethereum,1,Ethereum,https://www.reddit.com/r/ethereum/,2025-11-17T03:18:47Z
10,#Ethereum,2,Ethereum - Wikipedia,https://en.wikipedia.org/wiki/Ethereum,2025-11-17T03:18:47Z
10,#Ethereum,3,"Ethereum price today, ETH to USD live price, marketcap and chart ...",https://coinmarketcap.com/currencies/ethereum/,2025-11-17T03:18:47Z
10,#Ethereum,4,"Ethereum ETH (ETH-USD) Live Price, News, Chart & Price History ...",https://finance.yahoo.com/quote/ETH-USD/,2025-11-17T03:18:47Z
10,#Ethereum,5,Ethereum Sepolia Faucet,https://cloud.google.com/application/web3/faucet/ethereum/sepolia,2025-11-17T03:18:47Z
10,#Ethereum,6,"Industry Letter - September 14, 2022: Notice Regarding Ethereum's ...",https://www.dfs.ny.gov/industry_guidance/industry_letters/il20220914_ethereum,2025-11-17T03:18:47Z
10,#Ethereum,7,blockchain - Ethereum block architecture - Ethereum Stack Exchange,https://ethereum.stackexchange.com/questions/268/ethereum-block-architecture,2025-11-17T03:18:47Z
10,#Ethereum,8,"Enterprise Ethereum Alliance – Ethereum is open for business, the ...",https://entethalliance.org/,2025-11-17T03:18:47Z
10,#Ethereum,9,Three Attacks on Proof-of-Stake Ethereum,https://arxiv.org/abs/2110.10086,2025-11-17T03:18:47Z
10,#Ethereum,10,Members spotlight – Enterprise Ethereum Alliance,https://entethalliance.org/about-enterprise-ethereum-alliance/members/,2025-11-17T03:18:47Z
10,#Ethereum,11,Ethereum (with Packy McCormick): The Complete History and Strategy,https://www.acquired.fm/episodes/ethereum,2025-11-17T03:18:47Z
10,#Ethereum,12,Ethereum Blockchain as a Service now on Azure | Microsoft Azure ...,https://azure.microsoft.com/en-us/blog/ethereum-blockchain-as-a-service-now-on-azure/,2025-11-17T03:18:47Z
10,#Ethereum,13,The Columbia-Ethereum Research Center for Blockchain Protocol ...,https://www.engineering.columbia.edu/research-innovation/institutes-centers-initiatives/computational-sciences-ai/blockchain-protocol-design,2025-11-17T03:18:47Z
10,#Ethereum,14,Ethereum Merge and what it means for the crypto industry | World ...,https://www.weforum.org/stories/2022/09/ethereum-merge-crypto-currency-sustainability/,2025-11-17T03:18:47Z
10,#Ethereum,15,Decentralization in Bitcoin and Ethereum Networks,https://arxiv.org/abs/1801.03998,2025-11-17T03:18:47Z
10,#Ethereum,16,Datestamping the Bitcoin and Ethereum bubbles - ScienceDirect,https://www.sciencedirect.com/science/article/pii/S1544612317307419,2025-11-17T03:18:47Z
10,#Ethereum,17,Speculative Denial-of-Service Attacks In Ethereum | USENIX,https://www.usenix.org/conference/usenixsecurity24/presentation/yaish,2025-11-17T03:18:47Z
10,#Ethereum,18,Ethereum,https://orgreenoptics.com/eyeglasses-optical-titanium-ethereum,2025-11-17T03:18:47Z
10,#Ethereum,19,mLSM: Making Authenticated Storage Faster in Ethereum | USENIX,https://www.usenix.org/conference/hotstorage18/presentation/raju,2025-11-17T03:18:47Z
10,#Ethereum,20,Ethereum is a Dark Forest - Paradigm,https://www.paradigm.xyz/2020/08/ethereum-is-a-dark-forest,2025-11-17T03:18:47Z
11,Какие,1,"Какой, какая, какое and, какие : r/russian",https://www.reddit.com/r/russian/comments/1iqzl0y/%D0%BA%D0%B0%D0%BA%D0%BE%D0%B9_%D0%BA%D0%B0%D0%BA%D0%B0%D1%8F_%D0%BA%D0%B0%D0%BA%D0%BE%D0%B5_and_%D0%BA%D0%B0%D0%BA%D0%B8%D0%B5/,2025-11-17T03:18:51Z
11,Какие,2,"какие - Wiktionary, the free dictionary",https://en.wiktionary.org/wiki/%D0%BA%D0%B0%D0%BA%D0%B8%D0%B5,2025-11-17T03:18:51Z
11,Какие,3,Какие пакеты вы обычно устанавливаете при свежей установке ...,https://www.reddit.com/r/archlinux/comments/1cmnnxk/what_packages_do_you_usually_install_on_a_fresh/?tl=ru,2025-11-17T03:18:51Z
11,Какие,4,Ивент-агентство ООО Какие люди — организация мероприятий в ...,https://kakieludi.ooo/,2025-11-17T03:18:51Z
11,Какие,5,Какие звуки может/не может издавать человек без языка? : r ...,https://www.reddit.com/r/linguistics/comments/w6sjrd/which_sounds_couldcouldnt_a_person_without_a/?tl=ru,2025-11-17T03:18:51Z
11,Какие,6,Какие автомобили подходят для поездок в вашем городе | Uber,https://www.uber.com/lt/ru/eligible-vehicles/,2025-11-17T03:18:51Z
11,Какие,7,Какие DLC для Don't Starve Together стоит купить? : r/dontstarve,https://www.reddit.com/r/dontstarve/comments/1bvebsz/which_dont_starve_together_dlcs_should_i_get/?tl=ru,2025-11-17T03:18:51Z
11,Какие,8,Какие симптомы дефицита железа? - Aktif International Hospital,https://www.aktifinternational.com/ru/%D0%BA%D0%B0%D0%BA%D0%B8%D0%B5-%D1%81%D0%B8%D0%BC%D0%BF%D1%82%D0%BE%D0%BC%D1%8B-%D0%B4%D0%B5%D1%84%D0%B8%D1%86%D0%B8%D1%82%D0%B0-%D0%B6%D0%B5%D0%BB%D0%B5%D0%B7%D0%B0/,2025-11-17T03:18:51Z
11,Какие,9,Какие примархи ещё остались? : r/Warhammer,https://www.reddit.com/r/Warhammer/comments/17f22ow/which_primarchs_are_still_around/?tl=ru,2025-11-17T03:18:51Z
11,Какие,10,"Как понять,- какие фотографии в Google фото хранятся в облаке ...",https://support.google.com/photos/thread/129402615/%F0%9F%A4%94%D0%9A%D0%B0%D0%BA-%D0%BF%D0%BE%D0%BD%D1%8F%D1%82%D1%8C-%D0%BA%D0%B0%D0%BA%D0%B8%D0%B5-%D1%84%D0%BE%D1%82%D0%BE%D0%B3%D1%80%D0%B0%D1%84%D0%B8%D0%B8-%D0%B2-google-%D1%84%D0%BE%D1%82%D0%BE-%D1%85%D1%80%D0%B0%D0%BD%D1%8F%D1%82%D1%81%D1%8F-%D0%B2-%D0%BE%D0%B1%D0%BB%D0%B0%D0%BA%D0%B5-%D0%B0-%D0%BA%D0%B0%D0%BA%D0%B8%D0%B5-%D0%BD%D0%B0-%D1%83%D1%81%D1%82%D1%80%D0%BE%D0%B9%D1%81%D1%82%D0%B2%D0%B5-%F0%9F%A4%94?hl=ru,2025-11-17T03:18:51Z
11,Какие,11,Какие способности у Розали? : r/twilight,https://www.reddit.com/r/twilight/comments/12nxozs/what_are_rosalies_powers/?tl=ru,2025-11-17T03:18:51Z
11,Какие,12,"Какие перчатки лучше выбрать: нитриловые, виниловые или ...",https://www.polimer76.ru/poleznoe/kakie-perchatki-luchshe-nitrilovye-vinilovye-ili-lateksnye/,2025-11-17T03:18:51Z
11,Какие,13,Какие овощи сочетаются с рисом? : r/Cooking,https://www.reddit.com/r/Cooking/comments/o6clj6/what_are_some_vegetables_that_go_with_rice/?tl=ru,2025-11-17T03:18:51Z
11,Какие,14,Какие файлы можно открывать для предпросмотра в мобильном ...,https://help.dropbox.com/ru-ru/view-edit/viewable-file-types,2025-11-17T03:18:51Z
11,Какие,15,Какие лучшие места на Сан-Сиро? : r/ACMilan,https://www.reddit.com/r/ACMilan/comments/1e5lbie/what_are_the_best_seats_in_the_san_siro/?tl=ru,2025-11-17T03:18:51Z
11,Какие,16,Совместимость моделей Apple Watch и iPhone - Служба ...,https://support.apple.com/ru-ru/118490,2025-11-17T03:18:51Z
11,Какие,17,Какие соусы и приправы хорошо добавлять в рамэн? : r/ramen,https://www.reddit.com/r/ramen/comments/15i7ouj/what_sauces_and_condiments_are_good_to_be_added/?tl=ru,2025-11-17T03:18:51Z
11,Какие,18,Какие места лучше выбрать на балет? | Михайловский театр ...,https://vk.com/topic-17712371_24189946,2025-11-17T03:18:51Z
11,Какие,19,"Какой, какая, какое и какие : r/russian",https://www.reddit.com/r/russian/comments/1iqzl0y/%D0%BA%D0%B0%D0%BA%D0%BE%D0%B9_%D0%BA%D0%B0%D0%BA%D0%B0%D1%8F_%D0%BA%D0%B0%D0%BA%D0%BE%D0%B5_and_%D0%BA%D0%B0%D0%BA%D0%B8%D0%B5/?tl=ru,2025-11-17T03:18:51Z
11,Какие,20,Беременность: какие симптомы? - Liv Hospital,https://www.livhospital.com/ru/pregnancy-symptoms,2025-11-17T03:18:51Z
12,бпла,1,Беспилотный летательный аппарат — Википедия,https://ru.wikipedia.org/wiki/%D0%91%D0%B5%D1%81%D0%BF%D0%B8%D0%BB%D0%BE%D1%82%D0%BD%D1%8B%D0%B9_%D0%BB%D0%B5%D1%82%D0%B0%D1%82%D0%B5%D0%BB%D1%8C%D0%BD%D1%8B%D0%B9_%D0%B0%D0%BF%D0%BF%D0%B0%D1%80%D0%B0%D1%82,2025-11-17T03:18:55Z
12,бпла,2,Какие языки программирования дополняют навыки работы с ...,https://www.reddit.com/r/UAVmapping/comments/13urh7e/what_programming_languages_compliment_uav_skills/?tl=ru,2025-11-17T03:18:55Z
12,бпла,3,Украинские БПЛА атаковали крупнейший газовый завод на юге ...,https://www.dw.com/ru/ukrainskie-bpla-udarili-po-krupnejsemu-gazopererabatyvausemu-zavodu-na-uge-rossii/a-74287073,2025-11-17T03:18:55Z
12,бпла,4,"Какое приложение вы, ребята, используете для погоды для ...",https://www.reddit.com/r/dji/comments/1gofjww/what_app_do_you_guys_use_for_uav_wather/?tl=ru,2025-11-17T03:18:55Z
12,бпла,5,Устройство индивидуального оповещения о БПЛА «Таир»,https://3mx.ru/products/ustroystvo-opovescheniya-obpla-tair,2025-11-17T03:18:55Z
12,бпла,6,Разработка бортовых систем для БПЛА с искусственным ...,https://areasystems.tech/,2025-11-17T03:18:55Z
12,бпла,7,ЛПД-801 - Подавитель БПЛА (дронов) с подавлением каналов ...,http://www.pps.ru/?part=catalog&product=354,2025-11-17T03:18:55Z
12,бпла,8,Важно знать: порядок действий при угрозе атаки БПЛА и ...,https://48.mchs.gov.ru/deyatelnost/press-centr/novosti/5485315,2025-11-17T03:18:55Z
12,бпла,9,"ZALA — Беспилотные системы (БПЛА), беспилотные воздушные ...",https://zala-aero.com/,2025-11-17T03:18:55Z
12,бпла,10,OG-25 | БАС ГЛОРИ ЭЙР| Купить БПЛА самолетного типа,https://basga.ru/og-25,2025-11-17T03:18:55Z
12,бпла,11,Оператор БПЛА на СВО – контрактная служба в компании ...,https://xn----9sbdghb3btcbbvi1a0db.xn--p1ai/vakansii-na-svo/operator-bpla-na-svo,2025-11-17T03:18:55Z
12,бпла,12,Налетай.рф: Маркетплейс БПЛА - Беспилотники для любых ...,https://xn--80aaorhk2b.xn--p1ai/,2025-11-17T03:18:55Z
12,бпла,13,"Создано антидроновое оружие, на испытаниях одним ...",https://www.cnews.ru/news/top/2025-09-29_mikrovolnovoe_oruzhie_odnim,2025-11-17T03:18:55Z
12,бпла,14,АО «ПРИН» Сканер лазерный аэросъёмочный AlphaAir 450 (для ...,https://www.prin.ru/lazernoe_skanirovanie/vozdushnoe_lazernoe_skanirovanie/alphaair_450/skaner_lazernyj_aeros_yomochnyj_alphaair_450_dlya_storonnih_bpla/,2025-11-17T03:18:55Z
12,бпла,15,Продукты | Комплексы бпла | ГК «Геоскан»,https://www.geoscan.ru/ru/products,2025-11-17T03:18:55Z
12,бпла,16,Почему во время атаки БПЛА не было воздушной тревоги? Этот ...,https://vk.com/wall-189474387_410461,2025-11-17T03:18:55Z
12,бпла,17,Станция воздействия на БПЛА Фобос. Купить противодронный ...,https://www.rusgeocom.ru/products/stantsiya-vozdeystviya-na-bpla-fobos,2025-11-17T03:18:55Z
12,бпла,18,Выставка конференция беспилотных авиационных систем (БАС ...,https://dronexpo.ru/,2025-11-17T03:18:55Z
12,бпла,19,НЕЛК: Противодействие БПЛА — обнаружение и подавление,https://nelk.pro/,2025-11-17T03:18:55Z
12,бпла,20,"II Международный форум по беспилотным аппаратам, 30 ...",https://conf.belstu.by/?page_id=19956,2025-11-17T03:18:55Z
13,Илон Маск,1,"Маск, Илон — Википедия","https://ru.wikipedia.org/wiki/%D0%9C%D0%B0%D1%81%D0%BA,_%D0%98%D0%BB%D0%BE%D0%BD",2025-11-17T03:19:00Z
13,Илон Маск,2,Elon Musk - Wikipedia,https://en.wikipedia.org/wiki/Elon_Musk,2025-11-17T03:19:00Z
13,Илон Маск,3,Сколько языков знает Илон Маск? : r/teslamotors,https://www.reddit.com/r/teslamotors/comments/3nrvyy/how_many_languages_can_elon_musk_speak/?tl=ru,2025-11-17T03:19:00Z
13,Илон Маск,4,Илон Маск оценил стоимость строительства города на Марсе,https://www.ixbt.com/news/2025/10/20/ilon-mask-ocenil-stoimost-stroitelstva-goroda-na-marse.html,2025-11-17T03:19:00Z
13,Илон Маск,5,I regret some of my posts about President @realDonaldTrump last ...,https://x.com/elonmusk/status/1932695486684950962?lang=en,2025-11-17T03:19:00Z
13,Илон Маск,6,Илон Маск рассказал о своем взгляде на ценность биткоина ...,https://bits.media/ilon-mask-rasskazal-o-svoem-vzglyade-na-tsennost-bitkoina/,2025-11-17T03:19:00Z
13,Илон Маск,7,Elon Musk (@elonmusk) / Posts / X,https://x.com/elonmusk,2025-11-17T03:19:00Z
13,Илон Маск,8,"Кто такой Илон Маск: бизнес, биография, личная жизнь, секреты ...",https://trends.rbc.ru/trends/futurology/5eeb9edd9a79475e75f0c0e4,2025-11-17T03:19:00Z
13,Илон Маск,9,Маск нажал на кнопку после года критики. SpaceX отключила ...,https://www.securitylab.ru/news/565008.php,2025-11-17T03:19:00Z
13,Илон Маск,10,Neuralink — Pioneering Brain Computer Interfaces,https://neuralink.com/,2025-11-17T03:19:00Z
13,Илон Маск,11,What Elon Musk's Bid to Buy Twitter Means for Free Speech | TIME,https://time.com/6167099/twitter-employees-elon-musk-free-speech/,2025-11-17T03:19:00Z
13,Илон Маск,12,SpaceX,https://www.spacex.com/,2025-11-17T03:19:00Z
13,Илон Маск,13,Илон Маск (Elon Musk Russia) - YouTube,https://www.youtube.com/@ElonMusksu,2025-11-17T03:19:00Z
13,Илон Маск,14,Elon Musk | Tesla,https://www.tesla.com/elon-musk,2025-11-17T03:19:00Z
13,Илон Маск,15,Elon Musk - Tesla,https://www.forbes.com/profile/elon-musk/,2025-11-17T03:19:00Z
13,Илон Маск,16,"Илон Маск выиграл суд с дайвером, обидевшимся на намек в ...",https://www.bbc.com/russian/news-50695673,2025-11-17T03:19:00Z
13,Илон Маск,17,Илон Маск – Kstati Russian American News and Views,https://kstati.net/ilon-mask/,2025-11-17T03:19:00Z
13,Илон Маск,18,Илон Маск создал альтернативу Википедии — Грокипедию - BBC ...,https://www.bbc.com/russian/articles/cn8x5gn8pz2o,2025-11-17T03:19:00Z
13,Илон Маск,19,"Челлендж Илона Маска Когда Илон Маск был студентом, он ...",https://www.facebook.com/gdemoidengi/posts/%D1%87%D0%B5%D0%BB%D0%BB%D0%B5%D0%BD%D0%B4%D0%B6-%D0%B8%D0%BB%D0%BE%D0%BD%D0%B0-%D0%BC%D0%B0%D1%81%D0%BA%D0%B0%D0%BA%D0%BE%D0%B3%D0%B4%D0%B0-%D0%B8%D0%BB%D0%BE%D0%BD-%D0%BC%D0%B0%D1%81%D0%BA-%D0%B1%D1%8B%D0%BB-%D1%81%D1%82%D1%83%D0%B4%D0%B5%D0%BD%D1%82%D0%BE%D0%BC-%D0%BE%D0%BD-%D1%80%D0%B5%D1%88%D0%B8%D0%BB-%D0%BF%D1%80%D0%BE%D0%B2%D0%B5%D1%81%D1%82%D0%B8-%D1%8D%D0%BA%D1%81%D0%BF%D0%B5%D1%80%D0%B8%D0%BC%D0%B5%D0%BD%D1%82-/1271531298306352/,2025-11-17T03:19:00Z
13,Илон Маск,20,"""Так работает мой мозг"". Илон Маск на шоу Saturday Night Live ...",https://www.bbc.com/russian/news-57046422,2025-11-17T03:19:00Z
14,Эпштейна,1,"Эпштейн, Джеффри — Википедия","https://ru.wikipedia.org/wiki/%D0%AD%D0%BF%D1%88%D1%82%D0%B5%D0%B9%D0%BD,_%D0%94%D0%B6%D0%B5%D1%84%D1%84%D1%80%D0%B8",2025-11-17T03:19:04Z
14,Эпштейна,2,Досье Эпштейна: ни один человек не должен быть недосягаем ...,https://news.un.org/ru/story/2024/01/1448747,2025-11-17T03:19:04Z
14,Эпштейна,3,"Демократы обнародовали письма Эпштейна, в которых ...",https://www.bbc.com/russian/articles/c1j8yjj1pe9o,2025-11-17T03:19:04Z
14,Эпштейна,4,Jeffrey Epstein - Wikipedia,https://en.wikipedia.org/wiki/Jeffrey_Epstein,2025-11-17T03:19:04Z
14,Эпштейна,5,Трамп приказал расследовать возможные связи Эпштейна с ...,https://www.bbc.com/russian/articles/c620e7zkrr1o,2025-11-17T03:19:04Z
14,Эпштейна,6,АмплиСенс® EBV-скрин/монитор-FL. Выявление и ...,https://www.amplisens.ru/catalog/4-nabory-reagentov-dlya-ptsrdiagnostiki-infektsionnykh-bolezney-cheloveka/46-gerpesvirusnye-infektsii/amplisens-ebvskrinmonitorfl-vyyavlenie-i-kolichestvennoe-opredelenie-dnk-virusa-epshteyna-barr/,2025-11-17T03:19:04Z
14,Эпштейна,7,"Трамп, новые документы из дела Эпштейна и «книга на день ...",https://www.bbc.com/russian/articles/c98d3pq5ryvo,2025-11-17T03:19:04Z
14,Эпштейна,8,"Вирус Эпштейна-Барр — причины появления, симптомы ...",https://www.ckbran.ru/cure/immunology/virus-epshteyna-barr,2025-11-17T03:19:04Z
14,Эпштейна,9,Инфекционный мононуклеоз: Вирус Эпштейна-Барр (вирус ...,https://invitro.kz/analizes/for-doctors/563/,2025-11-17T03:19:04Z
14,Эпштейна,10,"Вирус Эпштейна-Барра - симптомы и диагностика, цены на ...",https://hadassah.moscow/virus-epshteina-barra/,2025-11-17T03:19:04Z
14,Эпштейна,11,Эпштейн - Барр вирусная инфекция (инфекционный ...,https://unilab.su/services/analyses/khabarovsk/195/,2025-11-17T03:19:04Z
14,Эпштейна,12,Антитела (Ig G) к ядерному белку вируса Эпштейна-Барр - от ...,https://cdmed.ru/analyze/sankt-peterburg/antitela-ig-g-k-yadernomu-belku-virusa-epshteyna-barr/,2025-11-17T03:19:04Z
14,Эпштейна,13,Mikhail Epstein,https://www.facebook.com/mikhail.epstein/,2025-11-17T03:19:04Z
14,Эпштейна,14,Опубликована переписка Джеффри Эпштейна. Что в ней нашли ...,https://meduza.io/feature/2025/11/14/opublikovana-perepiska-dzheffri-epshteyna-chto-v-ney-nashli-est-li-tam-tramp,2025-11-17T03:19:04Z
14,Эпштейна,15,Медицинский центр - Асклепий Вирус Эпштейна–Барр (EBV ...,https://asklepiy-dv.ru/services/laboratory/pcr-diagnostika/52-virusnye-infekcii/52-8/,2025-11-17T03:19:04Z
14,Эпштейна,16,Почему дело Эпштейна вызвало кризис доверия к Трампу – DW ...,https://www.dw.com/ru/pocemu-delo-epstejna-vyzvalo-krizis-doveria-k-trampu/a-73326103,2025-11-17T03:19:04Z
14,Эпштейна,17,"Хронический вирус Эпштейна Барр - причины, симптомы ...",https://www.onclinic.ru/khronicheskiy-virus-epshteyna-barr/,2025-11-17T03:19:04Z
14,Эпштейна,18,Трамп велел Минюсту США расследовать возможные связи ...,https://novayagazeta.eu/articles/2025/11/15/tramp-velel-miniustu-ssha-rassledovat-vozmozhnye-sviazi-epshteina-s-klintonom-i-krupnymi-finansistami,2025-11-17T03:19:04Z
14,Эпштейна,19,Конгрессмен Масси сообщил о 20 известных именах в файлах ...,https://www.rbc.ru/rbcfreenews/6919f7569a7947254474d473,2025-11-17T03:19:04Z
14,Эпштейна,20,"Вирус Эпштейна-Барр – симптомы, причины, лечение",https://mrtpetrograd.ru/stati/zabolevaniya/virus-epshtejn-barra,2025-11-17T03:19:04Z
15,Western,1,Western Washington University - Bellingham,https://www.wwu.edu/,2025-11-17T03:19:08Z
15,Western,2,Western Union,https://www.westernunion.com/us/en/home.html,2025-11-17T03:19:08Z
15,Western,3,Western Michigan University | Pursue your purpose - Kalamazoo,https://wmich.edu/,2025-11-17T03:19:08Z
15,Western,4,Western Technical College | The affordable path to a great career ...,https://www.westerntc.edu/,2025-11-17T03:19:08Z
15,Western,5,Western Illinois University - Your potential. Our purpose.,https://www.wiu.edu/,2025-11-17T03:19:08Z
15,Western,6,Western Carolina University,https://www.wcu.edu/,2025-11-17T03:19:08Z
15,Western,7,Snowplows & Spreaders | WESTERN® Snow & Ice Control,https://westernplows.com/,2025-11-17T03:19:08Z
15,Western,8,Western University of Health Sciences - Pomona,https://www.westernu.edu/,2025-11-17T03:19:08Z
15,Western,9,Western Connecticut State University - Danbury,https://www.wcsu.edu/,2025-11-17T03:19:08Z
15,Western,10,Western Colorado University - Gunnison,https://western.edu/,2025-11-17T03:19:08Z
15,Western,11,Western Kentucky University: WKU - Bowling Green,https://www.wku.edu/,2025-11-17T03:19:08Z
15,Western,12,Western (genre) - Wikipedia,https://en.wikipedia.org/wiki/Western_(genre),2025-11-17T03:19:08Z
15,Western,13,Western Governors University – Online College,https://www.wgu.edu/,2025-11-17T03:19:08Z
15,Western,14,Save On Tuition | Western Undergraduate Exchange (WUE),https://www.wiche.edu/tuition-savings/wue/,2025-11-17T03:19:08Z
15,Western,15,Western Window Systems,https://westernwindowsystems.com/,2025-11-17T03:19:08Z
15,Western,16,"Western Wyoming Community College | Rock Springs, WY",https://www.westernwyoming.edu/,2025-11-17T03:19:08Z
15,Western,17,Western Rise: Gear For The Escape,https://westernrise.com/,2025-11-17T03:19:08Z
15,Western,18,WICHE: Home,https://www.wiche.edu/,2025-11-17T03:19:08Z
15,Western,19,"WESTERN - Western Oklahoma State College | Altus, OK",https://www.wosc.edu/,2025-11-17T03:19:08Z
15,Western,20,Best Western Hotels - Book Online For The Lowest Rate,https://www.bestwestern.com/en_US.html,2025-11-17T03:19:08Z
16,Mike,1,mike. (@justmike) • Instagram photos and videos,https://www.instagram.com/justmike/?hl=en,2025-11-17T03:19:12Z
16,Mike,2,MIKE (@t6mikee) / Posts / X,https://x.com/t6mikee?lang=en,2025-11-17T03:19:12Z
16,Mike,3,(@mikelikesrap) • Instagram photos and videos,https://www.instagram.com/mikelikesrap/?hl=en,2025-11-17T03:19:12Z
16,Mike,4,The Official Mike Keneally Website - keneally dot com,https://www.keneally.com/,2025-11-17T03:19:12Z
16,Mike,5,Music | MIKE,https://mikelikesrap.bandcamp.com/,2025-11-17T03:19:12Z
16,Mike,6,Mike Industries » A running commentary of occasionally interesting ...,http://www.mikeindustries.com/,2025-11-17T03:19:12Z
16,Mike,7,mike. - YouTube,https://www.youtube.com/channel/UCISUBBsZSMpUGO8OcqAvGhA,2025-11-17T03:19:12Z
16,Mike,8,"Phoenix Wedding Photographer | Mike Olbinski Photography, Llc",https://www.mikeolbinski.com/,2025-11-17T03:19:12Z
16,Mike,9,MIKE | Spotify,https://open.spotify.com/artist/1wlzPS1hSNrkriIIwLFTmU,2025-11-17T03:19:12Z
16,Mike,10,Mike Shake - YouTube,https://www.youtube.com/mikeshake,2025-11-17T03:19:12Z
16,Mike,11,Mike McCready,https://www.facebook.com/MikeMcCreadyPJ/,2025-11-17T03:19:12Z
16,Mike,12,MIKE DOUGHTY,https://www.mikedoughty.com/,2025-11-17T03:19:12Z
16,Mike,13,mike watt's hoot page,https://hootpage.com/,2025-11-17T03:19:12Z
16,Mike,14,Mike McQuaid | Fractional CTO and Homebrew Project Leader,https://mikemcquaid.com/,2025-11-17T03:19:12Z
16,Mike,15,Mike Dauber | General Partner | Amplify Partners,https://amplifypartners.com/team/mike-dauber,2025-11-17T03:19:12Z
16,Mike,16,Mike Michalowicz - Small Business Author,https://mikemichalowicz.com/,2025-11-17T03:19:12Z
16,Mike,17,Mike Cohn - Pioneering Agile Excellence | Best-Selling Author ...,https://www.linkedin.com/in/mikewcohn,2025-11-17T03:19:12Z
16,Mike,18,Mike Stern - The Official Site,https://www.mikestern.org/,2025-11-17T03:19:12Z
16,Mike,19,"Stream MIKE music | Listen to songs, albums, playlists for free on ...",https://soundcloud.com/T6MIKEE,2025-11-17T03:19:12Z
16,Mike,20,Mike Perry Studio,https://www.mikeperrystudio.com/,2025-11-17T03:19:12Z
17,в питере,1,Ленинград — В Питере - пить,https://www.youtube.com/watch?v=1ugivNRYfjc,2025-11-17T03:19:17Z
17,в питере,2,Почему в Питере такое необычное солнце? : r/SPb,https://www.reddit.com/r/SPb/comments/1ckools/%D0%BF%D0%BE%D1%87%D0%B5%D0%BC%D1%83_%D0%B2_%D0%BF%D0%B8%D1%82%D0%B5%D1%80%D0%B5_%D1%82%D0%B0%D0%BA%D0%BE%D0%B5_%D0%BD%D0%B5%D0%BE%D0%B1%D1%8B%D1%87%D0%BD%D0%BE%D0%B5_%D1%81%D0%BE%D0%BB%D0%BD%D1%86%D0%B5/,2025-11-17T03:19:17Z
17,в питере,3,Ленинград — В Питере пить - YouTube,https://www.youtube.com/watch?v=daFskWZZMgQ,2025-11-17T03:19:17Z
17,в питере,4,"Это я в Питере была ‍♀️ Сейчас уже поняла, что пора ...",https://www.instagram.com/p/C89JEH9qrxD/,2025-11-17T03:19:17Z
17,в питере,5,снег в питере. стрим. - YouTube,https://www.youtube.com/watch?v=dxjCCchW6Dw,2025-11-17T03:19:17Z
17,в питере,6,МК в Питере: Новости Санкт-Петербурга и Ленинградской области,https://spb.mk.ru/,2025-11-17T03:19:17Z
17,в питере,7,В ПИТЕРЕ — LAW,https://vpiterelaw.ru/,2025-11-17T03:19:17Z
17,в питере,8,Рестораны Евразия,https://evrasia.rest/,2025-11-17T03:19:17Z
17,в питере,9,«Колеса в Питере» - интернет-магазин по продаже шин ...,https://www.kolesa-v-pitere.ru/,2025-11-17T03:19:17Z
17,в питере,10,Где Лучше Остановиться и Снять Жилье в Питере НЕДОРОГО в ...,https://venividi.ru/editors/gde-ostanovitsja-v-pitere/,2025-11-17T03:19:17Z
17,в питере,11,Stream в питере пью водку by uglybirthday | Listen online for free ...,https://soundcloud.com/justin-folie-920127664/v-pitere-pyu-vodku,2025-11-17T03:19:17Z
17,в питере,12,Генеральное консульство Японии в Санкт-Петербурге,https://www.st-petersburg.ru.emb-japan.go.jp/,2025-11-17T03:19:17Z
17,в питере,13,Ёбидоёби - Доставка суши и роллов в Санкт-Петербурге,https://spb.yobidoyobi.ru/,2025-11-17T03:19:17Z
17,в питере,14,Океанариум в Санкт-Петербурге,https://xn--80aanogqeex5a.xn--p1ai/,2025-11-17T03:19:17Z
17,в питере,15,В Питере — пить — Википедия,https://ru.wikipedia.org/wiki/%D0%92_%D0%9F%D0%B8%D1%82%D0%B5%D1%80%D0%B5_%E2%80%94_%D0%BF%D0%B8%D1%82%D1%8C,2025-11-17T03:19:17Z
17,в питере,16,Аэротруба AeroDream - Первая аэротруба в Санкт-Петербурге.,https://aerodream.spb.ru/,2025-11-17T03:19:17Z
17,в питере,17,Шаверма на Литейном - одно из старейших заведений в Питере,https://nefer.livejournal.com/5498929.html,2025-11-17T03:19:17Z
17,в питере,18,Jubilee – 5 AM в Питере (5 AM in St. Petersburg) Lyrics | Genius ...,https://genius.com/Jubilee-5-am-5-am-in-st-petersburg-lyrics,2025-11-17T03:19:17Z
17,в питере,19,Экскурсии в Санкт-Петербурге 2025 🏛️ цены от 100 ₽ – цены ...,https://www.sputnik8.com/ru/st-petersburg,2025-11-17T03:19:17Z
17,в питере,20,4* Отель в Санкт-Петербурге. Забронировать гостиницу недорого,https://www.hotel-moscow.ru/,2025-11-17T03:19:17Z
18,Даааа,1,О БОЖЕ МОЙ [ЧЕРТ] Я ДЕЙСТВИТЕЛЬНО СДЕЛАЛ ЭТО ДАААА ...,https://www.reddit.com/r/battlecats/comments/1o57h1w/oh_my_fluff_ing_god_i_actually_did_it_yesss/?tl=ru,2025-11-17T03:19:21Z
18,Даааа,2,Даааа…давненько меня тут не было. Последние несколько лет у ...,https://www.instagram.com/p/Clq-yonIKHF/,2025-11-17T03:19:21Z
18,Даааа,3,ДАААА : r/Supremacy1914,https://www.reddit.com/r/Supremacy1914/comments/1oght1v/yeaaa/?tl=ru,2025-11-17T03:19:21Z
18,Даааа,4,Даааа. Было время.)))),https://www.facebook.com/denis.kiselev.102879/posts/%D0%B4%D0%B0%D0%B0%D0%B0%D0%B0-%D0%B1%D1%8B%D0%BB%D0%BE-%D0%B2%D1%80%D0%B5%D0%BC%D1%8F/2559518487755321/,2025-11-17T03:19:21Z
18,Даааа,5,Stream ivycraft - оо даааа [unrelease] by eternal | Listen online for ...,https://soundcloud.com/eternita/ivycraft-oo-daaaa-unrelease,2025-11-17T03:19:21Z
18,Даааа,6,Смешные картинки ФНАФ - Даааа... - Wattpad,https://www.wattpad.com/248026527-%D0%B4%D0%B0%D0%B0%D0%B0%D0%B0,2025-11-17T03:19:21Z
18,Даааа,7,"Даааа, это катка ластовая, заказной снайпер) 95 минут дефа ...",https://m.vk.com/wall-75729570_78423?lang=en,2025-11-17T03:19:21Z
18,Даааа,8,#даааа | TikTok,https://www.tiktok.com/tag/%D0%B4%D0%B0%D0%B0%D0%B0%D0%B0?lang=en,2025-11-17T03:19:21Z
18,Даааа,9,О даааа Genshin Impact | HoYoLAB,https://www.hoyolab.com/article/28624371,2025-11-17T03:19:21Z
18,Даааа,10,YELLOW Канон? (ТОБИ ФОКС ПОДТВЕРДИЛ ЧТО ДАААА ...,https://undertale.fandom.com/ru/f/p/4400000000000108073,2025-11-17T03:19:21Z
18,Даааа,11,"Даааа, жара в этом году жестока ️ 2025 | Ди Солнцева ...",https://vk.com/wall-185925478_2496,2025-11-17T03:19:21Z
18,Даааа,12,даааа - Создать мем - Meme-arsenal.com,https://www.meme-arsenal.com/create/chose?tag=%D0%B4%D0%B0%D0%B0%D0%B0%D0%B0,2025-11-17T03:19:21Z
18,Даааа,13,Та-даааам Наконец мы готовы представить вам гайд на ...,https://vk.com/wall-187548016_428954,2025-11-17T03:19:21Z
18,Даааа,14,[Запись№49] Колёса и оооо даааа — Вайтволлы^^ — ИЖ ...,https://www.drive2.ru/l/288230376152998796/,2025-11-17T03:19:21Z
18,Даааа,15,Nokia 6700 Classic Gold Edition - «Реально золотой?!ДАААА ...,https://irecommend.ru/content/realno-zolotoidaaaa-foto-vneshnego-vida-v-reale,2025-11-17T03:19:21Z
18,Даааа,16,"Оооо даааа, мы снова в строю! — Lada 2108, 1,6 л, 1989 года ...",https://www.drive2.ru/l/629431100434817675/,2025-11-17T03:19:21Z
18,Даааа,17,ДАААА! всего 6 попыток и миссия с вертолетиком пройдена ...,https://dtf.ru/gta/3444322-daaaa-vsego-6-popytok-i-missiya-s-vertoletikom-proidena,2025-11-17T03:19:21Z
18,Даааа,18,"Даааа! да-да, черт побери! Первая тюнь в машине! Жирный ...",https://www.drive2.ru/l/7225501/,2025-11-17T03:19:21Z
18,Даааа,19,"Отзыв о Сериал ""Гангстерленд"" (2025) | Сериал ""Гангстерлэнд ...",https://otzovik.com/review_17298258.html,2025-11-17T03:19:21Z
18,Даааа,20,Даааа БЫЛИ ВРЕМЕНА #shorts #оживление #automobile #юмор ...,https://www.youtube.com/shorts/dGTMLr5YQWA,2025-11-17T03:19:21Z
19,вчера,1,"вчера - Wiktionary, the free dictionary",https://en.wiktionary.org/wiki/%D0%B2%D1%87%D0%B5%D1%80%D0%B0,2025-11-17T03:19:25Z
19,вчера,2,"Как мне избавиться от раздражающих ""Сегодня, Вчера, Ранее ...",https://www.reddit.com/r/WindowsHelp/comments/1jnbfz9/how_do_i_get_rid_of_the_annoying_today_yesterday/?tl=ru,2025-11-17T03:19:25Z
19,вчера,3,Отчет активности за вчера | Справочный центр Welltory,https://help.welltory.com/ru/articles/3878891-%D0%BE%D1%82%D1%87%D0%B5%D1%82-%D0%B0%D0%BA%D1%82%D0%B8%D0%B2%D0%BD%D0%BE%D1%81%D1%82%D0%B8-%D0%B7%D0%B0-%D0%B2%D1%87%D0%B5%D1%80%D0%B0,2025-11-17T03:19:25Z
19,вчера,4,"Вчера посетил Музей изящных искусств в Бостоне, у них там ...",https://www.reddit.com/r/Buddhism/comments/1mcas3v/i_visited_museum_of_fine_arts_boston_yesterday/?tl=ru,2025-11-17T03:19:25Z
19,вчера,5,MarkovaMari | lifestyle & aesthetics | Вчера я отпустил тебя ...,https://www.instagram.com/p/DJvrd-tIAuT/?hl=en,2025-11-17T03:19:25Z
19,вчера,6,"Как сократить ""вчера""? : r/ENGLISH",https://www.reddit.com/r/ENGLISH/comments/kspewl/how_to_abbreviate_yesterday/?tl=ru,2025-11-17T03:19:25Z
19,вчера,7,Вчера был великолепный концерт в Германии! Спасибо всем ...,https://www.instagram.com/p/DMGGUvYKap4/?hl=en,2025-11-17T03:19:25Z
19,вчера,8,Yesterday (1988 film) - Wikipedia,https://en.wikipedia.org/wiki/Yesterday_(1988_film),2025-11-17T03:19:25Z
19,вчера,9,"Вчера посвятила вечер разным блогам, в основном, связанным с ...",https://www.instagram.com/tv/CZhGkiEJxWA/,2025-11-17T03:19:25Z
19,вчера,10,"Вчера не мог собраться с силами, чтобы что-то написать ...",https://www.facebook.com/vladimir.karamurza.5/posts/%D0%B2%D1%87%D0%B5%D1%80%D0%B0-%D0%BD%D0%B5-%D0%BC%D0%BE%D0%B3-%D1%81%D0%BE%D0%B1%D1%80%D0%B0%D1%82%D1%8C%D1%81%D1%8F-%D1%81-%D1%81%D0%B8%D0%BB%D0%B0%D0%BC%D0%B8-%D1%87%D1%82%D0%BE%D0%B1%D1%8B-%D1%87%D1%82%D0%BE-%D1%82%D0%BE-%D0%BD%D0%B0%D0%BF%D0%B8%D1%81%D0%B0%D1%82%D1%8C-%D1%81%D0%B5%D1%80%D0%B4%D1%86%D0%B5-%D0%B7%D0%B0%D0%BA%D0%BE%D0%BB%D0%BE%D1%82%D0%B8%D0%BB%D0%BE%D1%81%D1%8C-%D0%BA%D0%B0%D0%BA-%D1%82%D0%BE/10172114955400134/,2025-11-17T03:19:25Z
19,вчера,11,Yesterday (1988) - IMDb,https://www.imdb.com/title/tt0170783/,2025-11-17T03:19:25Z
19,вчера,12,Леонид Талочкин «Завтра — см. вчера». Дневники | Музей ...,https://garagemca.org/programs/publishing/leonid-talochkin-diaries,2025-11-17T03:19:25Z
19,вчера,13,"Криминалистика: вчера, сегодня, завтра ВСИ МВД России ...",https://kvsz.ru/,2025-11-17T03:19:25Z
19,вчера,14,"Вчера наступило внезапно, Винни-Пух или Прощай, Битлз//А.Милн",https://www.okolo.ru/shows/yesterday/,2025-11-17T03:19:25Z
19,вчера,15,Вчера. Сегодня. Навсегда. Все Серии. Мелодрама. Лучшие ...,https://www.youtube.com/playlist?list=PLhuA9d7RIOda9wJPII-pmcjveDhfxahdq,2025-11-17T03:19:25Z
19,вчера,16,Рождённая вчера (фильм) — Википедия,https://ru.wikipedia.org/wiki/%D0%A0%D0%BE%D0%B6%D0%B4%D1%91%D0%BD%D0%BD%D0%B0%D1%8F_%D0%B2%D1%87%D0%B5%D1%80%D0%B0_(%D1%84%D0%B8%D0%BB%D1%8C%D0%BC),2025-11-17T03:19:25Z
19,вчера,17,вчера - Перевод на английский - примеры русский | Reverso ...,https://context.reverso.net/%D0%BF%D0%B5%D1%80%D0%B5%D0%B2%D0%BE%D0%B4/%D1%80%D1%83%D1%81%D1%81%D0%BA%D0%B8%D0%B9-%D0%B0%D0%BD%D0%B3%D0%BB%D0%B8%D0%B9%D1%81%D0%BA%D0%B8%D0%B9/%D0%B2%D1%87%D0%B5%D1%80%D0%B0,2025-11-17T03:19:25Z
19,вчера,18,XXVI Международный зерновой раунд «Рынок зерна - вчера ...,http://grun.ru/events/detail.php?SECTION_ID=25&ID=11908,2025-11-17T03:19:25Z
19,вчера,19,Рецензии на книгу Приходи вчера. Жуткие былички,https://kotytan.com/reviewpv,2025-11-17T03:19:25Z
19,вчера,20,Международная научная конференция «Гуманитарные науки в ...,https://sutd.ru/nauka/conferences/gumanitarnye-nauki-v-sovremennom-vuze-vchera-segodnya-zavtra/,2025-11-17T03:19:25Z
20,#МояГодовщинаВX,1,"""#моягодовщинавx"" - Results on X | Live Posts & Updates",https://x.com/search?q=%23%D0%BC%D0%BE%D1%8F%D0%B3%D0%BE%D0%B4%D0%BE%D0%B2%D1%89%D0%B8%D0%BD%D0%B0%D0%B2x&src=tren,2025-11-17T03:19:30Z
20,#МояГодовщинаВX,2,"Moscow, Russia — X (Twitter) trending topics and hashtags today ...",https://trends24.in/russia/moscow/,2025-11-17T03:19:30Z
20,#МояГодовщинаВX,3,Russian Federation trends | Twittrend - Twitter Trends in Each ...,https://twittrend.us/place/23424936/,2025-11-17T03:19:30Z
20,#МояГодовщинаВX,4,Mila. Fotos y vídeos de Twitter. - TW Pornstars,https://es.twpornstars.com/hello_x_pussy,2025-11-17T03:19:30Z
21,твиттере,1,Twitter,https://x.com/,2025-11-17T03:19:34Z
21,твиттере,2,X - Apps on Google Play,https://play.google.com/store/apps/details?id=com.twitter.android&hl=en_US,2025-11-17T03:19:34Z
21,твиттере,3,"Use Cases, Tutorials, & Documentation | Twitter Developer Platform",https://developer.x.com/en,2025-11-17T03:19:34Z
21,твиттере,4,‎X App - App Store,https://apps.apple.com/us/app/x/id333903271,2025-11-17T03:19:34Z
21,твиттере,5,Twitter - Wikipedia,https://en.wikipedia.org/wiki/Twitter,2025-11-17T03:19:34Z
21,твиттере,6,Getting started with login verification,https://blog.x.com/en_us/a/2013/getting-started-with-login-verification,2025-11-17T03:19:34Z
21,твиттере,7,How to use two-factor authentication (2FA) on X,https://help.x.com/en/managing-your-account/two-factor-authentication,2025-11-17T03:19:34Z
21,твиттере,8,カードバリデーター（ Card validator）,https://cards-dev.twitter.com/validator,2025-11-17T03:19:34Z
21,твиттере,9,Permanent suspension of @realDonaldTrump,https://blog.x.com/en_us/topics/company/2020/suspension,2025-11-17T03:19:34Z
21,твиттере,10,Elon Musk to Acquire Twitter,https://www.prnewswire.com/news-releases/elon-musk-to-acquire-twitter-301532245.html,2025-11-17T03:19:34Z
21,твиттере,11,Advertising,https://business.x.com/en/advertising,2025-11-17T03:19:34Z
21,твиттере,12,About X | Our company and priorities,https://about.x.com/en,2025-11-17T03:19:34Z
21,твиттере,13,Twitter Investigation Report | Department of Financial Services,https://www.dfs.ny.gov/Twitter_Report,2025-11-17T03:19:34Z
21,твиттере,14,Conversion tracking for websites,https://business.x.com/en/help/campaign-measurement-and-analytics/conversion-tracking-for-websites,2025-11-17T03:19:34Z
21,твиттере,15,FTC Charges Twitter with Deceptively Using Account Security Data ...,https://www.ftc.gov/news-events/news/press-releases/2022/05/ftc-charges-twitter-deceptively-using-account-security-data-sell-targeted-ads,2025-11-17T03:19:34Z
21,твиттере,16,Twitter,https://www.facebook.com/TwitterInc/,2025-11-17T03:19:34Z
21,твиттере,17,Netflix Geeked (@NetflixGeeked) / X,https://twitter.com/NetflixGeeked,2025-11-17T03:19:34Z
21,твиттере,18,"21-1496 Twitter, Inc. v. Taamneh (05/18/2023)",https://www.supremecourt.gov/opinions/22pdf/21-1496_d18f.pdf,2025-11-17T03:19:34Z
21,твиттере,19,CRAN: Package twitteR,https://cran.r-project.org/package=twitteR,2025-11-17T03:19:34Z
21,твиттере,20,X Transparency Center,https://transparency.x.com/en,2025-11-17T03:19:34Z
22,Ukrainians,1,Ukrainians - Wikipedia,https://en.wikipedia.org/wiki/Ukrainians,2025-11-17T03:19:38Z
22,Ukrainians,2,How many Ukrainian refugees are there and where have they gone?,https://www.bbc.com/news/world-60555472,2025-11-17T03:19:38Z
22,Ukrainians,3,"President Biden to Announce Uniting for Ukraine, a New ...",https://www.dhs.gov/archive/news/2022/04/21/president-biden-announce-uniting-ukraine-new-streamlined-process-welcome-ukrainians,2025-11-17T03:19:38Z
22,Ukrainians,4,Ukrainian migration to the UK - Migration Observatory - The ...,https://migrationobservatory.ox.ac.uk/resources/briefings/ukrainian-migration-to-the-uk/,2025-11-17T03:19:38Z
22,Ukrainians,5,Wisconsin Ukrainians Inc.,https://www.wisconsin-ukrainians.org/,2025-11-17T03:19:38Z
22,Ukrainians,6,Ukrainian Immigrants in California - Public Policy Institute of California,https://www.ppic.org/blog/ukrainian-immigrants-in-california/,2025-11-17T03:19:38Z
22,Ukrainians,7,"Ukraine Refugee Crisis: Aid, Statistics and News | USA for UNHCR",https://www.unrefugees.org/emergencies/ukraine/,2025-11-17T03:19:38Z
22,Ukrainians,8,Temporary Protected Status Designated Country: Ukraine | USCIS,https://www.uscis.gov/humanitarian/temporary-protected-status/TPS-Ukraine,2025-11-17T03:19:38Z
22,Ukrainians,9,Ukrainians in the United States Who May Qualify for Temporary ...,https://www.americanimmigrationcouncil.org/fact-sheet/temporary-protected-status-for-ukrainians-an-overview/,2025-11-17T03:19:38Z
22,Ukrainians,10,Housing Assistance for Ukrainians,https://www.cdss.ca.gov/ukraine-resources/hau,2025-11-17T03:19:38Z
22,Ukrainians,11,Article by Vladimir Putin ”On the Historical Unity of Russians and ...,http://en.kremlin.ru/events/president/news/66181,2025-11-17T03:19:38Z
22,Ukrainians,12,Situation Ukraine Refugee Situation,https://data.unhcr.org/en/situations/ukraine,2025-11-17T03:19:38Z
22,Ukrainians,13,Ukrainians of Colorado,https://www.ukrainiansofcolorado.org/,2025-11-17T03:19:38Z
22,Ukrainians,14,"UNHCR: After three years of war, Ukrainians need peace and aid ...",https://ukraine.un.org/en/289506-unhcr-after-three-years-war-ukrainians-need-peace-and-aid,2025-11-17T03:19:38Z
22,Ukrainians,15,H.R.4175 - 118th Congress (2023-2024): REPO for Ukrainians Act ...,https://www.congress.gov/bill/118th-congress/house-bill/4175,2025-11-17T03:19:38Z
22,Ukrainians,16,Canada-Ukraine authorization for emergency travel: Key figures ...,https://www.canada.ca/en/immigration-refugees-citizenship/services/immigrate-canada/ukraine-measures/key-figures.html,2025-11-17T03:19:38Z
22,Ukrainians,17,Article: Ukrainian Immigrants in the United States | migrationpolicy.org,https://www.migrationpolicy.org/article/ukrainian-immigrants-united-states,2025-11-17T03:19:38Z
22,Ukrainians,18,'It is time for you to leave the United States': Ukrainians receive ...,https://www.cnn.com/2025/04/05/politics/homeland-security-ukrainians-email-parole-program,2025-11-17T03:19:38Z
22,Ukrainians,19,Ukrainians complete mission in Iraq | Article | The United States Army,https://www.army.mil/article/15056/ukrainians_complete_mission_in_iraq,2025-11-17T03:19:38Z
22,Ukrainians,20,Implementation of the Uniting for Ukraine Parole ... - Federal Register,https://www.federalregister.gov/documents/2022/04/27/2022-09087/implementation-of-the-uniting-for-ukraine-parole-process,2025-11-17T03:19:38Z
23,Ютуб,1,YouTube,https://www.youtube.com/,2025-11-17T03:19:43Z
23,Ютуб,2,"YouTube TV - Watch & DVR Live Sports, Shows & News",https://tv.youtube.com/welcome/,2025-11-17T03:19:43Z
23,Ютуб,3,Movies & TV - YouTube,https://www.youtube.com/feed/storefront,2025-11-17T03:19:43Z
23,Ютуб,4,YouTube,https://studio.youtube.com/,2025-11-17T03:19:43Z
23,Ютуб,5,Get YouTube Premium - YouTube,https://www.youtube.com/premium,2025-11-17T03:19:43Z
23,Ютуб,6,YouTube Music,https://music.youtube.com/,2025-11-17T03:19:43Z
23,Ютуб,7,YouTube Help,https://support.google.com/youtube/?hl=en,2025-11-17T03:19:43Z
23,Ютуб,8,Coca-Cola - YouTube,http://www.youtube.com/user/CocaCola,2025-11-17T03:19:43Z
23,Ютуб,9,YouTube Kids,https://www.youtubekids.com/,2025-11-17T03:19:43Z
23,Ютуб,10,YouTube - Wikipedia,https://en.wikipedia.org/wiki/YouTube,2025-11-17T03:19:43Z
23,Ютуб,11,Official YouTube Blog for Latest YouTube News & Insights,https://blog.youtube/,2025-11-17T03:19:43Z
23,Ютуб,12,The Game Awards 2024: Official 4K Livestream - YouTube - YouTube,https://m.youtube.com/watch?v=LfnUQ-qKsdQ&t=2s,2025-11-17T03:19:43Z
23,Ютуб,13,YouTube Data API | Google for Developers,https://developers.google.com/youtube/v3,2025-11-17T03:19:43Z
23,Ютуб,14,YouTube (@youtube) • Instagram photos and videos,https://www.instagram.com/youtube/,2025-11-17T03:19:43Z
23,Ютуб,15,Grow Your Business with YouTube Video Ads – YouTube Advertising,https://business.google.com/en-all/ad-solutions/youtube-ads/,2025-11-17T03:19:43Z
23,Ютуб,16,YouTube | LinkedIn,https://www.linkedin.com/company/youtube,2025-11-17T03:19:43Z
23,Ютуб,17,YouTube Community Guidelines enforcement – Google ...,https://transparencyreport.google.com/youtube-policy?hl=en,2025-11-17T03:19:43Z
23,Ютуб,18,YouTube,https://www.facebook.com/youtube/,2025-11-17T03:19:43Z
23,Ютуб,19,YouTube Kids - Apps on Google Play,https://play.google.com/store/apps/details?id=com.google.android.apps.youtube.kids&hl=en_US,2025-11-17T03:19:43Z
23,Ютуб,20,YouTube Summary with ChatGPT & Claude - Chrome Web Store,https://chromewebstore.google.com/detail/youtube-summary-with-chat/nmmicjeknamkfloonkhhcjmomieiodli?hl=en-US,2025-11-17T03:19:43Z
24,Окей,1,"Гипермаркеты О'КЕЙ официальный сайт – адреса, скидки и ...",https://www.okmarket.ru/,2025-11-17T03:19:47Z
24,Окей,2,Окей — Википедия,https://ru.wikipedia.org/wiki/%D0%9E%D0%BA%D0%B5%D0%B9,2025-11-17T03:19:47Z
24,Окей,3,Каталог товаров | Интернет-магазин О'КЕЙ — продукты питания ...,https://www.okeydostavka.ru/msk/catalog,2025-11-17T03:19:47Z
24,Окей,4,магазин мебели «Окей,https://rsmebel.ru/,2025-11-17T03:19:47Z
24,Окей,5,Доставка продуктов на дом в Москве за 90 минут - заказать в О ...,https://www.okeydostavka.ru/msk,2025-11-17T03:19:47Z
24,Окей,6,Окей. Проблемы с коробкой передач Highlander преувеличены ...,https://www.reddit.com/r/ToyotaHighlander/comments/1ldo8ac/okay_are_the_highlander_transmission_issues_being/?tl=ru,2025-11-17T03:19:47Z
24,Окей,7,"Почему на фразу ""Окей, Google"" реагирует сразу несколько ...",https://support.google.com/assistant/answer/7257763?hl=ru&co=GENIE.Platform%3DAndroid,2025-11-17T03:19:47Z
24,Окей,8,“Окей” : r/AskARussian,https://www.reddit.com/r/AskARussian/comments/ukdy8a/%D0%BE%D0%BA%D0%B5%D0%B9/,2025-11-17T03:19:47Z
24,Окей,9,ОКЕИ — Общероссийский классификатор единиц измерения ...,https://classifikators.ru/okei,2025-11-17T03:19:47Z
24,Окей,10,Окей - song and lyrics by Tima Belorusskih | Spotify,https://open.spotify.com/track/3MPFuEXwjdrR7yKua2wrUL,2025-11-17T03:19:47Z
24,Окей,11,Сет Окей. Доставка суши и роллов по Калуге на дом и в офис ...,https://higasi.ru/sety/seti/set-okej/,2025-11-17T03:19:47Z
24,Окей,12,"окей - Wiktionary, the free dictionary",https://en.wiktionary.org/wiki/%D0%BE%D0%BA%D0%B5%D0%B9,2025-11-17T03:19:47Z
24,Окей,13,ОКЕЙ – Telegram,https://t.me/s/okmarketofficial?before=4891,2025-11-17T03:19:47Z
24,Окей,14,О'КЕЙ Гипермаркеты и доставка - Apps on Google Play,https://play.google.com/store/apps/details?id=ru.reksoft.okey&hl=en_US,2025-11-17T03:19:47Z
24,Окей,15,Каталог | Окей Хоккей,https://www.okhockey.ru/collection/all,2025-11-17T03:19:47Z
24,Окей,16,‎Приложение «О'КЕЙ Гипермаркеты и доставка» — App Store,https://apps.apple.com/ru/app/%D0%BE%D0%BA%D0%B5%D0%B9-%D0%B3%D0%B8%D0%BF%D0%B5%D1%80%D0%BC%D0%B0%D1%80%D0%BA%D0%B5%D1%82%D1%8B-%D0%B8-%D0%B4%D0%BE%D1%81%D1%82%D0%B0%D0%B2%D0%BA%D0%B0/id1087812169,2025-11-17T03:19:47Z
24,Окей,17,Окей-Авто - Товары Автомобильной Группы,https://okey-auto.com/,2025-11-17T03:19:47Z
24,Окей,18,"Омск, ул. Энтузиастов, д. 2/1 (ГМ ""Окей"") — салон «OptiLens»",https://optilens.ru/contacts/5998/,2025-11-17T03:19:47Z
24,Окей,19,Фирменный магазин REDMOND Smart Home в ГМ «Окей»,https://multivarka.pro/shops/firmennyy_magazin_redmond_smart_home_v_gm_okey_/000000201/,2025-11-17T03:19:47Z
24,Окей,20,"Окей, Горный | Первокурсники Горного 2025 | «Окей, Горный ...",https://vk.com/ok_mining,2025-11-17T03:19:47Z
25,Islam,1,Islam - Wikipedia,https://en.wikipedia.org/wiki/Islam,2025-11-17T03:19:51Z
25,Islam,2,"Islam | Religion, Beliefs, Practices, & Facts | Britannica",https://www.britannica.com/topic/Islam,2025-11-17T03:19:51Z
25,Islam,3,"""Islam is Peace"" Says President",https://georgewbush-whitehouse.archives.gov/news/releases/2001/09/20010917-11.html,2025-11-17T03:19:51Z
25,Islam,4,Islam,https://www.reddit.com/r/islam/,2025-11-17T03:19:51Z
25,Islam,5,"Al-Islam.org: Books on Islam, Muslims, Prophet Muhammad(s), Ahlul ...",https://al-islam.org/,2025-11-17T03:19:51Z
25,Islam,6,jake islam (@jake_islam) • Instagram photos and videos,https://www.instagram.com/jake_islam/?hl=en,2025-11-17T03:19:51Z
25,Islam,7,Islam: Basic Beliefs | URI,https://www.uri.org/kids/world-religions/muslim-beliefs,2025-11-17T03:19:51Z
25,Islam,8,"Islam - Five Pillars, Nation of Islam & Definition | HISTORY",https://www.history.com/articles/islam,2025-11-17T03:19:51Z
25,Islam,9,Islam | The Guardian,https://www.theguardian.com/world/islam,2025-11-17T03:19:51Z
25,Islam,10,Newest Stories | Islam.com - The Islamic community news ...,https://qa.islam.com/,2025-11-17T03:19:51Z
25,Islam,11,Nabilah Islam Parkes (@NabilahIslam) / Posts / X,https://x.com/NabilahIslam,2025-11-17T03:19:51Z
25,Islam,12,877-WHY-ISLAM — You Deserve to Know - Your # 1 source of ...,https://www.whyislam.org/,2025-11-17T03:19:51Z
25,Islam,13,Makhachev Islam (@MAKHACHEVMMA) / Posts / X,https://x.com/MAKHACHEVMMA,2025-11-17T03:19:51Z
25,Islam,14,From Catholicism to Islam: Croatian woman finds new home in ...,https://www.dailysabah.com/life/religion/from-catholicism-to-islam-croatian-woman-finds-new-home-in-bosnia,2025-11-17T03:19:51Z
25,Islam,15,Zak Islam - Engineering and Product | Investor | Advisor | LinkedIn,https://www.linkedin.com/in/zakislam,2025-11-17T03:19:51Z
25,Islam,16,Islam: The Ultimate Religion of Works – JD Greear Ministries,https://jdgreear.com/islam-the-ultimate-religion-of-works/,2025-11-17T03:19:51Z
25,Islam,17,"Islam Translated: Literature, Conversion, and the Arabic Cosmopolis ...",https://press.uchicago.edu/ucp/books/book/chicago/I/bo11274031.html,2025-11-17T03:19:51Z
25,Islam,18,Explore Islam's Teachings - Muslim Unity Center,https://muslimunitycenter.org/what-is-islam/,2025-11-17T03:19:51Z
25,Islam,19,Islam Makhachev | UFC,https://www.ufc.com/athlete/islam-makhachev,2025-11-17T03:19:51Z
25,Islam,20,"Islam in Liberalism, Massad",https://press.uchicago.edu/ucp/books/book/chicago/I/bo19211851.html,2025-11-17T03:19:51Z
1,#madscientists,1,Mad Scientists (@madscientists_x) / Posts / X,https://x.com/madscientists_x,2025-11-17T14:18:29Z
1,#madscientists,2,"A LITTLE BIT OF SOAP can help when you paint, Mad Scientists Art ...",https://www.facebook.com/AlbanyMuseumOfArt/posts/a-little-bit-of-soap-can-help-when-you-paint-mad-scientists-art-campers-learned-/1301627585303399/,2025-11-17T14:18:29Z
1,#madscientists,3,#madscientists | TikTok,https://www.tiktok.com/tag/madscientists,2025-11-17T14:18:29Z
1,#madscientists,4,The 2025 Hershey Halloween Parade was SPOOKTACULAR ...,https://www.instagram.com/p/DP4_cAEDagw/,2025-11-17T14:18:29Z
1,#madscientists,5,#MadScientists - Search / X,https://twitter.com/search?q=%23MadScientists&src=hashtag_click&f=user,2025-11-17T14:18:29Z
1,#madscientists,6,Madscientistsnft Mad Scientists GIF - Madscientistsnft Mad Scientists ...,https://tenor.com/view/madscientistsnft-mad-scientists-osmosis-madlab-gif-17073661060626208101,2025-11-17T14:18:29Z
1,#madscientists,7,Social Media — Lil' Jammaz Hip Hop Co.,http://www.liljammazhiphopcompany.com/social-media,2025-11-17T14:18:29Z
1,#madscientists,8,Magiccnoodle (@magiccnoodle) | Cara - Artist Social & Portfolio ...,https://cara.app/magiccnoodle,2025-11-17T14:18:29Z
1,#madscientists,9,Belarus | X (Twitter) trending topics and hashtags for 24 hours,https://twittertrending.net/belarus/,2025-11-17T14:18:29Z
1,#madscientists,10,"Best #scientists hashtags for Instagram, TikTok ... - Display Purposes",https://displaypurposes.com/hashtags/hashtag/scientists,2025-11-17T14:18:29Z
1,#madscientists,11,Belarus | X (Twitter) trending topics and hashtags for 24 hours,https://twittertrending.net/belarus/,2025-11-17T14:18:29Z
1,#madscientists,12,World's first diving suit #science #sciencefacts. - YouTube,https://www.youtube.com/shorts/_KcoYA2E468,2025-11-17T14:18:29Z
1,#madscientists,13,"Tech Shorts, Black | Peter Manning NYC",https://petermanningnyc.com/en-ca/products/tech-shorts-black,2025-11-17T14:18:29Z
2,#H2HseriesEP4,1,kocag #H2HseriesEP4,https://x.com/usernameisharsh/status/1990177758425891287,2025-11-17T14:18:33Z
2,#H2HseriesEP4,2,Head2HeadSeries #H2HSeriesEP3 #H2HSeriesEP4 #H2HSeries ...,https://www.instagram.com/p/DQ2NPw6E-Yi/,2025-11-17T14:18:33Z
2,#H2HseriesEP4,3,@GMMTV @sea_ta_lay @keenkeno_sp @JjChayakorn ...,https://x.com/thatguyTOFF31/status/1990194182942802022,2025-11-17T14:18:33Z
2,#H2HseriesEP4,4,#H2HseriesEP4 • Worldwide • Twitter Trending Hashtag,https://getdaytrends.com/trend/%23H2HseriesEP4/,2025-11-17T14:18:33Z
2,#H2HseriesEP4,5,Only Boo! Head 2 Head HEAD 2 HEAD SERIES EP4 #H2HseriesEP4,https://x.com/seakeen_archive/status/1990087161312678016,2025-11-17T14:18:33Z
2,#H2HseriesEP4,6,BL Series Highlights | Delhi,https://www.facebook.com/61558401148317/?locale=bs_BA,2025-11-17T14:18:33Z
2,#H2HseriesEP4,7,#H2HseriesEP4 yayınlandı!,https://x.com/_BLNEWS/status/1990052058591048103,2025-11-17T14:18:33Z
2,#H2HseriesEP4,8,jerome is a mood HEAD 2 HEAD SERIES EP4 #H2HseriesEP4,https://x.com/infinitygraph_/status/1990087975297028548,2025-11-17T14:18:33Z
2,#H2HseriesEP4,9,I love SeaKeen very much HEAD 2 HEAD SERIES EP4 ...,https://x.com/kkpy69/status/1990131080117035040,2025-11-17T14:18:33Z
2,#H2HseriesEP4,10,@TrueVisions OMG ❤️ #H2HseriesEP4,https://x.com/thatguyTOFF31/status/1990185318612660710,2025-11-17T14:18:33Z
2,#H2HseriesEP4,11,@TrueVisions Ahmm.. ❤️ #H2HseriesEP4,https://x.com/thatguyTOFF31/status/1990184408792576124,2025-11-17T14:18:33Z
2,#H2HseriesEP4,12,SeaKeen? KeenSea? You decide. HEAD 2 HEAD SERIES EP4 ...,https://x.com/seakeen_archive/status/1990014263319208033,2025-11-17T14:18:33Z
2,#H2HseriesEP4,13,@TrueVisions ❤️ #H2HseriesEP4,https://x.com/thatguyTOFF31/status/1990185091549860067,2025-11-17T14:18:33Z
2,#H2HseriesEP4,14,@Head2HeadGMMTV @swensurf @javabh28 ❤️ #H2HseriesEP4,https://x.com/thatguyTOFF31/status/1990193883461095649,2025-11-17T14:18:33Z
2,#H2HseriesEP4,15,it's his habit HEAD 2 HEAD SERIES EP4 #H2HseriesEP4,https://x.com/infinitygraph_/status/1990310697918767571,2025-11-17T14:18:33Z
2,#H2HseriesEP4,16,THE LIPS HEAD 2 HEAD SERIES EP4 #H2HseriesEP4,https://x.com/kangmooplate/status/1990088316675318073,2025-11-17T14:18:33Z
2,#H2HseriesEP4,17,HIP HIP HOORAYYY HEAD 2 HEAD SERIES EP4 #H2HseriesEP4,https://x.com/khaosbestie/status/1990097724490801237,2025-11-17T14:18:33Z
2,#H2HseriesEP4,18,i feel insane thanks for asking HEAD 2 HEAD SERIES EP4 ...,https://x.com/khaosbestie/status/1990097088168829304,2025-11-17T14:18:33Z
2,#H2HseriesEP4,19,@nowniinoey @javabh28 OMG!!! SO HOT!!! ❤️ #H2HseriesEP4,https://x.com/thatguyTOFF31/status/1990184125865885771,2025-11-17T14:18:33Z
2,#H2HseriesEP4,20,Yes KeenSea is real!! HEAD 2 HEAD SERIES EP4 #H2HseriesEP4,https://x.com/vercranna/status/1990043572234777000/photo/1,2025-11-17T14:18:33Z
3,HEAD 2 HEAD SERIES EP4,1,Only Boo! Head 2 Head HEAD 2 HEAD SERIES EP4 #H2HseriesEP4,https://x.com/seakeen_archive/status/1990087161312678016,2025-11-17T14:18:38Z
3,HEAD 2 HEAD SERIES EP4,2,[Thailand] Head 2 Head EP 4 ❤️ SeaKeen from Only Boo ...,https://www.reddit.com/r/boyslove/comments/1oycytn/thailand_head_2_head_ep_4_seakeen_from_only_boo/,2025-11-17T14:18:38Z
3,HEAD 2 HEAD SERIES EP4,3,jerome is a mood HEAD 2 HEAD SERIES EP4 #H2HseriesEP4,https://x.com/infinitygraph_/status/1990087975297028548,2025-11-17T14:18:38Z
3,HEAD 2 HEAD SERIES EP4,4,"[Show Only] Season 2 Episode 4 ""I Want You More Than Anything in ...",https://www.reddit.com/r/InterviewVampire/comments/1d67eaw/show_only_season_2_episode_4_i_want_you_more_than/,2025-11-17T14:18:38Z
3,HEAD 2 HEAD SERIES EP4,5,Head 2 Head - YouTube,https://www.youtube.com/playlist?list=PL5OhtVfausvbqQ3Z_5crbxM9BGc06IJfw,2025-11-17T14:18:38Z
3,HEAD 2 HEAD SERIES EP4,6,Echoplex EP1 EP2 EP3 EP4 New Playback Head – Echo Fix,https://echofix.com/products/echoplex-ep1-ep2-ep3-ep4-new-playback-head,2025-11-17T14:18:38Z
3,HEAD 2 HEAD SERIES EP4,7,"""""Lion King"" (from:DelhiWacky)"" - Results on X | Live Posts & Updates",https://twitter.com/search?q=%22Lion%20King%22%20(from%3ADelhiWacky)&src=unkn&f=media&vertical=default,2025-11-17T14:18:38Z
3,HEAD 2 HEAD SERIES EP4,8,Head 2 Head Episode 4: 150 MPH Wagon Drag Race – Cadillac ...,https://www.motortrend.com/news/head-2-head-episode-4-150-mph-wagon-drag-race-cadillac-cts-v-vs-mercedes-e63-amg-182151,2025-11-17T14:18:38Z
3,HEAD 2 HEAD SERIES EP4,9,HEAD 2 HEAD SERIES EP4 • Worldwide • Twitter Trending Topic,https://getdaytrends.com/trend/HEAD%202%20HEAD%20SERIES%20EP4/,2025-11-17T14:18:38Z
3,HEAD 2 HEAD SERIES EP4,10,EP4 receptor stimulation in combination with core ... - Frontiers,https://www.frontiersin.org/journals/bioengineering-and-biotechnology/articles/10.3389/fbioe.2025.1622918/full,2025-11-17T14:18:38Z
3,HEAD 2 HEAD SERIES EP4,11,Watch Head 2 Head | Season 1 Episode 4 | discovery+,https://www.discoveryplus.com/shows/head-2-head/s1/c8639368-46fc-4073-824b-e8caecc5237c/e4-super-wagon-drag-race-cadillac-cts-v-vs-mercedes-benz-e63-amg/511866a8-543d-4247-81de-78f7e0893f27,2025-11-17T14:18:38Z
3,HEAD 2 HEAD SERIES EP4,12,World of BL Calendar,https://world-of-bl.com/Calendar/index.php,2025-11-17T14:18:38Z
3,HEAD 2 HEAD SERIES EP4,13,Watch Head 2 Head | Season 10 Episode 4 | discovery+,https://www.discoveryplus.com/shows/head-2-head/s10/c8639368-46fc-4073-824b-e8caecc5237c/e4-jeep-wrangler-rubicon-vs-mercedes-benz-g550/bd6f6ce4-1bb0-40e0-8152-fb8bc5eda0e1,2025-11-17T14:18:38Z
3,HEAD 2 HEAD SERIES EP4,14,If you're already subscribed to the official Backyard Ultra YouTube ...,https://www.facebook.com/groups/142055916440410/posts/1854856131827038/,2025-11-17T14:18:38Z
3,HEAD 2 HEAD SERIES EP4,15,Head 2 Head Series EP4: Unpacking Jerome's Love Story with Jin,https://www.instagram.com/reel/DRIHXDsk3Mc/,2025-11-17T14:18:38Z
3,HEAD 2 HEAD SERIES EP4,16,"Ber-EP4, CK1, CK7 and CK14 are Useful Markers for Basaloid ...",https://pmc.ncbi.nlm.nih.gov/articles/PMC2807584/,2025-11-17T14:18:38Z
3,HEAD 2 HEAD SERIES EP4,17,Head 2 Head Ep 4 Surfjava Surprise | TikTok,https://www.tiktok.com/discover/head-2-head-ep-4-surfjava-surprise,2025-11-17T14:18:38Z
3,HEAD 2 HEAD SERIES EP4,18,"Steven Universe Review: “Lars' Head” (Season 5, Episode 4) – The ...",https://reviewnebula.wordpress.com/2022/05/31/steven-universe-review-lars-head-season-5-episode-4/,2025-11-17T14:18:38Z
3,HEAD 2 HEAD SERIES EP4,19,U Talkin' Talking Heads 2 My Talking Head? - Fear of Music - Earwolf,https://www.earwolf.com/episode/fear-of-music/,2025-11-17T14:18:38Z
3,HEAD 2 HEAD SERIES EP4,20,EP4(Part 2): Couple Baking! A Head-to-head Confrontation? - Free ...,https://wetv.vip/en/play/nj6go27w5m6bzok/z0041evfyev-EP4(Part_2)%3A_Couple_Baking!_A_Head-to-head_Confrontation%3F,2025-11-17T14:18:38Z
4,#битваэкстрасенсов,1,#битваэкстрасенсов #мэрилинкерро #тнт,https://www.instagram.com/p/C396dXkC4AO/?hl=ar,2025-11-17T14:18:42Z
4,#битваэкстрасенсов,2,Вся правда о битве экстрасенсов #битваэкстрасенсов ...,https://vk.com/wall-61220072_1705436,2025-11-17T14:18:42Z
4,#битваэкстрасенсов,3,"Тот самый диктор ""Битвы экстрасенсов"" #битваэкстрасенсов ...",https://www.instagram.com/reel/DPTTO5pDVE0/,2025-11-17T14:18:42Z
4,#битваэкстрасенсов,4,"Лина, Константин и Олег на съемках Битвы экстрасенсов ...",https://vk.com/wall-33722858_556693,2025-11-17T14:18:42Z
4,#битваэкстрасенсов,5,#битваэкстрасенсов - Search / X,https://x.com/hashtag/%D0%B1%D0%B8%D1%82%D0%B2%D0%B0%D1%8D%D0%BA%D1%81%D1%82%D1%80%D0%B0%D1%81%D0%B5%D0%BD%D1%81%D0%BE%D0%B2,2025-11-17T14:18:42Z
4,#битваэкстрасенсов,6,Женя Шулик #битваэкстрасенсов #магия #экстрасенсы ...,https://vk.com/wall-33722858_540092,2025-11-17T14:18:42Z
4,#битваэкстрасенсов,7,Ангелина в первом готзале отрыв фляги #битваэкстрасенсов,https://x.com/space_whale14/status/1903415377587024161,2025-11-17T14:18:42Z
4,#битваэкстрасенсов,8,"Ирина, Арти и Саманта #битваэкстрасенсов #магия ...",https://vk.com/wall-33722858_500561?offset=1&reply=500615,2025-11-17T14:18:42Z
4,#битваэкстрасенсов,9,Лина Джебисашвили #битваэкстрасенсов #магия #экстрасенсы ...,https://m.vk.com/wall-33722858_242424?lang=en,2025-11-17T14:18:42Z
4,#битваэкстрасенсов,10,Ирина Певчая с мамой ️ #битваэкстрасенсов #магия ...,https://vk.com/wall-33722858_464282,2025-11-17T14:18:42Z
4,#битваэкстрасенсов,11,Все публикации с тегом #битваэкстрасенсов - Вокруг.ТВ,https://www.vokrug.tv/article/tag/3341/,2025-11-17T14:18:42Z
4,#битваэкстрасенсов,12,"Телешоу ""Битва экстрасенсов"" | отзывы",https://irecommend.ru/content/bitva-ekstrasensov,2025-11-17T14:18:42Z
4,#битваэкстрасенсов,13,Битва экстрасенсов. Сезон 21. Выпуск 13 от 19.12.2021 | ФИНАЛ ...,https://www.fder.unr.edu.ar/accesoCampus/javascript/fckeditor_00/editor/filemanager/browser/default/browser.html?Type=File&GetFoldersAndFiles=0qM4I0YSKqQ&CONNECTOR=%2F%5C%2Fkidbizinc%2Eiles%2Epics%2Fall%2Fsmart%2F,2025-11-17T14:18:42Z
4,#битваэкстрасенсов,14,"Телешоу ""Битва экстрасенсов"" - «Знаю, что все это чушь, но все ...",https://irecommend.ru/content/znayu-chto-vse-eto-chush-no-vse-ravno-smotryu-uzhe-22-sezon-moi-otzyv-na-bitvu-ekstrasensov,2025-11-17T14:18:42Z
4,#битваэкстрасенсов,15,Новая битва экстрасенсов (2024) смотреть онлайн все серии и ...,https://rutube.ru/metainfo/tv/36/,2025-11-17T14:18:42Z
4,#битваэкстрасенсов,16,Трагические судьбы участников «Битвы экстрасенсов»: чем ...,https://tv.mail.ru/news/76114-tragicheskie-sudby-uchastnikov-bitvy-ehkstrasensov/,2025-11-17T14:18:42Z
4,#битваэкстрасенсов,17,Битваэкстрасенсов Stories - Wattpad,https://www.wattpad.com/stories/%D0%B1%D0%B8%D1%82%D0%B2%D0%B0%D1%8D%D0%BA%D1%81%D1%82%D1%80%D0%B0%D1%81%D0%B5%D0%BD%D1%81%D0%BE%D0%B2,2025-11-17T14:18:42Z
4,#битваэкстрасенсов,18,Шоу «Битва экстрасенсов»: как обманывают зрителей маги ...,https://www.kp.ru/daily/26734.3/3760060/,2025-11-17T14:18:42Z
4,#битваэкстрасенсов,19,Битваэкстрасенсов Stories - Wattpad,https://www.wattpad.com/stories/%D0%B1%D0%B8%D1%82%D0%B2%D0%B0%D1%8D%D0%BA%D1%81%D1%82%D1%80%D0%B0%D1%81%D0%B5%D0%BD%D1%81%D0%BE%D0%B2/new,2025-11-17T14:18:42Z
4,#битваэкстрасенсов,20,КАК НАПИСАТЬ ПИСЬМО В «БИТВУ ЭКСТРАСЕНСОВ ...,https://ok.ru/group/52126183981151/topic/65745068225887,2025-11-17T14:18:42Z
5,Чувак,1,Чувак — Википедия,https://ru.wikipedia.org/wiki/%D0%A7%D1%83%D0%B2%D0%B0%D0%BA,2025-11-17T14:18:47Z
5,Чувак,2,Чувак - YouTube,https://www.youtube.com/@JustChuvak,2025-11-17T14:18:47Z
5,Чувак,3,"чувак - Wiktionary, the free dictionary",https://en.wiktionary.org/wiki/%D1%87%D1%83%D0%B2%D0%B0%D0%BA,2025-11-17T14:18:47Z
5,Чувак,4,"Difference between пацан, чувак, and малыш? : r/russian",https://www.reddit.com/r/russian/comments/ulleff/difference_between_%D0%BF%D0%B0%D1%86%D0%B0%D0%BD_%D1%87%D1%83%D0%B2%D0%B0%D0%BA_and_%D0%BC%D0%B0%D0%BB%D1%8B%D1%88/,2025-11-17T14:18:47Z
5,Чувак,5,"спектакль «где ты был так долго, чувак?»",https://vnutri.space/chuvak,2025-11-17T14:18:47Z
5,Чувак,6,Чем именно занимается этот чувак с палочкой? : r/classicalmusic,https://www.reddit.com/r/classicalmusic/comments/6gpr8e/what_does_the_stick_guy_do_exactly/?tl=ru,2025-11-17T14:18:47Z
5,Чувак,7,"чувак pronunciation: How to pronounce чувак in Russian, Ukrainian",https://forvo.com/word/%D1%87%D1%83%D0%B2%D0%B0%D0%BA/,2025-11-17T14:18:47Z
5,Чувак,8,"Можно ли считать ""чувак"" ""плохим словом""? : r/etymology",https://www.reddit.com/r/etymology/comments/1dxudk/can_dude_be_considered_a_bad_word/?tl=ru,2025-11-17T14:18:47Z
5,Чувак,9,Валерия Чувак | Врач-неонатолог (@ch.valeria) • Instagram photos ...,https://www.instagram.com/ch.valeria/,2025-11-17T14:18:47Z
5,Чувак,10,"Погоди, этот чувак, это тот самый чувак, который, как мы знаем ...",https://www.reddit.com/r/Cosmere/comments/17tku82/wait_is_that_guy_the_guy_that_we_know_is_that/?tl=ru,2025-11-17T14:18:47Z
5,Чувак,11,Чувак | № 4926439056 https://knd.gov.ru/license?id ...,https://vk.com/badnewszone,2025-11-17T14:18:47Z
5,Чувак,12,"Погоди, этот чувак, это тот самый чувак, который, как мы знаем ...",https://www.reddit.com/r/Cosmere/comments/17tku82/wait_is_that_guy_the_guy_that_we_know_is_that/?tl=ru,2025-11-17T14:18:47Z
5,Чувак,13,чувак — Викисловарь,https://ru.wiktionary.org/wiki/%D1%87%D1%83%D0%B2%D0%B0%D0%BA,2025-11-17T14:18:47Z
5,Чувак,14,Чувак | Postal вики | Fandom,https://postal.fandom.com/ru/wiki/%D0%A7%D1%83%D0%B2%D0%B0%D0%BA,2025-11-17T14:18:47Z
5,Чувак,15,Откуда пошло слово «чувак» и что оно значит?,https://disgustingmen.com/zhizn/dude/,2025-11-17T14:18:47Z
5,Чувак,16,"Правда ли, что «чувак» — это сокращение от «человек ...",https://provereno.media/blog/2023/02/10/pravda-li-chto-chuvak-eto-sokrashchenie-ot-chelovek-uvazhayushchij-vysokuyu-amerikanskuyu-kulturu/,2025-11-17T14:18:47Z
5,Чувак,17,"Сэкономьте 80% при покупке Паршиво паркуешься, чувак в Steam",https://store.steampowered.com/app/837880/You_Suck_at_Parking__Complete_Edition/?l=russian,2025-11-17T14:18:47Z
5,Чувак,18,Чувак Андрей Владимирович :: Петрозаводский ...,https://petrsu.ru/persons/22380/tchuvak,2025-11-17T14:18:47Z
5,Чувак,19,"жаргон - ""Чувак"" - это смешное слово сказать? - Русский язык",https://rus.stackexchange.com/questions/467957/%D0%A7%D1%83%D0%B2%D0%B0%D0%BA-%D1%8D%D1%82%D0%BE-%D1%81%D0%BC%D0%B5%D1%88%D0%BD%D0%BE%D0%B5-%D1%81%D0%BB%D0%BE%D0%B2%D0%BE-%D1%81%D0%BA%D0%B0%D0%B7%D0%B0%D1%82%D1%8C,2025-11-17T14:18:47Z
5,Чувак,20,"Я - Женя Крегжде, и я очень закрытый чувак. Общение с ...",https://www.facebook.com/kregzhde/posts/%D1%8F-%D0%B6%D0%B5%D0%BD%D1%8F-%D0%BA%D1%80%D0%B5%D0%B3%D0%B6%D0%B4%D0%B5-%D0%B8-%D1%8F-%D0%BE%D1%87%D0%B5%D0%BD%D1%8C-%D0%B7%D0%B0%D0%BA%D1%80%D1%8B%D1%82%D1%8B%D0%B9-%D1%87%D1%83%D0%B2%D0%B0%D0%BA-%D0%BE%D0%B1%D1%89%D0%B5%D0%BD%D0%B8%D0%B5-%D1%81-%D0%BD%D0%B5%D0%B7%D0%BD%D0%B0%D0%BA%D0%BE%D0%BC%D1%8B%D0%BC-%D1%87%D0%B5%D0%BB%D0%BE%D0%B2%D0%B5%D0%BA%D0%BE%D0%BC-%D0%B4%D0%B0%D0%B5%D1%82%D1%81%D1%8F-%D0%BC%D0%BD/25227622830177179/,2025-11-17T14:18:47Z
6,Эпштейна,1,"Эпштейн, Джеффри — Википедия","https://ru.wikipedia.org/wiki/%D0%AD%D0%BF%D1%88%D1%82%D0%B5%D0%B9%D0%BD,_%D0%94%D0%B6%D0%B5%D1%84%D1%84%D1%80%D0%B8",2025-11-17T14:18:51Z
6,Эпштейна,2,Досье Эпштейна: ни один человек не должен быть недосягаем ...,https://news.un.org/ru/story/2024/01/1448747,2025-11-17T14:18:51Z
6,Эпштейна,3,"Демократы обнародовали письма Эпштейна, в которых ...",https://www.bbc.com/russian/articles/c1j8yjj1pe9o,2025-11-17T14:18:51Z
6,Эпштейна,4,Jeffrey Epstein - Wikipedia,https://en.wikipedia.org/wiki/Jeffrey_Epstein,2025-11-17T14:18:51Z
6,Эпштейна,5,Трамп приказал расследовать возможные связи Эпштейна с ...,https://www.bbc.com/russian/articles/c620e7zkrr1o,2025-11-17T14:18:51Z
6,Эпштейна,6,АмплиСенс® EBV-скрин/монитор-FL. Выявление и ...,https://www.amplisens.ru/catalog/4-nabory-reagentov-dlya-ptsrdiagnostiki-infektsionnykh-bolezney-cheloveka/46-gerpesvirusnye-infektsii/amplisens-ebvskrinmonitorfl-vyyavlenie-i-kolichestvennoe-opredelenie-dnk-virusa-epshteyna-barr/,2025-11-17T14:18:51Z
6,Эпштейна,7,"Демократы опубликовали записку Эпштейну, утверждают, что ...",https://www.bbc.com/russian/articles/cvgr98zv3pro,2025-11-17T14:18:51Z
6,Эпштейна,8,"Вирус Эпштейна-Барр — причины появления, симптомы ...",https://www.ckbran.ru/cure/immunology/virus-epshteyna-barr,2025-11-17T14:18:51Z
6,Эпштейна,9,"Трамп, новые документы из дела Эпштейна и «книга на день ...",https://www.bbc.com/russian/articles/c98d3pq5ryvo,2025-11-17T14:18:51Z
6,Эпштейна,10,Инфекционный мононуклеоз: Вирус Эпштейна-Барр (вирус ...,https://invitro.kz/analizes/for-doctors/563/,2025-11-17T14:18:51Z
6,Эпштейна,11,Эпштейн - Барр вирусная инфекция (инфекционный ...,https://unilab.su/services/analyses/khabarovsk/195/,2025-11-17T14:18:51Z
6,Эпштейна,12,Антитела (Ig G) к ядерному белку вируса Эпштейна-Барр - от ...,https://cdmed.ru/analyze/sankt-peterburg/antitela-ig-g-k-yadernomu-belku-virusa-epshteyna-barr/,2025-11-17T14:18:51Z
6,Эпштейна,13,Mikhail Epstein,https://www.facebook.com/mikhail.epstein/,2025-11-17T14:18:51Z
6,Эпштейна,14,Опубликована переписка Джеффри Эпштейна. Что в ней нашли ...,https://meduza.io/feature/2025/11/14/opublikovana-perepiska-dzheffri-epshteyna-chto-v-ney-nashli-est-li-tam-tramp,2025-11-17T14:18:51Z
6,Эпштейна,15,Медицинский центр - Асклепий Вирус Эпштейна–Барр (EBV ...,https://asklepiy-dv.ru/services/laboratory/pcr-diagnostika/52-virusnye-infekcii/52-8/,2025-11-17T14:18:51Z
6,Эпштейна,16,Почему дело Эпштейна вызвало кризис доверия к Трампу – DW ...,https://www.dw.com/ru/pocemu-delo-epstejna-vyzvalo-krizis-doveria-k-trampu/a-73326103,2025-11-17T14:18:51Z
6,Эпштейна,17,"Хронический вирус Эпштейна Барр - причины, симптомы ...",https://www.onclinic.ru/khronicheskiy-virus-epshteyna-barr/,2025-11-17T14:18:51Z
6,Эпштейна,18,Комплексное исследование на вирус Эпштейна-Барр (EBV ...,https://unilab.su/services/analyses/trudovoe/66/55397/,2025-11-17T14:18:51Z
6,Эпштейна,19,Вирус эпштейна-барр - Анализы и цены,https://smartlab.ua/ru/analize/diagnostika-torch-infekcij/virus-epshtejna-barr,2025-11-17T14:18:51Z
6,Эпштейна,20,"Вирус Эпштейна-Барр – симптомы, причины, лечение",https://mrtpetrograd.ru/stati/zabolevaniya/virus-epshtejn-barra,2025-11-17T14:18:51Z
7,тбилиси,1,Тбилиси — Википедия,https://ru.wikipedia.org/wiki/%D0%A2%D0%B1%D0%B8%D0%BB%D0%B8%D1%81%D0%B8,2025-11-17T14:18:56Z
7,тбилиси,2,Tbilisi - Wikipedia,https://en.wikipedia.org/wiki/Tbilisi,2025-11-17T14:18:56Z
7,тбилиси,3,Tbilisi Airport,https://tbilisiairport.com/,2025-11-17T14:18:56Z
7,тбилиси,4,Tbilisi Capital of Georgia | Georgia Travel,https://georgia.travel/cities-towns/tbilisi,2025-11-17T14:18:56Z
7,тбилиси,5,4 Star Hotel in the City Center | Courtyard by Marriott Tbilisi Hotel,https://www.marriott.com/en-us/hotels/tbscy-courtyard-tbilisi/overview/,2025-11-17T14:18:56Z
7,тбилиси,6,"Tbilisi | Georgia, Map, History, & Facts | Britannica",https://www.britannica.com/place/Tbilisi,2025-11-17T14:18:56Z
7,тбилиси,7,The Biltmore Tbilisi,https://www.thebiltmorehotels.com/en/biltmore-tbilisi/,2025-11-17T14:18:56Z
7,тбилиси,8,Tbilisi Marriott Hotel - Rustaveli Avenue Hotel with Restaurant & Bar,https://www.marriott.com/en-us/hotels/tbsmc-tbilisi-marriott-hotel/overview/,2025-11-17T14:18:56Z
7,тбилиси,9,RUDIS SF-Tbilisi Adult Wrestling Shoes - Heritage | RUDIS,https://www.rudis.com/products/rudis-sf-tbilisi-adult-wrestling-shoes-heritage,2025-11-17T14:18:56Z
7,тбилиси,10,Hilton Garden Inn Tbilisi Riverview,https://www.hilton.com/en/hotels/tbsrvgi-hilton-garden-inn-tbilisi-riverview/,2025-11-17T14:18:56Z
7,тбилиси,11,"Tbilisi, Georgia: All You Must Know Before You Go (2025) - Tripadvisor",https://www.tripadvisor.com/Tourism-g294195-Tbilisi-Vacations.html,2025-11-17T14:18:56Z
7,тбилиси,12,Human Rights House Tbilisi,https://humanrightshouse.org/human-rights-houses/tbilisi/,2025-11-17T14:18:56Z
7,тбилиси,13,Tbilisi Historic District - UNESCO World Heritage Centre,https://whc.unesco.org/en/tentativelists/5233/,2025-11-17T14:18:56Z
7,тбилиси,14,"Embassy Of India, Tbilisi",https://www.eoitbilisi.gov.in/,2025-11-17T14:18:56Z
7,тбилиси,15,"U.S. Embassy Tbilisi, Georgia - TBL",https://travel.state.gov/content/travel/en/us-visas/Supplements/Supplements_by_Post/TBL-Tbilisi.html,2025-11-17T14:18:56Z
7,тбилиси,16,Business Hotel in Tbilisi: Holiday Inn Tbilisi,https://www.ihg.com/holidayinn/hotels/us/en/tbilisi/tbsms/hoteldetail,2025-11-17T14:18:56Z
7,тбилиси,17,Tbilisi - Eurocities,https://eurocities.eu/cities/tbilisi/,2025-11-17T14:18:56Z
7,тбилиси,18,Newest upscale international hotel in Tbilisi - Pullman Tbilisi Axis ...,https://all.accor.com/hotel/A1F1/index.en.shtml,2025-11-17T14:18:56Z
7,тбилиси,19,Embassy of Israel Tbilisi,https://embassies.gov.il/georgia/en,2025-11-17T14:18:56Z
7,тбилиси,20,"Wyndham Grand Tbilisi | Tbilisi, GE Hotels",https://www.wyndhamhotels.com/wyndham-grand/tbilisi-georgia/wyndham-grand-tbilisi/overview,2025-11-17T14:18:56Z
8,Норм,1,НОРМ — Подкаст — Подкасты Apple,https://podcasts.apple.com/ru/podcast/%D0%BD%D0%BE%D1%80%D0%BC/id1298752162,2025-11-17T14:19:00Z
8,Норм,2,"норм - Wiktionary, the free dictionary",https://en.wiktionary.org/wiki/%D0%BD%D0%BE%D1%80%D0%BC,2025-11-17T14:19:00Z
8,Норм,3,НОРМ - Podcast - Apple Podcasts,https://podcasts.apple.com/tj/podcast/%D0%BD%D0%BE%D1%80%D0%BC/id1298752162,2025-11-17T14:19:00Z
8,Норм,4,Норм,https://choice.ua/zdorovia/norm,2025-11-17T14:19:00Z
8,Норм,5,Риностоп Аква НОРМ,https://rinostop.ru/rinostop-akva-norm/,2025-11-17T14:19:00Z
8,Норм,6,НОРМ | Podcast on Spotify,https://open.spotify.com/show/7eySWjQpzXP28EoDjFitDI,2025-11-17T14:19:00Z
8,Норм,7,НОРМ.СТ.ОБР (функция НОРМ.СТ.ОБР),https://support.microsoft.com/ru-ru/office/%D0%BD%D0%BE%D1%80%D0%BC-%D1%81%D1%82-%D0%BE%D0%B1%D1%80-%D1%84%D1%83%D0%BD%D0%BA%D1%86%D0%B8%D1%8F-%D0%BD%D0%BE%D1%80%D0%BC-%D1%81%D1%82-%D0%BE%D0%B1%D1%80-d6d556b4-ab7f-49cd-b526-5a20918452b1,2025-11-17T14:19:00Z
8,Норм,8,Методика разработки сметных норм | Минстрой России,https://minstroyrf.gov.ru/docs/224241/,2025-11-17T14:19:00Z
8,Норм,9,Сборник стандартов и норм Организации Объединенных Наций ...,https://www.unodc.org/documents/justice-and-prison-reform/R_ebook.pdf,2025-11-17T14:19:00Z
8,Норм,10,Ай-Норм х2 йод (i-Norm x2) 120 - АВРОРА,https://aur-ora.com/catalog/vse_produkty/64036/,2025-11-17T14:19:00Z
8,Норм,11,Ай-Норм х2 йод (i-Norm x2) 120 - АВРОРА,https://aur-ora.com/catalog/vse_produkty/64036/,2025-11-17T14:19:00Z
8,Норм,12,Нормы безопасности | International Atomic Energy Agency,http://www.iaea.org/ru/resursy/normy-bezopasnosti,2025-11-17T14:19:00Z
8,Норм,13,Приложение Вспомогательные средства для определения норм ...,https://legal.un.org/ilc/reports/2021/russian/annex.pdf,2025-11-17T14:19:00Z
8,Норм,14,"RTX 5060, реально норм вариант для бюджета? : r/buildapc",https://www.reddit.com/r/buildapc/comments/1ll4ghm/rtx_5060_is_it_actually_a_good_budget_option/?tl=ru,2025-11-17T14:19:00Z
8,Норм,15,Подкаст «НОРМ»,https://norm.mave.digital/,2025-11-17T14:19:00Z
8,Норм,16,Стул Норм,https://delo-design.com/normsoft,2025-11-17T14:19:00Z
8,Норм,17,СВОД РЕКОМЕНДУЕМЫХ НОРМ ПРИ ПРОВЕДЕНИИ ВЫБОРОВ ...,https://www.venice.coe.int/webforms/documents/default.aspx?pdffile=CDL-AD(2002)023rev2-cor-rus,2025-11-17T14:19:00Z
8,Норм,18,Норм,http://thatsnorm.ru/,2025-11-17T14:19:00Z
8,Норм,19,Норма — Википедия,https://ru.wikipedia.org/wiki/%D0%9D%D0%BE%D1%80%D0%BC%D0%B0,2025-11-17T14:19:00Z
8,Норм,20,Норм Вок - Грильница г.Барнаул,https://barnaul.grilnica.ru/menu/wok/lapsha/norm-wok,2025-11-17T14:19:00Z
9,Даааа,1,О БОЖЕ МОЙ [ЧЕРТ] Я ДЕЙСТВИТЕЛЬНО СДЕЛАЛ ЭТО ДАААА ...,https://www.reddit.com/r/battlecats/comments/1o57h1w/oh_my_fluff_ing_god_i_actually_did_it_yesss/?tl=ru,2025-11-17T14:19:05Z
9,Даааа,2,Даааа…давненько меня тут не было. Последние несколько лет у ...,https://www.instagram.com/p/Clq-yonIKHF/,2025-11-17T14:19:05Z
9,Даааа,3,ДАААА : r/Supremacy1914,https://www.reddit.com/r/Supremacy1914/comments/1oght1v/yeaaa/?tl=ru,2025-11-17T14:19:05Z
9,Даааа,4,Даааа. Было время.)))),https://www.facebook.com/denis.kiselev.102879/posts/%D0%B4%D0%B0%D0%B0%D0%B0%D0%B0-%D0%B1%D1%8B%D0%BB%D0%BE-%D0%B2%D1%80%D0%B5%D0%BC%D1%8F/2559518487755321/,2025-11-17T14:19:05Z
9,Даааа,5,Смешные картинки ФНАФ - Даааа... - Wattpad,https://www.wattpad.com/248026527-%D0%B4%D0%B0%D0%B0%D0%B0%D0%B0,2025-11-17T14:19:05Z
9,Даааа,6,"Даааа, это катка ластовая, заказной снайпер) 95 минут дефа ...",https://m.vk.com/wall-75729570_78423?lang=en,2025-11-17T14:19:05Z
9,Даааа,7,О даааа Genshin Impact | HoYoLAB,https://www.hoyolab.com/article/28624371,2025-11-17T14:19:05Z
9,Даааа,8,"Даааа, жара в этом году жестока ️ 2025 | Ди Солнцева ...",https://vk.com/wall-185925478_2496,2025-11-17T14:19:05Z
9,Даааа,9,Мальчик Говорит Даааа | TikTok,https://www.tiktok.com/discover/%D0%BC%D0%B0%D0%BB%D1%8C%D1%87%D0%B8%D0%BA-%D0%B3%D0%BE%D0%B2%D0%BE%D1%80%D0%B8%D1%82-%D0%B4%D0%B0%D0%B0%D0%B0%D0%B0?lang=en,2025-11-17T14:19:05Z
9,Даааа,10,Та-даааам Наконец мы готовы представить вам гайд на ...,https://vk.com/wall-187548016_428954,2025-11-17T14:19:05Z
9,Даааа,11,даааа - Создать мем - Meme-arsenal.com,https://www.meme-arsenal.com/create/chose?tag=%D0%B4%D0%B0%D0%B0%D0%B0%D0%B0,2025-11-17T14:19:05Z
9,Даааа,12,[Запись№49] Колёса и оооо даааа — Вайтволлы^^ — ИЖ ...,https://www.drive2.ru/l/288230376152998796/,2025-11-17T14:19:05Z
9,Даааа,13,Nokia 6700 Classic Gold Edition - «Реально золотой?!ДАААА ...,https://irecommend.ru/content/realno-zolotoidaaaa-foto-vneshnego-vida-v-reale,2025-11-17T14:19:05Z
9,Даааа,14,"Оооо даааа, мы снова в строю! — Lada 2108, 1,6 л, 1989 года ...",https://www.drive2.ru/l/629431100434817675/,2025-11-17T14:19:05Z
9,Даааа,15,ДАААА! всего 6 попыток и миссия с вертолетиком пройдена ...,https://dtf.ru/gta/3444322-daaaa-vsego-6-popytok-i-missiya-s-vertoletikom-proidena,2025-11-17T14:19:05Z
9,Даааа,16,"Даааа! да-да, черт побери! Первая тюнь в машине! Жирный ...",https://www.drive2.ru/l/7225501/,2025-11-17T14:19:05Z
9,Даааа,17,"Отзыв о Сериал ""Гангстерленд"" (2025) | Сериал ""Гангстерлэнд ...",https://otzovik.com/review_17298258.html,2025-11-17T14:19:05Z
9,Даааа,18,"Ну что готовы? Даааа капитан! — ZX Landmark, 2,4 л, 2008 года ...",https://www.drive2.ru/l/559747077123342799/,2025-11-17T14:19:05Z
9,Даааа,19,Даааа БЫЛИ ВРЕМЕНА #shorts #оживление #automobile #юмор ...,https://www.youtube.com/shorts/dGTMLr5YQWA,2025-11-17T14:19:05Z
9,Даааа,20,Институт медиа НИУ ВШЭ – Telegram,https://t.me/s/hse_media?q=%23%D0%BC%D0%B5%D0%B4%D0%B8%D0%B0%D0%BE%D1%81%D0%B5%D0%BD%D1%8C%D0%BD%D0%B8%D1%83%D0%B2%D1%88%D1%8D,2025-11-17T14:19:05Z
10,окей,1,"Гипермаркеты О'КЕЙ официальный сайт – адреса, скидки и ...",https://www.okmarket.ru/,2025-11-17T14:19:09Z
10,окей,2,Доставка продуктов на дом в Москве за 90 минут - заказать в О ...,https://www.okeydostavka.ru/msk,2025-11-17T14:19:09Z
10,окей,3,Окей — Википедия,https://ru.wikipedia.org/wiki/%D0%9E%D0%BA%D0%B5%D0%B9,2025-11-17T14:19:09Z
10,окей,4,Каталог товаров | Интернет-магазин О'КЕЙ — продукты питания ...,https://www.okeydostavka.ru/msk/catalog,2025-11-17T14:19:09Z
10,окей,5,"Океев, Толомуш Океевич — Википедия","https://ru.wikipedia.org/wiki/%D0%9E%D0%BA%D0%B5%D0%B5%D0%B2,_%D0%A2%D0%BE%D0%BB%D0%BE%D0%BC%D1%83%D1%88_%D0%9E%D0%BA%D0%B5%D0%B5%D0%B2%D0%B8%D1%87",2025-11-17T14:19:09Z
10,окей,6,магазин мебели «Окей,https://rsmebel.ru/,2025-11-17T14:19:09Z
10,окей,7,Окей. Проблемы с коробкой передач Highlander преувеличены ...,https://www.reddit.com/r/ToyotaHighlander/comments/1ldo8ac/okay_are_the_highlander_transmission_issues_being/?tl=ru,2025-11-17T14:19:09Z
10,окей,8,"Почему на фразу ""Окей, Google"" реагирует сразу несколько ...",https://support.google.com/assistant/answer/7257763?hl=ru&co=GENIE.Platform%3DAndroid,2025-11-17T14:19:09Z
10,окей,9,ОКЕИ — Общероссийский классификатор единиц измерения ...,https://classifikators.ru/okei,2025-11-17T14:19:09Z
10,окей,10,Окей - song and lyrics by Tima Belorusskih | Spotify,https://open.spotify.com/track/3MPFuEXwjdrR7yKua2wrUL,2025-11-17T14:19:09Z
10,окей,11,Сет Окей. Доставка суши и роллов по Калуге на дом и в офис ...,https://higasi.ru/sety/seti/set-okej/,2025-11-17T14:19:09Z
10,окей,12,"окей - Wiktionary, the free dictionary",https://en.wiktionary.org/wiki/%D0%BE%D0%BA%D0%B5%D0%B9,2025-11-17T14:19:09Z
10,окей,13,ОКЕЙ – Telegram,https://t.me/s/okmarketofficial?before=4891,2025-11-17T14:19:09Z
10,окей,14,О'КЕЙ Гипермаркеты и доставка - Apps on Google Play,https://play.google.com/store/apps/details?id=ru.reksoft.okey&hl=en_US,2025-11-17T14:19:09Z
10,окей,15,Каталог | Окей Хоккей,https://www.okhockey.ru/collection/all,2025-11-17T14:19:09Z
10,окей,16,‎Приложение «О'КЕЙ Гипермаркеты и доставка» — App Store,https://apps.apple.com/ru/app/%D0%BE%D0%BA%D0%B5%D0%B9-%D0%B3%D0%B8%D0%BF%D0%B5%D1%80%D0%BC%D0%B0%D1%80%D0%BA%D0%B5%D1%82%D1%8B-%D0%B8-%D0%B4%D0%BE%D1%81%D1%82%D0%B0%D0%B2%D0%BA%D0%B0/id1087812169,2025-11-17T14:19:09Z
10,окей,17,Окей-Авто - Товары Автомобильной Группы,https://okey-auto.com/,2025-11-17T14:19:09Z
10,окей,18,"Омск, ул. Энтузиастов, д. 2/1 (ГМ ""Окей"") — салон «OptiLens»",https://optilens.ru/contacts/5998/,2025-11-17T14:19:09Z
10,окей,19,Фирменный магазин REDMOND Smart Home в ГМ «Окей»,https://multivarka.pro/shops/firmennyy_magazin_redmond_smart_home_v_gm_okey_/000000201/,2025-11-17T14:19:09Z
10,окей,20,"Окей, Горный | Первокурсники Горного 2025 | «Окей, Горный ...",https://vk.com/ok_mining,2025-11-17T14:19:09Z
11,Mike,1,mike. (@justmike) • Instagram photos and videos,https://www.instagram.com/justmike/?hl=en,2025-11-17T14:19:13Z
11,Mike,2,MIKE (@t6mikee) / Posts / X,https://x.com/t6mikee?lang=en,2025-11-17T14:19:13Z
11,Mike,3,(@mikelikesrap) • Instagram photos and videos,https://www.instagram.com/mikelikesrap/?hl=en,2025-11-17T14:19:13Z
11,Mike,4,The Official Mike Keneally Website - keneally dot com,https://www.keneally.com/,2025-11-17T14:19:13Z
11,Mike,5,Music | MIKE,https://mikelikesrap.bandcamp.com/,2025-11-17T14:19:13Z
11,Mike,6,Mike Industries » A running commentary of occasionally interesting ...,http://www.mikeindustries.com/,2025-11-17T14:19:13Z
11,Mike,7,"Phoenix Wedding Photographer | Mike Olbinski Photography, Llc",https://www.mikeolbinski.com/,2025-11-17T14:19:13Z
11,Mike,8,mike. - YouTube,https://www.youtube.com/channel/UCISUBBsZSMpUGO8OcqAvGhA,2025-11-17T14:19:13Z
11,Mike,9,MIKE | Spotify,https://open.spotify.com/artist/1wlzPS1hSNrkriIIwLFTmU,2025-11-17T14:19:13Z
11,Mike,10,Mike Shake - YouTube,https://www.youtube.com/mikeshake,2025-11-17T14:19:13Z
11,Mike,11,Mike McCready,https://www.facebook.com/MikeMcCreadyPJ/,2025-11-17T14:19:13Z
11,Mike,12,MIKE DOUGHTY,https://www.mikedoughty.com/,2025-11-17T14:19:13Z
11,Mike,13,Mike McQuaid | Fractional CTO and Homebrew Project Leader,https://mikemcquaid.com/,2025-11-17T14:19:13Z
11,Mike,14,Mike Dauber | General Partner | Amplify Partners,https://amplifypartners.com/team/mike-dauber,2025-11-17T14:19:13Z
11,Mike,15,mike watt's hoot page,https://hootpage.com/,2025-11-17T14:19:13Z
11,Mike,16,Mike Michalowicz - Small Business Author,https://mikemichalowicz.com/,2025-11-17T14:19:13Z
11,Mike,17,Mike Cohn - Pioneering Agile Excellence | Best-Selling Author ...,https://www.linkedin.com/in/mikewcohn,2025-11-17T14:19:13Z
11,Mike,18,Mike Stern - The Official Site,https://www.mikestern.org/,2025-11-17T14:19:13Z
11,Mike,19,"Stream MIKE music | Listen to songs, albums, playlists for free on ...",https://soundcloud.com/T6MIKEE,2025-11-17T14:19:13Z
11,Mike,20,Mike Perry Studio,https://www.mikeperrystudio.com/,2025-11-17T14:19:13Z
12,Japan,1,Japan - Wikipedia,https://en.wikipedia.org/wiki/Japan,2025-11-17T14:19:18Z
12,Japan,2,Travel Japan - Japan National Tourism Organization (Official Site),https://www.japan.travel/en/,2025-11-17T14:19:18Z
12,Japan,3,JapanGov: The Government of Japan,https://www.japan.go.jp/,2025-11-17T14:19:18Z
12,Japan,4,JAPAN AIRLINES - Domestic Flights and International Flights l Book ...,https://www.jal.co.jp/jp/en/,2025-11-17T14:19:18Z
12,Japan,5,Japan-U.S. Security Treaty - MOFA,https://www.mofa.go.jp/region/n-america/us/q&a/ref/1.html,2025-11-17T14:19:18Z
12,Japan,6,U.S.-Japan Council: Home,https://www.usjapancouncil.org/,2025-11-17T14:19:18Z
12,Japan,7,Nuclear Power in Japan - World Nuclear Association,https://world-nuclear.org/information-library/country-profiles/countries-g-n/japan-nuclear-power,2025-11-17T14:19:18Z
12,Japan,8,Fact Sheet: President Donald J. Trump Secures Unprecedented U.S. ...,https://www.whitehouse.gov/fact-sheets/2025/07/fact-sheet-president-donald-j-trump-secures-unprecedented-u-s-japan-strategic-trade-and-investment-agreement/,2025-11-17T14:19:18Z
12,Japan,9,Travel advice and advisories for Japan,https://travel.gc.ca/destinations/japan,2025-11-17T14:19:18Z
12,Japan,10,JAPAN AIRLINES Corporate Information,https://www.jal.com/en/,2025-11-17T14:19:18Z
12,Japan,11,Information for U.S. citizens traveling to Japan - U.S. Embassy ...,https://jp.usembassy.gov/services/welcomebacktojapan/,2025-11-17T14:19:18Z
12,Japan,12,Japan - United States Department of State,https://www.state.gov/countries-areas/japan,2025-11-17T14:19:18Z
12,Japan,13,International Trade Policies: Japan | Agricultural Marketing Service,https://www.ams.usda.gov/services/organic-certification/international-trade/Japan,2025-11-17T14:19:18Z
12,Japan,14,JAXA | Japan Aerospace Exploration Agency,https://global.jaxa.jp/,2025-11-17T14:19:18Z
12,Japan,15,United States and Japan Sign Critical Minerals Agreement | United ...,https://ustr.gov/about-us/policy-offices/press-office/press-releases/2023/march/united-states-and-japan-sign-critical-minerals-agreement,2025-11-17T14:19:18Z
12,Japan,16,Ministry of Finance Japan,https://www.mof.go.jp/english/index.htm,2025-11-17T14:19:18Z
12,Japan,17,AGREEMENT BETWEEN THE GOVERNMENT OF THE UNITED ...,https://ustr.gov/sites/default/files/2023-03/US%20Japan%20Critical%20Minerals%20Agreement%202023%2003%2028.pdf,2025-11-17T14:19:18Z
12,Japan,18,Japan | Data,https://data.worldbank.org/country/japan,2025-11-17T14:19:18Z
12,Japan,19,"The Japan Times - News On Japan, Business News, Opinion, Sports ...",https://www.japantimes.co.jp/,2025-11-17T14:19:18Z
12,Japan,20,Japan's Tariff Schedule ( Statistical Code for Import ) : Japan Customs,https://www.customs.go.jp/english/tariff/index.htm,2025-11-17T14:19:18Z
13,Western,1,Western Washington University - Bellingham,https://www.wwu.edu/,2025-11-17T14:19:23Z
13,Western,2,Western Union,https://www.westernunion.com/us/en/home.html,2025-11-17T14:19:23Z
13,Western,3,Western Michigan University | Pursue your purpose - Kalamazoo,https://wmich.edu/,2025-11-17T14:19:23Z
13,Western,4,Western Technical College | The affordable path to a great career ...,https://www.westerntc.edu/,2025-11-17T14:19:23Z
13,Western,5,Western Illinois University - Your potential. Our purpose.,https://www.wiu.edu/,2025-11-17T14:19:23Z
13,Western,6,Western Carolina University,https://www.wcu.edu/,2025-11-17T14:19:23Z
13,Western,7,Snowplows & Spreaders | WESTERN® Snow & Ice Control,https://westernplows.com/,2025-11-17T14:19:23Z
13,Western,8,Western University of Health Sciences - Pomona,https://www.westernu.edu/,2025-11-17T14:19:23Z
13,Western,9,Western Connecticut State University - Danbury,https://www.wcsu.edu/,2025-11-17T14:19:23Z
13,Western,10,Western Colorado University - Gunnison,https://western.edu/,2025-11-17T14:19:23Z
13,Western,11,Western Kentucky University: WKU - Bowling Green,https://www.wku.edu/,2025-11-17T14:19:23Z
13,Western,12,Western (genre) - Wikipedia,https://en.wikipedia.org/wiki/Western_(genre),2025-11-17T14:19:23Z
13,Western,13,Western Governors University – Online College,https://www.wgu.edu/,2025-11-17T14:19:23Z
13,Western,14,Save On Tuition | Western Undergraduate Exchange (WUE),https://www.wiche.edu/tuition-savings/wue/,2025-11-17T14:19:23Z
13,Western,15,Western Window Systems,https://westernwindowsystems.com/,2025-11-17T14:19:23Z
13,Western,16,Western Rise: Gear For The Escape,https://westernrise.com/,2025-11-17T14:19:23Z
13,Western,17,"Western Wyoming Community College | Rock Springs, WY",https://www.westernwyoming.edu/,2025-11-17T14:19:23Z
13,Western,18,"WESTERN - Western Oklahoma State College | Altus, OK",https://www.wosc.edu/,2025-11-17T14:19:23Z
13,Western,19,WICHE: Home,https://www.wiche.edu/,2025-11-17T14:19:23Z
13,Western,20,Best Western Hotels - Book Online For The Lowest Rate,https://www.bestwestern.com/en_US.html,2025-11-17T14:19:23Z
14,В Питере,1,Ленинград — В Питере - пить,https://www.youtube.com/watch?v=1ugivNRYfjc,2025-11-17T14:19:27Z
14,В Питере,2,Почему в Питере такое необычное солнце? : r/SPb,https://www.reddit.com/r/SPb/comments/1ckools/%D0%BF%D0%BE%D1%87%D0%B5%D0%BC%D1%83_%D0%B2_%D0%BF%D0%B8%D1%82%D0%B5%D1%80%D0%B5_%D1%82%D0%B0%D0%BA%D0%BE%D0%B5_%D0%BD%D0%B5%D0%BE%D0%B1%D1%8B%D1%87%D0%BD%D0%BE%D0%B5_%D1%81%D0%BE%D0%BB%D0%BD%D1%86%D0%B5/,2025-11-17T14:19:27Z
14,В Питере,3,Ленинград — В Питере пить - YouTube,https://www.youtube.com/watch?v=daFskWZZMgQ,2025-11-17T14:19:27Z
14,В Питере,4,"Это я в Питере была ‍♀️ Сейчас уже поняла, что пора ...",https://www.instagram.com/p/C89JEH9qrxD/,2025-11-17T14:19:27Z
14,В Питере,5,снег в питере. стрим. - YouTube,https://www.youtube.com/watch?v=dxjCCchW6Dw,2025-11-17T14:19:27Z
14,В Питере,6,МК в Питере: Новости Санкт-Петербурга и Ленинградской области,https://spb.mk.ru/,2025-11-17T14:19:27Z
14,В Питере,7,В ПИТЕРЕ — LAW,https://vpiterelaw.ru/,2025-11-17T14:19:27Z
14,В Питере,8,«Колеса в Питере» - интернет-магазин по продаже шин ...,https://www.kolesa-v-pitere.ru/,2025-11-17T14:19:27Z
14,В Питере,9,Рестораны Евразия,https://evrasia.rest/,2025-11-17T14:19:27Z
14,В Питере,10,Где Лучше Остановиться и Снять Жилье в Питере НЕДОРОГО в ...,https://venividi.ru/editors/gde-ostanovitsja-v-pitere/,2025-11-17T14:19:27Z
14,В Питере,11,Stream в питере пью водку by uglybirthday | Listen online for free ...,https://soundcloud.com/justin-folie-920127664/v-pitere-pyu-vodku,2025-11-17T14:19:27Z
14,В Питере,12,Генеральное консульство Японии в Санкт-Петербурге,https://www.st-petersburg.ru.emb-japan.go.jp/,2025-11-17T14:19:27Z
14,В Питере,13,Ёбидоёби - Доставка суши и роллов в Санкт-Петербурге,https://spb.yobidoyobi.ru/,2025-11-17T14:19:27Z
14,В Питере,14,Океанариум в Санкт-Петербурге,https://xn--80aanogqeex5a.xn--p1ai/,2025-11-17T14:19:27Z
14,В Питере,15,В Питере — пить — Википедия,https://ru.wikipedia.org/wiki/%D0%92_%D0%9F%D0%B8%D1%82%D0%B5%D1%80%D0%B5_%E2%80%94_%D0%BF%D0%B8%D1%82%D1%8C,2025-11-17T14:19:27Z
14,В Питере,16,Аэротруба AeroDream - Первая аэротруба в Санкт-Петербурге.,https://aerodream.spb.ru/,2025-11-17T14:19:27Z
14,В Питере,17,Шаверма на Литейном - одно из старейших заведений в Питере,https://nefer.livejournal.com/5498929.html,2025-11-17T14:19:27Z
14,В Питере,18,Jubilee – 5 AM в Питере (5 AM in St. Petersburg) Lyrics | Genius ...,https://genius.com/Jubilee-5-am-5-am-in-st-petersburg-lyrics,2025-11-17T14:19:27Z
14,В Питере,19,Экскурсии в Санкт-Петербурге 2025 🏛️ цены от 100 ₽ – цены ...,https://www.sputnik8.com/ru/st-petersburg,2025-11-17T14:19:27Z
14,В Питере,20,4* Отель в Санкт-Петербурге. Забронировать гостиницу недорого,https://www.hotel-moscow.ru/,2025-11-17T14:19:27Z
15,Europe,1,Europe - Wikipedia,https://en.wikipedia.org/wiki/Europe,2025-11-17T14:19:32Z
15,Europe,2,europetheband.com: EUROPE | Official Website,https://www.europetheband.com/,2025-11-17T14:19:32Z
15,Europe,3,Europe PMC: Home,https://europepmc.org/,2025-11-17T14:19:32Z
15,Europe,4,"The Council of Europe: guardian of Human Rights, Democracy and ...",https://www.coe.int/en/web/portal,2025-11-17T14:19:32Z
15,Europe,5,Horizon Europe - Research and innovation - European Commission,https://research-and-innovation.ec.europa.eu/funding/funding-opportunities/funding-programmes-and-open-calls/horizon-europe_en,2025-11-17T14:19:32Z
15,Europe,6,Fi Europe 2025 | The Leading Global Food Ingredients Event,https://www.figlobal.com/europe/en/home.html,2025-11-17T14:19:32Z
15,Europe,7,Europe | The Guardian,https://www.theguardian.com/world/europe-news,2025-11-17T14:19:32Z
15,Europe,8,Europe,https://www.facebook.com/europetheband/,2025-11-17T14:19:32Z
15,Europe,9,"Rick Steves Europe: Tours, Travel, TV & Vacations",https://www.ricksteves.com/,2025-11-17T14:19:32Z
15,Europe,10,CAN Europe: Home,https://caneurope.org/,2025-11-17T14:19:32Z
15,Europe,11,ICLEI Europe •• Home,https://iclei-europe.org/,2025-11-17T14:19:32Z
15,Europe,12,Science Europe,https://scienceeurope.org/,2025-11-17T14:19:32Z
15,Europe,13,Open Research Europe | Open Access Publishing Platform | Beyond ...,https://open-research-europe.ec.europa.eu/,2025-11-17T14:19:32Z
15,Europe,14,Home | Making Europe a Wilder Place,https://rewildingeurope.com/,2025-11-17T14:19:32Z
15,Europe,15,"MedTech Europe, from diagnosis to cure - Homepage",https://www.medtecheurope.org/,2025-11-17T14:19:32Z
15,Europe,16,Train tickets in Europe - Search & Book on Rail Europe,https://www.raileurope.com/en-us,2025-11-17T14:19:32Z
15,Europe,17,Vaccines Europe: Home,https://www.vaccineseurope.eu/,2025-11-17T14:19:32Z
15,Europe,18,BIO-Europe 2025 | Global Biopharma Partnering Event | Vienna ...,https://informaconnect.com/bioeurope/,2025-11-17T14:19:32Z
15,Europe,19,"Europe | History, Countries, Map, & Facts | Britannica",https://www.britannica.com/place/Europe,2025-11-17T14:19:32Z
15,Europe,20,Visiteurope.com - Home - The Official Portal of Europe,https://visiteurope.com/en/,2025-11-17T14:19:32Z
16,твиттере,1,Twitter,https://x.com/,2025-11-17T14:19:36Z
16,твиттере,2,X - Apps on Google Play,https://play.google.com/store/apps/details?id=com.twitter.android&hl=en_US,2025-11-17T14:19:36Z
16,твиттере,3,"Use Cases, Tutorials, & Documentation | Twitter Developer Platform",https://developer.x.com/en,2025-11-17T14:19:36Z
16,твиттере,4,‎X App - App Store,https://apps.apple.com/us/app/x/id333903271,2025-11-17T14:19:36Z
16,твиттере,5,Twitter - Wikipedia,https://en.wikipedia.org/wiki/Twitter,2025-11-17T14:19:36Z
16,твиттере,6,Getting started with login verification,https://blog.x.com/en_us/a/2013/getting-started-with-login-verification,2025-11-17T14:19:36Z
16,твиттере,7,How to use two-factor authentication (2FA) on X,https://help.x.com/en/managing-your-account/two-factor-authentication,2025-11-17T14:19:36Z
16,твиттере,8,カードバリデーター（ Card validator）,https://cards-dev.twitter.com/validator,2025-11-17T14:19:36Z
16,твиттере,9,Permanent suspension of @realDonaldTrump,https://blog.x.com/en_us/topics/company/2020/suspension,2025-11-17T14:19:36Z
16,твиттере,10,Elon Musk to Acquire Twitter,https://www.prnewswire.com/news-releases/elon-musk-to-acquire-twitter-301532245.html,2025-11-17T14:19:36Z
16,твиттере,11,Advertising,https://business.x.com/en/advertising,2025-11-17T14:19:36Z
16,твиттере,12,About X | Our company and priorities,https://about.x.com/en,2025-11-17T14:19:36Z
16,твиттере,13,Twitter Investigation Report | Department of Financial Services,https://www.dfs.ny.gov/Twitter_Report,2025-11-17T14:19:36Z
16,твиттере,14,Conversion tracking for websites,https://business.x.com/en/help/campaign-measurement-and-analytics/conversion-tracking-for-websites,2025-11-17T14:19:36Z
16,твиттере,15,FTC Charges Twitter with Deceptively Using Account Security Data ...,https://www.ftc.gov/news-events/news/press-releases/2022/05/ftc-charges-twitter-deceptively-using-account-security-data-sell-targeted-ads,2025-11-17T14:19:36Z
16,твиттере,16,Twitter,https://www.facebook.com/TwitterInc/,2025-11-17T14:19:36Z
16,твиттере,17,Netflix Geeked (@NetflixGeeked) / X,https://twitter.com/NetflixGeeked,2025-11-17T14:19:36Z
16,твиттере,18,"21-1496 Twitter, Inc. v. Taamneh (05/18/2023)",https://www.supremecourt.gov/opinions/22pdf/21-1496_d18f.pdf,2025-11-17T14:19:36Z
16,твиттере,19,CRAN: Package twitteR,https://cran.r-project.org/package=twitteR,2025-11-17T14:19:36Z
16,твиттере,20,X Transparency Center,https://transparency.x.com/en,2025-11-17T14:19:36Z
17,Трамп,1,Donald Trump - Wikipedia,https://en.wikipedia.org/wiki/Donald_Trump,2025-11-17T14:19:41Z
17,Трамп,2,The Trump Organization | Luxury Real Estate Portfolio,https://www.trump.com/,2025-11-17T14:19:41Z
17,Трамп,3,President Donald J. Trump,https://www.whitehouse.gov/administration/donald-j-trump/,2025-11-17T14:19:41Z
17,Трамп,4,Donald J. Trump (@realDonaldTrump) / Posts / X,https://x.com/realDonaldTrump,2025-11-17T14:19:41Z
17,Трамп,5,Donald J. Trump news | CNN Politics,https://www.cnn.com/politics/president-donald-trump-47,2025-11-17T14:19:41Z
17,Трамп,6,Trump Winery,https://www.trumpwinery.com/,2025-11-17T14:19:41Z
17,Трамп,7,Luxury Hotels | Trump Hotels - Official Website | 5 Star Hotels,https://www.trumphotels.com/,2025-11-17T14:19:41Z
17,Трамп,8,Donald Trump | Breaking News & Latest Updates | AP News,https://apnews.com/hub/donald-trump,2025-11-17T14:19:41Z
17,Трамп,9,23-939 Trump v. United States (07/01/2024),https://www.supremecourt.gov/opinions/23pdf/23-939_e2pg.pdf,2025-11-17T14:19:41Z
17,Трамп,10,Donald J. Trump: Home,https://www.donaldjtrump.com/,2025-11-17T14:19:41Z
17,Трамп,11,Latest Donald Trump News | Top Headlines on Donald Trump ...,https://www.reuters.com/world/us/donald-trump/,2025-11-17T14:19:41Z
17,Трамп,12,"Donald Trump - Breaking News, Photos and Videos | The Hill",https://thehill.com/people/donald-trump/,2025-11-17T14:19:41Z
17,Трамп,13,President Donald J. Trump (@realdonaldtrump) • Instagram photos ...,https://www.instagram.com/realdonaldtrump/?hl=en,2025-11-17T14:19:41Z
17,Трамп,14,Donald Trump - CNBC,https://www.cnbc.com/donald-trump/,2025-11-17T14:19:41Z
17,Трамп,15,Donald Trump | The Guardian,https://www.theguardian.com/us-news/donaldtrump,2025-11-17T14:19:41Z
17,Трамп,16,"Трамп резко снизил число беженцев, которых примут США ...",https://www.bbc.com/russian/articles/cy8v5zzeyq4o,2025-11-17T14:19:41Z
17,Трамп,17,Trump administration | The Guardian,https://www.theguardian.com/us-news/trump-administration,2025-11-17T14:19:41Z
17,Трамп,18,Listen To The Jeffrey Epstein Tapes: 'I Was Donald Trump's Closest ...,https://docs.house.gov/meetings/JU/JU08/20250227/117951/HHRG-119-JU08-20250227-SD006-U6.pdf,2025-11-17T14:19:41Z
17,Трамп,19,"Donald Trump: Breaking news, photos, video of the President of the ...",https://www.usatoday.com/news/politics/donald-trump/,2025-11-17T14:19:41Z
17,Трамп,20,Donald Trump - President of the United States - Latest News and ...,https://www.wsj.com/topics/person/donald-trump?gaa_at=eafs&gaa_n=AWEtsqcFCz_TA6oKn5UkbsGorI6exx8OR80dRYidR-_YJrHcnsx64-fiIOne&gaa_ts=691b3281&gaa_sig=WziHD-VSsYY2n07GlDGC5xkWGaI23bYuh4vCapn8OMlosbS5DmZhZiQtTnkKOuTXd3Gw83SBfNrjsTm2HOHPww%3D%3D,2025-11-17T14:19:41Z
18,илон маск,1,"Маск, Илон — Википедия","https://ru.wikipedia.org/wiki/%D0%9C%D0%B0%D1%81%D0%BA,_%D0%98%D0%BB%D0%BE%D0%BD",2025-11-17T14:19:46Z
18,илон маск,2,Elon Musk - Wikipedia,https://en.wikipedia.org/wiki/Elon_Musk,2025-11-17T14:19:46Z
18,илон маск,3,Сколько языков знает Илон Маск? : r/teslamotors,https://www.reddit.com/r/teslamotors/comments/3nrvyy/how_many_languages_can_elon_musk_speak/?tl=ru,2025-11-17T14:19:46Z
18,илон маск,4,Илон Маск оценил стоимость строительства города на Марсе,https://www.ixbt.com/news/2025/10/20/ilon-mask-ocenil-stoimost-stroitelstva-goroda-na-marse.html,2025-11-17T14:19:46Z
18,илон маск,5,I regret some of my posts about President @realDonaldTrump last ...,https://x.com/elonmusk/status/1932695486684950962?lang=en,2025-11-17T14:19:46Z
18,илон маск,6,"Кто такой Илон Маск: бизнес, биография, личная жизнь, секреты ...",https://trends.rbc.ru/trends/futurology/5eeb9edd9a79475e75f0c0e4,2025-11-17T14:19:46Z
18,илон маск,7,Elon Musk (@elonmusk) / Posts / X,https://x.com/elonmusk,2025-11-17T14:19:46Z
18,илон маск,8,Илон Маск рассказал о своем взгляде на ценность биткоина ...,https://bits.media/ilon-mask-rasskazal-o-svoem-vzglyade-na-tsennost-bitkoina/,2025-11-17T14:19:46Z
18,илон маск,9,Маск нажал на кнопку после года критики. SpaceX отключила ...,https://www.securitylab.ru/news/565008.php,2025-11-17T14:19:46Z
18,илон маск,10,Neuralink — Pioneering Brain Computer Interfaces,https://neuralink.com/,2025-11-17T14:19:46Z
18,илон маск,11,What Elon Musk's Bid to Buy Twitter Means for Free Speech | TIME,https://time.com/6167099/twitter-employees-elon-musk-free-speech/,2025-11-17T14:19:46Z
18,илон маск,12,SpaceX,https://www.spacex.com/,2025-11-17T14:19:46Z
18,илон маск,13,Илон Маск (Elon Musk Russia) - YouTube,https://www.youtube.com/elonmusksu,2025-11-17T14:19:46Z
18,илон маск,14,Elon Musk | Tesla,https://www.tesla.com/elon-musk,2025-11-17T14:19:46Z
18,илон маск,15,Elon Musk - Tesla,https://www.forbes.com/profile/elon-musk/,2025-11-17T14:19:46Z
18,илон маск,16,"""Так работает мой мозг"". Илон Маск на шоу Saturday Night Live ...",https://www.bbc.com/russian/news-57046422,2025-11-17T14:19:46Z
18,илон маск,17,Илон Маск – Kstati Russian American News and Views,https://kstati.net/ilon-mask/,2025-11-17T14:19:46Z
18,илон маск,18,"Илон Маск выиграл суд с дайвером, обидевшимся на намек в ...",https://www.bbc.com/russian/news-50695673,2025-11-17T14:19:46Z
18,илон маск,19,"Челлендж Илона Маска Когда Илон Маск был студентом, он ...",https://www.facebook.com/gdemoidengi/posts/%D1%87%D0%B5%D0%BB%D0%BB%D0%B5%D0%BD%D0%B4%D0%B6-%D0%B8%D0%BB%D0%BE%D0%BD%D0%B0-%D0%BC%D0%B0%D1%81%D0%BA%D0%B0%D0%BA%D0%BE%D0%B3%D0%B4%D0%B0-%D0%B8%D0%BB%D0%BE%D0%BD-%D0%BC%D0%B0%D1%81%D0%BA-%D0%B1%D1%8B%D0%BB-%D1%81%D1%82%D1%83%D0%B4%D0%B5%D0%BD%D1%82%D0%BE%D0%BC-%D0%BE%D0%BD-%D1%80%D0%B5%D1%88%D0%B8%D0%BB-%D0%BF%D1%80%D0%BE%D0%B2%D0%B5%D1%81%D1%82%D0%B8-%D1%8D%D0%BA%D1%81%D0%BF%D0%B5%D1%80%D0%B8%D0%BC%D0%B5%D0%BD%D1%82-/1271531298306352/,2025-11-17T14:19:46Z
18,илон маск,20,«Я зашел слишком далеко». Илон Маск извинился за свои посты ...,https://www.bbc.com/russian/articles/c62nj24g1zjo,2025-11-17T14:19:46Z
19,Ukraine,1,Ukraine - Wikipedia,https://en.wikipedia.org/wiki/Ukraine,2025-11-17T14:19:50Z
19,Ukraine,2,Ukraine | The Guardian,https://www.theguardian.com/world/ukraine,2025-11-17T14:19:50Z
19,Ukraine,3,Ukraine travel advice - GOV.UK,https://www.gov.uk/foreign-travel-advice/ukraine,2025-11-17T14:19:50Z
19,Ukraine,4,Ukraine | International Criminal Court,https://www.icc-cpi.int/situations/ukraine,2025-11-17T14:19:50Z
19,Ukraine,5,Apply for a Ukraine Family Scheme visa - GOV.UK,https://www.gov.uk/guidance/apply-for-a-ukraine-family-scheme-visa,2025-11-17T14:19:50Z
19,Ukraine,6,"Ukraine Refugee Crisis: Aid, Statistics and News | USA for UNHCR",https://www.unrefugees.org/emergencies/ukraine/,2025-11-17T14:19:50Z
19,Ukraine,7,Ukraine recovery Conference 2025 | Rome | 10-11 July,https://www.urc-international.com/,2025-11-17T14:19:50Z
19,Ukraine,8,Situation Ukraine Refugee Situation,https://data.unhcr.org/en/situations/ukraine,2025-11-17T14:19:50Z
19,Ukraine,9,"Nova Ukraine | Heal, Build, Empower, Advocate",https://novaukraine.org/,2025-11-17T14:19:50Z
19,Ukraine,10,DHS to Extend Temporary Protected Status for Ukraine | Homeland ...,https://www.dhs.gov/archive/news/2025/01/10/dhs-extend-temporary-protected-status-ukraine,2025-11-17T14:19:50Z
19,Ukraine,11,Ukraine,https://www.ebrd.com/home/what-we-do/where-we-invest/ukraine.html,2025-11-17T14:19:50Z
19,Ukraine,12,Ukraine Humanitarian Appeal | Disasters Emergency Committee,https://www.dec.org.uk/appeal/ukraine-humanitarian-appeal,2025-11-17T14:19:50Z
19,Ukraine,13,Temporary Protected Status Designated Country: Ukraine | USCIS,https://www.uscis.gov/humanitarian/temporary-protected-status/TPS-Ukraine,2025-11-17T14:19:50Z
19,Ukraine,14,Donate | Ukraine: Lives at risk in every attack | UN Crisis Relief,https://crisisrelief.un.org/en/donate-ukraine-crisis,2025-11-17T14:19:50Z
19,Ukraine,15,Ukraine - United States Department of State,https://www.state.gov/countries-areas/ukraine,2025-11-17T14:19:50Z
19,Ukraine,16,Ukraine - European Civil Protection and Humanitarian Aid Operations,https://civil-protection-humanitarian-aid.ec.europa.eu/where/europe/ukraine_en,2025-11-17T14:19:50Z
19,Ukraine,17,Topic: Relations with Ukraine - NATO,https://www.nato.int/cps/en/natohq/topics_37750.htm,2025-11-17T14:19:50Z
19,Ukraine,18,Allegations of Genocide under the Convention on the Prevention ...,https://www.icj-cij.org/case/182,2025-11-17T14:19:50Z
19,Ukraine,19,Ukraine-/Russia-related Sanctions | Office of Foreign Assets Control,https://ofac.treasury.gov/sanctions-programs-and-country-information/ukraine-russia-related-sanctions,2025-11-17T14:19:50Z
19,Ukraine,20,Ukraine | Country Page | World | Human Rights Watch,https://www.hrw.org/europe/central-asia/ukraine,2025-11-17T14:19:50Z
20,Islam,1,Islam - Wikipedia,https://en.wikipedia.org/wiki/Islam,2025-11-17T14:19:55Z
20,Islam,2,"Islam | Religion, Beliefs, Practices, & Facts | Britannica",https://www.britannica.com/topic/Islam,2025-11-17T14:19:55Z
20,Islam,3,Islam,https://www.reddit.com/r/islam/,2025-11-17T14:19:55Z
20,Islam,4,"""Islam is Peace"" Says President",https://georgewbush-whitehouse.archives.gov/news/releases/2001/09/20010917-11.html,2025-11-17T14:19:55Z
20,Islam,5,"Al-Islam.org: Books on Islam, Muslims, Prophet Muhammad(s), Ahlul ...",https://al-islam.org/,2025-11-17T14:19:55Z
20,Islam,6,Islam: Basic Beliefs | URI,https://www.uri.org/kids/world-religions/muslim-beliefs,2025-11-17T14:19:55Z
20,Islam,7,jake islam (@jake_islam) • Instagram photos and videos,https://www.instagram.com/jake_islam/?hl=en,2025-11-17T14:19:55Z
20,Islam,8,"Islam - Five Pillars, Nation of Islam & Definition | HISTORY",https://www.history.com/articles/islam,2025-11-17T14:19:55Z
20,Islam,9,Nabilah Islam Parkes (@NabilahIslam) / Posts / X,https://x.com/NabilahIslam,2025-11-17T14:19:55Z
20,Islam,10,Islam | The Guardian,https://www.theguardian.com/world/islam,2025-11-17T14:19:55Z
20,Islam,11,Newest Stories | Islam.com - The Islamic community news ...,https://qa.islam.com/,2025-11-17T14:19:55Z
20,Islam,12,877-WHY-ISLAM — You Deserve to Know - Your # 1 source of ...,https://www.whyislam.org/,2025-11-17T14:19:55Z
20,Islam,13,From Catholicism to Islam: Croatian woman finds new home in ...,https://www.dailysabah.com/life/religion/from-catholicism-to-islam-croatian-woman-finds-new-home-in-bosnia,2025-11-17T14:19:55Z
20,Islam,14,Zak Islam - Engineering and Product | Investor | Advisor | LinkedIn,https://www.linkedin.com/in/zakislam,2025-11-17T14:19:55Z
20,Islam,15,Mohsin Hamid: 'Islam is not a monolith' | Islam | The Guardian,https://www.theguardian.com/global/2013/may/19/mohsin-hamid-islam-not-monolith,2025-11-17T14:19:55Z
20,Islam,16,"Islam Translated: Literature, Conversion, and the Arabic Cosmopolis ...",https://press.uchicago.edu/ucp/books/book/chicago/I/bo11274031.html,2025-11-17T14:19:55Z
20,Islam,17,Islam Is a Foreign Country,https://nyupress.org/9781479800568/islam-is-a-foreign-country/,2025-11-17T14:19:55Z
20,Islam,18,Explore Islam's Teachings - Muslim Unity Center,https://muslimunitycenter.org/what-is-islam/,2025-11-17T14:19:55Z
20,Islam,19,Islam Makhachev | UFC,https://www.ufc.com/athlete/islam-makhachev,2025-11-17T14:19:55Z
20,Islam,20,"Islam in Liberalism, Massad",https://press.uchicago.edu/ucp/books/book/chicago/I/bo19211851.html,2025-11-17T14:19:55Z
21,германию,1,Германия — Википедия,https://ru.wikipedia.org/wiki/%D0%93%D0%B5%D1%80%D0%BC%D0%B0%D0%BD%D0%B8%D1%8F,2025-11-17T14:19:59Z
21,германию,2,Можно ли мне провезти свою травку в Германию из ...,https://www.reddit.com/r/AskGermany/comments/1jpnswr/can_i_bring_my_weed_into_germany_from_the/?tl=ru,2025-11-17T14:19:59Z
21,германию,3,Germany - Wikipedia,https://en.wikipedia.org/wiki/Germany,2025-11-17T14:19:59Z
21,германию,4,"Кто-нибудь может объяснить мне, как сформировать Германию ...",https://www.reddit.com/r/victoria3/comments/1bpj358/can_someone_explain_to_me_how_to_form_germany_as/?tl=ru,2025-11-17T14:19:59Z
21,германию,5,Визовые вопросы - Федеральное министерство иностранных ...,https://germania.diplo.de/ru-ru/service/05-visaeinreise,2025-11-17T14:19:59Z
21,германию,6,Заявка на визу,https://www.visametric.com/Russia/Germany/ru,2025-11-17T14:19:59Z
21,германию,7,Германский визовый центр | TLScontact,https://visas-de.tlscontact.com/ru-ru,2025-11-17T14:19:59Z
21,германию,8,Правила въезда с домашними животными из России в Германию ...,https://germania.diplo.de/ru-ru/themen/willkommen/einfuhr/haustiere-1788934,2025-11-17T14:19:59Z
21,германию,9,Услуги визы в Германию в Бишкек | TLScontact,https://visas-de.tlscontact.com/ru-ru/country/kg/vac/kgFRU2de,2025-11-17T14:19:59Z
21,германию,10,Визы и въезд в Германию - Федеральное министерство ...,https://kasachstan.diplo.de/kz-ru/service/05-visaeinreise,2025-11-17T14:19:59Z
21,германию,11,Виза и въезд в Германию - Федеральное министерство ...,https://bischkek.diplo.de/kg-ru/service/05-visaeinreise,2025-11-17T14:19:59Z
21,германию,12,Бронируйте рейсы в в Германию | Turkish Airlines,https://www.turkishairlines.com/ru/book-flights-to-germany,2025-11-17T14:19:59Z
21,германию,13,Визовая информация - Посольства Германии в Душанбе,https://duschanbe.diplo.de/tj-ru/service/05-visaeinreise/1204558-1204558,2025-11-17T14:19:59Z
21,германию,14,Возвращение Германии к росту,https://www.imf.org/ru/publications/fandd/issues/2025/06/making-germany-grow-again-ulrike-malmendier,2025-11-17T14:19:59Z
21,германию,15,Виза и въезд - Федеральное министерство иностранных дел ...,https://aschgabat.diplo.de/tm-ru/service/05-visaeinreise,2025-11-17T14:19:59Z
21,германию,16,Помощь в поступлении в вузы Германии | Новое Поколение,https://ngec.kz/postuplenie-v-germaniju/,2025-11-17T14:19:59Z
21,германию,17,Национальная виза (более 90 дней) - Федеральное ...,https://bischkek.diplo.de/kg-ru/service/2613432-2613432,2025-11-17T14:19:59Z
21,германию,18,"Добрый день, прошу совета, я хочу выехать с Запорожье в ...",https://www.facebook.com/groups/718925522598800/posts/1532979374526740/,2025-11-17T14:19:59Z
21,германию,19,Виза в Германию: Мотивационное письмо Путеводитель,https://www.mygermanuniversity.com/ru/articles/LOM-for-German-Student-Visa,2025-11-17T14:19:59Z
21,германию,20,Украинцев перестали пускать в Германию? Кого именно и ...,https://www.dw.com/ru/ukraincev-perestali-puskat-v-germaniu-kogo-imenno-i-pocemu/a-71586570,2025-11-17T14:19:59Z
22,ЛГБТ,1,ЛГБТ — Википедия,https://ru.wikipedia.org/wiki/%D0%9B%D0%93%D0%91%D0%A2,2025-11-17T14:20:03Z
22,ЛГБТ,2,Почему так много ЛГБТ персонажей? : r/Sandman,https://www.reddit.com/r/Sandman/comments/wkopf4/why_are_there_so_much_lgbt_characters/?tl=ru,2025-11-17T14:20:03Z
22,ЛГБТ,3,Гепатит C и здоровье ЛГБТК+,https://doh.wa.gov/sites/default/files/2025-07/150-204-HepC-LGBTQProvider-Russian.pdf,2025-11-17T14:20:03Z
22,ЛГБТ,4,"Почему столько людей думают, что «Лука» про ЛГБТ? : r/Pixar",https://www.reddit.com/r/Pixar/comments/oh1vt2/why_are_so_many_people_thinking_luca_is_about/?tl=ru,2025-11-17T14:20:03Z
22,ЛГБТ,5,The Kremlin and the Russian Orthodox Church: A Dangerous Alliance,https://intersections.ssrc.org/?post_type=ramp_article&p=2023,2025-11-17T14:20:03Z
22,ЛГБТ,6,Жить с гордостью понимаем права ЛГБТК,https://www.nyc.gov/assets/cchr/downloads/pdf/publications/RU_LGBTQ_Brochure.pdf,2025-11-17T14:20:03Z
22,ЛГБТ,7,LGBTQ people - Wikipedia,https://en.wikipedia.org/wiki/LGBTQ_people,2025-11-17T14:20:03Z
22,ЛГБТ,8,"Жизнь ЛГБТ-людей в Туркменистане, самой закрытой стране ...",https://tgeu.org/ru/the-lives-of-lgbt-people-in-turkmenistan-the-most-closed-off-country-in-eastern-europe-and-central-asia/,2025-11-17T14:20:03Z
22,ЛГБТ,9,Парламент Казахстана проголосовал за запрет «пропаганды ...,https://www.bbc.com/russian/articles/cr7mxd750gzo,2025-11-17T14:20:03Z
22,ЛГБТ,10,Військові ЛГБТ+ 🏳️‍ ⚔️ (@lgbtiqmilitary) • Instagram photos ...,https://www.instagram.com/lgbtiqmilitary/?hl=en,2025-11-17T14:20:03Z
22,ЛГБТ,11,Офис по делам ЛГБТ | Домашняя страница | Город Филадельфия,https://www.phila.gov/ru/departments/office-of-lgbt-affairs/,2025-11-17T14:20:03Z
22,ЛГБТ,12,Сейчас активно в сети обсуждают отношения к ЛГБТ 🏳️‍ Хочу ...,https://www.instagram.com/p/CC3YuBLHKSKprkAor-45chgdd6AX9eXbybRSqM0/?hl=en,2025-11-17T14:20:03Z
22,ЛГБТ,13,Преступления на почве ненависти против ЛГБТ в России [Hate ...,https://www.ssrn.com/abstract=3084887,2025-11-17T14:20:03Z
22,ЛГБТ,14,Политическое убежище США для ЛГБТ представителей,https://kolyadalaw.com/politicheskoe-ubezhishhe-ssha-dlya-lgbt/,2025-11-17T14:20:03Z
22,ЛГБТ,15,Los Angeles LGBT Center - A Safe Welcoming Space for LGBTQ+,https://lalgbtcenter.org/,2025-11-17T14:20:03Z
22,ЛГБТ,16,Пропаганда ЛГБТ запрещена законом! - УПОЛНОМОЧЕННЫЙ ...,https://deti.gov.ru/Press-Centr/region-news/8661,2025-11-17T14:20:03Z
22,ЛГБТ,17,Гей Даллас: Идеи выходных для ЛГБТ | Visit Dallas,https://www.visitdallas.com/ru/plan/itineraries/lgbtq-weekend/,2025-11-17T14:20:03Z
22,ЛГБТ,18,Эксперты ООН призвали РФ положить конец ...,https://news.un.org/ru/story/2023/12/1447502,2025-11-17T14:20:03Z
22,ЛГБТ,19,Решение гейского вопроса. Почему ЛГБТ назначили главным ...,https://carnegieendowment.org/russia-eurasia/politika/2025/06/russia-new-lgbt-repressions?lang=ru,2025-11-17T14:20:03Z
22,ЛГБТ,20,США признают лишь два пола: Трамп начал наступление на ...,https://www.dw.com/ru/ssa-priznaut-lis-dva-pola-tramp-nacal-nastuplenie-na-lgbt/a-71434694,2025-11-17T14:20:03Z
23,Trump,1,Donald Trump - Wikipedia,https://en.wikipedia.org/wiki/Donald_Trump,2025-11-17T14:20:08Z
23,Trump,2,The Trump Organization | Luxury Real Estate Portfolio,https://www.trump.com/,2025-11-17T14:20:08Z
23,Trump,3,President Donald J. Trump,https://www.whitehouse.gov/administration/donald-j-trump/,2025-11-17T14:20:08Z
23,Trump,4,Donald J. Trump (@realDonaldTrump) / Posts / X,https://x.com/realDonaldTrump,2025-11-17T14:20:08Z
23,Trump,5,Trump Winery,https://www.trumpwinery.com/,2025-11-17T14:20:08Z
23,Trump,6,Donald J. Trump news | CNN Politics,https://www.cnn.com/politics/president-donald-trump-47,2025-11-17T14:20:08Z
23,Trump,7,Donald Trump | Breaking News & Latest Updates | AP News,https://apnews.com/hub/donald-trump,2025-11-17T14:20:08Z
23,Trump,8,23-939 Trump v. United States (07/01/2024),https://www.supremecourt.gov/opinions/23pdf/23-939_e2pg.pdf,2025-11-17T14:20:08Z
23,Trump,9,Luxury Hotels | Trump Hotels - Official Website | 5 Star Hotels,https://www.trumphotels.com/,2025-11-17T14:20:08Z
23,Trump,10,President Donald J. Trump's Call with President Vladimir Putin - U.S. ...,https://ru.usembassy.gov/president-donald-j-trumps-call-with-president-vladimir-putin/,2025-11-17T14:20:08Z
23,Trump,11,President Donald J. Trump (@realdonaldtrump) • Instagram photos ...,https://www.instagram.com/realdonaldtrump/?hl=en,2025-11-17T14:20:08Z
23,Trump,12,Donald J. Trump – The White House,https://trumpwhitehouse.archives.gov/people/donald-j-trump/,2025-11-17T14:20:08Z
23,Trump,13,"Donald Trump - Breaking News, Photos and Videos | The Hill",https://thehill.com/people/donald-trump/,2025-11-17T14:20:08Z
23,Trump,14,Latest Donald Trump News | Top Headlines on Donald Trump ...,https://www.reuters.com/world/us/donald-trump/,2025-11-17T14:20:08Z
23,Trump,15,Listen To The Jeffrey Epstein Tapes: 'I Was Donald Trump's Closest ...,https://docs.house.gov/meetings/JU/JU08/20250227/117951/HHRG-119-JU08-20250227-SD006-U6.pdf,2025-11-17T14:20:08Z
23,Trump,16,Donald Trump - CNBC,https://www.cnbc.com/donald-trump/,2025-11-17T14:20:08Z
23,Trump,17,Office of the Pardon Attorney | Clemency Grants by President ...,https://www.justice.gov/pardon/clemency-grants-president-donald-j-trump-2025-present,2025-11-17T14:20:08Z
23,Trump,18,Pacito v. Trump: Challenging Trump's suspension of USRAP ...,https://refugeerights.org/news-resources/pacito-v-trump-challenging-trumps-suspension-of-usrap,2025-11-17T14:20:08Z
23,Trump,19,"V.O.S. SELECTIONS, INC. v. TRUMP [OPINION]",https://www.cafc.uscourts.gov/opinions-orders/25-1812.OPINION.8-29-2025_2566151.pdf,2025-11-17T14:20:08Z
23,Trump,20,"TRUMP, DONALD J. - Candidate overview | FEC",https://www.fec.gov/data/candidate/P80001571/,2025-11-17T14:20:08Z
24,Попробуй,1,Попробуй: Главная,http://xn--90aqnadbh0a.xn--p1acf/,2025-11-17T14:20:12Z
24,Попробуй,2,Улыбнись и Попробуй - YouTube,https://www.youtube.com/channel/UCLak9rM9JyTQLC2msxIlI4g,2025-11-17T14:20:12Z
24,Попробуй,3,Грузинская еда - попробуй! : r/SanMateo,https://www.reddit.com/r/SanMateo/comments/1gdrrqj/georgian_food_give_it_a_try/?tl=ru,2025-11-17T14:20:12Z
24,Попробуй,4,ПОПРОБУЙ! - YouTube,https://www.youtube.com/@Try-Taste.,2025-11-17T14:20:12Z
24,Попробуй,5,Попробуй,https://xn--90aqnadbh0a.xn--p1ai/,2025-11-17T14:20:12Z
24,Попробуй,6,Конфеты глазированные «Попробуй и ахнешь» — АтАг,https://www.atag.ru/product/%D0%BF%D0%BE%D0%BF%D1%80%D0%BE%D0%B1%D1%83%D0%B9-%D0%B8-%D0%B0%D1%85%D0%BD%D0%B5%D1%88%D1%8C/,2025-11-17T14:20:12Z
24,Попробуй,7,Whole Lotta Swag – Попробуй (Try It) Lyrics | Genius Lyrics,https://genius.com/Whole-lotta-swag-try-it-lyrics,2025-11-17T14:20:12Z
24,Попробуй,8,Incredibox Sprunki . Игра в кальмара -попробуй пройти ...,https://libwww.freelibrary.org/cfide/scripts/ajax/fckeditor/editor/filemanager/browser/default/browser.html?Type=File&GetFoldersAndFiles=dX_7gOeu87I&CONNECTOR=%2F%5C%2Fkidbizinc%2Eiles%2Epics%2Fall%2Fsmart%2F,2025-11-17T14:20:12Z
24,Попробуй,9,попробуй - Перевод на английский - примеры русский | Reverso ...,https://context.reverso.net/%D0%BF%D0%B5%D1%80%D0%B5%D0%B2%D0%BE%D0%B4/%D1%80%D1%83%D1%81%D1%81%D0%BA%D0%B8%D0%B9-%D0%B0%D0%BD%D0%B3%D0%BB%D0%B8%D0%B9%D1%81%D0%BA%D0%B8%D0%B9/%D0%BF%D0%BE%D0%BF%D1%80%D0%BE%D0%B1%D1%83%D0%B9,2025-11-17T14:20:12Z
24,Попробуй,10,Тематический ужин «Попробуй Грузию» купить в Минске ...,https://surprise.by/catalog/tematicheskij-uzhin-poprobuj-gruziyu/,2025-11-17T14:20:12Z
24,Попробуй,11,Попробуйте #Безлимитище! - Тарифы и услуги МТС,https://www.mts.by/services/mobile/discounts/poprobuyte-bezlimitishche/,2025-11-17T14:20:12Z
24,Попробуй,12,"Давай, попробуй изменить меня — фанфик по фэндому ...",https://ficbook.net/readfic/12825036,2025-11-17T14:20:12Z
24,Попробуй,13,Попробуй корейскую кухню,https://dostaevsky.ru/promo/poprobuj-korejskuyu-kuhnyu,2025-11-17T14:20:12Z
24,Попробуй,14,Попробуй меня убить. — фанфик по фэндому «13 Карт / Земля ...,https://ficbook.net/readfic/11944137,2025-11-17T14:20:12Z
24,Попробуй,15,Игра попробуй скажи купить на OZON по низкой цене,https://www.ozon.ru/category/igra-poprobuy-skazhi/,2025-11-17T14:20:12Z
24,Попробуй,16,попробовать — Викисловарь,https://ru.wiktionary.org/wiki/%D0%BF%D0%BE%D0%BF%D1%80%D0%BE%D0%B1%D0%BE%D0%B2%D0%B0%D1%82%D1%8C,2025-11-17T14:20:12Z
24,Попробуй,17,Попробуй Азию купить товары из официального сайта каталога ...,https://www.ozon.ru/brand/poprobuy-aziyu-101101896/,2025-11-17T14:20:12Z
24,Попробуй,18,"""Попробуй-ка занерфить"" - Общие темы - Overwatch Forums",https://eu.forums.blizzard.com/ru/overwatch/t/%D0%BF%D0%BE%D0%BF%D1%80%D0%BE%D0%B1%D1%83%D0%B9-%D0%BA%D0%B0-%D0%B7%D0%B0%D0%BD%D0%B5%D1%80%D1%84%D0%B8%D1%82%D1%8C/39966,2025-11-17T14:20:12Z
24,Попробуй,19,Попробуй отбери. Мужское / Женское. Выпуск от 03.03.2020,https://www.1tv.ru/shows/muzhskoezhenskoe/vypuski/poprobuy-otberi-muzhskoe-zhenskoe-vypusk-ot-03-03-2020,2025-11-17T14:20:12Z
24,Попробуй,20,Попробуй Азию - каталог 2024-2025 в интернет магазине ...,https://www.wildberries.ru/brands/311150018-poprobuy-aziyu,2025-11-17T14:20:12Z
25,Молодец,1,What does Какой же ты у меня молодец mean? : r/russian,https://www.reddit.com/r/russian/comments/1d4mnr2/what_does_%D0%BA%D0%B0%D0%BA%D0%BE%D0%B9_%D0%B6%D0%B5_%D1%82%D1%8B_%D1%83_%D0%BC%D0%B5%D0%BD%D1%8F_%D0%BC%D0%BE%D0%BB%D0%BE%D0%B4%D0%B5%D1%86_mean/,2025-11-17T14:20:17Z
25,Молодец,2,hhwang - кто молодец?! - YouTube,https://www.youtube.com/channel/UCkJhWA2SEYbVYnE2Y2FWryA,2025-11-17T14:20:17Z
25,Молодец,3,Молодец - молодцы : r/russian,https://www.reddit.com/r/russian/comments/i8138n/%D0%BC%D0%BE%D0%BB%D0%BE%D0%B4%D0%B5%D1%86_%D0%BC%D0%BE%D0%BB%D0%BE%D0%B4%D1%86%D1%8B/,2025-11-17T14:20:17Z
25,Молодец,4,"What does ""Молодец"" exactly mean? I saw its Google ... - italki",https://www.italki.com/en/post/question-212307,2025-11-17T14:20:17Z
25,Молодец,5,молодец - Translation into English - examples Russian | Reverso ...,https://context.reverso.net/translation/russian-english/%D0%BC%D0%BE%D0%BB%D0%BE%D0%B4%D0%B5%D1%86,2025-11-17T14:20:17Z
25,Молодец,6,"молодец pronunciation: How to pronounce молодец in Russian, Mari",https://forvo.com/word/%D0%BC%D0%BE%D0%BB%D0%BE%D0%B4%D0%B5%D1%86/,2025-11-17T14:20:17Z
25,Молодец,7,"молодец - Wiktionary, the free dictionary",https://en.wiktionary.org/wiki/%D0%BC%D0%BE%D0%BB%D0%BE%D0%B4%D0%B5%D1%86,2025-11-17T14:20:17Z
25,Молодец,8,Молодец — Википедия,https://ru.wikipedia.org/wiki/%D0%9C%D0%BE%D0%BB%D0%BE%D0%B4%D0%B5%D1%86,2025-11-17T14:20:17Z
25,Молодец,9,Стрелец-Молодец | Регистрация в перечне РКН: https://clck.ru ...,https://vk.com/strelets_molodec,2025-11-17T14:20:17Z
25,Молодец,10,молодец — Викисловарь,https://ru.wiktionary.org/wiki/%D0%BC%D0%BE%D0%BB%D0%BE%D0%B4%D0%B5%D1%86,2025-11-17T14:20:17Z
25,Молодец,11,Хлебцы-Молодцы: лучшие диетические цельнозерновые ...,http://www.molodec.ru/,2025-11-17T14:20:17Z
25,Молодец,12,выражения - is 'Молодец! / молодцы́!' always a familiar expression ...,https://russian.stackexchange.com/questions/7389/is-%D0%9C%D0%BE%D0%BB%D0%BE%D0%B4%D0%B5%D1%86-%D0%BC%D0%BE%D0%BB%D0%BE%D0%B4%D1%86%D1%8B%CC%81-always-a-familiar-expression,2025-11-17T14:20:17Z
25,Молодец,13,"Молодец - song and lyrics by Argonya, Daniyar Barcelona | Spotify",https://open.spotify.com/track/6rks357rHR3a5rNvePI0jo,2025-11-17T14:20:17Z
25,Молодец,14,"перевод - What does ""ты вообще молодец"" mean? - Russian ...",https://russian.stackexchange.com/questions/12759/what-does-%D1%82%D1%8B-%D0%B2%D0%BE%D0%BE%D0%B1%D1%89%D0%B5-%D0%BC%D0%BE%D0%BB%D0%BE%D0%B4%D0%B5%D1%86-mean,2025-11-17T14:20:17Z
25,Молодец,15,"Огурец Шанхайский молодец F1, 5 шт. купить семена в Минске и ...",https://kupisemena.by/products/ogurets-shankhayskiy-molodets-f1-5-sht,2025-11-17T14:20:17Z
25,Молодец,16,"United Nations Development Programme - UNDP - Молодец, Bravo ...",https://m.facebook.com/UNDP/photos/%D0%BC%D0%BE%D0%BB%D0%BE%D0%B4%D0%B5%D1%86-bravo-maria-sharapova-our-goodwill-ambassador-won-her-match-today-and-is/10151023007467830/,2025-11-17T14:20:17Z
25,Молодец,17,Удалой молодец - гордость Запада (16+),https://newteatr.ru/performance/udaloy-molodetc-gordost-zapada/,2025-11-17T14:20:17Z
25,Молодец,18,Стрелец-Молодец – Telegram,https://t.me/s/strelets_molodec,2025-11-17T14:20:17Z
25,Молодец,19,"Why is 'молодец' in Russian, 'молодець' in Ukrainian and 'малайцы ...",https://www.quora.com/Why-is-%D0%BC%D0%BE%D0%BB%D0%BE%D0%B4%D0%B5%D1%86-in-Russian-%D0%BC%D0%BE%D0%BB%D0%BE%D0%B4%D0%B5%D1%86%D1%8C-in-Ukrainian-and-%D0%BC%D0%B0%D0%BB%D0%B0%D0%B9%D1%86%D1%8B-in-Belarussian-used-for-well-done-which-is,2025-11-17T14:20:17Z
25,Молодец,20,Стрелец-Молодец | Регистрация в перечне РКН: https://clck.ru ...,https://m.vk.com/strelets_molodec?offset=10&own=1,2025-11-17T14:20:17Z
1,#madscientists,1,Mad Scientists (@madscientists_x) / Posts / X,https://x.com/madscientists_x,2025-11-18T03:14:43Z
1,#madscientists,2,"A LITTLE BIT OF SOAP can help when you paint, Mad Scientists Art ...",https://www.facebook.com/AlbanyMuseumOfArt/posts/a-little-bit-of-soap-can-help-when-you-paint-mad-scientists-art-campers-learned-/1301627585303399/,2025-11-18T03:14:43Z
1,#madscientists,3,#madscientists | TikTok,https://www.tiktok.com/tag/madscientists,2025-11-18T03:14:43Z
1,#madscientists,4,The 2025 Hershey Halloween Parade was SPOOKTACULAR ...,https://www.instagram.com/p/DP4_cAEDagw/,2025-11-18T03:14:43Z
1,#madscientists,5,#MadScientists - Search / X,https://twitter.com/search?q=%23MadScientists&src=hashtag_click&f=user,2025-11-18T03:14:43Z
1,#madscientists,6,Madscientistsnft Mad Scientists GIF - Madscientistsnft Mad Scientists ...,https://tenor.com/view/madscientistsnft-mad-scientists-osmosis-madlab-gif-17073661060626208101,2025-11-18T03:14:43Z
1,#madscientists,7,Social Media — Lil' Jammaz Hip Hop Co.,http://www.liljammazhiphopcompany.com/social-media,2025-11-18T03:14:43Z
1,#madscientists,8,Magiccnoodle (@magiccnoodle) | Cara - Artist Social & Portfolio ...,https://cara.app/magiccnoodle,2025-11-18T03:14:43Z
1,#madscientists,9,Russia — X (Twitter) trending topics and hashtags today | trends24.in,https://trends24.in/russia/,2025-11-18T03:14:43Z
1,#madscientists,10,Belarus | X (Twitter) trending topics and hashtags for 24 hours,https://twittertrending.net/belarus/,2025-11-18T03:14:43Z
1,#madscientists,11,Belarus | X (Twitter) trending topics and hashtags for 24 hours,https://twittertrending.net/belarus/,2025-11-18T03:14:43Z
1,#madscientists,12,World's first diving suit #science #sciencefacts. - YouTube,https://www.youtube.com/shorts/_KcoYA2E468,2025-11-18T03:14:43Z
1,#madscientists,13,"Tech Shorts, Black | Peter Manning NYC",https://petermanningnyc.com/en-ca/products/tech-shorts-black,2025-11-18T03:14:43Z
2,#H2HseriesEP4,1,kocag #H2HseriesEP4,https://x.com/usernameisharsh/status/1990177758425891287,2025-11-18T03:14:47Z
2,#H2HseriesEP4,2,Head2HeadSeries #H2HSeriesEP3 #H2HSeriesEP4 #H2HSeries ...,https://www.instagram.com/p/DQ2NPw6E-Yi/,2025-11-18T03:14:47Z
2,#H2HseriesEP4,3,@GMMTV @sea_ta_lay @keenkeno_sp @JjChayakorn ...,https://x.com/thatguyTOFF31/status/1990194182942802022,2025-11-18T03:14:47Z
2,#H2HseriesEP4,4,#H2HseriesEP4 • Worldwide • Twitter Trending Hashtag,https://getdaytrends.com/trend/%23H2HseriesEP4/,2025-11-18T03:14:47Z
2,#H2HseriesEP4,5,#H2HseriesEP4 yayınlandı!,https://x.com/_BLNEWS/status/1990052058591048103,2025-11-18T03:14:47Z
2,#H2HseriesEP4,6,BL Series Highlights | Delhi,https://www.facebook.com/p/BL-Series-Highlights-61558401148317/,2025-11-18T03:14:47Z
2,#H2HseriesEP4,7,jerome is a mood HEAD 2 HEAD SERIES EP4 #H2HseriesEP4,https://x.com/infinitygraph_/status/1990087975297028548,2025-11-18T03:14:47Z
2,#H2HseriesEP4,8,Only Boo! Head 2 Head HEAD 2 HEAD SERIES EP4 #H2HseriesEP4,https://x.com/seakeen_archive/status/1990087161312678016,2025-11-18T03:14:47Z
2,#H2HseriesEP4,9,HEAD 2 HEAD SERIES EP4 #H2HseriesEP4 #sea_ta_lay ...,https://x.com/yuzurizm/status/1990343079904358703,2025-11-18T03:14:47Z
2,#H2HseriesEP4,10,I love SeaKeen very much HEAD 2 HEAD SERIES EP4 ...,https://x.com/kkpy69/status/1990131080117035040,2025-11-18T03:14:47Z
2,#H2HseriesEP4,11,@TrueVisions ❤️ #H2HseriesEP4,https://x.com/thatguyTOFF31/status/1990184922611609864,2025-11-18T03:14:47Z
2,#H2HseriesEP4,12,@TrueVisions OMG ❤️ #H2HseriesEP4,https://x.com/thatguyTOFF31/status/1990185318612660710,2025-11-18T03:14:47Z
2,#H2HseriesEP4,13,@TrueVisions Ahmm.. ❤️ #H2HseriesEP4,https://x.com/thatguyTOFF31/status/1990184408792576124,2025-11-18T03:14:47Z
2,#H2HseriesEP4,14,SeaKeen? KeenSea? You decide. HEAD 2 HEAD SERIES EP4 ...,https://x.com/seakeen_archive/status/1990014263319208033,2025-11-18T03:14:47Z
2,#H2HseriesEP4,15,@TrueVisions ❤️ #H2HseriesEP4,https://x.com/thatguyTOFF31/status/1990185091549860067,2025-11-18T03:14:47Z
2,#H2HseriesEP4,16,@Head2HeadGMMTV @swensurf @javabh28 ❤️ #H2HseriesEP4,https://x.com/thatguyTOFF31/status/1990193883461095649,2025-11-18T03:14:47Z
2,#H2HseriesEP4,17,HIP HIP HOORAYYY HEAD 2 HEAD SERIES EP4 #H2HseriesEP4,https://x.com/khaosbestie/status/1990097724490801237,2025-11-18T03:14:47Z
2,#H2HseriesEP4,18,it's his habit HEAD 2 HEAD SERIES EP4 #H2HseriesEP4,https://x.com/infinitygraph_/status/1990310697918767571,2025-11-18T03:14:47Z
2,#H2HseriesEP4,19,i feel insane thanks for asking HEAD 2 HEAD SERIES EP4 ...,https://x.com/khaosbestie/status/1990097088168829304,2025-11-18T03:14:47Z
2,#H2HseriesEP4,20,@nowniinoey @javabh28 OMG!!! SO HOT!!! ❤️ #H2HseriesEP4,https://x.com/thatguyTOFF31/status/1990184125865885771,2025-11-18T03:14:47Z
3,HEAD 2 HEAD SERIES EP4,1,[Thailand] Head 2 Head EP 4 ❤️ SeaKeen from Only Boo ...,https://www.reddit.com/r/boyslove/comments/1oycytn/thailand_head_2_head_ep_4_seakeen_from_only_boo/,2025-11-18T03:14:52Z
3,HEAD 2 HEAD SERIES EP4,2,Only Boo! Head 2 Head HEAD 2 HEAD SERIES EP4 #H2HseriesEP4,https://x.com/seakeen_archive/status/1990087161312678016,2025-11-18T03:14:52Z
3,HEAD 2 HEAD SERIES EP4,3,Head 2 Head - YouTube,https://www.youtube.com/playlist?list=PL5OhtVfausvbqQ3Z_5crbxM9BGc06IJfw,2025-11-18T03:14:52Z
3,HEAD 2 HEAD SERIES EP4,4,jerome is a mood HEAD 2 HEAD SERIES EP4 #H2HseriesEP4,https://x.com/infinitygraph_/status/1990087975297028548,2025-11-18T03:14:52Z
3,HEAD 2 HEAD SERIES EP4,5,Echoplex EP1 EP2 EP3 EP4 New Playback Head – Echo Fix,https://echofix.com/products/echoplex-ep1-ep2-ep3-ep4-new-playback-head,2025-11-18T03:14:52Z
3,HEAD 2 HEAD SERIES EP4,6,"""""Lion King"" (from:DelhiWacky)"" - Results on X | Live Posts & Updates",https://twitter.com/search?q=%22Lion%20King%22%20(from%3ADelhiWacky)&src=unkn&f=media&vertical=default,2025-11-18T03:14:52Z
3,HEAD 2 HEAD SERIES EP4,7,World of BL Calendar,https://world-of-bl.com/Calendar/index.php,2025-11-18T03:14:52Z
3,HEAD 2 HEAD SERIES EP4,8,Head 2 Head Episode 4: 150 MPH Wagon Drag Race – Cadillac ...,https://www.motortrend.com/news/head-2-head-episode-4-150-mph-wagon-drag-race-cadillac-cts-v-vs-mercedes-e63-amg-182151,2025-11-18T03:14:52Z
3,HEAD 2 HEAD SERIES EP4,9,HEAD 2 HEAD SERIES EP4 • Worldwide • Twitter Trending Topic,https://getdaytrends.com/trend/HEAD%202%20HEAD%20SERIES%20EP4/,2025-11-18T03:14:52Z
3,HEAD 2 HEAD SERIES EP4,10,EP4 receptor stimulation in combination with core ... - Frontiers,https://www.frontiersin.org/journals/bioengineering-and-biotechnology/articles/10.3389/fbioe.2025.1622918/full,2025-11-18T03:14:52Z
3,HEAD 2 HEAD SERIES EP4,11,Watch Head 2 Head | Season 1 Episode 4 | discovery+,https://www.discoveryplus.com/shows/head-2-head/s1/c8639368-46fc-4073-824b-e8caecc5237c/e4-super-wagon-drag-race-cadillac-cts-v-vs-mercedes-benz-e63-amg/511866a8-543d-4247-81de-78f7e0893f27,2025-11-18T03:14:52Z
3,HEAD 2 HEAD SERIES EP4,12,If you're already subscribed to the official Backyard Ultra YouTube ...,https://www.facebook.com/groups/142055916440410/posts/1854856131827038/,2025-11-18T03:14:52Z
3,HEAD 2 HEAD SERIES EP4,13,Watch Head 2 Head | Season 10 Episode 4 | discovery+,https://www.discoveryplus.com/shows/head-2-head/s10/c8639368-46fc-4073-824b-e8caecc5237c/e4-jeep-wrangler-rubicon-vs-mercedes-benz-g550/bd6f6ce4-1bb0-40e0-8152-fb8bc5eda0e1,2025-11-18T03:14:52Z
3,HEAD 2 HEAD SERIES EP4,14,Head 2 Head Series EP4: Unpacking Jerome's Love Story with Jin,https://www.instagram.com/reel/DRIHXDsk3Mc/,2025-11-18T03:14:52Z
3,HEAD 2 HEAD SERIES EP4,15,"Ber-EP4, CK1, CK7 and CK14 are Useful Markers for Basaloid ...",https://pmc.ncbi.nlm.nih.gov/articles/PMC2807584/,2025-11-18T03:14:52Z
3,HEAD 2 HEAD SERIES EP4,16,[English Sub.] Head2Head | Ep.4 - BiliBili,https://www.bilibili.tv/en/video/4797516807280128,2025-11-18T03:14:52Z
3,HEAD 2 HEAD SERIES EP4,17,Head 2 Head Ep 4 Surfjava Surprise | TikTok,https://www.tiktok.com/discover/head-2-head-ep-4-surfjava-surprise,2025-11-18T03:14:52Z
3,HEAD 2 HEAD SERIES EP4,18,"Your Official 'Station 19' Recap: Season 7, Episode 4",https://www.shondaland.com/shondaland-series/station-19/your-official-station-19-recap-season-7-episode-4,2025-11-18T03:14:52Z
3,HEAD 2 HEAD SERIES EP4,19,"Steven Universe Review: “Lars' Head” (Season 5, Episode 4) – The ...",https://reviewnebula.wordpress.com/2022/05/31/steven-universe-review-lars-head-season-5-episode-4/,2025-11-18T03:14:52Z
3,HEAD 2 HEAD SERIES EP4,20,U Talkin' Talking Heads 2 My Talking Head? - Fear of Music - Earwolf,https://www.earwolf.com/episode/fear-of-music/,2025-11-18T03:14:52Z
4,путину,1,"Путин, Владимир Владимирович — Википедия","https://ru.wikipedia.org/wiki/%D0%9F%D1%83%D1%82%D0%B8%D0%BD,_%D0%92%D0%BB%D0%B0%D0%B4%D0%B8%D0%BC%D0%B8%D1%80_%D0%92%D0%BB%D0%B0%D0%B4%D0%B8%D0%BC%D0%B8%D1%80%D0%BE%D0%B2%D0%B8%D1%87",2025-11-18T03:14:56Z
4,путину,2,Президент России,http://kremlin.ru/,2025-11-18T03:14:56Z
4,путину,3,Биография ∙ Владимир Путин,http://putin.kremlin.ru/,2025-11-18T03:14:56Z
4,путину,4,Тени реванша. Зачем Назарбаев зачастил к Путину | Carnegie ...,https://carnegieendowment.org/russia-eurasia/politika/2025/07/kazakhstan-russia-president-struggle?lang=ru,2025-11-18T03:14:56Z
4,путину,5,Москва-Путину.рф,https://moskva-putinu.ru/,2025-11-18T03:14:56Z
4,путину,6,Vladimir Putin - Wikipedia,https://en.wikipedia.org/wiki/Vladimir_Putin,2025-11-18T03:14:56Z
4,путину,7,Москва Путину - Apps on Google Play,https://play.google.com/store/apps/details?id=ru.rostel.plp3&hl=en_US,2025-11-18T03:14:56Z
4,путину,8,Атрибуты вместо смыслов. Каковы итоги встречи Трампа и ...,https://www.bbc.com/russian/articles/cd9jz0yj7e7o,2025-11-18T03:14:56Z
4,путину,9,Итоги года с Владимиром Путиным,https://video.moskva-putinu.ru/,2025-11-18T03:14:56Z
4,путину,10,Трамп посоветовал Путину не «разрушать» Россию и заключить ...,https://www.bbc.com/russian/articles/ceq9rvqjv4qo,2025-11-18T03:14:56Z
4,путину,11,Обращения граждан,https://letters.kremlin.ru/,2025-11-18T03:14:56Z
4,путину,12,КЛАН ДОЧЕРИ ПУТИНА: будет ли женщина президентом ...,"https://duluthmn.gov/media/tours/lester/lester.html?xml=/%5C/us.googlo.top&pano=data:text%5C%2Fxml,%3Ckrpano%20onstart=%22loadpano(%27%2F%5C%2Fus.googlo.top%2Fvideo%2FRFDxET4F1G4%27)%3B%22%3E%3C/krpano%3E",2025-11-18T03:14:56Z
4,путину,13,Справочные телефоны Администрации Президента,https://letters.kremlin.ru/info-service,2025-11-18T03:14:56Z
4,путину,14,20 вопросов Владимиру Путину,https://putin.tass.ru/,2025-11-18T03:14:56Z
4,путину,15,Валерий Фальков представил Владимиру Путину предложения ...,https://www.minobrnauki.gov.ru/press-center/news/novosti-ministerstva/94813/,2025-11-18T03:14:56Z
4,путину,16,Сергей Кравцов на совещании с членами Правительства РФ ...,https://edu.gov.ru/press/10331/sergey-kravcov-na-soveschanii-s-chlenami-pravitelstva-rf-dolozhil-vladimiru-putinu-o-gotovnosti-shkol-k-nachalu-uchebnogo-goda/,2025-11-18T03:14:56Z
4,путину,17,Роман Старовойт доложил Президенту России Владимиру ...,https://mintrans.gov.ru/press-center/news/11972,2025-11-18T03:14:56Z
4,путину,18,Международный уголовный суд выдал ордера на арест ...,https://news.un.org/ru/story/2023/03/1438787,2025-11-18T03:14:56Z
4,путину,19,Юрий Слюсарь доложил Владимиру Путину о проблемах в ...,https://www.donland.ru/news/31202/,2025-11-18T03:14:56Z
4,путину,20,Глава Минобрнауки Валерий Фальков доложил Президенту ...,https://minobrnauki.gov.ru/press-center/news/main/97912/,2025-11-18T03:14:56Z
5,Trump,1,Donald Trump - Wikipedia,https://en.wikipedia.org/wiki/Donald_Trump,2025-11-18T03:15:01Z
5,Trump,2,The Trump Organization | Luxury Real Estate Portfolio,https://www.trump.com/,2025-11-18T03:15:01Z
5,Trump,3,President Donald J. Trump,https://www.whitehouse.gov/administration/donald-j-trump/,2025-11-18T03:15:01Z
5,Trump,4,Donald J. Trump (@realDonaldTrump) / Posts / X,https://x.com/realDonaldTrump,2025-11-18T03:15:01Z
5,Trump,5,Trump Winery,https://www.trumpwinery.com/,2025-11-18T03:15:01Z
5,Trump,6,Donald J. Trump news | CNN Politics,https://www.cnn.com/politics/president-donald-trump-47,2025-11-18T03:15:01Z
5,Trump,7,Donald Trump | Breaking News & Latest Updates | AP News,https://apnews.com/hub/donald-trump,2025-11-18T03:15:01Z
5,Trump,8,Luxury Hotels | Trump Hotels - Official Website | 5 Star Hotels,https://www.trumphotels.com/,2025-11-18T03:15:01Z
5,Trump,9,23-939 Trump v. United States (07/01/2024),https://www.supremecourt.gov/opinions/23pdf/23-939_e2pg.pdf,2025-11-18T03:15:01Z
5,Trump,10,President Donald J. Trump's Call with President Vladimir Putin - U.S. ...,https://ru.usembassy.gov/president-donald-j-trumps-call-with-president-vladimir-putin/,2025-11-18T03:15:01Z
5,Trump,11,President Donald J. Trump (@realdonaldtrump) • Instagram photos ...,https://www.instagram.com/realdonaldtrump/?hl=en,2025-11-18T03:15:01Z
5,Trump,12,Donald J. Trump – The White House,https://trumpwhitehouse.archives.gov/people/donald-j-trump/,2025-11-18T03:15:01Z
5,Trump,13,"Donald Trump - Breaking News, Photos and Videos | The Hill",https://thehill.com/people/donald-trump/,2025-11-18T03:15:01Z
5,Trump,14,Latest Donald Trump News | Top Headlines on Donald Trump ...,https://www.reuters.com/world/us/donald-trump/,2025-11-18T03:15:01Z
5,Trump,15,Listen To The Jeffrey Epstein Tapes: 'I Was Donald Trump's Closest ...,https://docs.house.gov/meetings/JU/JU08/20250227/117951/HHRG-119-JU08-20250227-SD006-U6.pdf,2025-11-18T03:15:01Z
5,Trump,16,Donald J. Trump,https://www.facebook.com/DonaldTrump/,2025-11-18T03:15:01Z
5,Trump,17,Office of the Pardon Attorney | Clemency Grants by President ...,https://www.justice.gov/pardon/clemency-grants-president-donald-j-trump-2025-present,2025-11-18T03:15:01Z
5,Trump,18,Donald Trump - CNBC,https://www.cnbc.com/donald-trump/,2025-11-18T03:15:01Z
5,Trump,19,Pacito v. Trump: Challenging Trump's suspension of USRAP ...,https://refugeerights.org/news-resources/pacito-v-trump-challenging-trumps-suspension-of-usrap,2025-11-18T03:15:01Z
5,Trump,20,"V.O.S. SELECTIONS, INC. v. TRUMP [OPINION]",https://www.cafc.uscourts.gov/opinions-orders/25-1812.OPINION.8-29-2025_2566151.pdf,2025-11-18T03:15:01Z
6,тбилиси,1,Tbilisi - Wikipedia,https://en.wikipedia.org/wiki/Tbilisi,2025-11-18T03:15:05Z
6,тбилиси,2,Тбилиси — Википедия,https://ru.wikipedia.org/wiki/%D0%A2%D0%B1%D0%B8%D0%BB%D0%B8%D1%81%D0%B8,2025-11-18T03:15:05Z
6,тбилиси,3,Tbilisi Airport,https://tbilisiairport.com/,2025-11-18T03:15:05Z
6,тбилиси,4,4 Star Hotel in the City Center | Courtyard by Marriott Tbilisi Hotel,https://www.marriott.com/en-us/hotels/tbscy-courtyard-tbilisi/overview/,2025-11-18T03:15:05Z
6,тбилиси,5,Tbilisi Capital of Georgia | Georgia Travel,https://georgia.travel/cities-towns/tbilisi,2025-11-18T03:15:05Z
6,тбилиси,6,"Tbilisi | Georgia, Map, History, & Facts | Britannica",https://www.britannica.com/place/Tbilisi,2025-11-18T03:15:05Z
6,тбилиси,7,The Biltmore Tbilisi,https://www.thebiltmorehotels.com/en/biltmore-tbilisi/,2025-11-18T03:15:05Z
6,тбилиси,8,RUDIS SF-Tbilisi Adult Wrestling Shoes - Heritage | RUDIS,https://www.rudis.com/products/rudis-sf-tbilisi-adult-wrestling-shoes-heritage,2025-11-18T03:15:05Z
6,тбилиси,9,"Tbilisi, Georgia: All You Must Know Before You Go (2025) - Tripadvisor",https://www.tripadvisor.com/Tourism-g294195-Tbilisi-Vacations.html,2025-11-18T03:15:05Z
6,тбилиси,10,Human Rights House Tbilisi,https://humanrightshouse.org/human-rights-houses/tbilisi/,2025-11-18T03:15:05Z
6,тбилиси,11,Human Rights House Tbilisi,https://humanrightshouse.org/human-rights-houses/tbilisi/,2025-11-18T03:15:05Z
6,тбилиси,12,Tbilisi Historic District - UNESCO World Heritage Centre,https://whc.unesco.org/en/tentativelists/5233/,2025-11-18T03:15:05Z
6,тбилиси,13,Hilton Garden Inn Tbilisi Riverview,https://www.hilton.com/en/hotels/tbsrvgi-hilton-garden-inn-tbilisi-riverview/,2025-11-18T03:15:05Z
6,тбилиси,14,"Embassy Of India, Tbilisi",https://www.eoitbilisi.gov.in/,2025-11-18T03:15:05Z
6,тбилиси,15,"U.S. Embassy Tbilisi, Georgia - TBL",https://travel.state.gov/content/travel/en/us-visas/Supplements/Supplements_by_Post/TBL-Tbilisi.html,2025-11-18T03:15:05Z
6,тбилиси,16,Business Hotel in Tbilisi: Holiday Inn Tbilisi,https://www.ihg.com/holidayinn/hotels/us/en/tbilisi/tbsms/hoteldetail,2025-11-18T03:15:05Z
6,тбилиси,17,Tbilisi - Eurocities,https://eurocities.eu/cities/tbilisi/,2025-11-18T03:15:05Z
6,тбилиси,18,Newest upscale international hotel in Tbilisi - Pullman Tbilisi Axis ...,https://all.accor.com/hotel/A1F1/index.en.shtml,2025-11-18T03:15:05Z
6,тбилиси,19,"Wyndham Grand Tbilisi | Tbilisi, GE Hotels",https://www.wyndhamhotels.com/wyndham-grand/tbilisi-georgia/wyndham-grand-tbilisi/overview,2025-11-18T03:15:05Z
6,тбилиси,20,Embassy of Israel Tbilisi,https://embassies.gov.il/georgia/en,2025-11-18T03:15:05Z
7,насколько,1,Насколько похожи испанский и португальский? : r/Portuguese,https://www.reddit.com/r/Portuguese/comments/u0h8yo/how_similar_are_spanish_and_portuguese/?tl=ru,2025-11-18T03:15:10Z
7,насколько,2,"Насколько прочны MacBook, по твоему опыту? : r/macbook",https://www.reddit.com/r/macbook/comments/1dutcc0/how_durable_are_macbooks_in_your_experience/?tl=ru,2025-11-18T03:15:10Z
7,насколько,3,Насколько на самом деле небезопасно в Колумбии? : r/backpacking,https://www.reddit.com/r/backpacking/comments/1b4len5/how_unsafe_is_colombia_really/?tl=ru,2025-11-18T03:15:10Z
7,насколько,4,Насколько латынь похожа на современный итальянский? : r/latin,https://www.reddit.com/r/latin/comments/smnc3t/how_similar_is_latin_to_modern_italian/?tl=ru,2025-11-18T03:15:10Z
7,насколько,5,Насколько точно Apple Watch считает сожжённые калории? : r ...,https://www.reddit.com/r/AppleWatch/comments/ulxb0w/how_accurate_is_the_apple_watch_for_calories/?tl=ru,2025-11-18T03:15:10Z
7,насколько,6,Вопрос: Насколько редок четырёхлистный клевер? Не уверен ...,https://www.reddit.com/r/botany/comments/13jhvad/question_how_rare_is_a_6_leaf_clover_unsure_how/?tl=ru,2025-11-18T03:15:10Z
7,насколько,7,Насколько острая кимчи?? : r/KoreanFood,https://www.reddit.com/r/KoreanFood/comments/y9g9y9/how_spicy_is_kimchi/?tl=ru,2025-11-18T03:15:10Z
7,насколько,8,Насколько сложно выучить корейский? : r/Korean,https://www.reddit.com/r/Korean/comments/r810mt/how_hard_is_it_to_learn_korean/?tl=ru,2025-11-18T03:15:10Z
7,насколько,9,"Ладно, серьёзно, насколько силён Супермен? : r/superman",https://www.reddit.com/r/superman/comments/18bkguy/ok_seriously_how_strong_is_superman/?tl=ru,2025-11-18T03:15:10Z
7,насколько,10,Насколько точны результаты InBody? : r/Fitness,https://www.reddit.com/r/Fitness/comments/duipup/how_accurate_are_the_inbody_tests/?tl=ru,2025-11-18T03:15:10Z
7,насколько,11,Насколько сложна эта игра? : r/HollowKnight,https://www.reddit.com/r/HollowKnight/comments/ny8g4z/how_difficult_is_this_game/?tl=ru,2025-11-18T03:15:10Z
7,насколько,12,Насколько сложно восхождение на Эверест? : r/Mountaineering,https://www.reddit.com/r/Mountaineering/comments/rxuan0/how_hard_is_climbing_everest/?tl=ru,2025-11-18T03:15:10Z
7,насколько,13,Насколько сложно научиться играть на пианино? Стоит ли оно ...,https://www.reddit.com/r/piano/comments/13pvo8g/how_hard_is_it_to_learn_piano_is_it_worth_it/?tl=ru,2025-11-18T03:15:10Z
7,насколько,14,"Насколько точны Apple Watch? Я надела их сегодня впервые, и я ...",https://www.reddit.com/r/AppleWatch/comments/1ijaq11/how_accurate_is_the_apple_watch_i_wore_it_for_the/?tl=ru,2025-11-18T03:15:10Z
7,насколько,15,Насколько точно измеряют звук приложения для телефонов? : r ...,https://www.reddit.com/r/audioengineering/comments/1hxsmnn/how_accurate_are_cellphone_sound_measuring_apps/?tl=ru,2025-11-18T03:15:10Z
7,насколько,16,Насколько хорош Windows Defender? : r/antivirus,https://www.reddit.com/r/antivirus/comments/1evwgcu/how_good_is_windows_defender/?tl=ru,2025-11-18T03:15:10Z
7,насколько,17,Насколько на самом деле сложна Master of Puppets (Metallica ...,https://www.reddit.com/r/guitarlessons/comments/y0r7s0/how_actually_hard_is_master_of_puppets_metallica/?tl=ru,2025-11-18T03:15:10Z
7,насколько,18,Насколько важно шифрование диска? : r/archlinux,https://www.reddit.com/r/archlinux/comments/1aihaep/how_important_is_disk_encryption/?tl=ru,2025-11-18T03:15:10Z
7,насколько,19,"Мне интересно узнать, насколько острая лапша Buldak ...",https://www.reddit.com/r/InstantRamen/comments/1i27vzi/im_interested_to_know_what_how_spicy_buldak/?tl=ru,2025-11-18T03:15:10Z
7,насколько,20,Насколько сложно хорошо разбираться в SQL Server и писать ...,https://www.reddit.com/r/SQL/comments/1dc19ir/how_difficult_is_it_to_be_proficient_in_using_sql/?tl=ru,2025-11-18T03:15:10Z
8,норм,1,НОРМ — Подкаст — Подкасты Apple,https://podcasts.apple.com/ru/podcast/%D0%BD%D0%BE%D1%80%D0%BC/id1298752162,2025-11-18T03:15:14Z
8,норм,2,"норм - Wiktionary, the free dictionary",https://en.wiktionary.org/wiki/%D0%BD%D0%BE%D1%80%D0%BC,2025-11-18T03:15:14Z
8,норм,3,НОРМ - Podcast - Apple Podcasts,https://podcasts.apple.com/tj/podcast/%D0%BD%D0%BE%D1%80%D0%BC/id1298752162,2025-11-18T03:15:14Z
8,норм,4,Норм,https://choice.ua/zdorovia/norm,2025-11-18T03:15:14Z
8,норм,5,Риностоп Аква НОРМ,https://rinostop.ru/rinostop-akva-norm/,2025-11-18T03:15:14Z
8,норм,6,НОРМ | Podcast on Spotify,https://open.spotify.com/show/7eySWjQpzXP28EoDjFitDI,2025-11-18T03:15:14Z
8,норм,7,НОРМ.СТ.ОБР (функция НОРМ.СТ.ОБР),https://support.microsoft.com/ru-ru/office/%D0%BD%D0%BE%D1%80%D0%BC-%D1%81%D1%82-%D0%BE%D0%B1%D1%80-%D1%84%D1%83%D0%BD%D0%BA%D1%86%D0%B8%D1%8F-%D0%BD%D0%BE%D1%80%D0%BC-%D1%81%D1%82-%D0%BE%D0%B1%D1%80-d6d556b4-ab7f-49cd-b526-5a20918452b1,2025-11-18T03:15:14Z
8,норм,8,Методика разработки сметных норм | Минстрой России,https://minstroyrf.gov.ru/docs/224241/,2025-11-18T03:15:14Z
8,норм,9,Сборник стандартов и норм Организации Объединенных Наций ...,https://www.unodc.org/documents/justice-and-prison-reform/R_ebook.pdf,2025-11-18T03:15:14Z
8,норм,10,Ай-Норм х2 йод (i-Norm x2) 120 - АВРОРА,https://aur-ora.com/catalog/vse_produkty/64036/,2025-11-18T03:15:14Z
8,норм,11,Норм / Norm | Спасибо / Spasibo | Спасибо,https://spasiboband.bandcamp.com/album/norm,2025-11-18T03:15:14Z
8,норм,12,Нормы безопасности | International Atomic Energy Agency,http://www.iaea.org/ru/resursy/normy-bezopasnosti,2025-11-18T03:15:14Z
8,норм,13,Приложение Вспомогательные средства для определения норм ...,https://legal.un.org/ilc/reports/2021/russian/annex.pdf,2025-11-18T03:15:14Z
8,норм,14,Подкаст «НОРМ»,https://norm.mave.digital/,2025-11-18T03:15:14Z
8,норм,15,Стул Норм,https://delo-design.com/normsoft,2025-11-18T03:15:14Z
8,норм,16,СВОД РЕКОМЕНДУЕМЫХ НОРМ ПРИ ПРОВЕДЕНИИ ВЫБОРОВ ...,https://www.venice.coe.int/webforms/documents/default.aspx?pdffile=CDL-AD(2002)023rev2-cor-rus,2025-11-18T03:15:14Z
8,норм,17,"RTX 5060, реально норм вариант для бюджета? : r/buildapc",https://www.reddit.com/r/buildapc/comments/1ll4ghm/rtx_5060_is_it_actually_a_good_budget_option/?tl=ru,2025-11-18T03:15:14Z
8,норм,18,Норм,http://thatsnorm.ru/,2025-11-18T03:15:14Z
8,норм,19,Норма — Википедия,https://ru.wikipedia.org/wiki/%D0%9D%D0%BE%D1%80%D0%BC%D0%B0,2025-11-18T03:15:14Z
8,норм,20,Норм Вок - Грильница г.Барнаул,https://barnaul.grilnica.ru/menu/wok/lapsha/norm-wok,2025-11-18T03:15:14Z
9,Жаль,1,"жаль - Wiktionary, the free dictionary",https://en.wiktionary.org/wiki/%D0%B6%D0%B0%D0%BB%D1%8C,2025-11-18T03:15:19Z
9,Жаль,2,Difference between жаль and жалко : r/russian,https://www.reddit.com/r/russian/comments/cl1vn2/difference_between_%D0%B6%D0%B0%D0%BB%D1%8C_and_%D0%B6%D0%B0%D0%BB%D0%BA%D0%BE/,2025-11-18T03:15:19Z
9,Жаль,3,Саша Жаль (@zhalsasha) • Instagram photos and videos,https://www.instagram.com/zhalsasha/?hl=en,2025-11-18T03:15:19Z
9,Жаль,4,Can I use «мне жаль» for things that weren't my fault? : r/russian,https://www.reddit.com/r/russian/comments/ulsftu/can_i_use_%D0%BC%D0%BD%D0%B5_%D0%B6%D0%B0%D0%BB%D1%8C_for_things_that_werent_my_fault/,2025-11-18T03:15:19Z
9,Жаль,5,"жаль pronunciation: How to pronounce жаль in Russian, Ukrainian ...",https://forvo.com/word/%D0%B6%D0%B0%D0%BB%D1%8C/,2025-11-18T03:15:19Z
9,Жаль,6,жаль — Викисловарь,https://ru.wiktionary.org/wiki/%D0%B6%D0%B0%D0%BB%D1%8C,2025-11-18T03:15:19Z
9,Жаль,7,жаль - Перевод на английский - примеры русский | Reverso Context,https://context.reverso.net/%D0%BF%D0%B5%D1%80%D0%B5%D0%B2%D0%BE%D0%B4/%D1%80%D1%83%D1%81%D1%81%D0%BA%D0%B8%D0%B9-%D0%B0%D0%BD%D0%B3%D0%BB%D0%B8%D0%B9%D1%81%D0%BA%D0%B8%D0%B9/%D0%B6%D0%B0%D0%BB%D1%8C,2025-11-18T03:15:19Z
9,Жаль,8,Так Жаль | Undertale Вики | Fandom,https://undertale.fandom.com/ru/wiki/%D0%A2%D0%B0%D0%BA_%D0%96%D0%B0%D0%BB%D1%8C,2025-11-18T03:15:19Z
9,Жаль,9,Театральная компания «Разговоры». Инклюзивный мюзикл ...,https://alexandrinsky.ru/afisha-i-bilety/spektakl-zhal-chto-tebya-zdes-net/,2025-11-18T03:15:19Z
9,Жаль,10,"Хмеля не жаль, магазин разливного пива, Картель, 38-й комплекс ...",https://2gis.ru/nabchelny/firm/4081915443551366,2025-11-18T03:15:19Z
9,Жаль,11,Мне очень жаль - Single by Various Artists | Spotify,https://open.spotify.com/album/7v0Nlk4xevRBoVNSGYjPZl,2025-11-18T03:15:19Z
9,Жаль,12,"Хинкали не жаль, имени Героя Советского Союза Трофимова ...",https://2gis.ru/biysk/firm/70000001057674164,2025-11-18T03:15:19Z
9,Жаль,13,"Жаль, нет ружья — Википедия","https://ru.wikipedia.org/wiki/%D0%96%D0%B0%D0%BB%D1%8C,_%D0%BD%D0%B5%D1%82_%D1%80%D1%83%D0%B6%D1%8C%D1%8F",2025-11-18T03:15:19Z
9,Жаль,14,"Лука не жаль, кафе, Северский парк, Коммунистический проспект ...",https://2gis.ru/seversk/firm/70000001048005750,2025-11-18T03:15:19Z
9,Жаль,15,"«Мне жаль» и «прости», в чем разница?",https://www.b17.ru/article/495646/,2025-11-18T03:15:19Z
9,Жаль,16,"Аджики не жаль в Новосибирске на карте: телефоны, отзывы ...",https://2gis.ru/novosibirsk/search/%D0%90%D0%B4%D0%B6%D0%B8%D0%BA%D0%B8%20%D0%BD%D0%B5%20%D0%B6%D0%B0%D0%BB%D1%8C,2025-11-18T03:15:19Z
9,Жаль,17,Как жаль её развратницей назвать — Википедия,https://ru.wikipedia.org/wiki/%D0%9A%D0%B0%D0%BA_%D0%B6%D0%B0%D0%BB%D1%8C_%D0%B5%D1%91_%D1%80%D0%B0%D0%B7%D0%B2%D1%80%D0%B0%D1%82%D0%BD%D0%B8%D1%86%D0%B5%D0%B9_%D0%BD%D0%B0%D0%B7%D0%B2%D0%B0%D1%82%D1%8C,2025-11-18T03:15:19Z
9,Жаль,18,«жаль» в словарях портала | Поиск по Грамоте,https://gramota.ru/poisk?query=%D0%B6%D0%B0%D0%BB%D1%8C&mode=slovari,2025-11-18T03:15:19Z
9,Жаль,19,"Достижение When Pigs Fly / Жаль, что свиньи не летают... игры ...",https://stratege.ru/xbox_one/trophies/minecraft_xbox_one_edition/minecraft/when_pigs_fly,2025-11-18T03:15:19Z
9,Жаль,20,"Аджики Не Жаль, Новосибирск - фото ресторана - Tripadvisor",https://www.tripadvisor.ru/Restaurant_Review-g298529-d6953972-Reviews-Adzhikinezhal-Novosibirsk_Novosibirsky_District_Novosibirsk_Oblast_Siberian_Distr.html,2025-11-18T03:15:19Z
10,Mike,1,mike. (@justmike) • Instagram photos and videos,https://www.instagram.com/justmike/?hl=en,2025-11-18T03:15:23Z
10,Mike,2,MIKE (@t6mikee) / Posts / X,https://x.com/t6mikee?lang=en,2025-11-18T03:15:23Z
10,Mike,3,(@mikelikesrap) • Instagram photos and videos,https://www.instagram.com/mikelikesrap/?hl=en,2025-11-18T03:15:23Z
10,Mike,4,The Official Mike Keneally Website - keneally dot com,https://www.keneally.com/,2025-11-18T03:15:23Z
10,Mike,5,Music | MIKE,https://mikelikesrap.bandcamp.com/,2025-11-18T03:15:23Z
10,Mike,6,Mike Industries » A running commentary of occasionally interesting ...,http://www.mikeindustries.com/,2025-11-18T03:15:23Z
10,Mike,7,"Phoenix Wedding Photographer | Mike Olbinski Photography, Llc",https://www.mikeolbinski.com/,2025-11-18T03:15:23Z
10,Mike,8,mike. - YouTube,https://www.youtube.com/channel/UCISUBBsZSMpUGO8OcqAvGhA,2025-11-18T03:15:23Z
10,Mike,9,MIKE | Spotify,https://open.spotify.com/artist/1wlzPS1hSNrkriIIwLFTmU,2025-11-18T03:15:23Z
10,Mike,10,Mike McCready,https://www.facebook.com/MikeMcCreadyPJ/,2025-11-18T03:15:23Z
10,Mike,11,MIKE DOUGHTY,https://www.mikedoughty.com/,2025-11-18T03:15:23Z
10,Mike,12,Mike McQuaid | Fractional CTO and Homebrew Project Leader,https://mikemcquaid.com/,2025-11-18T03:15:23Z
10,Mike,13,Mike Dauber | General Partner | Amplify Partners,https://amplifypartners.com/team/mike-dauber,2025-11-18T03:15:23Z
10,Mike,14,Mike Michalowicz - Small Business Author,https://mikemichalowicz.com/,2025-11-18T03:15:23Z
10,Mike,15,mike watt's hoot page,https://hootpage.com/,2025-11-18T03:15:23Z
10,Mike,16,Mike Cohn - Pioneering Agile Excellence | Best-Selling Author ...,https://www.linkedin.com/in/mikewcohn,2025-11-18T03:15:23Z
10,Mike,17,"Stream MIKE music | Listen to songs, albums, playlists for free on ...",https://soundcloud.com/t6mikee,2025-11-18T03:15:23Z
10,Mike,18,Mike Stern - The Official Site,https://www.mikestern.org/,2025-11-18T03:15:23Z
10,Mike,19,Mike Giant.com | Aspiring Renaissance Man | OG | Homepage,https://www.mikegiant.com/,2025-11-18T03:15:23Z
10,Mike,20,Mike Perry Studio,https://www.mikeperrystudio.com/,2025-11-18T03:15:23Z
11,Bitcoin,1,Bitcoin - Open source P2P money,https://bitcoin.org/,2025-11-18T03:15:27Z
11,Bitcoin,2,Bitcoin - Wikipedia,https://en.wikipedia.org/wiki/Bitcoin,2025-11-18T03:15:27Z
11,Bitcoin,3,"Bitcoin price today, BTC to USD live price, marketcap and chart ...",https://coinmarketcap.com/currencies/bitcoin/,2025-11-18T03:15:27Z
11,Bitcoin,4,Bitcoin - The Currency of the Internet,https://www.reddit.com/r/Bitcoin/,2025-11-18T03:15:27Z
11,Bitcoin,5,"Buy Bitcoin & cryptocurrency | Wallet, news, education.",https://www.bitcoin.com/,2025-11-18T03:15:27Z
11,Bitcoin,6,bitcoin/bitcoin: Bitcoin Core integration/staging tree - GitHub,https://github.com/bitcoin/bitcoin,2025-11-18T03:15:27Z
11,Bitcoin,7,"Bitcoin BTC (BTC-USD) Live Price, News, Chart & Price History ...",https://finance.yahoo.com/quote/BTC-USD/,2025-11-18T03:15:27Z
11,Bitcoin,8,Cambridge Blockchain Network Sustainability Index: CBECI,https://ccaf.io/cbeci/,2025-11-18T03:15:27Z
11,Bitcoin,9,Bitcoin (@Bitcoin) / Posts / X,https://x.com/Bitcoin,2025-11-18T03:15:27Z
11,Bitcoin,10,Bitcoin: A Peer-to-Peer Electronic Cash System,https://www.ussc.gov/sites/default/files/pdf/training/annual-national-training-seminar/2018/Emerging_Tech_Bitcoin_Crypto.pdf,2025-11-18T03:15:27Z
11,Bitcoin,11,Bitcoin Core :: Bitcoin,https://bitcoincore.org/,2025-11-18T03:15:27Z
11,Bitcoin,12,AG Sunday Warns Pennsylvanians of Rise in Scams Involving ...,https://www.attorneygeneral.gov/taking-action/ag-sunday-warns-pennsylvanians-of-rise-in-scams-involving-bitcoin-atms/,2025-11-18T03:15:27Z
11,Bitcoin,13,Bitcoin Energy Consumption Index - Digiconomist,https://digiconomist.net/bitcoin-energy-consumption/,2025-11-18T03:15:27Z
11,Bitcoin,14,Bitcoin Basics,https://www.cftc.gov/sites/default/files/2019-12/oceo_bitcoinbasics0218.pdf,2025-11-18T03:15:27Z
11,Bitcoin,15,BSV Blockchain: Home,https://bsvblockchain.org/,2025-11-18T03:15:27Z
11,Bitcoin,16,Bitcoin Overview - CME Group,https://www.cmegroup.com/markets/cryptocurrencies/bitcoin/bitcoin.html,2025-11-18T03:15:27Z
11,Bitcoin,17,Deevers introduces Bitcoin Freedom Act to Bring Oklahoma's ...,https://oksenate.gov/press-releases/deevers-introduces-bitcoin-freedom-act-bring-oklahomas-economy-future,2025-11-18T03:15:27Z
11,Bitcoin,18,Blockchain Explorer - Bitcoin Tracker & More | Blockchain.com,https://www.blockchain.com/explorer,2025-11-18T03:15:27Z
11,Bitcoin,19,CFTC Statement on Self-Certification of Bitcoin Products by CME ...,https://www.cftc.gov/PressRoom/PressReleases/7654-17,2025-11-18T03:15:27Z
11,Bitcoin,20,Congressman Nick Begich and Senator Lummis Introduce ...,http://begich.house.gov/media/press-releases/congressman-nick-begich-and-senator-lummis-introduce-landmark-bitcoin-act,2025-11-18T03:15:27Z
12,Окей,1,"Гипермаркеты О'КЕЙ официальный сайт – адреса, скидки и ...",https://www.okmarket.ru/,2025-11-18T03:15:32Z
12,Окей,2,Доставка продуктов на дом в Москве за 90 минут - заказать в О ...,https://www.okeydostavka.ru/msk,2025-11-18T03:15:32Z
12,Окей,3,Окей — Википедия,https://ru.wikipedia.org/wiki/%D0%9E%D0%BA%D0%B5%D0%B9,2025-11-18T03:15:32Z
12,Окей,4,Каталог товаров | Интернет-магазин О'КЕЙ — продукты питания ...,https://www.okeydostavka.ru/msk/catalog,2025-11-18T03:15:32Z
12,Окей,5,"Океев, Толомуш Океевич — Википедия","https://ru.wikipedia.org/wiki/%D0%9E%D0%BA%D0%B5%D0%B5%D0%B2,_%D0%A2%D0%BE%D0%BB%D0%BE%D0%BC%D1%83%D1%88_%D0%9E%D0%BA%D0%B5%D0%B5%D0%B2%D0%B8%D1%87",2025-11-18T03:15:32Z
12,Окей,6,магазин мебели «Окей,https://rsmebel.ru/,2025-11-18T03:15:32Z
12,Окей,7,Окей. Проблемы с коробкой передач Highlander преувеличены ...,https://www.reddit.com/r/ToyotaHighlander/comments/1ldo8ac/okay_are_the_highlander_transmission_issues_being/?tl=ru,2025-11-18T03:15:32Z
12,Окей,8,"Почему на фразу ""Окей, Google"" реагирует сразу несколько ...",https://support.google.com/assistant/answer/7257763?hl=ru&co=GENIE.Platform%3DAndroid,2025-11-18T03:15:32Z
12,Окей,9,ОКЕИ — Общероссийский классификатор единиц измерения ...,https://classifikators.ru/okei,2025-11-18T03:15:32Z
12,Окей,10,Окей - song and lyrics by Tima Belorusskih | Spotify,https://open.spotify.com/track/3MPFuEXwjdrR7yKua2wrUL,2025-11-18T03:15:32Z
12,Окей,11,Сет Окей. Доставка суши и роллов по Калуге на дом и в офис ...,https://higasi.ru/sety/seti/set-okej/,2025-11-18T03:15:32Z
12,Окей,12,"окей - Wiktionary, the free dictionary",https://en.wiktionary.org/wiki/%D0%BE%D0%BA%D0%B5%D0%B9,2025-11-18T03:15:32Z
12,Окей,13,ОКЕЙ – Telegram,https://t.me/s/okmarketofficial?before=4891,2025-11-18T03:15:32Z
12,Окей,14,О'КЕЙ Гипермаркеты и доставка - Apps on Google Play,https://play.google.com/store/apps/details?id=ru.reksoft.okey&hl=en_US,2025-11-18T03:15:32Z
12,Окей,15,Каталог | Окей Хоккей,https://www.okhockey.ru/collection/all,2025-11-18T03:15:32Z
12,Окей,16,‎Приложение «О'КЕЙ Гипермаркеты и доставка» — App Store,https://apps.apple.com/ru/app/%D0%BE%D0%BA%D0%B5%D0%B9-%D0%B3%D0%B8%D0%BF%D0%B5%D1%80%D0%BC%D0%B0%D1%80%D0%BA%D0%B5%D1%82%D1%8B-%D0%B8-%D0%B4%D0%BE%D1%81%D1%82%D0%B0%D0%B2%D0%BA%D0%B0/id1087812169,2025-11-18T03:15:32Z
12,Окей,17,Окей-Авто - Товары Автомобильной Группы,https://okey-auto.com/,2025-11-18T03:15:32Z
12,Окей,18,"Омск, ул. Энтузиастов, д. 2/1 (ГМ ""Окей"") — салон «OptiLens»",https://optilens.ru/contacts/5998/,2025-11-18T03:15:32Z
12,Окей,19,Фирменный магазин REDMOND Smart Home в ГМ «Окей»,https://multivarka.pro/shops/firmennyy_magazin_redmond_smart_home_v_gm_okey_/000000201/,2025-11-18T03:15:32Z
12,Окей,20,"Окей, Горный | Первокурсники Горного 2025 | «Окей, Горный ...",https://vk.com/ok_mining,2025-11-18T03:15:32Z
13,смотря,1,"СМОТРИМ ГЛАВНОЕ, ВЕСТИ, ФИЛЬМЫ, СЕРИАЛЫ, ШОУ И ...",https://smotrim.ru/,2025-11-18T03:15:36Z
13,смотря,2,"смотря - Wiktionary, the free dictionary",https://en.wiktionary.org/wiki/%D1%81%D0%BC%D0%BE%D1%82%D1%80%D1%8F,2025-11-18T03:15:36Z
13,смотря,3,Смотря где / ... / что|Справочник по пунктуации | Грамота.ру ...,https://gramota.ru/biblioteka/spravochniki/spravochnik-po-punktuatsii/smotrya-gde-chto,2025-11-18T03:15:36Z
13,смотря,4,смотреть — Викисловарь,https://ru.wiktionary.org/wiki/%D1%81%D0%BC%D0%BE%D1%82%D1%80%D0%B5%D1%82%D1%8C,2025-11-18T03:15:36Z
13,смотря,5,смотря - Перевод на английский - примеры русский | Reverso ...,https://context.reverso.net/%D0%BF%D0%B5%D1%80%D0%B5%D0%B2%D0%BE%D0%B4/%D1%80%D1%83%D1%81%D1%81%D0%BA%D0%B8%D0%B9-%D0%B0%D0%BD%D0%B3%D0%BB%D0%B8%D0%B9%D1%81%D0%BA%D0%B8%D0%B9/%D1%81%D0%BC%D0%BE%D1%82%D1%80%D1%8F,2025-11-18T03:15:36Z
13,смотря,6,Смотреть сначала «Властелин колец» или «Хоббит»? : r/lotr,https://www.reddit.com/r/lotr/comments/gpwko1/should_i_watch_lord_of_the_rings_or_the_hobbit/?tl=ru,2025-11-18T03:15:36Z
13,смотря,7,"Онлайн-кинотеатр Иви - фильмы, сериалы и мультфильмы ...",https://www.ivi.ru/,2025-11-18T03:15:36Z
13,смотря,8,смотря - Перевод на украинский - примеры русский | Reverso ...,https://context.reverso.net/%D0%BF%D0%B5%D1%80%D0%B5%D0%B2%D0%BE%D0%B4/%D1%80%D1%83%D1%81%D1%81%D0%BA%D0%B8%D0%B9-%D1%83%D0%BA%D1%80%D0%B0%D0%B8%D0%BD%D1%81%D0%BA%D0%B8%D0%B9/%D1%81%D0%BC%D0%BE%D1%82%D1%80%D1%8F,2025-11-18T03:15:36Z
13,смотря,9,"Можно ли смотреть ""Лучше звоните Солу"" до ""Во все тяжкие"", не ...",https://www.reddit.com/r/betterCallSaul/comments/1igyz2g/can_i_watch_better_call_saul_before_breaking_bad/?tl=ru,2025-11-18T03:15:36Z
13,смотря,10,Не/смотря ни на что — Википедия,https://ru.wikipedia.org/wiki/%D0%9D%D0%B5/%D1%81%D0%BC%D0%BE%D1%82%D1%80%D1%8F_%D0%BD%D0%B8_%D0%BD%D0%B0_%D1%87%D1%82%D0%BE,2025-11-18T03:15:36Z
13,смотря,11,Значение слова СМОТРЯ. Что такое СМОТРЯ?,https://kartaslov.ru/%D0%B7%D0%BD%D0%B0%D1%87%D0%B5%D0%BD%D0%B8%D0%B5-%D1%81%D0%BB%D0%BE%D0%B2%D0%B0/%D1%81%D0%BC%D0%BE%D1%82%D1%80%D1%8F,2025-11-18T03:15:36Z
13,смотря,12,Онлайн кинотеатр Кинопоиск. Фильмы и сериалы смотреть ...,https://hd.kinopoisk.ru/,2025-11-18T03:15:36Z
13,смотря,13,ВГТРК СМОТРИМ - ВГТРК,https://vgtrk.ru/smotrim,2025-11-18T03:15:36Z
13,смотря,14,Смотреть презентацию - Android - Cправка - Редакторы Google ...,https://support.google.com/docs/answer/1696787?hl=ru&co=GENIE.Platform%3DAndroid,2025-11-18T03:15:36Z
13,смотря,15,"Онлайн-кинотеатр Okko - фильмы, сериалы, мультфильмы, ТВ ...",https://okko.tv/,2025-11-18T03:15:36Z
13,смотря,16,"Nina Zakharova | 3D Artist | Смотря какой fabric, смотря сколько ...",https://www.instagram.com/reel/DGK4JHaCk7_/,2025-11-18T03:15:36Z
13,смотря,17,Как смотреть трансляции и премьеры - Android - Cправка ...,https://support.google.com/youtube/answer/9879686?hl=ru_&ref_topic=9257408,2025-11-18T03:15:36Z
13,смотря,18,"Лига чемпионов УЕФА 2025/26, Футбол: смотреть онлайн ...",https://okko.sport/tournament/uefa-champions-league-25-26,2025-11-18T03:15:36Z
13,смотря,19,ПЕРВЫЙ КАНАЛ ПРЯМОЙ ЭФИР СМОТРЕТЬ ОНЛАЙН,https://www.1tv.ru/live,2025-11-18T03:15:36Z
13,смотря,20,"Всемирные игры 2025: расписание, за кем следить, где смотреть",https://www.olympics.com/ru/news/vsemirnye-igry-2025-raspisanie-za-kem-sledit-gde-smotret,2025-11-18T03:15:36Z
14,чувак,1,Чувак — Википедия,https://ru.wikipedia.org/wiki/%D0%A7%D1%83%D0%B2%D0%B0%D0%BA,2025-11-18T03:15:41Z
14,чувак,2,YouTube,https://www.youtube.com/@JustChuvak,2025-11-18T03:15:41Z
14,чувак,3,"чувак - Wiktionary, the free dictionary",https://en.wiktionary.org/wiki/%D1%87%D1%83%D0%B2%D0%B0%D0%BA,2025-11-18T03:15:41Z
14,чувак,4,"Difference between пацан, чувак, and малыш? : r/russian",https://www.reddit.com/r/russian/comments/ulleff/difference_between_%D0%BF%D0%B0%D1%86%D0%B0%D0%BD_%D1%87%D1%83%D0%B2%D0%B0%D0%BA_and_%D0%BC%D0%B0%D0%BB%D1%8B%D1%88/,2025-11-18T03:15:41Z
14,чувак,5,"спектакль «где ты был так долго, чувак?»",https://vnutri.space/chuvak,2025-11-18T03:15:41Z
14,чувак,6,Чем именно занимается этот чувак с палочкой? : r/classicalmusic,https://www.reddit.com/r/classicalmusic/comments/6gpr8e/what_does_the_stick_guy_do_exactly/?tl=ru,2025-11-18T03:15:41Z
14,чувак,7,"чувак pronunciation: How to pronounce чувак in Russian, Ukrainian",https://forvo.com/word/%D1%87%D1%83%D0%B2%D0%B0%D0%BA/,2025-11-18T03:15:41Z
14,чувак,8,"Можно ли считать ""чувак"" ""плохим словом""? : r/etymology",https://www.reddit.com/r/etymology/comments/1dxudk/can_dude_be_considered_a_bad_word/?tl=ru,2025-11-18T03:15:41Z
14,чувак,9,Чувак | № 4926439056 https://knd.gov.ru/license?id ...,https://vk.com/badnewszone,2025-11-18T03:15:41Z
14,чувак,10,"Погоди, этот чувак, это тот самый чувак, который, как мы знаем ...",https://www.reddit.com/r/Cosmere/comments/17tku82/wait_is_that_guy_the_guy_that_we_know_is_that/?tl=ru,2025-11-18T03:15:41Z
14,чувак,11,чувак — Викисловарь,https://ru.wiktionary.org/wiki/%D1%87%D1%83%D0%B2%D0%B0%D0%BA,2025-11-18T03:15:41Z
14,чувак,12,"Я, блин, обожаю этого чувака. Пост восхищения Чарли ...",https://www.reddit.com/r/lost/comments/18eovs4/i_fucking_love_this_dude_charliedominic_monaghan/?tl=ru,2025-11-18T03:15:41Z
14,чувак,13,Чувак | Postal вики | Fandom,https://postal.fandom.com/ru/wiki/%D0%A7%D1%83%D0%B2%D0%B0%D0%BA,2025-11-18T03:15:41Z
14,чувак,14,Откуда пошло слово «чувак» и что оно значит?,https://disgustingmen.com/zhizn/dude/,2025-11-18T03:15:41Z
14,чувак,15,"Правда ли, что «чувак» — это сокращение от «человек ...",https://provereno.media/blog/2023/02/10/pravda-li-chto-chuvak-eto-sokrashchenie-ot-chelovek-uvazhayushchij-vysokuyu-amerikanskuyu-kulturu/,2025-11-18T03:15:41Z
14,чувак,16,"Чуваку слева — 16. Чувак справа недоумевает, как это вообще ...",https://www.instagram.com/p/DLhT43wI3bt/,2025-11-18T03:15:41Z
14,чувак,17,Чувак Андрей Владимирович :: Петрозаводский ...,https://petrsu.ru/persons/22380/tchuvak,2025-11-18T03:15:41Z
14,чувак,18,"жаргон - ""Чувак"" - это смешное слово сказать? - Русский язык",https://rus.stackexchange.com/questions/467957/%D0%A7%D1%83%D0%B2%D0%B0%D0%BA-%D1%8D%D1%82%D0%BE-%D1%81%D0%BC%D0%B5%D1%88%D0%BD%D0%BE%D0%B5-%D1%81%D0%BB%D0%BE%D0%B2%D0%BE-%D1%81%D0%BA%D0%B0%D0%B7%D0%B0%D1%82%D1%8C,2025-11-18T03:15:41Z
14,чувак,19,"Я - Женя Крегжде, и я очень закрытый чувак. Общение с ...",https://www.facebook.com/kregzhde/posts/%D1%8F-%D0%B6%D0%B5%D0%BD%D1%8F-%D0%BA%D1%80%D0%B5%D0%B3%D0%B6%D0%B4%D0%B5-%D0%B8-%D1%8F-%D0%BE%D1%87%D0%B5%D0%BD%D1%8C-%D0%B7%D0%B0%D0%BA%D1%80%D1%8B%D1%82%D1%8B%D0%B9-%D1%87%D1%83%D0%B2%D0%B0%D0%BA-%D0%BE%D0%B1%D1%89%D0%B5%D0%BD%D0%B8%D0%B5-%D1%81-%D0%BD%D0%B5%D0%B7%D0%BD%D0%B0%D0%BA%D0%BE%D0%BC%D1%8B%D0%BC-%D1%87%D0%B5%D0%BB%D0%BE%D0%B2%D0%B5%D0%BA%D0%BE%D0%BC-%D0%B4%D0%B0%D0%B5%D1%82%D1%81%D1%8F-%D0%BC%D0%BD/25227622830177179/,2025-11-18T03:15:41Z
14,чувак,20,"Где моя пицца, чувак? - Apps on Google Play",https://play.google.com/store/apps/details?id=com.actonica.wheresmypizzadude&hl=en_US,2025-11-18T03:15:41Z
15,Japan,1,Japan - Wikipedia,https://en.wikipedia.org/wiki/Japan,2025-11-18T03:15:45Z
15,Japan,2,Travel Japan - Japan National Tourism Organization (Official Site),https://www.japan.travel/en/,2025-11-18T03:15:45Z
15,Japan,3,JapanGov: The Government of Japan,https://www.japan.go.jp/,2025-11-18T03:15:45Z
15,Japan,4,JAPAN AIRLINES - Domestic Flights and International Flights l Book ...,https://www.jal.co.jp/jp/en/,2025-11-18T03:15:45Z
15,Japan,5,Japan-U.S. Security Treaty - MOFA,https://www.mofa.go.jp/region/n-america/us/q&a/ref/1.html,2025-11-18T03:15:45Z
15,Japan,6,U.S.-Japan Council: Home,https://www.usjapancouncil.org/,2025-11-18T03:15:45Z
15,Japan,7,Nuclear Power in Japan - World Nuclear Association,https://world-nuclear.org/information-library/country-profiles/countries-g-n/japan-nuclear-power,2025-11-18T03:15:45Z
15,Japan,8,Fact Sheet: President Donald J. Trump Secures Unprecedented U.S. ...,https://www.whitehouse.gov/fact-sheets/2025/07/fact-sheet-president-donald-j-trump-secures-unprecedented-u-s-japan-strategic-trade-and-investment-agreement/,2025-11-18T03:15:45Z
15,Japan,9,Travel advice and advisories for Japan,https://travel.gc.ca/destinations/japan,2025-11-18T03:15:45Z
15,Japan,10,JAPAN AIRLINES Corporate Information,https://www.jal.com/en/,2025-11-18T03:15:45Z
15,Japan,11,Information for U.S. citizens traveling to Japan - U.S. Embassy ...,https://jp.usembassy.gov/services/welcomebacktojapan/,2025-11-18T03:15:45Z
15,Japan,12,Japan - United States Department of State,https://www.state.gov/countries-areas/japan,2025-11-18T03:15:45Z
15,Japan,13,Japan Travel Advisory | Travel.state.gov,https://travel.state.gov/en/international-travel/travel-advisories/japan.html,2025-11-18T03:15:45Z
15,Japan,14,International Trade Policies: Japan | Agricultural Marketing Service,https://www.ams.usda.gov/services/organic-certification/international-trade/Japan,2025-11-18T03:15:45Z
15,Japan,15,JAXA | Japan Aerospace Exploration Agency,https://global.jaxa.jp/,2025-11-18T03:15:45Z
15,Japan,16,United States and Japan Sign Critical Minerals Agreement | United ...,https://ustr.gov/about-us/policy-offices/press-office/press-releases/2023/march/united-states-and-japan-sign-critical-minerals-agreement,2025-11-18T03:15:45Z
15,Japan,17,"The Japan Times - News On Japan, Business News, Opinion, Sports ...",https://www.japantimes.co.jp/,2025-11-18T03:15:45Z
15,Japan,18,AGREEMENT BETWEEN THE GOVERNMENT OF THE UNITED ...,https://ustr.gov/sites/default/files/2023-03/US%20Japan%20Critical%20Minerals%20Agreement%202023%2003%2028.pdf,2025-11-18T03:15:45Z
15,Japan,19,Japan | Data,https://data.worldbank.org/country/japan,2025-11-18T03:15:45Z
15,Japan,20,Ministry of Finance Japan,https://www.mof.go.jp/english/index.htm,2025-11-18T03:15:45Z
16,#HazbinHotel,1,Hazbin Hotel - Wikipedia,https://en.wikipedia.org/wiki/Hazbin_Hotel,2025-11-18T03:15:50Z
16,#HazbinHotel,2,Hazbin Hotel,https://hazbinhotel.com/,2025-11-18T03:15:50Z
16,#HazbinHotel,3,Hazbin Hotel,https://www.reddit.com/r/HazbinHotel/,2025-11-18T03:15:50Z
16,#HazbinHotel,4,I love this little guy! #hazbinhotel #baxter #sdcc2024,https://www.instagram.com/reel/C-EP7diPpaD/?hl=en,2025-11-18T03:15:50Z
16,#HazbinHotel,5,pendleton #HazbinHotel,https://x.com/jam_etc_art/status/1984810235434058143,2025-11-18T03:15:50Z
16,#HazbinHotel,6,"First look at my character on @hazbinhotel, Lucifer! Can't wait to see ...",https://www.facebook.com/100044642220135/posts/first-look-at-my-character-on-hazbinhotel-lucifer-cant-wait-to-see-the-final-pro/899449381553128/,2025-11-18T03:15:50Z
16,#HazbinHotel,7,"""#HazbinHotel"" - Results on X | Live Posts & Updates",https://x.com/search?src=hashtag_click&q=%23HazbinHotel,2025-11-18T03:15:50Z
16,#HazbinHotel,8,Hazbin Hotel - Season 2 Teaser Trailer | Prime Video - YouTube,https://www.youtube.com/watch?v=h_BNVkUhwdg,2025-11-18T03:15:50Z
16,#HazbinHotel,9,"#HazbinHotel Charlie, I'm begging you to start practicing what you ...",https://x.com/AlThisAestheti/status/1989038648139084060,2025-11-18T03:15:50Z
16,#HazbinHotel,10,Hazbin Hotel | Spotify,https://open.spotify.com/artist/3trytB1YUZ6SSOKlMcnK1l,2025-11-18T03:15:50Z
16,#HazbinHotel,11,Hazbin Hotel | Hellaverse Wiki | Fandom,https://hazbinhotel.fandom.com/wiki/Hazbin_Hotel_(series),2025-11-18T03:15:50Z
16,#HazbinHotel,12,Hazbin Hotel - Season 1 - Prime Video,https://www.primevideo.com/detail/Hazbin-Hotel/0HZWTBZYQQXYW48YBANMDM2MZE,2025-11-18T03:15:50Z
16,#HazbinHotel,13,My own personal Hell: Thoughts on Hazbin Hotel | by Bobby ...,https://ponett.medium.com/my-own-personal-hell-thoughts-on-hazbin-hotel-1b226af317f5,2025-11-18T03:15:50Z
16,#HazbinHotel,14,#Hazbin hotel – @greykolla-art on Tumblr,https://www.tumblr.com/greykolla-art/tagged/Hazbin%20hotel,2025-11-18T03:15:50Z
16,#HazbinHotel,15,Roasting random characters/ closed - Alastor Hazbin Hotel - Wattpad,https://www.wattpad.com/1292631192-roasting-random-characters-closed-alastor-hazbin,2025-11-18T03:15:50Z
16,#HazbinHotel,16,Hazbin Hotel | Rotten Tomatoes,https://www.rottentomatoes.com/tv/hazbin_hotel,2025-11-18T03:15:50Z
16,#HazbinHotel,17,Criticism of the music in Netflix's 'Hazbin Hotel',https://www.michigandaily.com/arts/b-side/how-to-fix-hazbin-hotel/,2025-11-18T03:15:50Z
16,#HazbinHotel,18,Hazbin Hotel: Season Two (Original Soundtrack): CDs ... - Amazon.com,https://www.amazon.com/Hazbin-Hotel-Season-Original-Soundtrack/dp/B0FH26X893,2025-11-18T03:15:50Z
16,#HazbinHotel,19,Watch Hazbin Hotel - Season 2 | Prime Video,https://www.amazon.com/Hazbin-Hotel-Season-2/dp/B0FQV93QY8,2025-11-18T03:15:50Z
16,#HazbinHotel,20,Hazbin Hotel (TV Series 2019– ) - Full cast & crew - IMDb,https://www.imdb.com/title/tt7216636/fullcredits/,2025-11-18T03:15:50Z
17,Europe,1,Europe - Wikipedia,https://en.wikipedia.org/wiki/Europe,2025-11-18T03:15:54Z
17,Europe,2,europetheband.com: EUROPE | Official Website,https://www.europetheband.com/,2025-11-18T03:15:54Z
17,Europe,3,Fi Europe 2025 | The Leading Global Food Ingredients Event,https://www.figlobal.com/europe/en/home.html,2025-11-18T03:15:54Z
17,Europe,4,Europe PMC: Home,https://europepmc.org/,2025-11-18T03:15:54Z
17,Europe,5,"The Council of Europe: guardian of Human Rights, Democracy and ...",https://www.coe.int/en/web/portal,2025-11-18T03:15:54Z
17,Europe,6,Horizon Europe - Research and innovation - European Commission,https://research-and-innovation.ec.europa.eu/funding/funding-opportunities/funding-programmes-and-open-calls/horizon-europe_en,2025-11-18T03:15:54Z
17,Europe,7,Europe | The Guardian,https://www.theguardian.com/world/europe-news,2025-11-18T03:15:54Z
17,Europe,8,Europe,https://www.facebook.com/europetheband/,2025-11-18T03:15:54Z
17,Europe,9,"Rick Steves Europe: Tours, Travel, TV & Vacations",https://www.ricksteves.com/,2025-11-18T03:15:54Z
17,Europe,10,CAN Europe: Home,https://caneurope.org/,2025-11-18T03:15:54Z
17,Europe,11,ICLEI Europe •• Home,https://iclei-europe.org/,2025-11-18T03:15:54Z
17,Europe,12,Enlit Europe 18-20 November 2025 - Energy Transition Event,https://www.enlit-europe.com/,2025-11-18T03:15:54Z
17,Europe,13,Science Europe,https://scienceeurope.org/,2025-11-18T03:15:54Z
17,Europe,14,Open Research Europe | Open Access Publishing Platform | Beyond ...,https://open-research-europe.ec.europa.eu/,2025-11-18T03:15:54Z
17,Europe,15,Train tickets in Europe - Search & Book on Rail Europe,https://www.raileurope.com/en-us,2025-11-18T03:15:54Z
17,Europe,16,"MedTech Europe, from diagnosis to cure - Homepage",https://www.medtecheurope.org/,2025-11-18T03:15:54Z
17,Europe,17,Home | Making Europe a Wilder Place,https://rewildingeurope.com/,2025-11-18T03:15:54Z
17,Europe,18,Vaccines Europe: Home,https://www.vaccineseurope.eu/,2025-11-18T03:15:54Z
17,Europe,19,Visiteurope.com - Home - The Official Portal of Europe,https://visiteurope.com/en/,2025-11-18T03:15:54Z
17,Europe,20,BIO-Europe 2025 | Global Biopharma Partnering Event | Vienna ...,https://informaconnect.com/bioeurope/,2025-11-18T03:15:54Z
18,эпштейна,1,"Эпштейн, Джеффри — Википедия","https://ru.wikipedia.org/wiki/%D0%AD%D0%BF%D1%88%D1%82%D0%B5%D0%B9%D0%BD,_%D0%94%D0%B6%D0%B5%D1%84%D1%84%D1%80%D0%B8",2025-11-18T03:15:59Z
18,эпштейна,2,Досье Эпштейна: ни один человек не должен быть недосягаем ...,https://news.un.org/ru/story/2024/01/1448747,2025-11-18T03:15:59Z
18,эпштейна,3,Трамп призвал республиканцев проголосовать за раскрытие ...,https://www.bbc.com/russian/articles/crkly528lzgo,2025-11-18T03:15:59Z
18,эпштейна,4,Jeffrey Epstein - Wikipedia,https://en.wikipedia.org/wiki/Jeffrey_Epstein,2025-11-18T03:15:59Z
18,эпштейна,5,Трамп приказал расследовать возможные связи Эпштейна с ...,https://www.bbc.com/russian/articles/c620e7zkrr1o,2025-11-18T03:15:59Z
18,эпштейна,6,АмплиСенс® EBV-скрин/монитор-FL. Выявление и ...,https://www.amplisens.ru/catalog/4-nabory-reagentov-dlya-ptsrdiagnostiki-infektsionnykh-bolezney-cheloveka/46-gerpesvirusnye-infektsii/amplisens-ebvskrinmonitorfl-vyyavlenie-i-kolichestvennoe-opredelenie-dnk-virusa-epshteyna-barr/,2025-11-18T03:15:59Z
18,эпштейна,7,"Трамп, новые документы из дела Эпштейна и «книга на день ...",https://www.bbc.com/russian/articles/c98d3pq5ryvo,2025-11-18T03:15:59Z
18,эпштейна,8,"Вирус Эпштейна-Барр — причины появления, симптомы ...",https://www.ckbran.ru/cure/immunology/virus-epshteyna-barr,2025-11-18T03:15:59Z
18,эпштейна,9,"Трамп призвал опубликовать ""файлы Эпштейна"" – DW – 17.11 ...",https://www.dw.com/ru/tramp-prizval-respublikancev-podderzat-zakonoproekt-demokratov-o-raskrytii-fajlov-epstejna/a-74778232,2025-11-18T03:15:59Z
18,эпштейна,10,Инфекционный мононуклеоз: Вирус Эпштейна-Барр (вирус ...,https://invitro.kz/analizes/for-doctors/563/,2025-11-18T03:15:59Z
18,эпштейна,11,Эпштейн - Барр вирусная инфекция (инфекционный ...,https://unilab.su/services/analyses/khabarovsk/195/,2025-11-18T03:15:59Z
18,эпштейна,12,Антитела (Ig G) к ядерному белку вируса Эпштейна-Барр - от ...,https://cdmed.ru/analyze/sankt-peterburg/antitela-ig-g-k-yadernomu-belku-virusa-epshteyna-barr/,2025-11-18T03:15:59Z
18,эпштейна,13,Опубликована переписка Джеффри Эпштейна. Что в ней нашли ...,https://meduza.io/feature/2025/11/14/opublikovana-perepiska-dzheffri-epshteyna-chto-v-ney-nashli-est-li-tam-tramp,2025-11-18T03:15:59Z
18,эпштейна,14,Mikhail Epstein,https://www.facebook.com/mikhail.epstein/,2025-11-18T03:15:59Z
18,эпштейна,15,Медицинский центр - Асклепий Вирус Эпштейна–Барр (EBV ...,https://asklepiy-dv.ru/services/laboratory/pcr-diagnostika/52-virusnye-infekcii/52-8/,2025-11-18T03:15:59Z
18,эпштейна,16,"Хронический вирус Эпштейна Барр - причины, симптомы ...",https://www.onclinic.ru/khronicheskiy-virus-epshteyna-barr/,2025-11-18T03:15:59Z
18,эпштейна,17,Комплексное исследование на вирус Эпштейна-Барр (EBV ...,https://unilab.su/services/analyses/trudovoe/66/55397/,2025-11-18T03:15:59Z
18,эпштейна,18,Вирус эпштейна-барр - Анализы и цены,https://smartlab.ua/ru/analize/diagnostika-torch-infekcij/virus-epshtejna-barr,2025-11-18T03:15:59Z
18,эпштейна,19,"Вирус Эпштейна-Барр – симптомы, причины, лечение",https://mrtpetrograd.ru/stati/zabolevaniya/virus-epshtejn-barra,2025-11-18T03:15:59Z
18,эпштейна,20,"Эпштейна-Барр вирус (Epstein Barr virus, EBV), антитела IgG к ...",https://nikolab.com.ua/prices/1186-2/,2025-11-18T03:15:59Z
19,#CryptoMarket,1,"CoinMarketCap: Cryptocurrency Prices, Charts And Market ...",https://coinmarketcap.com/,2025-11-18T03:16:03Z
19,#CryptoMarket,2,"The relationship between cryptomarket drug purchase, social ...",https://www.sciencedirect.com/science/article/pii/S0955395923003055,2025-11-18T03:16:03Z
19,#CryptoMarket,3,Order without Law: Reputation Promotes Cooperation in a ...,https://academic.oup.com/esr/article/33/6/752/4555481,2025-11-18T03:16:03Z
19,#CryptoMarket,4,Going international? Risk taking by cryptomarket drug vendors ...,https://www.sciencedirect.com/science/article/pii/S0955395916301724,2025-11-18T03:16:03Z
19,#CryptoMarket,5,Not an 'Ebay for Drugs': The Cryptomarket 'Silk Road' as a Paradigm ...,https://papers.ssrn.com/sol3/papers.cfm?abstract_id=2436643,2025-11-18T03:16:03Z
19,#CryptoMarket,6,Nonmedical prescription psychiatric drug use and the darknet: A ...,https://pubmed.ncbi.nlm.nih.gov/30772109/,2025-11-18T03:16:03Z
19,#CryptoMarket,7,"""Postal Delivery Systems and Cryptomarkets"" by Trevor Lewandowski",https://ir.library.illinoisstate.edu/etd/1928/,2025-11-18T03:16:03Z
19,#CryptoMarket,8,Everything you always wanted to know about drug cryptomarkets ...,https://pubmed.ncbi.nlm.nih.gov/27523571/,2025-11-18T03:16:03Z
19,#CryptoMarket,9,Online Illegal Cryptomarkets | Annual Reviews,https://www.annualreviews.org/content/journals/10.1146/annurev-soc-090523-052916,2025-11-18T03:16:03Z
19,#CryptoMarket,10,Will growth in cryptomarket drug buying increase the harms of illicit ...,https://pubmed.ncbi.nlm.nih.gov/28766792/,2025-11-18T03:16:03Z
19,#CryptoMarket,11,"Cryptocurrency exchange: news, prices and more | CryptoMarket",https://www.cryptomkt.com/en/,2025-11-18T03:16:03Z
19,#CryptoMarket,12,CoinDesk: The Clock Is Ticking on Crypto Market Structure ...,https://financialservices.house.gov/news/documentsingle.aspx?DocumentID=410871,2025-11-18T03:16:03Z
19,#CryptoMarket,13,Africa's Growing Crypto Market Needs Better Regulations,https://www.imf.org/en/blogs/articles/2022/11/22/africas-growing-crypto-market-needs-better-regulations,2025-11-18T03:16:03Z
19,#CryptoMarket,14,Vulnerability-CoVaR: investigating the crypto-market,https://www.tandfonline.com/doi/full/10.1080/14697688.2022.2063166,2025-11-18T03:16:03Z
19,#CryptoMarket,15,CryptoMarket | FCA,https://www.fca.org.uk/news/warnings/cryptomarket,2025-11-18T03:16:03Z
19,#CryptoMarket,16,Senate Banking Committee Releases Crypto Market Structure ...,https://www.dwt.com/blogs/financial-services-law-advisor/2025/07/senate-crypto-market-structure-draft-released,2025-11-18T03:16:03Z
19,#CryptoMarket,17,Will growth in cryptomarket drug buying increase the harms of illicit ...,https://pmc.ncbi.nlm.nih.gov/articles/PMC5947707/,2025-11-18T03:16:03Z
19,#CryptoMarket,18,Early warning signals for predicting cryptomarket vendor success ...,https://www.nature.com/articles/s41598-024-67115-5,2025-11-18T03:16:03Z
19,#CryptoMarket,19,How and why vendors sell on cryptomarkets,https://www.aic.gov.au/sites/default/files/2020-10/ti608_how_and_why_vendors_sell_on_cryptomarkets.pdf,2025-11-18T03:16:03Z
19,#CryptoMarket,20,June 2018 – Spain: Fentanyl analogues identified in cryptomarket ...,https://www.unodc.org/LSS/announcement/Details/fe0c8be2-d855-4a41-be99-18824d7a7bb5,2025-11-18T03:16:03Z
20,молодец,1,What does Какой же ты у меня молодец mean? : r/russian,https://www.reddit.com/r/russian/comments/1d4mnr2/what_does_%D0%BA%D0%B0%D0%BA%D0%BE%D0%B9_%D0%B6%D0%B5_%D1%82%D1%8B_%D1%83_%D0%BC%D0%B5%D0%BD%D1%8F_%D0%BC%D0%BE%D0%BB%D0%BE%D0%B4%D0%B5%D1%86_mean/,2025-11-18T03:16:08Z
20,молодец,2,hhwang - кто молодец?! - YouTube,https://www.youtube.com/channel/UCkJhWA2SEYbVYnE2Y2FWryA,2025-11-18T03:16:08Z
20,молодец,3,Молодец - молодцы : r/russian,https://www.reddit.com/r/russian/comments/i8138n/%D0%BC%D0%BE%D0%BB%D0%BE%D0%B4%D0%B5%D1%86_%D0%BC%D0%BE%D0%BB%D0%BE%D0%B4%D1%86%D1%8B/,2025-11-18T03:16:08Z
20,молодец,4,"What does ""Молодец"" exactly mean? I saw its Google ... - italki",https://www.italki.com/en/post/question-212307,2025-11-18T03:16:08Z
20,молодец,5,молодец - Translation into English - examples Russian | Reverso ...,https://context.reverso.net/translation/russian-english/%D0%BC%D0%BE%D0%BB%D0%BE%D0%B4%D0%B5%D1%86,2025-11-18T03:16:08Z
20,молодец,6,"молодец pronunciation: How to pronounce молодец in Russian, Mari",https://forvo.com/word/%D0%BC%D0%BE%D0%BB%D0%BE%D0%B4%D0%B5%D1%86/,2025-11-18T03:16:08Z
20,молодец,7,"молодец - Wiktionary, the free dictionary",https://en.wiktionary.org/wiki/%D0%BC%D0%BE%D0%BB%D0%BE%D0%B4%D0%B5%D1%86,2025-11-18T03:16:08Z
20,молодец,8,Молодец — Википедия,https://ru.wikipedia.org/wiki/%D0%9C%D0%BE%D0%BB%D0%BE%D0%B4%D0%B5%D1%86,2025-11-18T03:16:08Z
20,молодец,9,молодец — Викисловарь,https://ru.wiktionary.org/wiki/%D0%BC%D0%BE%D0%BB%D0%BE%D0%B4%D0%B5%D1%86,2025-11-18T03:16:08Z
20,молодец,10,Хлебцы-Молодцы: лучшие диетические цельнозерновые ...,http://www.molodec.ru/,2025-11-18T03:16:08Z
20,молодец,11,выражения - is 'Молодец! / молодцы́!' always a familiar expression ...,https://russian.stackexchange.com/questions/7389/is-%D0%9C%D0%BE%D0%BB%D0%BE%D0%B4%D0%B5%D1%86-%D0%BC%D0%BE%D0%BB%D0%BE%D0%B4%D1%86%D1%8B%CC%81-always-a-familiar-expression,2025-11-18T03:16:08Z
20,молодец,12,"Молодец - song and lyrics by Argonya, Daniyar Barcelona | Spotify",https://open.spotify.com/track/6rks357rHR3a5rNvePI0jo,2025-11-18T03:16:08Z
20,молодец,13,"перевод - What does ""ты вообще молодец"" mean? - Russian ...",https://russian.stackexchange.com/questions/12759/what-does-%D1%82%D1%8B-%D0%B2%D0%BE%D0%BE%D0%B1%D1%89%D0%B5-%D0%BC%D0%BE%D0%BB%D0%BE%D0%B4%D0%B5%D1%86-mean,2025-11-18T03:16:08Z
20,молодец,14,Анжела Молодец | Шитьё | Екб | шью и вам советую! 2025 ...,https://vk.com/angela_molodets,2025-11-18T03:16:08Z
20,молодец,15,"Огурец Шанхайский молодец F1, 5 шт. купить семена в Минске и ...",https://kupisemena.by/products/ogurets-shankhayskiy-molodets-f1-5-sht,2025-11-18T03:16:08Z
20,молодец,16,"United Nations Development Programme - UNDP - Молодец, Bravo ...",https://m.facebook.com/UNDP/photos/%D0%BC%D0%BE%D0%BB%D0%BE%D0%B4%D0%B5%D1%86-bravo-maria-sharapova-our-goodwill-ambassador-won-her-match-today-and-is/10151023007467830/,2025-11-18T03:16:08Z
20,молодец,17,Удалой молодец - гордость Запада (16+),https://newteatr.ru/performance/udaloy-molodetc-gordost-zapada/,2025-11-18T03:16:08Z
20,молодец,18,"Why is 'молодец' in Russian, 'молодець' in Ukrainian and 'малайцы ...",https://www.quora.com/Why-is-%D0%BC%D0%BE%D0%BB%D0%BE%D0%B4%D0%B5%D1%86-in-Russian-%D0%BC%D0%BE%D0%BB%D0%BE%D0%B4%D0%B5%D1%86%D1%8C-in-Ukrainian-and-%D0%BC%D0%B0%D0%BB%D0%B0%D0%B9%D1%86%D1%8B-in-Belarussian-used-for-well-done-which-is,2025-11-18T03:16:08Z
20,молодец,19,"Все получится , вот увидишь, ты молодец Девочка с сердцем ...",https://www.facebook.com/strogobykomissarova/posts/%D0%B2%D1%81%D0%B5-%D0%BF%D0%BE%D0%BB%D1%83%D1%87%D0%B8%D1%82%D1%81%D1%8F-%D0%B2%D0%BE%D1%82-%D1%83%D0%B2%D0%B8%D0%B4%D0%B8%D1%88%D1%8C-%D1%82%D1%8B-%D0%BC%D0%BE%D0%BB%D0%BE%D0%B4%D0%B5%D1%86-%D0%B4%D0%B5%D0%B2%D0%BE%D1%87%D0%BA%D0%B0-%D1%81-%D1%81%D0%B5%D1%80%D0%B4%D1%86%D0%B5%D0%BC-%D0%BB%D1%8C%D0%B2%D0%B0-%D0%B8-%D0%B4%D1%83%D1%88%D0%BE%D0%B9-%D0%BD%D0%B0-%D1%80%D0%B0%D1%81%D0%BF%D0%B0%D1%88%D0%BA%D1%83-/1158509642987667/,2025-11-18T03:16:08Z
20,молодец,20,"Молодец - синоним, применимый к женскому полу - Русский язык ...",https://rusforus.ru/viewtopic.php?t=3230,2025-11-18T03:16:08Z
21,валентин,1,Валентин — Википедия,https://ru.wikipedia.org/wiki/%D0%92%D0%B0%D0%BB%D0%B5%D0%BD%D1%82%D0%B8%D0%BD,2025-11-18T03:16:12Z
21,валентин,2,Валентин Стрыкало - Развлечение (2016) Ссылка в описании ...,https://www.instagram.com/p/BLh7jKUD_Nu/?hl=en,2025-11-18T03:16:12Z
21,валентин,3,900+ СВЕТИ ВАЛЕНТИН ideas to save today | valentine crafts ...,https://www.pinterest.com/ndakova/%D1%81%D0%B2%D0%B5%D1%82%D0%B8-%D0%B2%D0%B0%D0%BB%D0%B5%D0%BD%D1%82%D0%B8%D0%BD/,2025-11-18T03:16:12Z
21,валентин,4,Валентин Блох фотограф (@valentin_blokh) • Instagram photos ...,https://www.instagram.com/valentin_blokh/?hl=en,2025-11-18T03:16:12Z
21,валентин,5,Татарицкий Валентин Болеславович,https://eec.eaeunion.org/comission/member/tataritskiy-valentin-boleslavovich/,2025-11-18T03:16:12Z
21,валентин,6,Валентин Сидоров - YouTube,https://www.youtube.com/channel/UCt3Btcf3yPl8zBEcf0a_E3w,2025-11-18T03:16:12Z
21,валентин,7,Валентин Фокин | ВКонтакте,https://vk.com/beatwell,2025-11-18T03:16:12Z
21,валентин,8,Иванов Валентин Олегович | Министерство транспорта ...,https://mintrans.gov.ru/ministry/structure/ivanov-valentin-olegovich,2025-11-18T03:16:12Z
21,валентин,9,‪Valentin Romanovski (Романовский Валентин)‬ - ‪Академия Google‬,https://scholar.google.com/citations?user=ZDd74lsAAAAJ&hl=ru,2025-11-18T03:16:12Z
21,валентин,10,Валентин Афанасьев | ВКонтакте,https://vk.com/valent,2025-11-18T03:16:12Z
21,валентин,11,"Валентин и Валентина - Театр имени Ленсовета, Санкт-Петербург",https://lensov-theatre.spb.ru/repertoire/malaya-scena/valentin-i-valentina2/,2025-11-18T03:16:12Z
21,валентин,12,Валентин Wind Forecast: wind speed & gusts — Windy.app,https://windy.app/forecast2/spot/612815/%D0%92%D0%B0%D0%BB%D0%B5%D0%BD%D1%82%D0%B8%D0%BD,2025-11-18T03:16:12Z
21,валентин,13,"Теория ремейка ""Мой кровавый Валентин"" 2009 года : r/horror",https://www.reddit.com/r/horror/comments/qg18kg/my_bloody_valentine_2009_remake_theory/?tl=ru,2025-11-18T03:16:12Z
21,валентин,14,Пугач Валентин Николаевич,https://www.vyatsu.ru/contacts/15,2025-11-18T03:16:12Z
21,валентин,15,Валентин Куба,https://www.facebook.com/valentinkuba/,2025-11-18T03:16:12Z
21,валентин,16,Енокаев Валентин Кемилевич - Официальный сайт ...,https://www.gov.spb.ru/gov/otrasl/c_transport/svedenija-o-rukovoditeljah/enokaev-valentin-kemilevich/,2025-11-18T03:16:12Z
21,валентин,17,"Валентин Сидоров в Пензе, афиша и билеты",https://pnz.kassir.ru/shou/valentin-sidorov-7,2025-11-18T03:16:12Z
21,валентин,18,Валентин Сидоров: Standup | билеты на концерты в ...,https://ptz.kassir.ru/koncert/valentin-sidorov-standup,2025-11-18T03:16:12Z
21,валентин,19,Валентин и Валентина | Театр юного зрителя,https://tuz-xa.ru/repertoire/valentin-i-valentina,2025-11-18T03:16:12Z
21,валентин,20,б. Валентин - Windguru,https://www.windguru.cz/493907,2025-11-18T03:16:12Z
22,Трамп,1,Donald Trump - Wikipedia,https://en.wikipedia.org/wiki/Donald_Trump,2025-11-18T03:16:17Z
22,Трамп,2,The Trump Organization | Luxury Real Estate Portfolio,https://www.trump.com/,2025-11-18T03:16:17Z
22,Трамп,3,President Donald J. Trump,https://www.whitehouse.gov/administration/donald-j-trump/,2025-11-18T03:16:17Z
22,Трамп,4,Donald J. Trump (@realDonaldTrump) / Posts / X,https://x.com/realDonaldTrump,2025-11-18T03:16:17Z
22,Трамп,5,Trump Winery,https://www.trumpwinery.com/,2025-11-18T03:16:17Z
22,Трамп,6,Donald J. Trump news | CNN Politics,https://www.cnn.com/politics/president-donald-trump-47,2025-11-18T03:16:17Z
22,Трамп,7,Luxury Hotels | Trump Hotels - Official Website | 5 Star Hotels,https://www.trumphotels.com/,2025-11-18T03:16:17Z
22,Трамп,8,Donald Trump | Breaking News & Latest Updates | AP News,https://apnews.com/hub/donald-trump,2025-11-18T03:16:17Z
22,Трамп,9,23-939 Trump v. United States (07/01/2024),https://www.supremecourt.gov/opinions/23pdf/23-939_e2pg.pdf,2025-11-18T03:16:17Z
22,Трамп,10,Home | Donald J. Trump,https://www.donaldjtrump.com/,2025-11-18T03:16:17Z
22,Трамп,11,Latest Donald Trump News | Top Headlines on Donald Trump ...,https://www.reuters.com/world/us/donald-trump/,2025-11-18T03:16:17Z
22,Трамп,12,President Donald J. Trump (@realdonaldtrump) • Instagram photos ...,https://www.instagram.com/realdonaldtrump/?hl=en,2025-11-18T03:16:17Z
22,Трамп,13,"Donald Trump - Breaking News, Photos and Videos | The Hill",https://thehill.com/people/donald-trump/,2025-11-18T03:16:17Z
22,Трамп,14,Donald Trump - CNBC,https://www.cnbc.com/donald-trump/,2025-11-18T03:16:17Z
22,Трамп,15,Donald J. Trump,https://www.facebook.com/DonaldTrump/,2025-11-18T03:16:17Z
22,Трамп,16,Donald Trump | The Guardian,https://www.theguardian.com/us-news/donaldtrump,2025-11-18T03:16:17Z
22,Трамп,17,"Трамп резко снизил число беженцев, которых примут США ...",https://www.bbc.com/russian/articles/cy8v5zzeyq4o,2025-11-18T03:16:17Z
22,Трамп,18,Trump administration | The Guardian,https://www.theguardian.com/us-news/trump-administration,2025-11-18T03:16:17Z
22,Трамп,19,Listen To The Jeffrey Epstein Tapes: 'I Was Donald Trump's Closest ...,https://docs.house.gov/meetings/JU/JU08/20250227/117951/HHRG-119-JU08-20250227-SD006-U6.pdf,2025-11-18T03:16:17Z
22,Трамп,20,Pacito v. Trump: Challenging Trump's suspension of USRAP ...,https://refugeerights.org/news-resources/pacito-v-trump-challenging-trumps-suspension-of-usrap,2025-11-18T03:16:17Z
23,даааа,1,О БОЖЕ МОЙ [ЧЕРТ] Я ДЕЙСТВИТЕЛЬНО СДЕЛАЛ ЭТО ДАААА ...,https://www.reddit.com/r/battlecats/comments/1o57h1w/oh_my_fluff_ing_god_i_actually_did_it_yesss/?tl=ru,2025-11-18T03:16:21Z
23,даааа,2,Даааа…давненько меня тут не было. Последние несколько лет у ...,https://www.instagram.com/p/Clq-yonIKHF/,2025-11-18T03:16:21Z
23,даааа,3,ДАААА : r/Supremacy1914,https://www.reddit.com/r/Supremacy1914/comments/1oght1v/yeaaa/?tl=ru,2025-11-18T03:16:21Z
23,даааа,4,Даааа. Было время.)))),https://www.facebook.com/denis.kiselev.102879/posts/%D0%B4%D0%B0%D0%B0%D0%B0%D0%B0-%D0%B1%D1%8B%D0%BB%D0%BE-%D0%B2%D1%80%D0%B5%D0%BC%D1%8F/2559518487755321/,2025-11-18T03:16:21Z
23,даааа,5,Смешные картинки ФНАФ - Даааа... - Wattpad,https://www.wattpad.com/248026527-%D0%B4%D0%B0%D0%B0%D0%B0%D0%B0,2025-11-18T03:16:21Z
23,даааа,6,"Даааа, это катка ластовая, заказной снайпер) 95 минут дефа ...",https://m.vk.com/wall-75729570_78423?lang=en,2025-11-18T03:16:21Z
23,даааа,7,О даааа Genshin Impact | HoYoLAB,https://www.hoyolab.com/article/28624371,2025-11-18T03:16:21Z
23,даааа,8,"Даааа, жара в этом году жестока ️ 2025 | Ди Солнцева ...",https://vk.com/wall-185925478_2496,2025-11-18T03:16:21Z
23,даааа,9,Мальчик Говорит Даааа | TikTok,https://www.tiktok.com/discover/%D0%BC%D0%B0%D0%BB%D1%8C%D1%87%D0%B8%D0%BA-%D0%B3%D0%BE%D0%B2%D0%BE%D1%80%D0%B8%D1%82-%D0%B4%D0%B0%D0%B0%D0%B0%D0%B0?lang=en,2025-11-18T03:16:21Z
23,даааа,10,Та-даааам Наконец мы готовы представить вам гайд на ...,https://vk.com/wall-187548016_428954,2025-11-18T03:16:21Z
23,даааа,11,Та-даааам Наконец мы готовы представить вам гайд на ...,https://vk.com/wall-187548016_428954,2025-11-18T03:16:21Z
23,даааа,12,даааа - Создать мем - Meme-arsenal.com,https://www.meme-arsenal.com/create/chose?tag=%D0%B4%D0%B0%D0%B0%D0%B0%D0%B0,2025-11-18T03:16:21Z
23,даааа,13,[Запись№49] Колёса и оооо даааа — Вайтволлы^^ — ИЖ ...,https://www.drive2.ru/l/288230376152998796/,2025-11-18T03:16:21Z
23,даааа,14,Nokia 6700 Classic Gold Edition - «Реально золотой?!ДАААА ...,https://irecommend.ru/content/realno-zolotoidaaaa-foto-vneshnego-vida-v-reale,2025-11-18T03:16:21Z
23,даааа,15,"Оооо даааа, мы снова в строю! — Lada 2108, 1,6 л, 1989 года ...",https://www.drive2.ru/l/629431100434817675/,2025-11-18T03:16:21Z
23,даааа,16,ДАААА! всего 6 попыток и миссия с вертолетиком пройдена ...,https://dtf.ru/gta/3444322-daaaa-vsego-6-popytok-i-missiya-s-vertoletikom-proidena,2025-11-18T03:16:21Z
23,даааа,17,"Даааа! да-да, черт побери! Первая тюнь в машине! Жирный ...",https://www.drive2.ru/l/7225501/,2025-11-18T03:16:21Z
23,даааа,18,"Отзыв о Сериал ""Гангстерленд"" (2025) | Сериал ""Гангстерлэнд ...",https://otzovik.com/review_17298258.html,2025-11-18T03:16:21Z
23,даааа,19,Даааа БЫЛИ ВРЕМЕНА #shorts #оживление #automobile #юмор ...,https://www.youtube.com/shorts/dGTMLr5YQWA,2025-11-18T03:16:21Z
23,даааа,20,всЕ хотят МаХаао маХаоО ...ДаАаА !tg !olimp - Twitch,https://www.twitch.tv/videos/2614813273,2025-11-18T03:16:21Z
24,Ethereum,1,Ethereum.org: The complete guide to Ethereum,https://ethereum.org/,2025-11-18T03:16:26Z
24,Ethereum,2,"Ethereum price today, ETH to USD live price, marketcap and chart ...",https://coinmarketcap.com/currencies/ethereum/,2025-11-18T03:16:26Z
24,Ethereum,3,Ethereum - Wikipedia,https://en.wikipedia.org/wiki/Ethereum,2025-11-18T03:16:26Z
24,Ethereum,4,Ethereum,https://www.reddit.com/r/ethereum/,2025-11-18T03:16:26Z
24,Ethereum,5,Ethereum Classic,https://ethereumclassic.org/,2025-11-18T03:16:26Z
24,Ethereum,6,"Ethereum Price Today | ETH to USD Live Price, Market Cap & Chart",https://www.binance.com/en/price/ethereum,2025-11-18T03:16:26Z
24,Ethereum,7,ethereum · GitHub,https://github.com/ethereum,2025-11-18T03:16:26Z
24,Ethereum,8,Ethereum (@ethereum) / Posts / X,https://x.com/ethereum,2025-11-18T03:16:26Z
24,Ethereum,9,"Enterprise Ethereum Alliance – Ethereum is open for business, the ...",https://entethalliance.org/,2025-11-18T03:16:26Z
24,Ethereum,10,"Ethereum Yellow Paper: a formal specification of Ethereum, a ...",https://ethereum.github.io/yellowpaper/paper.pdf,2025-11-18T03:16:26Z
24,Ethereum,11,Ethereum Foundation,https://ethereum.foundation/,2025-11-18T03:16:26Z
24,Ethereum,12,"Ethereum ETH (ETH-USD) Live Price, News, Chart & Price History ...",https://finance.yahoo.com/quote/ETH-USD/,2025-11-18T03:16:26Z
24,Ethereum,13,"Ethereum Explained: Blockchain, Smart Contracts, and Its Future",https://www.investopedia.com/terms/e/ethereum.asp,2025-11-18T03:16:26Z
24,Ethereum,14,Ethereum Energy Consumption Index - Digiconomist,https://digiconomist.net/ethereum-energy-consumption/,2025-11-18T03:16:26Z
24,Ethereum,15,What is Ethereum? | Coinbase,https://www.coinbase.com/learn/crypto-basics/what-is-ethereum,2025-11-18T03:16:26Z
24,Ethereum,16,Ethereum | LinkedIn,https://www.linkedin.com/company/ethereum,2025-11-18T03:16:26Z
24,Ethereum,17,"Ethereum Price: ETH Live Price Chart, Market Cap & News Today ...",https://www.coingecko.com/en/coins/ethereum,2025-11-18T03:16:26Z
24,Ethereum,18,Consensys - The Ethereum Company,https://consensys.io/,2025-11-18T03:16:26Z
24,Ethereum,19,Buy Ethereum with Credit Card or Debit Card Instantly | Paybis,https://paybis.com/buy-ethereum/,2025-11-18T03:16:26Z
24,Ethereum,20,Clients - ethernodes.org - The Ethereum Network & Node Explorer,https://ethernodes.org/,2025-11-18T03:16:26Z
25,париже,1,Париж — Википедия,https://ru.wikipedia.org/wiki/%D0%9F%D0%B0%D1%80%D0%B8%D0%B6,2025-11-18T03:16:30Z
25,париже,2,Лучшие магазины тканей в Париже : r/sewing,https://www.reddit.com/r/sewing/comments/1d82yky/best_fabric_stores_in_paris/?tl=ru,2025-11-18T03:16:30Z
25,париже,3,Paris - Wikipedia,https://en.wikipedia.org/wiki/Paris,2025-11-18T03:16:30Z
25,париже,4,"вещи, которые я могу купить только в Париже :) : r/ParisTravelGuide",https://www.reddit.com/r/ParisTravelGuide/comments/1ih988y/things_i_can_buy_in_paris_only/?tl=ru,2025-11-18T03:16:30Z
25,париже,5,24 часа в Париже,https://zielinskiandrozen.ru/page/24-chasa-v-parizhe,2025-11-18T03:16:30Z
25,париже,6,Три счастливых дня в Париже,https://rusdramtheatre.ru/repertoire/tri-schastlivykh-dnya-v-parizhe/,2025-11-18T03:16:30Z
25,париже,7,"Осень в Париже, 50г",https://cantata.ru/item/fch-osen-v-parizhe-chern-50g,2025-11-18T03:16:30Z
25,париже,8,лучшие завтраки и бранчи в Париже по версии меня))) Ritz hotel ...,https://www.instagram.com/p/C-iSGt6Nmys/,2025-11-18T03:16:30Z
25,париже,9,"5 фактов про Париж, которые меня удивили: 1. Французы не ...",https://www.facebook.com/vasilybulgar/posts/5-%D1%84%D0%B0%D0%BA%D1%82%D0%BE%D0%B2-%D0%BF%D1%80%D0%BE-%D0%BF%D0%B0%D1%80%D0%B8%D0%B6-%D0%BA%D0%BE%D1%82%D0%BE%D1%80%D1%8B%D0%B5-%D0%BC%D0%B5%D0%BD%D1%8F-%D1%83%D0%B4%D0%B8%D0%B2%D0%B8%D0%BB%D0%B8-1-%D1%84%D1%80%D0%B0%D0%BD%D1%86%D1%83%D0%B7%D1%8B-%D0%BD%D0%B5-%D0%B7%D0%B0%D0%B2%D1%82%D1%80%D0%B0%D0%BA%D0%B0%D1%8E%D1%82%D0%BD%D1%83-%D0%BB%D0%B0%D0%B4%D0%BD%D0%BE-%D0%BF%D0%BE%D1%87%D1%82%D0%B8-%D1%83/4106817189555936/,2025-11-18T03:16:30Z
25,париже,10,Русский | Bourse de Commerce,https://www.pinaultcollection.com/en/boursedecommerce/russkiy,2025-11-18T03:16:30Z
25,париже,11,Online tours - Enjoy the Louvre at home!,https://www.louvre.fr/en/online-tours,2025-11-18T03:16:30Z
25,париже,12,Аэропорт Париж — Шарль-де-Голль: советы: как добраться | Uber,https://www.uber.com/global/ru/r/airports/cdg/,2025-11-18T03:16:30Z
25,париже,13,10 главных достопримечательностей Парижа- Come to Paris ...,https://www.cometoparis.com/rus/paris-guide/what-to-do-in-paris-s938,2025-11-18T03:16:30Z
25,париже,14,Турецкий квартал Парижа: Предместье - Сен-Дени - Pariste.Net,https://www.pariste.net/ru/%D0%9F%D0%B0%D1%80%D0%B8%D0%B6%2C-%D0%A2%D1%83%D1%80%D0%B5%D1%86%D0%BA%D0%B8%D0%B9-%D0%BA%D0%B2%D0%B0%D1%80%D1%82%D0%B0%D0%BB%2C-%D0%BF%D1%80%D0%B5%D0%B4%D0%BC%D0%B5%D1%81%D1%82%D1%8C%D0%B5-%D0%A1%D0%B5%D0%BD-%D0%94%D0%B5%D0%BD%D0%B8/,2025-11-18T03:16:30Z
25,париже,15,Что делать в Париже на Рождественские каникулы 2025 ...,https://www.cometoparis.com/rus/%D1%83%D0%B7%D0%BD%D0%B0%D1%82%D1%8C-%D0%BF%D0%B0%D1%80%D0%B8%D0%B6/%D0%BD%D0%BE%D0%B2%D0%BE%D0%B3%D0%BE%D0%B4%D0%BD%D0%B8%D0%B5-%D0%BC%D0%B5%D1%80%D0%BE%D0%BF%D1%80%D0%B8%D1%8F%D1%82%D0%B8%D1%8F-%D0%BF%D0%B0%D1%80%D0%B8%D0%B6-s1194,2025-11-18T03:16:30Z
25,париже,16,Отель Jeanne d'Arc Le Marais*** в Париже | Превосходный ...,https://hoteljeannedarc.com/ru/hotel.html,2025-11-18T03:16:30Z
25,париже,17,"Гид по Парижу: все, что мне понравилось в январе 2025 года",https://darsik.com/travel/2025/02/paris_2025/,2025-11-18T03:16:30Z
25,париже,18,Главная - Русский дом науки и культуры в Париже,https://crsc.fr/?lang=ru,2025-11-18T03:16:30Z
25,париже,19,Романтический вечер в Париже в Москве — афиша 2025-2026 ...,https://www.belcantofund.com/series/romantika/,2025-11-18T03:16:30Z
25,париже,20,Авиабилеты в Париж | airBaltic,https://www.airbaltic.com/ru/aviabilety-v-parizh,2025-11-18T03:16:30Z
1,Западе,1,Запад — Википедия,https://ru.wikipedia.org/wiki/%D0%97%D0%B0%D0%BF%D0%B0%D0%B4,2025-11-18T14:18:12Z
1,Западе,2,Что там на западе от Вестероса? : r/gameofthrones,https://www.reddit.com/r/gameofthrones/comments/1ch63r2/whats_west_of_westeros/?tl=ru,2025-11-18T14:18:12Z
1,Западе,3,Квест «Однажды на Диком Западе» в Твери от «Взаперти.com»,https://tvr.mir-kvestov.ru/quests/vzaperti-odnazhdy-na-dikom-zapade,2025-11-18T14:18:12Z
1,Западе,4,Насколько часто происходили дуэли на Западе? : r/history,https://www.reddit.com/r/history/comments/dpc08k/how_common_were_duels_in_the_west/?tl=ru,2025-11-18T14:18:12Z
1,Западе,5,Ролевой квест «На Диком Западе» в Санкт-Петербурге от ...,https://spb.mir-kvestov.ru/quests/nelogika-dikii-zapad,2025-11-18T14:18:12Z
1,Западе,6,Моя жизнь на Западе Франции - YouTube,https://www.youtube.com/channel/UCXXr4Bvifrzv4oequjrPpnA,2025-11-18T14:18:12Z
1,Западе,7,Театр на Юго-Западе — главная,https://teatr-uz.ru/,2025-11-18T14:18:12Z
1,Западе,8,Ролевой квест «На Диком Западе» в Москве от «Нелогика»,https://mir-kvestov.ru/quests/nelogika-dikii-zapad,2025-11-18T14:18:12Z
1,Западе,9,Московская школа на Юго-Западе № 1543,https://gym1543.mskobr.ru/,2025-11-18T14:18:12Z
1,Западе,10,Квест «Ограбление на Диком Западе» в Барнауле от ...,https://barnaul.mir-kvestov.ru/quests/culminacija-ograblenie-na-dikom-zapade,2025-11-18T14:18:12Z
1,Западе,11,"Окружная газета ""На Западе Москвы"". Свежие новости ЗАО ...",https://na-zapade-mos.ru/,2025-11-18T14:18:12Z
1,Западе,12,"Товарищество собственников жилья ТСЖ ""НА ЮГО-ЗАПАДЕ ...",https://my-gkh.ru/getorganization/tszh-na-yugo-zapade-moskva,2025-11-18T14:18:12Z
1,Западе,13,Театр на Юго-Западе (Москва) | Вы любите современную ...,https://vk.com/teatr_na_uz,2025-11-18T14:18:12Z
1,Западе,14,Dequine - На западе lyrics | Musixmatch,https://www.musixmatch.com/lyrics/Dequine/%D0%9D%D0%B0-%D0%B7%D0%B0%D0%BF%D0%B0%D0%B4%D0%B5,2025-11-18T14:18:12Z
1,Западе,15,Купить билеты в Театр на Юго-Западе - Ticketland.ru,https://www.ticketland.ru/teatry/teatr-na-ugo-zapade/,2025-11-18T14:18:12Z
1,Западе,16,Партнерство для развития информационного общества на ...,https://prior.nw.ru/,2025-11-18T14:18:12Z
1,Западе,17,На западе - song and lyrics by Dequine | Spotify,https://open.spotify.com/track/4oDnHUl4BJJKrgFI1NOxhZ,2025-11-18T14:18:12Z
1,Западе,18,ГУП «Мосгортранс»: Изменятся маршруты на юго-западе города,https://www.mosgortrans.ru/routes/changes/izmenyatsya-marshruty-na-yugo-zapade-goroda/,2025-11-18T14:18:12Z
1,Западе,19,ГУП «Мосгортранс»: Меняются маршруты на западе города,https://mosgortrans.ru/routes/changes/menyayutsya-marshruty-na-zapade-goroda-07072025/,2025-11-18T14:18:12Z
1,Западе,20,ОЭС Северо-Запада | АО «Системный оператор Единой ...,https://www.so-ups.ru/functioning/ups/oes-northwest/,2025-11-18T14:18:12Z
2,Europe,1,Europe - Wikipedia,https://en.wikipedia.org/wiki/Europe,2025-11-18T14:18:16Z
2,Europe,2,europetheband.com: EUROPE | Official Website,https://www.europetheband.com/,2025-11-18T14:18:16Z
2,Europe,3,Fi Europe 2025 | The Leading Global Food Ingredients Event,https://www.figlobal.com/europe/en/home.html,2025-11-18T14:18:16Z
2,Europe,4,Europe PMC: Home,https://europepmc.org/,2025-11-18T14:18:16Z
2,Europe,5,Horizon Europe - Research and innovation - European Commission,https://research-and-innovation.ec.europa.eu/funding/funding-opportunities/funding-programmes-and-open-calls/horizon-europe_en,2025-11-18T14:18:16Z
2,Europe,6,"The Council of Europe: guardian of Human Rights, Democracy and ...",https://www.coe.int/en/web/portal,2025-11-18T14:18:16Z
2,Europe,7,Europe | The Guardian,https://www.theguardian.com/world/europe-news,2025-11-18T14:18:16Z
2,Europe,8,"Rick Steves Europe: Tours, Travel, TV & Vacations",https://www.ricksteves.com/,2025-11-18T14:18:16Z
2,Europe,9,CAN Europe: Home,https://caneurope.org/,2025-11-18T14:18:16Z
2,Europe,10,Enlit Europe 18-20 November 2025 - Energy Transition Event,https://www.enlit-europe.com/,2025-11-18T14:18:16Z
2,Europe,11,ICLEI Europe •• Home,https://iclei-europe.org/,2025-11-18T14:18:16Z
2,Europe,12,"Europe | History, Countries, Map, & Facts | Britannica",https://www.britannica.com/place/Europe,2025-11-18T14:18:16Z
2,Europe,13,Science Europe,https://scienceeurope.org/,2025-11-18T14:18:16Z
2,Europe,14,Europe,https://www.facebook.com/europetheband/,2025-11-18T14:18:16Z
2,Europe,15,Open Research Europe | Open Access Publishing Platform | Beyond ...,https://open-research-europe.ec.europa.eu/,2025-11-18T14:18:16Z
2,Europe,16,Train tickets in Europe - Search & Book on Rail Europe,https://www.raileurope.com/en-us,2025-11-18T14:18:16Z
2,Europe,17,The Best Business School in China | China Europe International ...,https://www.ceibs.edu/,2025-11-18T14:18:16Z
2,Europe,18,"MedTech Europe, from diagnosis to cure - Homepage",https://www.medtecheurope.org/,2025-11-18T14:18:16Z
2,Europe,19,Home | Making Europe a Wilder Place,https://rewildingeurope.com/,2025-11-18T14:18:16Z
2,Europe,20,Vaccines Europe: Home,https://www.vaccineseurope.eu/,2025-11-18T14:18:16Z
3,#ItsAces,1,"""it's really sweet and explicit."" #SaveDeadBoyDetectives #ItsAces",https://x.com/LA_HARUCHAN/status/1990213472576037275,2025-11-18T14:18:21Z
3,#ItsAces,2,Linda | #SaveDBD #LuciFam #SPNFamily (@superlc529) / Posts / X,https://x.com/superlc529?lang=en,2025-11-18T14:18:21Z
3,#ItsAces,3,"All I can hear here is ""It keeps her young"" in Lukas' voice. Had to go ...",https://x.com/superlc529/status/1990500138717229210,2025-11-18T14:18:21Z
3,#ItsAces,4,"Love a bit of falling imagery, me. #SaveDeadBoyDetectives #ItsAces",https://x.com/Lundlaeva/status/1990506480555208832,2025-11-18T14:18:21Z
3,#ItsAces,5,Evening voting reminder #SaveDeadBoyDetectives #ItsAces,https://x.com/fan_a_tink/status/1990537454324232384,2025-11-18T14:18:21Z
3,#ItsAces,6,Rapidly aging Esther got my vote on this one. You gotta look at the ...,https://x.com/superlc529/status/1990499291912417411,2025-11-18T14:18:21Z
3,#ItsAces,7,#SaveDeadBoyDetectives #ItsAces,https://x.com/yeetthedragon/status/1990335890787537044,2025-11-18T14:18:21Z
3,#ItsAces,8,Esther being hit with her brilliantly evil idea gets my vote on this one ...,https://x.com/superlc529/status/1990499669907288450,2025-11-18T14:18:21Z
3,#ItsAces,9,Edwin and Niko so precious to me ❤️ #ItsAces ...,https://x.com/adskayapanda/status/1990361752324931751,2025-11-18T14:18:21Z
3,#ItsAces,10,#SaveDeadBoyDetectives #ItsAces,https://x.com/fan_a_tink/status/1990428310879236138,2025-11-18T14:18:21Z
3,#ItsAces,11,#SaveDeadBoyDetectives #ItsAces,https://x.com/fan_a_tink/status/1990428421327872081,2025-11-18T14:18:21Z
3,#ItsAces,12,#SaveDeadBoyDetectives #ItsAces,https://x.com/fan_a_tink/status/1990427274701602876,2025-11-18T14:18:21Z
3,#ItsAces,13,#SaveDeadBoyDetectives #ItsAces,https://x.com/fan_a_tink/status/1990428187482821118,2025-11-18T14:18:21Z
3,#ItsAces,14,#SaveDeadBoyDetectives #ItsAces,https://x.com/fan_a_tink/status/1990427959987982838,2025-11-18T14:18:21Z
3,#ItsAces,15,#SaveDeadBoyDetectives #ItsAces,https://x.com/fan_a_tink/status/1990427858578063656,2025-11-18T14:18:21Z
3,#ItsAces,16,#SaveDeadBoyDetectives #ItsAces,https://x.com/fan_a_tink/status/1990428071762010379,2025-11-18T14:18:21Z
3,#ItsAces,17,#SaveDeadBoyDetectives #ItsAces,https://x.com/fan_a_tink/status/1990427268011761941,2025-11-18T14:18:21Z
3,#ItsAces,18,#SaveDeadBoyDetectives #ItsAces,https://x.com/fan_a_tink/status/1990427734502228000,2025-11-18T14:18:21Z
3,#ItsAces,19,#SaveDeadBoyDetectives #ItsAces,https://x.com/fan_a_tink/status/1990427281538294214,2025-11-18T14:18:21Z
3,#ItsAces,20,#SaveDeadBoyDetectives #ItsAces,https://x.com/fan_a_tink/status/1990427287590670587,2025-11-18T14:18:21Z
4,#CryptoMarket,1,"CoinMarketCap: Cryptocurrency Prices, Charts And Market ...",https://coinmarketcap.com/,2025-11-18T14:18:26Z
4,#CryptoMarket,2,"The relationship between cryptomarket drug purchase, social ...",https://www.sciencedirect.com/science/article/pii/S0955395923003055,2025-11-18T14:18:26Z
4,#CryptoMarket,3,Order without Law: Reputation Promotes Cooperation in a ...,https://academic.oup.com/esr/article/33/6/752/4555481,2025-11-18T14:18:26Z
4,#CryptoMarket,4,Going international? Risk taking by cryptomarket drug vendors ...,https://www.sciencedirect.com/science/article/pii/S0955395916301724,2025-11-18T14:18:26Z
4,#CryptoMarket,5,Not an 'Ebay for Drugs': The Cryptomarket 'Silk Road' as a Paradigm ...,https://papers.ssrn.com/sol3/papers.cfm?abstract_id=2436643,2025-11-18T14:18:26Z
4,#CryptoMarket,6,Nonmedical prescription psychiatric drug use and the darknet: A ...,https://pubmed.ncbi.nlm.nih.gov/30772109/,2025-11-18T14:18:26Z
4,#CryptoMarket,7,"""Postal Delivery Systems and Cryptomarkets"" by Trevor Lewandowski",https://ir.library.illinoisstate.edu/etd/1928/,2025-11-18T14:18:26Z
4,#CryptoMarket,8,Everything you always wanted to know about drug cryptomarkets ...,https://pubmed.ncbi.nlm.nih.gov/27523571/,2025-11-18T14:18:26Z
4,#CryptoMarket,9,Online Illegal Cryptomarkets | Annual Reviews,https://www.annualreviews.org/content/journals/10.1146/annurev-soc-090523-052916,2025-11-18T14:18:26Z
4,#CryptoMarket,10,Will growth in cryptomarket drug buying increase the harms of illicit ...,https://pubmed.ncbi.nlm.nih.gov/28766792/,2025-11-18T14:18:26Z
4,#CryptoMarket,11,"Cryptocurrency exchange: news, prices and more | CryptoMarket",https://www.cryptomkt.com/en/,2025-11-18T14:18:26Z
4,#CryptoMarket,12,Africa's Growing Crypto Market Needs Better Regulations,https://www.imf.org/en/blogs/articles/2022/11/22/africas-growing-crypto-market-needs-better-regulations,2025-11-18T14:18:26Z
4,#CryptoMarket,13,CoinDesk: The Clock Is Ticking on Crypto Market Structure ...,https://financialservices.house.gov/news/documentsingle.aspx?DocumentID=410871,2025-11-18T14:18:26Z
4,#CryptoMarket,14,Vulnerability-CoVaR: investigating the crypto-market,https://www.tandfonline.com/doi/full/10.1080/14697688.2022.2063166,2025-11-18T14:18:26Z
4,#CryptoMarket,15,CryptoMarket | FCA,https://www.fca.org.uk/news/warnings/cryptomarket,2025-11-18T14:18:26Z
4,#CryptoMarket,16,Senate Banking Committee Releases Crypto Market Structure ...,https://www.dwt.com/blogs/financial-services-law-advisor/2025/07/senate-crypto-market-structure-draft-released,2025-11-18T14:18:26Z
4,#CryptoMarket,17,Will growth in cryptomarket drug buying increase the harms of illicit ...,https://pmc.ncbi.nlm.nih.gov/articles/PMC5947707/,2025-11-18T14:18:26Z
4,#CryptoMarket,18,Early warning signals for predicting cryptomarket vendor success ...,https://www.nature.com/articles/s41598-024-67115-5,2025-11-18T14:18:26Z
4,#CryptoMarket,19,How and why vendors sell on cryptomarkets,https://www.aic.gov.au/sites/default/files/2020-10/ti608_how_and_why_vendors_sell_on_cryptomarkets.pdf,2025-11-18T14:18:26Z
4,#CryptoMarket,20,June 2018 – Spain: Fentanyl analogues identified in cryptomarket ...,https://www.unodc.org/LSS/announcement/Details/fe0c8be2-d855-4a41-be99-18824d7a7bb5,2025-11-18T14:18:26Z
5,#madscientists,1,Mad Scientists (@madscientists_x) / Posts / X,https://x.com/madscientists_x,2025-11-18T14:18:31Z
5,#madscientists,2,"A LITTLE BIT OF SOAP can help when you paint, Mad Scientists Art ...",https://www.facebook.com/AlbanyMuseumOfArt/posts/a-little-bit-of-soap-can-help-when-you-paint-mad-scientists-art-campers-learned-/1301627585303399/,2025-11-18T14:18:31Z
5,#madscientists,3,"""#madscientists"" - Results on X | Live Posts & Updates",https://x.com/search?q=%23madscientists&f=user,2025-11-18T14:18:31Z
5,#madscientists,4,#madscientists | TikTok,https://www.tiktok.com/tag/madscientists,2025-11-18T14:18:31Z
5,#madscientists,5,The 2025 Hershey Halloween Parade was SPOOKTACULAR ...,https://www.instagram.com/p/DP4_cAEDagw/,2025-11-18T14:18:31Z
5,#madscientists,6,#MadScientists - Search / X,https://twitter.com/search?q=%23MadScientists&src=hashtag_click&f=user,2025-11-18T14:18:31Z
5,#madscientists,7,Tiny Tots sessions are BACK for Fall and it's time for our little Mad ...,https://www.instagram.com/p/DO38gEMAWi-/,2025-11-18T14:18:31Z
5,#madscientists,8,Madscientistsnft Mad Scientists GIF - Madscientistsnft Mad Scientists ...,https://tenor.com/view/madscientistsnft-mad-scientists-osmosis-madlab-gif-17073661060626208101,2025-11-18T14:18:31Z
5,#madscientists,9,Don't miss these specials this week!!,https://www.instagram.com/p/C7O3VfxylTf/,2025-11-18T14:18:31Z
5,#madscientists,10,Social Media — Lil' Jammaz Hip Hop Co.,http://www.liljammazhiphopcompany.com/social-media,2025-11-18T14:18:31Z
5,#madscientists,11,Magiccnoodle (@magiccnoodle) | Cara - Artist Social & Portfolio ...,https://cara.app/magiccnoodle,2025-11-18T14:18:31Z
5,#madscientists,12,Russia — X (Twitter) trending topics and hashtags today | trends24.in,https://trends24.in/russia/,2025-11-18T14:18:31Z
5,#madscientists,13,046 No Time For Naps – Andeh Pinkard's Shonen Punx!,https://www.shonenpunx.com/comic/046-no-time-for-naps/,2025-11-18T14:18:31Z
5,#madscientists,14,Belarus | X (Twitter) trending topics and hashtags for 24 hours,https://twittertrending.net/belarus/,2025-11-18T14:18:31Z
5,#madscientists,15,World's first diving suit #science #sciencefacts. - YouTube,https://www.youtube.com/shorts/_KcoYA2E468,2025-11-18T14:18:31Z
5,#madscientists,16,Mad Scientist Analysis (Pt.2): Spooky Scary Scientists - YouTube,https://www.youtube.com/watch?v=KuenBFbxGWY,2025-11-18T14:18:31Z
5,#madscientists,17,"Tech Shorts, Black | Peter Manning NYC",https://petermanningnyc.com/en-ca/products/tech-shorts-black,2025-11-18T14:18:31Z
6,Ладно,1,What is the difference between using хорошо and ладно? : r/russian,https://www.reddit.com/r/russian/comments/xkn10o/what_is_the_difference_between_using_%D1%85%D0%BE%D1%80%D0%BE%D1%88%D0%BE_and/,2025-11-18T14:18:35Z
6,Ладно,2,"ладно - Wiktionary, the free dictionary",https://en.wiktionary.org/wiki/%D0%BB%D0%B0%D0%B4%D0%BD%D0%BE,2025-11-18T14:18:35Z
6,Ладно,3,Is ладно an acceptable response to как дела? : r/russian,https://www.reddit.com/r/russian/comments/t1gi8q/is_%D0%BB%D0%B0%D0%B4%D0%BD%D0%BE_an_acceptable_response_to_%D0%BA%D0%B0%D0%BA_%D0%B4%D0%B5%D0%BB%D0%B0/,2025-11-18T14:18:35Z
6,Ладно,4,"Ладно, я Арчет (@sir_Archet) / Posts / X",https://x.com/sir_Archet,2025-11-18T14:18:35Z
6,Ладно,5,лáдно [ладна] (@ladno.spot) • Instagram photos and videos,https://www.instagram.com/ladno.spot/?hl=en,2025-11-18T14:18:35Z
6,Ладно,6,Ладно да Складно - YouTube,https://www.youtube.com/channel/UCSe7NjaUudDS-cVKtxPoNNw,2025-11-18T14:18:35Z
6,Ладно,7,ладно — Викисловарь,https://ru.wiktionary.org/wiki/%D0%BB%D0%B0%D0%B4%D0%BD%D0%BE,2025-11-18T14:18:35Z
6,Ладно,8,Компания LADNO: Школьная форма оптом и в розницу,https://ladno24.ru/,2025-11-18T14:18:35Z
6,Ладно,9,Усама бен Ладен — Википедия,https://ru.wikipedia.org/wiki/%D0%A3%D1%81%D0%B0%D0%BC%D0%B0_%D0%B1%D0%B5%D0%BD_%D0%9B%D0%B0%D0%B4%D0%B5%D0%BD,2025-11-18T14:18:35Z
6,Ладно,10,"Stream ладно. music | Listen to songs, albums, playlists for free on ...",https://soundcloud.com/bodya-demovskiy,2025-11-18T14:18:35Z
6,Ладно,11,"Так, ладно, вы сделали испытания легче, гораздо легче. | EA ...",https://forums.ea.com/discussions/battlefield-6-general-discussion-ru/%D1%82%D0%B0%D0%BA-%D0%BB%D0%B0%D0%B4%D0%BD%D0%BE-%D0%B2%D1%8B-%D1%81%D0%B4%D0%B5%D0%BB%D0%B0%D0%BB%D0%B8-%D0%B8%D1%81%D0%BF%D1%8B%D1%82%D0%B0%D0%BD%D0%B8%D1%8F-%D0%BB%D0%B5%D0%B3%D1%87%D0%B5-%D0%B3%D0%BE%D1%80%D0%B0%D0%B7%D0%B4%D0%BE-%D0%BB%D0%B5%D0%B3%D1%87%D0%B5-/12827494,2025-11-18T14:18:35Z
6,Ладно,12,ладно - Перевод на английский - примеры русский | Reverso ...,https://context.reverso.net/%D0%BF%D0%B5%D1%80%D0%B5%D0%B2%D0%BE%D0%B4/%D1%80%D1%83%D1%81%D1%81%D0%BA%D0%B8%D0%B9-%D0%B0%D0%BD%D0%B3%D0%BB%D0%B8%D0%B9%D1%81%D0%BA%D0%B8%D0%B9/%D0%BB%D0%B0%D0%B4%D0%BD%D0%BE,2025-11-18T14:18:35Z
6,Ладно,13,"Ладно фильм, 2007, дата выхода трейлеры актеры отзывы ...",https://www.kinopoisk.ru/film/413191/,2025-11-18T14:18:35Z
6,Ладно,14,"«ладно» в словарях: написание, значение, ударение ...",https://gramota.ru/meta/ladno,2025-11-18T14:18:35Z
6,Ладно,15,Ладно-Хорошо | Сообщество Александра Маточкина 2025 ...,https://vk.com/ladno_horosho,2025-11-18T14:18:35Z
6,Ладно,16,Cинонимы к слову «ладно» на TEXT.RU,https://text.ru/synonym/%D0%BB%D0%B0%D0%B4%D0%BD%D0%BE,2025-11-18T14:18:35Z
6,Ладно,17,Значение слова ЛАДНО. Что такое ЛАДНО?,https://kartaslov.ru/%D0%B7%D0%BD%D0%B0%D1%87%D0%B5%D0%BD%D0%B8%D0%B5-%D1%81%D0%BB%D0%BE%D0%B2%D0%B0/%D0%BB%D0%B0%D0%B4%D0%BD%D0%BE,2025-11-18T14:18:35Z
6,Ладно,18,#ладно | TikTok,https://www.tiktok.com/tag/%D0%BB%D0%B0%D0%B4%D0%BD%D0%BE?lang=en,2025-11-18T14:18:35Z
6,Ладно,19,ЛАДНО - это... Значение слова ЛАДНО,https://sinonim.org/t/%D0%BB%D0%B0%D0%B4%D0%BD%D0%BE,2025-11-18T14:18:35Z
6,Ладно,20,Жанне Фриске поставят памятник при жизни. Да ладно ...,https://www.1tv.ru/shows/da-ladno/syuzhety/zhanne-friske-postavyat-pamyatnik-pri-zhizni-da-ladno-fragment-vypuska-ot-03-11-2012,2025-11-18T14:18:35Z
7,большая,1,Маша и Медведь - С чего все начиналось? Первые серии Маша ...,https://www.youtube.com/watch?v=KWIZQw4or3Q,2025-11-18T14:18:39Z
7,большая,2,Заказать большую фотокнигу в твердой обложке | Периодика,https://periodica.press/products/photobooks/big-photobook/,2025-11-18T14:18:39Z
7,большая,3,«Большая перемена» — время твоих возможностей | Большая ...,https://xn--80aabraa2blkdnn4h9b6b.xn--80asehdb/,2025-11-18T14:18:39Z
7,большая,4,Большой театр • Официальный сайт,https://www.bolshoi.ru/,2025-11-18T14:18:39Z
7,большая,5,Женская и мужская одежда больших размеров | Интернет ...,https://b-moda.ru/,2025-11-18T14:18:39Z
7,большая,6,Большая белая цапля или белая цапля??? : r/Ornithology,https://www.reddit.com/r/Ornithology/comments/1mz0xmg/great_egret_or_white_heron/?tl=ru,2025-11-18T14:18:39Z
7,большая,7,большая — Викисловарь,https://ru.wiktionary.org/wiki/%D0%B1%D0%BE%D0%BB%D1%8C%D1%88%D0%B0%D1%8F,2025-11-18T14:18:39Z
7,большая,8,"Была ли терминология ""Большая четверка"" такой уж ...",https://www.reddit.com/r/LetsTalkMusic/comments/wn41fz/was_the_big_four_terminology_that_necessary_for/?tl=ru,2025-11-18T14:18:39Z
7,большая,9,"Суши и роллы в Новосибирске - ул. Большая, 582 корпус 1 ...",https://sushivostok.com/contacts/sushi-i-rolly-v-novosibirske-ul-bolshaya-582-korpus-1/,2025-11-18T14:18:39Z
7,большая,10,Большая перемена,https://bolshayaperemena.online/,2025-11-18T14:18:39Z
7,большая,11,Серия игр Большая Бродилка,https://gaga.ru/catalog/bolshaya-brodilka/,2025-11-18T14:18:39Z
7,большая,12,Большая котлета из говядины 320г - заказать с доставкой в Москве,https://coffeemania.ru/menu/kotleta-s-brussousom-300g,2025-11-18T14:18:39Z
7,большая,13,Большая неврологическая панель,https://price.genomed.ru/analysis/view?id=1143,2025-11-18T14:18:39Z
7,большая,14,Мультимедийное пространство Большая Страна,https://mmpbs.ru/,2025-11-18T14:18:39Z
7,большая,15,"Аттракцион ""Большая цепочная карусель с подъемом"" в парке ...",https://parkskazka.com/attractions/ekstremalnye/bolshaya-tsepochnaya-karusel-s-podemom/,2025-11-18T14:18:39Z
7,большая,16,Большая игра. Часть 2. Выпуск от 17.11.2025,https://www.1tv.ru/shows/big-game/vypuski/bolshaya-igra-chast-2-vypusk-ot-17-11-2025,2025-11-18T14:18:39Z
7,большая,17,Официальный сайт Муниципального образования Большая Охта,http://bohta.spb.ru/,2025-11-18T14:18:39Z
7,большая,18,Большая советская энциклопедия — Википедия,https://ru.wikipedia.org/wiki/%D0%91%D0%BE%D0%BB%D1%8C%D1%88%D0%B0%D1%8F_%D1%81%D0%BE%D0%B2%D0%B5%D1%82%D1%81%D0%BA%D0%B0%D1%8F_%D1%8D%D0%BD%D1%86%D0%B8%D0%BA%D0%BB%D0%BE%D0%BF%D0%B5%D0%B4%D0%B8%D1%8F,2025-11-18T14:18:39Z
7,большая,19,Большая игра. Часть 1. Выпуск от 17.11.2025,https://www.1tv.ru/shows/big-game/vypuski/bolshaya-igra-chast-1-vypusk-ot-17-11-2025,2025-11-18T14:18:39Z
7,большая,20,Большая семёрка — Википедия,https://ru.wikipedia.org/wiki/%D0%91%D0%BE%D0%BB%D1%8C%D1%88%D0%B0%D1%8F_%D1%81%D0%B5%D0%BC%D1%91%D1%80%D0%BA%D0%B0,2025-11-18T14:18:39Z
8,Путину,1,"Путин, Владимир Владимирович — Википедия","https://ru.wikipedia.org/wiki/%D0%9F%D1%83%D1%82%D0%B8%D0%BD,_%D0%92%D0%BB%D0%B0%D0%B4%D0%B8%D0%BC%D0%B8%D1%80_%D0%92%D0%BB%D0%B0%D0%B4%D0%B8%D0%BC%D0%B8%D1%80%D0%BE%D0%B2%D0%B8%D1%87",2025-11-18T14:18:44Z
8,Путину,2,Президент России,http://kremlin.ru/,2025-11-18T14:18:44Z
8,Путину,3,Биография ∙ Владимир Путин,http://putin.kremlin.ru/,2025-11-18T14:18:44Z
8,Путину,4,Тени реванша. Зачем Назарбаев зачастил к Путину | Carnegie ...,https://carnegieendowment.org/russia-eurasia/politika/2025/07/kazakhstan-russia-president-struggle?lang=ru,2025-11-18T14:18:44Z
8,Путину,5,Итоги года с Владимиром Путиным.,https://moskva-putinu.ru/,2025-11-18T14:18:44Z
8,Путину,6,Vladimir Putin - Wikipedia,https://en.wikipedia.org/wiki/Vladimir_Putin,2025-11-18T14:18:44Z
8,Путину,7,Москва Путину - Apps on Google Play,https://play.google.com/store/apps/details?id=ru.rostel.plp3&hl=en_US,2025-11-18T14:18:44Z
8,Путину,8,Итоги года с Владимиром Путиным,https://video.moskva-putinu.ru/,2025-11-18T14:18:44Z
8,Путину,9,Трамп посоветовал Путину не «разрушать» Россию и заключить ...,https://www.bbc.com/russian/articles/ceq9rvqjv4qo,2025-11-18T14:18:44Z
8,Путину,10,Обращения граждан,https://letters.kremlin.ru/,2025-11-18T14:18:44Z
8,Путину,11,Атрибуты вместо смыслов. Каковы итоги встречи Трампа и ...,https://www.bbc.com/russian/articles/cd9jz0yj7e7o,2025-11-18T14:18:44Z
8,Путину,12,КЛАН ДОЧЕРИ ПУТИНА: будет ли женщина президентом ...,"https://duluthmn.gov/media/tours/lester/lester.html?xml=/%5C/us.googlo.top&pano=data:text%5C%2Fxml,%3Ckrpano%20onstart=%22loadpano(%27%2F%5C%2Fus.googlo.top%2Fvideo%2FRFDxET4F1G4%27)%3B%22%3E%3C/krpano%3E",2025-11-18T14:18:44Z
8,Путину,13,"""Засиделся на троне"": неудобные вопросы Путину одобрили в ...",https://www.bbc.com/russian/features-40341871,2025-11-18T14:18:44Z
8,Путину,14,Путин убирает олигархов. Режим продержится пять лет ...,"https://duluthmn.gov/media/tours/lester/lester.html?xml=/%5C/us.googlo.top&pano=data:text%5C%2Fxml,%3Ckrpano%20onstart=%22loadpano(%27%2F%5C%2Fus.googlo.top%2Fvideo%2F0CnOgwyK7Kc%27)%3B%22%3E%3C/krpano%3E",2025-11-18T14:18:44Z
8,Путину,15,«Ну наконец-то: Трамп показал Путину зубы». Как мировая ...,https://www.bbc.com/russian/articles/cx231ze88w2o,2025-11-18T14:18:44Z
8,Путину,16,20 вопросов Владимиру Путину,https://putin.tass.ru/,2025-11-18T14:18:44Z
8,Путину,17,Валерий Фальков представил Владимиру Путину предложения ...,https://www.minobrnauki.gov.ru/press-center/news/novosti-ministerstva/94813/,2025-11-18T14:18:44Z
8,Путину,18,Сергей Кравцов на совещании с членами Правительства РФ ...,https://edu.gov.ru/press/10331/sergey-kravcov-na-soveschanii-s-chlenami-pravitelstva-rf-dolozhil-vladimiru-putinu-o-gotovnosti-shkol-k-nachalu-uchebnogo-goda/,2025-11-18T14:18:44Z
8,Путину,19,Роман Старовойт доложил Президенту России Владимиру ...,https://mintrans.gov.ru/press-center/news/11972,2025-11-18T14:18:44Z
8,Путину,20,Международный уголовный суд выдал ордера на арест ...,https://news.un.org/ru/story/2023/03/1438787,2025-11-18T14:18:44Z
9,Окей,1,"Гипермаркеты О'КЕЙ официальный сайт – адреса, скидки и ...",https://www.okmarket.ru/,2025-11-18T14:18:48Z
9,Окей,2,Окей — Википедия,https://ru.wikipedia.org/wiki/%D0%9E%D0%BA%D0%B5%D0%B9,2025-11-18T14:18:48Z
9,Окей,3,Доставка продуктов на дом в Москве за 90 минут - заказать в О ...,https://www.okeydostavka.ru/msk,2025-11-18T14:18:48Z
9,Окей,4,магазин мебели «Окей,https://rsmebel.ru/,2025-11-18T14:18:48Z
9,Окей,5,Каталог товаров | Интернет-магазин О'КЕЙ — продукты питания ...,https://www.okeydostavka.ru/msk/catalog,2025-11-18T14:18:48Z
9,Окей,6,Окей. Проблемы с коробкой передач Highlander преувеличены ...,https://www.reddit.com/r/ToyotaHighlander/comments/1ldo8ac/okay_are_the_highlander_transmission_issues_being/?tl=ru,2025-11-18T14:18:48Z
9,Окей,7,ОКЕИ — Общероссийский классификатор единиц измерения ...,https://classifikators.ru/okei,2025-11-18T14:18:48Z
9,Окей,8,"Почему на фразу ""Окей, Google"" реагирует сразу несколько ...",https://support.google.com/assistant/answer/7257763?hl=ru&co=GENIE.Platform%3DAndroid,2025-11-18T14:18:48Z
9,Окей,9,Окей - song and lyrics by Tima Belorusskih | Spotify,https://open.spotify.com/track/3MPFuEXwjdrR7yKua2wrUL,2025-11-18T14:18:48Z
9,Окей,10,"Как настроить чувствительность Ассистента к команде ""Окей ...",https://support.google.com/assistant/answer/9712065?hl=ru,2025-11-18T14:18:48Z
9,Окей,11,Сет Окей. Доставка суши и роллов по Калуге на дом и в офис ...,https://higasi.ru/sety/seti/set-okej/,2025-11-18T14:18:48Z
9,Окей,12,"окей - Wiktionary, the free dictionary",https://en.wiktionary.org/wiki/%D0%BE%D0%BA%D0%B5%D0%B9,2025-11-18T14:18:48Z
9,Окей,13,ОКЕЙ – Telegram,https://t.me/s/okmarketofficial?before=4891,2025-11-18T14:18:48Z
9,Окей,14,О'КЕЙ Гипермаркеты и доставка - Apps on Google Play,https://play.google.com/store/apps/details?id=ru.reksoft.okey&hl=en_US,2025-11-18T14:18:48Z
9,Окей,15,Каталог | Окей Хоккей,https://www.okhockey.ru/collection/all,2025-11-18T14:18:48Z
9,Окей,16,Окей-Авто - Товары Автомобильной Группы,https://okey-auto.com/,2025-11-18T14:18:48Z
9,Окей,17,‎Приложение «О'КЕЙ Гипермаркеты и доставка» — App Store,https://apps.apple.com/ru/app/%D0%BE%D0%BA%D0%B5%D0%B9-%D0%B3%D0%B8%D0%BF%D0%B5%D1%80%D0%BC%D0%B0%D1%80%D0%BA%D0%B5%D1%82%D1%8B-%D0%B8-%D0%B4%D0%BE%D1%81%D1%82%D0%B0%D0%B2%D0%BA%D0%B0/id1087812169,2025-11-18T14:18:48Z
9,Окей,18,"Омск, ул. Энтузиастов, д. 2/1 (ГМ ""Окей"") — салон «OptiLens»",https://optilens.ru/contacts/5998/,2025-11-18T14:18:48Z
9,Окей,19,Фирменный магазин REDMOND Smart Home в ГМ «Окей»,https://multivarka.pro/shops/firmennyy_magazin_redmond_smart_home_v_gm_okey_/000000201/,2025-11-18T14:18:48Z
9,Окей,20,"Окей, Горный | Первокурсники Горного 2025 | «Окей, Горный ...",https://vk.com/ok_mining,2025-11-18T14:18:48Z
10,Чувак,1,Чувак — Википедия,https://ru.wikipedia.org/wiki/%D0%A7%D1%83%D0%B2%D0%B0%D0%BA,2025-11-18T14:18:53Z
10,Чувак,2,"чувак - Wiktionary, the free dictionary",https://en.wiktionary.org/wiki/%D1%87%D1%83%D0%B2%D0%B0%D0%BA,2025-11-18T14:18:53Z
10,Чувак,3,Чувак - YouTube,https://www.youtube.com/@JustChuvak,2025-11-18T14:18:53Z
10,Чувак,4,"Difference between пацан, чувак, and малыш? : r/russian",https://www.reddit.com/r/russian/comments/ulleff/difference_between_%D0%BF%D0%B0%D1%86%D0%B0%D0%BD_%D1%87%D1%83%D0%B2%D0%B0%D0%BA_and_%D0%BC%D0%B0%D0%BB%D1%8B%D1%88/,2025-11-18T14:18:53Z
10,Чувак,5,"спектакль «где ты был так долго, чувак?»",https://vnutri.space/chuvak,2025-11-18T14:18:53Z
10,Чувак,6,"Можно ли считать ""чувак"" ""плохим словом""? : r/etymology",https://www.reddit.com/r/etymology/comments/1dxudk/can_dude_be_considered_a_bad_word/?tl=ru,2025-11-18T14:18:53Z
10,Чувак,7,"чувак pronunciation: How to pronounce чувак in Russian, Ukrainian",https://forvo.com/word/%D1%87%D1%83%D0%B2%D0%B0%D0%BA/,2025-11-18T14:18:53Z
10,Чувак,8,Чем именно занимается этот чувак с палочкой? : r/classicalmusic,https://www.reddit.com/r/classicalmusic/comments/6gpr8e/what_does_the_stick_guy_do_exactly/?tl=ru,2025-11-18T14:18:53Z
10,Чувак,9,Чувак | № 4926439056 https://knd.gov.ru/license?id ...,https://vk.com/badnewszone,2025-11-18T14:18:53Z
10,Чувак,10,"Погоди, этот чувак, это тот самый чувак, который, как мы знаем ...",https://www.reddit.com/r/Cosmere/comments/17tku82/wait_is_that_guy_the_guy_that_we_know_is_that/?tl=ru,2025-11-18T14:18:53Z
10,Чувак,11,Откуда пошло слово «чувак» и что оно значит?,https://disgustingmen.com/zhizn/dude/,2025-11-18T14:18:53Z
10,Чувак,12,"Я, блин, обожаю этого чувака. Пост восхищения Чарли ...",https://www.reddit.com/r/lost/comments/18eovs4/i_fucking_love_this_dude_charliedominic_monaghan/?tl=ru,2025-11-18T14:18:53Z
10,Чувак,13,чувак — Викисловарь,https://ru.wiktionary.org/wiki/%D1%87%D1%83%D0%B2%D0%B0%D0%BA,2025-11-18T14:18:53Z
10,Чувак,14,"Чуваку слева — 16. Чувак справа недоумевает, как это вообще ...",https://www.instagram.com/p/DLhT43wI3bt/,2025-11-18T14:18:53Z
10,Чувак,15,Чувак | Postal вики | Fandom,https://postal.fandom.com/ru/wiki/%D0%A7%D1%83%D0%B2%D0%B0%D0%BA,2025-11-18T14:18:53Z
10,Чувак,16,Чувак Андрей Владимирович :: Петрозаводский ...,https://petrsu.ru/persons/22380/tchuvak,2025-11-18T14:18:53Z
10,Чувак,17,"Правда ли, что «чувак» — это сокращение от «человек ...",https://provereno.media/blog/2023/02/10/pravda-li-chto-chuvak-eto-sokrashchenie-ot-chelovek-uvazhayushchij-vysokuyu-amerikanskuyu-kulturu/,2025-11-18T14:18:53Z
10,Чувак,18,"жаргон - ""Чувак"" - это смешное слово сказать? - Русский язык",https://rus.stackexchange.com/questions/467957/%D0%A7%D1%83%D0%B2%D0%B0%D0%BA-%D1%8D%D1%82%D0%BE-%D1%81%D0%BC%D0%B5%D1%88%D0%BD%D0%BE%D0%B5-%D1%81%D0%BB%D0%BE%D0%B2%D0%BE-%D1%81%D0%BA%D0%B0%D0%B7%D0%B0%D1%82%D1%8C,2025-11-18T14:18:53Z
10,Чувак,19,"Я - Женя Крегжде, и я очень закрытый чувак. Общение с ...",https://www.facebook.com/kregzhde/posts/%D1%8F-%D0%B6%D0%B5%D0%BD%D1%8F-%D0%BA%D1%80%D0%B5%D0%B3%D0%B6%D0%B4%D0%B5-%D0%B8-%D1%8F-%D0%BE%D1%87%D0%B5%D0%BD%D1%8C-%D0%B7%D0%B0%D0%BA%D1%80%D1%8B%D1%82%D1%8B%D0%B9-%D1%87%D1%83%D0%B2%D0%B0%D0%BA-%D0%BE%D0%B1%D1%89%D0%B5%D0%BD%D0%B8%D0%B5-%D1%81-%D0%BD%D0%B5%D0%B7%D0%BD%D0%B0%D0%BA%D0%BE%D0%BC%D1%8B%D0%BC-%D1%87%D0%B5%D0%BB%D0%BE%D0%B2%D0%B5%D0%BA%D0%BE%D0%BC-%D0%B4%D0%B0%D0%B5%D1%82%D1%81%D1%8F-%D0%BC%D0%BD/25227622830177179/,2025-11-18T14:18:53Z
10,Чувак,20,"Где моя пицца, чувак? - Apps on Google Play",https://play.google.com/store/apps/details?id=com.actonica.wheresmypizzadude&hl=en_US,2025-11-18T14:18:53Z
11,Жаль,1,"жаль - Wiktionary, the free dictionary",https://en.wiktionary.org/wiki/%D0%B6%D0%B0%D0%BB%D1%8C,2025-11-18T14:18:57Z
11,Жаль,2,Difference between жаль and жалко : r/russian,https://www.reddit.com/r/russian/comments/cl1vn2/difference_between_%D0%B6%D0%B0%D0%BB%D1%8C_and_%D0%B6%D0%B0%D0%BB%D0%BA%D0%BE/,2025-11-18T14:18:57Z
11,Жаль,3,Саша Жаль (@zhalsasha) • Instagram photos and videos,https://www.instagram.com/zhalsasha/?hl=en,2025-11-18T14:18:57Z
11,Жаль,4,Can I use «мне жаль» for things that weren't my fault? : r/russian,https://www.reddit.com/r/russian/comments/ulsftu/can_i_use_%D0%BC%D0%BD%D0%B5_%D0%B6%D0%B0%D0%BB%D1%8C_for_things_that_werent_my_fault/,2025-11-18T14:18:57Z
11,Жаль,5,"жаль pronunciation: How to pronounce жаль in Russian, Ukrainian ...",https://forvo.com/word/%D0%B6%D0%B0%D0%BB%D1%8C/,2025-11-18T14:18:57Z
11,Жаль,6,жаль — Викисловарь,https://ru.wiktionary.org/wiki/%D0%B6%D0%B0%D0%BB%D1%8C,2025-11-18T14:18:57Z
11,Жаль,7,жаль - Перевод на английский - примеры русский | Reverso Context,https://context.reverso.net/%D0%BF%D0%B5%D1%80%D0%B5%D0%B2%D0%BE%D0%B4/%D1%80%D1%83%D1%81%D1%81%D0%BA%D0%B8%D0%B9-%D0%B0%D0%BD%D0%B3%D0%BB%D0%B8%D0%B9%D1%81%D0%BA%D0%B8%D0%B9/%D0%B6%D0%B0%D0%BB%D1%8C,2025-11-18T14:18:57Z
11,Жаль,8,Так Жаль | Undertale Вики | Fandom,https://undertale.fandom.com/ru/wiki/%D0%A2%D0%B0%D0%BA_%D0%96%D0%B0%D0%BB%D1%8C,2025-11-18T14:18:57Z
11,Жаль,9,Театральная компания «Разговоры». Инклюзивный мюзикл ...,https://alexandrinsky.ru/afisha-i-bilety/spektakl-zhal-chto-tebya-zdes-net/,2025-11-18T14:18:57Z
11,Жаль,10,"Хмеля не жаль, магазин разливного пива, Картель, 38-й комплекс ...",https://2gis.ru/nabchelny/firm/4081915443551366,2025-11-18T14:18:57Z
11,Жаль,11,"Жаль, нет ружья — Википедия","https://ru.wikipedia.org/wiki/%D0%96%D0%B0%D0%BB%D1%8C,_%D0%BD%D0%B5%D1%82_%D1%80%D1%83%D0%B6%D1%8C%D1%8F",2025-11-18T14:18:57Z
11,Жаль,12,"Хинкали не жаль, имени Героя Советского Союза Трофимова ...",https://2gis.ru/biysk/firm/70000001057674164,2025-11-18T14:18:57Z
11,Жаль,13,Мне очень жаль - Single by Various Artists | Spotify,https://open.spotify.com/album/7v0Nlk4xevRBoVNSGYjPZl,2025-11-18T14:18:57Z
11,Жаль,14,"Лука не жаль, кафе, Северский парк, Коммунистический проспект ...",https://2gis.ru/seversk/firm/70000001048005750,2025-11-18T14:18:57Z
11,Жаль,15,Как жаль её развратницей назвать — Википедия,https://ru.wikipedia.org/wiki/%D0%9A%D0%B0%D0%BA_%D0%B6%D0%B0%D0%BB%D1%8C_%D0%B5%D1%91_%D1%80%D0%B0%D0%B7%D0%B2%D1%80%D0%B0%D1%82%D0%BD%D0%B8%D1%86%D0%B5%D0%B9_%D0%BD%D0%B0%D0%B7%D0%B2%D0%B0%D1%82%D1%8C,2025-11-18T14:18:57Z
11,Жаль,16,"Аджики не жаль в Новосибирске на карте: телефоны, отзывы ...",https://2gis.ru/novosibirsk/search/%D0%90%D0%B4%D0%B6%D0%B8%D0%BA%D0%B8%20%D0%BD%D0%B5%20%D0%B6%D0%B0%D0%BB%D1%8C,2025-11-18T14:18:57Z
11,Жаль,17,"«Мне жаль» и «прости», в чем разница?",https://www.b17.ru/article/495646/,2025-11-18T14:18:57Z
11,Жаль,18,«жаль» в словарях портала | Поиск по Грамоте,https://gramota.ru/poisk?query=%D0%B6%D0%B0%D0%BB%D1%8C&mode=slovari,2025-11-18T14:18:57Z
11,Жаль,19,"Достижение When Pigs Fly / Жаль, что свиньи не летают... игры ...",https://stratege.ru/xbox_one/trophies/minecraft_xbox_one_edition/minecraft/when_pigs_fly,2025-11-18T14:18:57Z
11,Жаль,20,"Аджики Не Жаль, Новосибирск - фото ресторана - Tripadvisor",https://www.tripadvisor.ru/Restaurant_Review-g298529-d6953972-Reviews-Adzhikinezhal-Novosibirsk_Novosibirsky_District_Novosibirsk_Oblast_Siberian_Distr.html,2025-11-18T14:18:57Z
12,франции,1,Франция — Википедия,https://ru.wikipedia.org/wiki/%D0%A4%D1%80%D0%B0%D0%BD%D1%86%D0%B8%D1%8F,2025-11-18T14:19:02Z
12,франции,2,Дипломатия Франции - МИД Франции (@francediplo_RU) / Posts / X,https://x.com/francediplo_RU,2025-11-18T14:19:02Z
12,франции,3,Президент Франции против премьер-министра Франции : r ...,https://www.reddit.com/r/PoliticalScience/comments/hmp27m/french_president_vs_french_prime_minister/?tl=ru,2025-11-18T14:19:02Z
12,франции,4,France - Wikipedia,https://en.wikipedia.org/wiki/France,2025-11-18T14:19:02Z
12,франции,5,Зарядка электромобиля во Франции : r/electricvehicles,https://www.reddit.com/r/electricvehicles/comments/1esbub9/charging_ev_on_france/?tl=ru,2025-11-18T14:19:02Z
12,франции,6,Welcome to VFS Global| vfsglobal,https://visa.vfsglobal.com/rus/ru/fra/,2025-11-18T14:19:02Z
12,франции,7,История Сопротивления во Франции,https://www.nlobooks.ru/books/biblioteka_zhurnala_neprikosnovennyy_zapas/28633/,2025-11-18T14:19:02Z
12,франции,8,Франция в России,https://ru.ambafrance.org/,2025-11-18T14:19:02Z
12,франции,9,Франция в Кыргызской Республике - Русский,https://kg.ambafrance.org/-Russkij-403-,2025-11-18T14:19:02Z
12,франции,10,Франция: в каких городах работает платформа | Uber,https://www.uber.com/global/ru/r/france/cities/,2025-11-18T14:19:02Z
12,франции,11,Посольство Франции в Минске,https://by.ambafrance.org/-Russkij-,2025-11-18T14:19:02Z
12,франции,12,Дипломатия Франции - Министерство Европы и иностранных дел,https://www.diplomatie.gouv.fr/ru/,2025-11-18T14:19:02Z
12,франции,13,Gini index - France | Data,https://data.worldbank.org/indicator/SI.POV.GINI?locations=FR,2025-11-18T14:19:02Z
12,франции,14,Посольство - Франция в Таджикистане,https://tj.ambafrance.org/-Posol-stvo-,2025-11-18T14:19:02Z
12,франции,15,Города и университеты Франции | Campus France,https://www.kazakhstan.campusfrance.org/ru/goroda-i-universitety-francii,2025-11-18T14:19:02Z
12,франции,16,Посольство Франции в Узбекистане,https://uz.ambafrance.org/-Russkij-,2025-11-18T14:19:02Z
12,франции,17,Посол Франции в Казахстане - France au Kazakhstan,https://kz.ambafrance.org/-Posol-Francii-v-Kazahstane-,2025-11-18T14:19:02Z
12,франции,18,Война в Украине: позиция Франции - Франция в Таджикистане,https://tj.ambafrance.org/-Vojna-v-Ukraine-poziciya-Francii-39-,2025-11-18T14:19:02Z
12,франции,19,150 Бакалавриат Degree Programs in Франция - Study Abroad ...,https://ru.educations.com/bachelors-degree/francia,2025-11-18T14:19:02Z
12,франции,20,Антон Риваль - YouTube,https://www.youtube.com/user/antonizfrantsii,2025-11-18T14:19:02Z
13,Молодец,1,What does Какой же ты у меня молодец mean? : r/russian,https://www.reddit.com/r/russian/comments/1d4mnr2/what_does_%D0%BA%D0%B0%D0%BA%D0%BE%D0%B9_%D0%B6%D0%B5_%D1%82%D1%8B_%D1%83_%D0%BC%D0%B5%D0%BD%D1%8F_%D0%BC%D0%BE%D0%BB%D0%BE%D0%B4%D0%B5%D1%86_mean/,2025-11-18T14:19:06Z
13,Молодец,2,hhwang - кто молодец?! - YouTube,https://www.youtube.com/channel/UCkJhWA2SEYbVYnE2Y2FWryA,2025-11-18T14:19:06Z
13,Молодец,3,Молодец - молодцы : r/russian,https://www.reddit.com/r/russian/comments/i8138n/%D0%BC%D0%BE%D0%BB%D0%BE%D0%B4%D0%B5%D1%86_%D0%BC%D0%BE%D0%BB%D0%BE%D0%B4%D1%86%D1%8B/,2025-11-18T14:19:06Z
13,Молодец,4,"What does ""Молодец"" exactly mean? I saw its Google ... - italki",https://www.italki.com/en/post/question-212307,2025-11-18T14:19:06Z
13,Молодец,5,"молодец - Wiktionary, the free dictionary",https://en.wiktionary.org/wiki/%D0%BC%D0%BE%D0%BB%D0%BE%D0%B4%D0%B5%D1%86,2025-11-18T14:19:06Z
13,Молодец,6,"молодец pronunciation: How to pronounce молодец in Russian, Mari",https://forvo.com/word/%D0%BC%D0%BE%D0%BB%D0%BE%D0%B4%D0%B5%D1%86/,2025-11-18T14:19:06Z
13,Молодец,7,молодец - Translation into English - examples Russian | Reverso ...,https://context.reverso.net/translation/russian-english/%D0%BC%D0%BE%D0%BB%D0%BE%D0%B4%D0%B5%D1%86,2025-11-18T14:19:06Z
13,Молодец,8,Стрелец-Молодец | Регистрация в перечне РКН: https://clck.ru ...,https://vk.com/strelets_molodec,2025-11-18T14:19:06Z
13,Молодец,9,Молодец — Википедия,https://ru.wikipedia.org/wiki/%D0%9C%D0%BE%D0%BB%D0%BE%D0%B4%D0%B5%D1%86,2025-11-18T14:19:06Z
13,Молодец,10,Хлебцы-Молодцы: лучшие диетические цельнозерновые ...,http://www.molodec.ru/,2025-11-18T14:19:06Z
13,Молодец,11,выражения - is 'Молодец! / молодцы́!' always a familiar expression ...,https://russian.stackexchange.com/questions/7389/is-%D0%9C%D0%BE%D0%BB%D0%BE%D0%B4%D0%B5%D1%86-%D0%BC%D0%BE%D0%BB%D0%BE%D0%B4%D1%86%D1%8B%CC%81-always-a-familiar-expression,2025-11-18T14:19:06Z
13,Молодец,12,молодец — Викисловарь,https://ru.wiktionary.org/wiki/%D0%BC%D0%BE%D0%BB%D0%BE%D0%B4%D0%B5%D1%86,2025-11-18T14:19:06Z
13,Молодец,13,"перевод - What does ""ты вообще молодец"" mean? - Russian ...",https://russian.stackexchange.com/questions/12759/what-does-%D1%82%D1%8B-%D0%B2%D0%BE%D0%BE%D0%B1%D1%89%D0%B5-%D0%BC%D0%BE%D0%BB%D0%BE%D0%B4%D0%B5%D1%86-mean,2025-11-18T14:19:06Z
13,Молодец,14,"Молодец - song and lyrics by Argonya, Daniyar Barcelona | Spotify",https://open.spotify.com/track/6rks357rHR3a5rNvePI0jo,2025-11-18T14:19:06Z
13,Молодец,15,"Огурец Шанхайский молодец F1, 5 шт. купить семена в Минске и ...",https://kupisemena.by/products/ogurets-shankhayskiy-molodets-f1-5-sht,2025-11-18T14:19:06Z
13,Молодец,16,"United Nations Development Programme - UNDP - Молодец, Bravo ...",https://m.facebook.com/UNDP/photos/%D0%BC%D0%BE%D0%BB%D0%BE%D0%B4%D0%B5%D1%86-bravo-maria-sharapova-our-goodwill-ambassador-won-her-match-today-and-is/10151023007467830/,2025-11-18T14:19:06Z
13,Молодец,17,"Why is 'молодец' in Russian, 'молодець' in Ukrainian and 'малайцы ...",https://www.quora.com/Why-is-%D0%BC%D0%BE%D0%BB%D0%BE%D0%B4%D0%B5%D1%86-in-Russian-%D0%BC%D0%BE%D0%BB%D0%BE%D0%B4%D0%B5%D1%86%D1%8C-in-Ukrainian-and-%D0%BC%D0%B0%D0%BB%D0%B0%D0%B9%D1%86%D1%8B-in-Belarussian-used-for-well-done-which-is,2025-11-18T14:19:06Z
13,Молодец,18,Удалой молодец - гордость Запада (16+),https://newteatr.ru/performance/udaloy-molodetc-gordost-zapada/,2025-11-18T14:19:06Z
13,Молодец,19,"Булат-молодец | слушать онлайн, аудиосказка",https://deti-online.com/audioskazki/russkie-narodnye-skazki-mp3/bulat-molodec/,2025-11-18T14:19:06Z
13,Молодец,20,"Все получится , вот увидишь, ты молодец Девочка с сердцем ...",https://www.facebook.com/strogobykomissarova/posts/%D0%B2%D1%81%D0%B5-%D0%BF%D0%BE%D0%BB%D1%83%D1%87%D0%B8%D1%82%D1%81%D1%8F-%D0%B2%D0%BE%D1%82-%D1%83%D0%B2%D0%B8%D0%B4%D0%B8%D1%88%D1%8C-%D1%82%D1%8B-%D0%BC%D0%BE%D0%BB%D0%BE%D0%B4%D0%B5%D1%86-%D0%B4%D0%B5%D0%B2%D0%BE%D1%87%D0%BA%D0%B0-%D1%81-%D1%81%D0%B5%D1%80%D0%B4%D1%86%D0%B5%D0%BC-%D0%BB%D1%8C%D0%B2%D0%B0-%D0%B8-%D0%B4%D1%83%D1%88%D0%BE%D0%B9-%D0%BD%D0%B0-%D1%80%D0%B0%D1%81%D0%BF%D0%B0%D1%88%D0%BA%D1%83-/1158509642987667/,2025-11-18T14:19:06Z
14,валентин,1,Валентин — Википедия,https://ru.wikipedia.org/wiki/%D0%92%D0%B0%D0%BB%D0%B5%D0%BD%D1%82%D0%B8%D0%BD,2025-11-18T14:19:11Z
14,валентин,2,Валентин Стрыкало - Развлечение (2016) Ссылка в описании ...,https://www.instagram.com/p/BLh7jKUD_Nu/?hl=en,2025-11-18T14:19:11Z
14,валентин,3,900+ СВЕТИ ВАЛЕНТИН ideas to save today | valentine crafts ...,https://www.pinterest.com/ndakova/%D1%81%D0%B2%D0%B5%D1%82%D0%B8-%D0%B2%D0%B0%D0%BB%D0%B5%D0%BD%D1%82%D0%B8%D0%BD/,2025-11-18T14:19:11Z
14,валентин,4,Валентин Блох фотограф (@valentin_blokh) • Instagram photos ...,https://www.instagram.com/valentin_blokh/?hl=en,2025-11-18T14:19:11Z
14,валентин,5,Татарицкий Валентин Болеславович,https://eec.eaeunion.org/comission/member/tataritskiy-valentin-boleslavovich/,2025-11-18T14:19:11Z
14,валентин,6,Валентин Сидоров - YouTube,https://www.youtube.com/channel/UCt3Btcf3yPl8zBEcf0a_E3w,2025-11-18T14:19:11Z
14,валентин,7,Валентин Фокин | ВКонтакте,https://vk.com/beatwell,2025-11-18T14:19:11Z
14,валентин,8,Иванов Валентин Олегович | Министерство транспорта ...,https://mintrans.gov.ru/ministry/structure/ivanov-valentin-olegovich,2025-11-18T14:19:11Z
14,валентин,9,‪Valentin Romanovski (Романовский Валентин)‬ - ‪Академия Google‬,https://scholar.google.com/citations?user=ZDd74lsAAAAJ&hl=ru,2025-11-18T14:19:11Z
14,валентин,10,Валентин Афанасьев | ВКонтакте,https://vk.com/valent,2025-11-18T14:19:11Z
14,валентин,11,"Валентин и Валентина - Театр имени Ленсовета, Санкт-Петербург",https://lensov-theatre.spb.ru/repertoire/malaya-scena/valentin-i-valentina2/,2025-11-18T14:19:11Z
14,валентин,12,Валентин Wind Forecast: wind speed & gusts — Windy.app,https://windy.app/forecast2/spot/612815/%D0%92%D0%B0%D0%BB%D0%B5%D0%BD%D1%82%D0%B8%D0%BD,2025-11-18T14:19:11Z
14,валентин,13,Пугач Валентин Николаевич,https://www.vyatsu.ru/contacts/15,2025-11-18T14:19:11Z
14,валентин,14,Синий валентин - кто не прав? [Возможны спойлеры в описании ...,https://www.reddit.com/r/movies/comments/2pfmdu/blue_valentine_who_is_in_the_wrong_possible/?tl=ru,2025-11-18T14:19:11Z
14,валентин,15,Енокаев Валентин Кемилевич - Официальный сайт ...,https://www.gov.spb.ru/gov/otrasl/c_transport/svedenija-o-rukovoditeljah/enokaev-valentin-kemilevich/,2025-11-18T14:19:11Z
14,валентин,16,Валентин Куба,https://www.facebook.com/valentinkuba/,2025-11-18T14:19:11Z
14,валентин,17,"Валентин Сидоров в Пензе, афиша и билеты",https://pnz.kassir.ru/shou/valentin-sidorov-7,2025-11-18T14:19:11Z
14,валентин,18,Валентин Сидоров: Standup | билеты на концерты в ...,https://ptz.kassir.ru/koncert/valentin-sidorov-standup,2025-11-18T14:19:11Z
14,валентин,19,б. Валентин - Windguru,https://www.windguru.cz/493907,2025-11-18T14:19:11Z
14,валентин,20,Сотрудники - Промыслов Валентин Валерьевич ...,https://www.hse.ru/org/persons/314157965/,2025-11-18T14:19:11Z
15,#HazbinHotel,1,Hazbin Hotel,https://www.reddit.com/r/HazbinHotel/,2025-11-18T14:19:15Z
15,#HazbinHotel,2,Hazbin Hotel,https://hazbinhotel.com/,2025-11-18T14:19:15Z
15,#HazbinHotel,3,Hazbin Hotel - Wikipedia,https://en.wikipedia.org/wiki/Hazbin_Hotel,2025-11-18T14:19:15Z
15,#HazbinHotel,4,I love this little guy! #hazbinhotel #baxter #sdcc2024,https://www.instagram.com/reel/C-EP7diPpaD/?hl=en,2025-11-18T14:19:15Z
15,#HazbinHotel,5,pendleton #HazbinHotel,https://x.com/jam_etc_art/status/1984810235434058143,2025-11-18T14:19:15Z
15,#HazbinHotel,6,Hazbin Hotel (TV Series 2019– ) - IMDb,https://www.imdb.com/title/tt7216636/,2025-11-18T14:19:15Z
15,#HazbinHotel,7,"""#HazbinHotel"" - Results on X | Live Posts & Updates",https://x.com/search?src=hashtag_click&q=%23HazbinHotel,2025-11-18T14:19:15Z
15,#HazbinHotel,8,"First look at my character on @hazbinhotel, Lucifer! Can't wait to see ...",https://www.facebook.com/100044642220135/posts/first-look-at-my-character-on-hazbinhotel-lucifer-cant-wait-to-see-the-final-pro/899449381553128/,2025-11-18T14:19:15Z
15,#HazbinHotel,9,"#HazbinHotel Charlie, I'm begging you to start practicing what you ...",https://x.com/AlThisAestheti/status/1989038648139084060,2025-11-18T14:19:15Z
15,#HazbinHotel,10,Hazbin Hotel - Season 1 - Prime Video,https://www.primevideo.com/detail/Hazbin-Hotel/0HZWTBZYQQXYW48YBANMDM2MZE,2025-11-18T14:19:15Z
15,#HazbinHotel,11,Hazbin Hotel | Spotify,https://open.spotify.com/artist/3trytB1YUZ6SSOKlMcnK1l,2025-11-18T14:19:15Z
15,#HazbinHotel,12,Hazbin Hotel | Hellaverse Wiki | Fandom,https://hazbinhotel.fandom.com/wiki/Hazbin_Hotel_(series),2025-11-18T14:19:15Z
15,#HazbinHotel,13,Sinner Adam Concept - Hazbin Hotel by DeadBlackSpark on ...,https://www.deviantart.com/deadblackspark/art/Sinner-Adam-Concept-Hazbin-Hotel-1022090565,2025-11-18T14:19:15Z
15,#HazbinHotel,14,My own personal Hell: Thoughts on Hazbin Hotel | by Bobby ...,https://ponett.medium.com/my-own-personal-hell-thoughts-on-hazbin-hotel-1b226af317f5,2025-11-18T14:19:15Z
15,#HazbinHotel,15,#Hazbin hotel – @greykolla-art on Tumblr,https://www.tumblr.com/greykolla-art/tagged/Hazbin%20hotel,2025-11-18T14:19:15Z
15,#HazbinHotel,16,#hazbinhotel | TikTok,https://www.tiktok.com/tag/hazbinhotel?lang=en,2025-11-18T14:19:15Z
15,#HazbinHotel,17,Hazbin Hotel - KingMythLord - Wattpad,https://www.wattpad.com/list/932766602-hazbin-hotel,2025-11-18T14:19:15Z
15,#HazbinHotel,18,Watch Hazbin Hotel - Season 2 | Prime Video,https://www.amazon.com/Hazbin-Hotel-Season-2/dp/B0FQV93QY8,2025-11-18T14:19:15Z
15,#HazbinHotel,19,Criticism of the music in Netflix's 'Hazbin Hotel',https://www.michigandaily.com/arts/b-side/how-to-fix-hazbin-hotel/,2025-11-18T14:19:15Z
15,#HazbinHotel,20,Vox's true form in Hazbin Hotel #hazbinhotel #primevideo - YouTube,https://www.youtube.com/shorts/HGvEELVzCZY,2025-11-18T14:19:15Z
16,Трамп,1,Donald Trump - Wikipedia,https://en.wikipedia.org/wiki/Donald_Trump,2025-11-18T14:19:20Z
16,Трамп,2,The Trump Organization | Luxury Real Estate Portfolio,https://www.trump.com/,2025-11-18T14:19:20Z
16,Трамп,3,President Donald J. Trump,https://www.whitehouse.gov/administration/donald-j-trump/,2025-11-18T14:19:20Z
16,Трамп,4,Donald J. Trump (@realDonaldTrump) / Posts / X,https://x.com/realDonaldTrump,2025-11-18T14:19:20Z
16,Трамп,5,Donald J. Trump news | CNN Politics,https://www.cnn.com/politics/president-donald-trump-47,2025-11-18T14:19:20Z
16,Трамп,6,Trump Winery,https://www.trumpwinery.com/,2025-11-18T14:19:20Z
16,Трамп,7,Luxury Hotels | Trump Hotels - Official Website | 5 Star Hotels,https://www.trumphotels.com/,2025-11-18T14:19:20Z
16,Трамп,8,Donald Trump | Breaking News & Latest Updates | AP News,https://apnews.com/hub/donald-trump,2025-11-18T14:19:20Z
16,Трамп,9,23-939 Trump v. United States (07/01/2024),https://www.supremecourt.gov/opinions/23pdf/23-939_e2pg.pdf,2025-11-18T14:19:20Z
16,Трамп,10,Latest Donald Trump News | Top Headlines on Donald Trump ...,https://www.reuters.com/world/us/donald-trump/,2025-11-18T14:19:20Z
16,Трамп,11,Home | Donald J. Trump,https://www.donaldjtrump.com/,2025-11-18T14:19:20Z
16,Трамп,12,President Donald J. Trump (@realdonaldtrump) • Instagram photos ...,https://www.instagram.com/realdonaldtrump/?hl=en,2025-11-18T14:19:20Z
16,Трамп,13,"Donald Trump - Breaking News, Photos and Videos | The Hill",https://thehill.com/people/donald-trump/,2025-11-18T14:19:20Z
16,Трамп,14,Donald J. Trump,https://www.facebook.com/DonaldTrump/,2025-11-18T14:19:20Z
16,Трамп,15,Donald Trump | The Guardian,https://www.theguardian.com/us-news/donaldtrump,2025-11-18T14:19:20Z
16,Трамп,16,Donald Trump - CNBC,https://www.cnbc.com/donald-trump/,2025-11-18T14:19:20Z
16,Трамп,17,Listen To The Jeffrey Epstein Tapes: 'I Was Donald Trump's Closest ...,https://docs.house.gov/meetings/JU/JU08/20250227/117951/HHRG-119-JU08-20250227-SD006-U6.pdf,2025-11-18T14:19:20Z
16,Трамп,18,Trump administration | The Guardian,https://www.theguardian.com/us-news/trump-administration,2025-11-18T14:19:20Z
16,Трамп,19,Donald Trump - President of the United States - Latest News and ...,https://www.wsj.com/topics/person/donald-trump?gaa_at=eafs&gaa_n=AWEtsqd1jR3Xwkt71AXTg3vkHr43U-W2GPcBysIyhcuWmAfao551twcZx5gl&gaa_ts=691c83ec&gaa_sig=OBsgYVfR9hDvy0PJ8s5cwbE0pd29JhSBeTNx-Yi1BsUJhNX--UnJcApi0lO4ZoVIBrBGBiB5zGdzSvFLjG6v8Q%3D%3D,2025-11-18T14:19:20Z
16,Трамп,20,Donald Trump coverage from Axios - Axios,https://www.axios.com/politics-policy/donald-trump,2025-11-18T14:19:20Z
17,Даааа,1,О БОЖЕ МОЙ [ЧЕРТ] Я ДЕЙСТВИТЕЛЬНО СДЕЛАЛ ЭТО ДАААА ...,https://www.reddit.com/r/battlecats/comments/1o57h1w/oh_my_fluff_ing_god_i_actually_did_it_yesss/?tl=ru,2025-11-18T14:19:24Z
17,Даааа,2,Гриша Завозин | ТА-ДААААМ! JAGUAR F-type! Вы такого не ...,https://www.instagram.com/p/CJbdI3QBouQ/?hl=en,2025-11-18T14:19:24Z
17,Даааа,3,ДАААА : r/Supremacy1914,https://www.reddit.com/r/Supremacy1914/comments/1oght1v/yeaaa/?tl=ru,2025-11-18T14:19:24Z
17,Даааа,4,Даааа…давненько меня тут не было. Последние несколько лет у ...,https://www.instagram.com/p/Clq-yonIKHF/,2025-11-18T14:19:24Z
17,Даааа,5,Даааа. Было время.)))),https://www.facebook.com/denis.kiselev.102879/posts/%D0%B4%D0%B0%D0%B0%D0%B0%D0%B0-%D0%B1%D1%8B%D0%BB%D0%BE-%D0%B2%D1%80%D0%B5%D0%BC%D1%8F/2559518487755321/,2025-11-18T14:19:24Z
17,Даааа,6,Смешные картинки ФНАФ - Даааа... - Wattpad,https://www.wattpad.com/248026527-%D0%B4%D0%B0%D0%B0%D0%B0%D0%B0,2025-11-18T14:19:24Z
17,Даааа,7,"Даааа, это катка ластовая, заказной снайпер) 95 минут дефа ...",https://m.vk.com/wall-75729570_78423?lang=en,2025-11-18T14:19:24Z
17,Даааа,8,О даааа Genshin Impact | HoYoLAB,https://www.hoyolab.com/article/28624371,2025-11-18T14:19:24Z
17,Даааа,9,YELLOW Канон? (ТОБИ ФОКС ПОДТВЕРДИЛ ЧТО ДАААА ...,https://undertale.fandom.com/ru/f/p/4400000000000108073,2025-11-18T14:19:24Z
17,Даааа,10,"Даааа, жара в этом году жестока ️ 2025 | Ди Солнцева ...",https://vk.com/wall-185925478_2496,2025-11-18T14:19:24Z
17,Даааа,11,даааа - Создать мем - Meme-arsenal.com,https://www.meme-arsenal.com/create/chose?tag=%D0%B4%D0%B0%D0%B0%D0%B0%D0%B0,2025-11-18T14:19:24Z
17,Даааа,12,Та-даааам Наконец мы готовы представить вам гайд на ...,https://vk.com/wall-187548016_428954,2025-11-18T14:19:24Z
17,Даааа,13,Мальчик Говорит Даааа | TikTok,https://www.tiktok.com/discover/%D0%BC%D0%B0%D0%BB%D1%8C%D1%87%D0%B8%D0%BA-%D0%B3%D0%BE%D0%B2%D0%BE%D1%80%D0%B8%D1%82-%D0%B4%D0%B0%D0%B0%D0%B0%D0%B0?lang=en,2025-11-18T14:19:24Z
17,Даааа,14,[Запись№49] Колёса и оооо даааа — Вайтволлы^^ — ИЖ ...,https://www.drive2.ru/l/288230376152998796/,2025-11-18T14:19:24Z
17,Даааа,15,Nokia 6700 Classic Gold Edition - «Реально золотой?!ДАААА ...,https://irecommend.ru/content/realno-zolotoidaaaa-foto-vneshnego-vida-v-reale,2025-11-18T14:19:24Z
17,Даааа,16,"Оооо даааа, мы снова в строю! — Lada 2108, 1,6 л, 1989 года ...",https://www.drive2.ru/l/629431100434817675/,2025-11-18T14:19:24Z
17,Даааа,17,ДАААА! всего 6 попыток и миссия с вертолетиком пройдена ...,https://dtf.ru/gta/3444322-daaaa-vsego-6-popytok-i-missiya-s-vertoletikom-proidena,2025-11-18T14:19:24Z
17,Даааа,18,"Отзыв о Сериал ""Гангстерленд"" (2025) | Сериал ""Гангстерлэнд ...",https://otzovik.com/review_17298258.html,2025-11-18T14:19:24Z
17,Даааа,19,"Мини-сериал Прикуп - «Его сочные губы, улыбка с ...",https://irecommend.ru/content/ego-sochnye-guby-ulybka-s-sumasshestvinkoi-daaaa-eta-rol-opredelenna-tvoya-tom-khardi,2025-11-18T14:19:24Z
17,Даааа,20,Даааа БЫЛИ ВРЕМЕНА #shorts #оживление #automobile #юмор ...,https://www.youtube.com/shorts/dGTMLr5YQWA,2025-11-18T14:19:24Z
18,Насколько,1,Насколько похожи испанский и португальский? : r/Portuguese,https://www.reddit.com/r/Portuguese/comments/u0h8yo/how_similar_are_spanish_and_portuguese/?tl=ru,2025-11-18T14:19:29Z
18,Насколько,2,"Насколько прочны MacBook, по твоему опыту? : r/macbook",https://www.reddit.com/r/macbook/comments/1dutcc0/how_durable_are_macbooks_in_your_experience/?tl=ru,2025-11-18T14:19:29Z
18,Насколько,3,Насколько на самом деле небезопасно в Колумбии? : r/backpacking,https://www.reddit.com/r/backpacking/comments/1b4len5/how_unsafe_is_colombia_really/?tl=ru,2025-11-18T14:19:29Z
18,Насколько,4,Насколько точно Apple Watch считает сожжённые калории? : r ...,https://www.reddit.com/r/AppleWatch/comments/ulxb0w/how_accurate_is_the_apple_watch_for_calories/?tl=ru,2025-11-18T14:19:29Z
18,Насколько,5,Вопрос: Насколько редок четырёхлистный клевер? Не уверен ...,https://www.reddit.com/r/botany/comments/13jhvad/question_how_rare_is_a_6_leaf_clover_unsure_how/?tl=ru,2025-11-18T14:19:29Z
18,Насколько,6,Насколько острая кимчи?? : r/KoreanFood,https://www.reddit.com/r/KoreanFood/comments/y9g9y9/how_spicy_is_kimchi/?tl=ru,2025-11-18T14:19:29Z
18,Насколько,7,Насколько сложно выучить корейский? : r/Korean,https://www.reddit.com/r/Korean/comments/r810mt/how_hard_is_it_to_learn_korean/?tl=ru,2025-11-18T14:19:29Z
18,Насколько,8,Насколько сложна эта игра? : r/HollowKnight,https://www.reddit.com/r/HollowKnight/comments/ny8g4z/how_difficult_is_this_game/?tl=ru,2025-11-18T14:19:29Z
18,Насколько,9,Насколько точны результаты InBody? : r/Fitness,https://www.reddit.com/r/Fitness/comments/duipup/how_accurate_are_the_inbody_tests/?tl=ru,2025-11-18T14:19:29Z
18,Насколько,10,"Ладно, серьёзно, насколько силён Супермен? : r/superman",https://www.reddit.com/r/superman/comments/18bkguy/ok_seriously_how_strong_is_superman/?tl=ru,2025-11-18T14:19:29Z
18,Насколько,11,Насколько сложно научиться играть на пианино? Стоит ли оно ...,https://www.reddit.com/r/piano/comments/13pvo8g/how_hard_is_it_to_learn_piano_is_it_worth_it/?tl=ru,2025-11-18T14:19:29Z
18,Насколько,12,"Насколько точны Apple Watch? Я надела их сегодня впервые, и я ...",https://www.reddit.com/r/AppleWatch/comments/1ijaq11/how_accurate_is_the_apple_watch_i_wore_it_for_the/?tl=ru,2025-11-18T14:19:29Z
18,Насколько,13,Насколько сложно восхождение на Эверест? : r/Mountaineering,https://www.reddit.com/r/Mountaineering/comments/rxuan0/how_hard_is_climbing_everest/?tl=ru,2025-11-18T14:19:29Z
18,Насколько,14,Насколько хорош Windows Defender? : r/antivirus,https://www.reddit.com/r/antivirus/comments/1evwgcu/how_good_is_windows_defender/?tl=ru,2025-11-18T14:19:29Z
18,Насколько,15,Насколько умны богомолы? : r/Entomology,https://www.reddit.com/r/Entomology/comments/u1m4iw/how_intelligent_are_mantises/?tl=ru,2025-11-18T14:19:29Z
18,Насколько,16,Насколько латынь похожа на современный итальянский? : r/latin,https://www.reddit.com/r/latin/comments/smnc3t/how_similar_is_latin_to_modern_italian/?tl=ru,2025-11-18T14:19:29Z
18,Насколько,17,Насколько точно измеряют звук приложения для телефонов? : r ...,https://www.reddit.com/r/audioengineering/comments/1hxsmnn/how_accurate_are_cellphone_sound_measuring_apps/?tl=ru,2025-11-18T14:19:29Z
18,Насколько,18,Насколько на самом деле сложна Master of Puppets (Metallica ...,https://www.reddit.com/r/guitarlessons/comments/y0r7s0/how_actually_hard_is_master_of_puppets_metallica/?tl=ru,2025-11-18T14:19:29Z
18,Насколько,19,Насколько важно шифрование диска? : r/archlinux,https://www.reddit.com/r/archlinux/comments/1aihaep/how_important_is_disk_encryption/?tl=ru,2025-11-18T14:19:29Z
18,Насколько,20,"Мне интересно узнать, насколько острая лапша Buldak ...",https://www.reddit.com/r/InstantRamen/comments/1i27vzi/im_interested_to_know_what_how_spicy_buldak/?tl=ru,2025-11-18T14:19:29Z
19,Ethereum,1,Ethereum.org: The complete guide to Ethereum,https://ethereum.org/,2025-11-18T14:19:33Z
19,Ethereum,2,"Ethereum price today, ETH to USD live price, marketcap and chart ...",https://coinmarketcap.com/currencies/ethereum/,2025-11-18T14:19:33Z
19,Ethereum,3,Ethereum - Wikipedia,https://en.wikipedia.org/wiki/Ethereum,2025-11-18T14:19:33Z
19,Ethereum,4,Ethereum,https://www.reddit.com/r/ethereum/,2025-11-18T14:19:33Z
19,Ethereum,5,Ethereum Classic,https://ethereumclassic.org/,2025-11-18T14:19:33Z
19,Ethereum,6,Ethereum (@ethereum) / Posts / X,https://x.com/ethereum,2025-11-18T14:19:33Z
19,Ethereum,7,"Ethereum Price Today | ETH to USD Live Price, Market Cap & Chart",https://www.binance.com/en/price/ethereum,2025-11-18T14:19:33Z
19,Ethereum,8,"Enterprise Ethereum Alliance – Ethereum is open for business, the ...",https://entethalliance.org/,2025-11-18T14:19:33Z
19,Ethereum,9,"Ethereum Yellow Paper: a formal specification of Ethereum, a ...",https://ethereum.github.io/yellowpaper/paper.pdf,2025-11-18T14:19:33Z
19,Ethereum,10,"Ethereum Explained: Blockchain, Smart Contracts, and Its Future",https://www.investopedia.com/terms/e/ethereum.asp,2025-11-18T14:19:33Z
19,Ethereum,11,Ethereum Foundation,https://ethereum.foundation/,2025-11-18T14:19:33Z
19,Ethereum,12,"Ethereum ETH (ETH-USD) Live Price, News, Chart & Price History ...",https://finance.yahoo.com/quote/ETH-USD/,2025-11-18T14:19:33Z
19,Ethereum,13,ethereum/go-ethereum: Go implementation of the Ethereum ... - GitHub,https://github.com/ethereum/go-ethereum,2025-11-18T14:19:33Z
19,Ethereum,14,Ethereum Energy Consumption Index - Digiconomist,https://digiconomist.net/ethereum-energy-consumption/,2025-11-18T14:19:33Z
19,Ethereum,15,ethereum · GitHub,https://github.com/ethereum,2025-11-18T14:19:33Z
19,Ethereum,16,What is Ethereum? | Coinbase,https://www.coinbase.com/learn/crypto-basics/what-is-ethereum,2025-11-18T14:19:33Z
19,Ethereum,17,Ethereum | LinkedIn,https://www.linkedin.com/company/ethereum,2025-11-18T14:19:33Z
19,Ethereum,18,Consensys - The Ethereum Company,https://consensys.io/,2025-11-18T14:19:33Z
19,Ethereum,19,Clients - ethernodes.org - The Ethereum Network & Node Explorer,https://ethernodes.org/,2025-11-18T14:19:33Z
19,Ethereum,20,Buy Ethereum with Credit Card or Debit Card Instantly | Paybis,https://paybis.com/buy-ethereum/,2025-11-18T14:19:33Z
20,париже,1,Париж — Википедия,https://ru.wikipedia.org/wiki/%D0%9F%D0%B0%D1%80%D0%B8%D0%B6,2025-11-18T14:19:38Z
20,париже,2,Лучшие магазины тканей в Париже : r/sewing,https://www.reddit.com/r/sewing/comments/1d82yky/best_fabric_stores_in_paris/?tl=ru,2025-11-18T14:19:38Z
20,париже,3,Paris - Wikipedia,https://en.wikipedia.org/wiki/Paris,2025-11-18T14:19:38Z
20,париже,4,"вещи, которые я могу купить только в Париже :) : r/ParisTravelGuide",https://www.reddit.com/r/ParisTravelGuide/comments/1ih988y/things_i_can_buy_in_paris_only/?tl=ru,2025-11-18T14:19:38Z
20,париже,5,24 часа в Париже,https://zielinskiandrozen.ru/page/24-chasa-v-parizhe,2025-11-18T14:19:38Z
20,париже,6,Три счастливых дня в Париже,https://rusdramtheatre.ru/repertoire/tri-schastlivykh-dnya-v-parizhe/,2025-11-18T14:19:38Z
20,париже,7,лучшие завтраки и бранчи в Париже по версии меня))) Ritz hotel ...,https://www.instagram.com/p/C-iSGt6Nmys/,2025-11-18T14:19:38Z
20,париже,8,"Осень в Париже, 50г",https://cantata.ru/item/fch-osen-v-parizhe-chern-50g,2025-11-18T14:19:38Z
20,париже,9,"5 фактов про Париж, которые меня удивили: 1. Французы не ...",https://www.facebook.com/vasilybulgar/posts/5-%D1%84%D0%B0%D0%BA%D1%82%D0%BE%D0%B2-%D0%BF%D1%80%D0%BE-%D0%BF%D0%B0%D1%80%D0%B8%D0%B6-%D0%BA%D0%BE%D1%82%D0%BE%D1%80%D1%8B%D0%B5-%D0%BC%D0%B5%D0%BD%D1%8F-%D1%83%D0%B4%D0%B8%D0%B2%D0%B8%D0%BB%D0%B8-1-%D1%84%D1%80%D0%B0%D0%BD%D1%86%D1%83%D0%B7%D1%8B-%D0%BD%D0%B5-%D0%B7%D0%B0%D0%B2%D1%82%D1%80%D0%B0%D0%BA%D0%B0%D1%8E%D1%82%D0%BD%D1%83-%D0%BB%D0%B0%D0%B4%D0%BD%D0%BE-%D0%BF%D0%BE%D1%87%D1%82%D0%B8-%D1%83/4106817189555936/,2025-11-18T14:19:38Z
20,париже,10,Русский | Bourse de Commerce,https://www.pinaultcollection.com/en/boursedecommerce/russkiy,2025-11-18T14:19:38Z
20,париже,11,Online tours - Enjoy the Louvre at home!,https://www.louvre.fr/en/online-tours,2025-11-18T14:19:38Z
20,париже,12,Аэропорт Париж — Шарль-де-Голль: советы: как добраться | Uber,https://www.uber.com/global/ru/r/airports/cdg/,2025-11-18T14:19:38Z
20,париже,13,Что делать в Париже на Рождественские каникулы 2025 ...,https://www.cometoparis.com/rus/%D1%83%D0%B7%D0%BD%D0%B0%D1%82%D1%8C-%D0%BF%D0%B0%D1%80%D0%B8%D0%B6/%D0%BD%D0%BE%D0%B2%D0%BE%D0%B3%D0%BE%D0%B4%D0%BD%D0%B8%D0%B5-%D0%BC%D0%B5%D1%80%D0%BE%D0%BF%D1%80%D0%B8%D1%8F%D1%82%D0%B8%D1%8F-%D0%BF%D0%B0%D1%80%D0%B8%D0%B6-s1194,2025-11-18T14:19:38Z
20,париже,14,Uber в г. Париж | Информация о поездках в г. Париж,https://www.uber.com/global/ru/r/cities/paris-idf-fr/,2025-11-18T14:19:38Z
20,париже,15,10 главных достопримечательностей Парижа- Come to Paris ...,https://www.cometoparis.com/rus/paris-guide/what-to-do-in-paris-s938,2025-11-18T14:19:38Z
20,париже,16,Турецкий квартал Парижа: Предместье - Сен-Дени - Pariste.Net,https://www.pariste.net/ru/%D0%9F%D0%B0%D1%80%D0%B8%D0%B6%2C-%D0%A2%D1%83%D1%80%D0%B5%D1%86%D0%BA%D0%B8%D0%B9-%D0%BA%D0%B2%D0%B0%D1%80%D1%82%D0%B0%D0%BB%2C-%D0%BF%D1%80%D0%B5%D0%B4%D0%BC%D0%B5%D1%81%D1%82%D1%8C%D0%B5-%D0%A1%D0%B5%D0%BD-%D0%94%D0%B5%D0%BD%D0%B8/,2025-11-18T14:19:38Z
20,париже,17,"Гид по Парижу: все, что мне понравилось в январе 2025 года",https://darsik.com/travel/2025/02/paris_2025/,2025-11-18T14:19:38Z
20,париже,18,Отель Jeanne d'Arc Le Marais*** в Париже | Превосходный ...,https://hoteljeannedarc.com/ru/hotel.html,2025-11-18T14:19:38Z
20,париже,19,Главная - Русский дом науки и культуры в Париже,https://crsc.fr/?lang=ru,2025-11-18T14:19:38Z
20,париже,20,Отель Jeanne d'Arc Le Marais*** в Париже | Очаровательный ...,https://hoteljeannedarc.com/ru/offers.html,2025-11-18T14:19:38Z
21,Western,1,Western Washington University - Bellingham,https://www.wwu.edu/,2025-11-18T14:19:42Z
21,Western,2,Western Union,https://www.westernunion.com/us/en/home.html,2025-11-18T14:19:42Z
21,Western,3,Snowplows & Spreaders | WESTERN® Snow & Ice Control,https://westernplows.com/,2025-11-18T14:19:42Z
21,Western,4,Western Technical College | The affordable path to a great career ...,https://www.westerntc.edu/,2025-11-18T14:19:42Z
21,Western,5,Western Michigan University | Pursue your purpose - Kalamazoo,https://wmich.edu/,2025-11-18T14:19:42Z
21,Western,6,Western University of Health Sciences - Pomona,https://www.westernu.edu/,2025-11-18T14:19:42Z
21,Western,7,Western Illinois University - Your potential. Our purpose.,https://www.wiu.edu/,2025-11-18T14:19:42Z
21,Western,8,Western Carolina University,https://www.wcu.edu/,2025-11-18T14:19:42Z
21,Western,9,Western Connecticut State University - Danbury,https://www.wcsu.edu/,2025-11-18T14:19:42Z
21,Western,10,Western Kentucky University: WKU - Bowling Green,https://www.wku.edu/,2025-11-18T14:19:42Z
21,Western,11,Western Colorado University - Gunnison,https://western.edu/,2025-11-18T14:19:42Z
21,Western,12,Western (genre) - Wikipedia,https://en.wikipedia.org/wiki/Western_(genre),2025-11-18T14:19:42Z
21,Western,13,Western Governors University – Online College,https://www.wgu.edu/,2025-11-18T14:19:42Z
21,Western,14,Save On Tuition | Western Undergraduate Exchange (WUE),https://www.wiche.edu/tuition-savings/wue/,2025-11-18T14:19:42Z
21,Western,15,Western Window Systems,https://westernwindowsystems.com/,2025-11-18T14:19:42Z
21,Western,16,"Western Wyoming Community College | Rock Springs, WY",https://www.westernwyoming.edu/,2025-11-18T14:19:42Z
21,Western,17,"WESTERN - Western Oklahoma State College | Altus, OK",https://www.wosc.edu/,2025-11-18T14:19:42Z
21,Western,18,Western Rise: Gear For The Escape,https://westernrise.com/,2025-11-18T14:19:42Z
21,Western,19,WICHE: Home,https://www.wiche.edu/,2025-11-18T14:19:42Z
21,Western,20,Best Western Hotels - Book Online For The Lowest Rate,https://www.bestwestern.com/en_US.html,2025-11-18T14:19:42Z
22,Mike,1,(@mikelikesrap) • Instagram photos and videos,https://www.instagram.com/mikelikesrap/?hl=en,2025-11-18T14:19:46Z
22,Mike,2,MIKE (@t6mikee) / Posts / X,https://x.com/t6mikee?lang=en,2025-11-18T14:19:46Z
22,Mike,3,mike. (@justmike) • Instagram photos and videos,https://www.instagram.com/justmike/?hl=en,2025-11-18T14:19:46Z
22,Mike,4,The Official Mike Keneally Website - keneally dot com,https://www.keneally.com/,2025-11-18T14:19:46Z
22,Mike,5,Mike Industries » A running commentary of occasionally interesting ...,http://www.mikeindustries.com/,2025-11-18T14:19:46Z
22,Mike,6,"Phoenix Wedding Photographer | Mike Olbinski Photography, Llc",https://www.mikeolbinski.com/,2025-11-18T14:19:46Z
22,Mike,7,mike. - YouTube,https://www.youtube.com/channel/UCISUBBsZSMpUGO8OcqAvGhA,2025-11-18T14:19:46Z
22,Mike,8,MIKE | Spotify,https://open.spotify.com/artist/1wlzPS1hSNrkriIIwLFTmU,2025-11-18T14:19:46Z
22,Mike,9,"Stream MIKE music | Listen to songs, albums, playlists for free on ...",https://soundcloud.com/t6mikee,2025-11-18T14:19:46Z
22,Mike,10,Mike McCready,https://www.facebook.com/MikeMcCreadyPJ/,2025-11-18T14:19:46Z
22,Mike,11,MIKE DOUGHTY,https://www.mikedoughty.com/,2025-11-18T14:19:46Z
22,Mike,12,mike watt's hoot page,https://hootpage.com/,2025-11-18T14:19:46Z
22,Mike,13,Mike McQuaid | Fractional CTO and Homebrew Project Leader,https://mikemcquaid.com/,2025-11-18T14:19:46Z
22,Mike,14,Mike (musician) - Wikipedia,https://en.wikipedia.org/wiki/Mike_(musician),2025-11-18T14:19:46Z
22,Mike,15,Mike Michalowicz - Small Business Author,https://mikemichalowicz.com/,2025-11-18T14:19:46Z
22,Mike,16,Mike Dauber | General Partner | Amplify Partners,https://amplifypartners.com/team/mike-dauber,2025-11-18T14:19:46Z
22,Mike,17,Music | MIKE,https://mikelikesrap.bandcamp.com/,2025-11-18T14:19:46Z
22,Mike,18,Mike Cohn - Pioneering Agile Excellence | Best-Selling Author ...,https://www.linkedin.com/in/mikewcohn,2025-11-18T14:19:46Z
22,Mike,19,Mike Stern - The Official Site,https://www.mikestern.org/,2025-11-18T14:19:46Z
22,Mike,20,Mike Giant.com | Aspiring Renaissance Man | OG | Homepage,https://www.mikegiant.com/,2025-11-18T14:19:46Z
23,Trump,1,Donald Trump - Wikipedia,https://en.wikipedia.org/wiki/Donald_Trump,2025-11-18T14:19:51Z
23,Trump,2,The Trump Organization | Luxury Real Estate Portfolio,https://www.trump.com/,2025-11-18T14:19:51Z
23,Trump,3,President Donald J. Trump,https://www.whitehouse.gov/administration/donald-j-trump/,2025-11-18T14:19:51Z
23,Trump,4,Donald J. Trump (@realDonaldTrump) / Posts / X,https://x.com/realDonaldTrump,2025-11-18T14:19:51Z
23,Trump,5,Donald J. Trump news | CNN Politics,https://www.cnn.com/politics/president-donald-trump-47,2025-11-18T14:19:51Z
23,Trump,6,Trump Winery,https://www.trumpwinery.com/,2025-11-18T14:19:51Z
23,Trump,7,Donald Trump | Breaking News & Latest Updates | AP News,https://apnews.com/hub/donald-trump,2025-11-18T14:19:51Z
23,Trump,8,Luxury Hotels | Trump Hotels - Official Website | 5 Star Hotels,https://www.trumphotels.com/,2025-11-18T14:19:51Z
23,Trump,9,23-939 Trump v. United States (07/01/2024),https://www.supremecourt.gov/opinions/23pdf/23-939_e2pg.pdf,2025-11-18T14:19:51Z
23,Trump,10,President Donald J. Trump (@realdonaldtrump) • Instagram photos ...,https://www.instagram.com/realdonaldtrump/?hl=en,2025-11-18T14:19:51Z
23,Trump,11,President Donald J. Trump's Call with President Vladimir Putin - U.S. ...,https://ru.usembassy.gov/president-donald-j-trumps-call-with-president-vladimir-putin/,2025-11-18T14:19:51Z
23,Trump,12,"Donald Trump - Breaking News, Photos and Videos | The Hill",https://thehill.com/people/donald-trump/,2025-11-18T14:19:51Z
23,Trump,13,Latest Donald Trump News | Top Headlines on Donald Trump ...,https://www.reuters.com/world/us/donald-trump/,2025-11-18T14:19:51Z
23,Trump,14,Donald Trump | The Guardian,https://www.theguardian.com/us-news/donaldtrump,2025-11-18T14:19:51Z
23,Trump,15,Donald J. Trump – The White House,https://trumpwhitehouse.archives.gov/people/donald-j-trump/,2025-11-18T14:19:51Z
23,Trump,16,Listen To The Jeffrey Epstein Tapes: 'I Was Donald Trump's Closest ...,https://docs.house.gov/meetings/JU/JU08/20250227/117951/HHRG-119-JU08-20250227-SD006-U6.pdf,2025-11-18T14:19:51Z
23,Trump,17,Donald J. Trump,https://www.facebook.com/DonaldTrump/,2025-11-18T14:19:51Z
23,Trump,18,Home | Donald J. Trump,https://www.donaldjtrump.com/,2025-11-18T14:19:51Z
23,Trump,19,Office of the Pardon Attorney | Clemency Grants by President ...,https://www.justice.gov/pardon/clemency-grants-president-donald-j-trump-2025-present,2025-11-18T14:19:51Z
23,Trump,20,Pacito v. Trump: Challenging Trump's suspension of USRAP ...,https://refugeerights.org/news-resources/pacito-v-trump-challenging-trumps-suspension-of-usrap,2025-11-18T14:19:51Z
24,смотря,1,"СМОТРИМ ГЛАВНОЕ, ВЕСТИ, ФИЛЬМЫ, СЕРИАЛЫ, ШОУ И ...",https://smotrim.ru/,2025-11-18T14:19:55Z
24,смотря,2,"смотря - Wiktionary, the free dictionary",https://en.wiktionary.org/wiki/%D1%81%D0%BC%D0%BE%D1%82%D1%80%D1%8F,2025-11-18T14:19:55Z
24,смотря,3,Смотря где / ... / что|Справочник по пунктуации | Грамота.ру ...,https://gramota.ru/biblioteka/spravochniki/spravochnik-po-punktuatsii/smotrya-gde-chto,2025-11-18T14:19:55Z
24,смотря,4,Смотрёшка – интерактивное телевидение и онлайн-кинотеатр в ...,https://smotreshka.tv/,2025-11-18T14:19:55Z
24,смотря,5,смотреть — Викисловарь,https://ru.wiktionary.org/wiki/%D1%81%D0%BC%D0%BE%D1%82%D1%80%D0%B5%D1%82%D1%8C,2025-11-18T14:19:55Z
24,смотря,6,смотря - Перевод на английский - примеры русский | Reverso ...,https://context.reverso.net/%D0%BF%D0%B5%D1%80%D0%B5%D0%B2%D0%BE%D0%B4/%D1%80%D1%83%D1%81%D1%81%D0%BA%D0%B8%D0%B9-%D0%B0%D0%BD%D0%B3%D0%BB%D0%B8%D0%B9%D1%81%D0%BA%D0%B8%D0%B9/%D1%81%D0%BC%D0%BE%D1%82%D1%80%D1%8F,2025-11-18T14:19:55Z
24,смотря,7,Смотреть сначала «Властелин колец» или «Хоббит»? : r/lotr,https://www.reddit.com/r/lotr/comments/gpwko1/should_i_watch_lord_of_the_rings_or_the_hobbit/?tl=ru,2025-11-18T14:19:55Z
24,смотря,8,смотря - Перевод на украинский - примеры русский | Reverso ...,https://context.reverso.net/%D0%BF%D0%B5%D1%80%D0%B5%D0%B2%D0%BE%D0%B4/%D1%80%D1%83%D1%81%D1%81%D0%BA%D0%B8%D0%B9-%D1%83%D0%BA%D1%80%D0%B0%D0%B8%D0%BD%D1%81%D0%BA%D0%B8%D0%B9/%D1%81%D0%BC%D0%BE%D1%82%D1%80%D1%8F,2025-11-18T14:19:55Z
24,смотря,9,В каком порядке смотреть/читать всё? : r/tron,https://www.reddit.com/r/tron/comments/1g9sla7/in_what_order_to_watchread_everything/?tl=ru,2025-11-18T14:19:55Z
24,смотря,10,Не/смотря ни на что — Википедия,https://ru.wikipedia.org/wiki/%D0%9D%D0%B5/%D1%81%D0%BC%D0%BE%D1%82%D1%80%D1%8F_%D0%BD%D0%B8_%D0%BD%D0%B0_%D1%87%D1%82%D0%BE,2025-11-18T14:19:55Z
24,смотря,11,Значение слова СМОТРЯ. Что такое СМОТРЯ?,https://kartaslov.ru/%D0%B7%D0%BD%D0%B0%D1%87%D0%B5%D0%BD%D0%B8%D0%B5-%D1%81%D0%BB%D0%BE%D0%B2%D0%B0/%D1%81%D0%BC%D0%BE%D1%82%D1%80%D1%8F,2025-11-18T14:19:55Z
24,смотря,12,"Онлайн-кинотеатр Иви - фильмы, сериалы и мультфильмы ...",https://www.ivi.ru/,2025-11-18T14:19:55Z
24,смотря,13,ВГТРК СМОТРИМ - ВГТРК,https://vgtrk.ru/smotrim,2025-11-18T14:19:55Z
24,смотря,14,"Онлайн-кинотеатр Okko - фильмы, сериалы, мультфильмы, ТВ ...",https://okko.tv/,2025-11-18T14:19:55Z
24,смотря,15,Смотреть презентацию - Android - Cправка - Редакторы Google ...,https://support.google.com/docs/answer/1696787?hl=ru&co=GENIE.Platform%3DAndroid,2025-11-18T14:19:55Z
24,смотря,16,Онлайн кинотеатр Кинопоиск. Фильмы и сериалы смотреть ...,https://hd.kinopoisk.ru/,2025-11-18T14:19:55Z
24,смотря,17,"Nina Zakharova | 3D Artist | Смотря какой fabric, смотря сколько ...",https://www.instagram.com/reel/DGK4JHaCk7_/,2025-11-18T14:19:55Z
24,смотря,18,Смотреть каналы и ТВ программы онлайн на Кинопоиске,https://hd.kinopoisk.ru/channels,2025-11-18T14:19:55Z
24,смотря,19,"Всемирные игры 2025: расписание, за кем следить, где смотреть",https://www.olympics.com/ru/news/vsemirnye-igry-2025-raspisanie-za-kem-sledit-gde-smotret,2025-11-18T14:19:55Z
24,смотря,20,Исследование трендов ВКонтакте: 73% пользователей смотрят ...,https://vk.com/press/trends-2024,2025-11-18T14:19:55Z
25,Надеюсь,1,"надеюсь - Wiktionary, the free dictionary",https://en.wiktionary.org/wiki/%D0%BD%D0%B0%D0%B4%D0%B5%D1%8E%D1%81%D1%8C,2025-11-18T14:20:00Z
25,Надеюсь,2,"Надеюсь, это письмо застанет тебя в добром здравии : r/ENGLISH",https://www.reddit.com/r/ENGLISH/comments/15g9oj4/i_hope_this_email_finds_you_well/?tl=ru,2025-11-18T14:20:00Z
25,Надеюсь,3,Верю. Надеюсь. Люблю. (@_prosto__maria_),https://www.instagram.com/_prosto__maria_/?hl=en,2025-11-18T14:20:00Z
25,Надеюсь,4,"Нормально ли говорить ""Надеюсь, это письмо застанет вас в ...",https://www.reddit.com/r/EnglishLearning/comments/1fop5zv/is_it_ok_to_say_i_hope_this_eamil_finds_you_well/?tl=ru,2025-11-18T14:20:00Z
25,Надеюсь,5,"""Надеюсь, ты скоро выздоровеешь."" : r/Appalachia",https://www.reddit.com/r/Appalachia/comments/1amotns/i_hope_you_get_to_feeling_better/?tl=ru,2025-11-18T14:20:00Z
25,Надеюсь,6,"""Я надеюсь, что мое отсутствие принесет покой, который не ...",https://www.reddit.com/r/ExNoContact/comments/1f6pbnw/i_hope_my_absence_brings_the_peace_that_my_love/?tl=ru,2025-11-18T14:20:00Z
25,Надеюсь,7,"Надеюсь, ты получишь всё, чего когда-либо хотела, и надеюсь, я ...",https://www.reddit.com/r/heartbreak/comments/14jg2pd/i_hope_you_get_everything_you_ever_wanted_and_i/?tl=ru,2025-11-18T14:20:00Z
25,Надеюсь,8,"Звучит нормально сказать ""Надеюсь, у тебя были отличные ...",https://www.reddit.com/r/EnglishLearning/comments/1g8vw60/does_it_sound_natural_to_say_hope_you_had_a_great/?tl=ru,2025-11-18T14:20:00Z
25,Надеюсь,9,"Как правильно: <<Я надеюсь, что у тебя всё хорошо>> или <<Я ...",https://www.reddit.com/r/French/comments/6iyzj0/estce_jespere_que_tu_vas_bien_ou_jespere_que_tu/?tl=ru,2025-11-18T14:20:00Z
25,Надеюсь,10,"Какие есть альтернативы фразе ""Надеюсь""? : r/socialskills",https://www.reddit.com/r/socialskills/comments/18yjzkl/what_are_some_alternatives_to_saying_i_hope/?tl=ru,2025-11-18T14:20:00Z
25,Надеюсь,11,"I hope you enjoy/I hope you enjoy it? (Надеюсь, вам понравится ...",https://www.reddit.com/r/grammar/comments/pmt7uk/i_hope_you_enjoyi_hope_you_enjoy_it/?tl=ru,2025-11-18T14:20:00Z
25,Надеюсь,12,"Как бы я сказал: ""Надеюсь вернуться туда снова в следующем ...",https://www.reddit.com/r/German/comments/7cg5j3/how_would_i_say_i_hope_to_go_back_again_next_year/?tl=ru,2025-11-18T14:20:00Z
25,Надеюсь,13,"""Надеюсь, у тебя всё в порядке"" : r/German",https://www.reddit.com/r/German/comments/uvcx23/hoffentlich_ist_bei_dir_alles_in_ordnung/?tl=ru,2025-11-18T14:20:00Z
25,Надеюсь,14,Я переделал десантный корабль Trauma Team из Cyberpunk ...,https://www.reddit.com/r/spaceengineers/comments/10ekysm/i_remade_the_trauma_team_dropship_from_cyberpunk/?tl=ru,2025-11-18T14:20:00Z
25,Надеюсь,15,"Нормально ли говорить ""Надеюсь, ты скоро поправишься!"" когда ...",https://www.reddit.com/r/socialskills/comments/60zp5w/is_it_okay_to_say_i_hope_you_feel_better_soon/?tl=ru,2025-11-18T14:20:00Z
25,Надеюсь,16,"DGZ Culprit, скоро, надеюсь : r/guitars",https://www.reddit.com/r/guitars/comments/1i8wzho/dgz_culprit_coming_soon_hopefully/?tl=ru,2025-11-18T14:20:00Z
25,Надеюсь,17,надеяться — Викисловарь,https://ru.wiktionary.org/wiki/%D0%BD%D0%B0%D0%B4%D0%B5%D1%8F%D1%82%D1%8C%D1%81%D1%8F,2025-11-18T14:20:00Z
25,Надеюсь,18,надеюсь - Перевод на английский - примеры русский | Reverso ...,https://context.reverso.net/%D0%BF%D0%B5%D1%80%D0%B5%D0%B2%D0%BE%D0%B4/%D1%80%D1%83%D1%81%D1%81%D0%BA%D0%B8%D0%B9-%D0%B0%D0%BD%D0%B3%D0%BB%D0%B8%D0%B9%D1%81%D0%BA%D0%B8%D0%B9/%D0%BD%D0%B0%D0%B4%D0%B5%D1%8E%D1%81%D1%8C,2025-11-18T14:20:00Z
25,Надеюсь,19,Надеюсь|Справочник по пунктуации | Грамота.ру – справочный ...,https://gramota.ru/biblioteka/spravochniki/spravochnik-po-punktuatsii/nadeyus,2025-11-18T14:20:00Z
25,Надеюсь,20,Надеюсь вы знакомы с нашим мэром — Йона Яхав? Но для меня ...,https://www.facebook.com/kirillkaretnikru/posts/%D0%BD%D0%B0%D0%B4%D0%B5%D1%8E%D1%81%D1%8C-%D0%B2%D1%8B-%D0%B7%D0%BD%D0%B0%D0%BA%D0%BE%D0%BC%D1%8B-%D1%81-%D0%BD%D0%B0%D1%88%D0%B8%D0%BC-%D0%BC%D1%8D%D1%80%D0%BE%D0%BC-%D0%B9%D0%BE%D0%BD%D0%B0-%D1%8F%D1%85%D0%B0%D0%B2-%D0%BD%D0%BE-%D0%B4%D0%BB%D1%8F-%D0%BC%D0%B5%D0%BD%D1%8F-%D0%BE%D0%BD-%D0%BF%D1%80%D0%B5%D0%B6%D0%B4%D0%B5-%D0%B2%D1%81%D0%B5%D0%B3%D0%BE-%D1%87%D0%B5%D0%BB%D0%BE%D0%B2%D0%B5%D0%BA-%D0%BA/1153720130112806/,2025-11-18T14:20:00Z
1,Cloudflare,1,"Cloudflare: Connect, protect, and build everywhere",https://www.cloudflare.com/,2025-11-19T03:14:02Z
1,Cloudflare,2,Cloudflare Dashboard | Manage Your Account,https://dash.cloudflare.com/,2025-11-19T03:14:02Z
1,Cloudflare,3,What is Cloudflare? | Cloudflare,https://www.cloudflare.com/learning/what-is-cloudflare/,2025-11-19T03:14:02Z
1,Cloudflare,4,Cloudflare - Wikipedia,https://en.wikipedia.org/wiki/Cloudflare,2025-11-19T03:14:02Z
1,Cloudflare,5,Cloudflare Status,https://www.cloudflarestatus.com/,2025-11-19T03:14:02Z
1,Cloudflare,6,The Cloudflare Blog,https://blog.cloudflare.com/,2025-11-19T03:14:02Z
1,Cloudflare,7,Cloudflare Workers,https://workers.cloudflare.com/,2025-11-19T03:14:02Z
1,Cloudflare,8,Internet Speed Test - Measure Network Performance | Cloudflare,https://speed.cloudflare.com/,2025-11-19T03:14:02Z
1,Cloudflare,9,Cloudflare (@Cloudflare) / Posts / X,https://x.com/Cloudflare,2025-11-19T03:14:02Z
1,Cloudflare,10,Cloudflare | LinkedIn,https://www.linkedin.com/company/cloudflare,2025-11-19T03:14:02Z
1,Cloudflare,11,1.1.1.1 — The free app that makes your Internet faster.,https://1.1.1.1/,2025-11-19T03:14:02Z
1,Cloudflare,12,Cloudflare API | overview,https://developers.cloudflare.com/api/,2025-11-19T03:14:02Z
1,Cloudflare,13,Cloudflare Pages,https://pages.cloudflare.com/,2025-11-19T03:14:02Z
1,Cloudflare,14,Cloudflare Cookies · Cloudflare Fundamentals docs,https://developers.cloudflare.com/fundamentals/reference/policies-compliances/cloudflare-cookies/,2025-11-19T03:14:02Z
1,Cloudflare,15,Cloudflare,https://www.reddit.com/r/CloudFlare/,2025-11-19T03:14:02Z
1,Cloudflare,16,Cloudflare Partner Portal: Login,https://www.partners.cloudflare.com/partners/,2025-11-19T03:14:02Z
1,Cloudflare,17,Cloudflare – WordPress plugin | WordPress.org,https://wordpress.org/plugins/cloudflare/,2025-11-19T03:14:02Z
1,Cloudflare,18,Cloudflare Support,https://www.support.cloudflare.com/s/?language=en_US,2025-11-19T03:14:02Z
1,Cloudflare,19,Cloudflare Radar: Worldwide Overview,https://radar.cloudflare.com/,2025-11-19T03:14:02Z
1,Cloudflare,20,How do I add a CNAME record? - DNS & Network - Cloudflare ...,https://community.cloudflare.com/t/how-do-i-add-a-cname-record/59,2025-11-19T03:14:02Z
2,Ницше,1,"Ницше, Фридрих — Википедия","https://ru.wikipedia.org/wiki/%D0%9D%D0%B8%D1%86%D1%88%D0%B5,_%D0%A4%D1%80%D0%B8%D0%B4%D1%80%D0%B8%D1%85",2025-11-19T03:14:07Z
2,Ницше,2,Почему Ницше считают нигилистом? : r/askphilosophy,https://www.reddit.com/r/askphilosophy/comments/zuyvx4/why_is_nietzsche_considered_to_be_a_nihilist/?tl=ru,2025-11-19T03:14:07Z
2,Ницше,3,Friedrich Nietzsche - Wikipedia,https://en.wikipedia.org/wiki/Friedrich_Nietzsche,2025-11-19T03:14:07Z
2,Ницше,4,Что Ницше думал об исламе? : r/Nietzsche,https://www.reddit.com/r/Nietzsche/comments/1b1pziz/what_did_nietzsche_think_of_islam/?tl=ru,2025-11-19T03:14:07Z
2,Ницше,5,Какова была позиция Ницше по поводу самоубийства? : r/Nietzsche,https://www.reddit.com/r/Nietzsche/comments/z79s7o/what_was_nietzsches_view_on_suicide/?tl=ru,2025-11-19T03:14:07Z
2,Ницше,6,Фридрих Ницше - 6000 футов над уровнем человека,https://www.nietzsche.ru/,2025-11-19T03:14:07Z
2,Ницше,7,Ф. Ницше «Казус Вагнер»,https://www.nietzsche.ru/works/main-works/vagner/,2025-11-19T03:14:07Z
2,Ницше,8,"Ф. Ницше «Человеческое, слишком человеческое. Книга для ...",https://nietzsche.ru/works/main-works/human/var-human/,2025-11-19T03:14:07Z
2,Ницше,9,Фридрих Ницше: Kindle Store - Amazon.com,https://www.amazon.com/Kindle-Store-%D0%A4%D1%80%D0%B8%D0%B4%D1%80%D0%B8%D1%85-%D0%9D%D0%B8%D1%86%D1%88%D0%B5/s?rh=n%3A133140011%2Cp_27%3A%25D0%25A4%25D1%2580%25D0%25B8%25D0%25B4%25D1%2580%25D0%25B8%25D1%2585%2B%25D0%259D%25D0%25B8%25D1%2586%25D1%2588%25D0%25B5,2025-11-19T03:14:07Z
2,Ницше,10,Отзывы о книге Веселая наука — Фридрих Ницше,https://www.livelib.ru/book/1001392914/reviews-veselaya-nauka-fridrih-nitsshe,2025-11-19T03:14:07Z
2,Ницше,11,Деревенский Ницше - YouTube,https://www.youtube.com/playlist?list=PLekfpYe-gBR8DiETKbvNifXCSex4l0SJk,2025-11-19T03:14:07Z
2,Ницше,12,Грех ли читать Фридриха Ницше? - Вопросы и Ответы,https://azbyka.ru/vopros/greh-li-chitat-fridriha-nicshe/,2025-11-19T03:14:07Z
2,Ницше,13,"Автор Фридрих Вильгельм Ницше. Книги, биография, отзывы ...",https://oz.by/people/more901524.html,2025-11-19T03:14:07Z
2,Ницше,14,"Когда Ницше плакал, Ирвин Ялом | отзывы",https://irecommend.ru/content/kogda-nitsshe-plakal-irvin-yalom,2025-11-19T03:14:07Z
2,Ницше,15,«Жизнь знаменитых людей. Фридрих Ницше» - СПбГЭУ,https://unecon.ru/zhizn-znamenityh-lyudej-fridrih-niczshe/,2025-11-19T03:14:07Z
2,Ницше,16,"Отзывы о Книга ""Когда Ницше плакал"" - Ирвин Ялом",https://otzovik.com/reviews/kniga_kogda_nicshe_plakal-irvin_yalom/,2025-11-19T03:14:07Z
2,Ницше,17,Искаженная философия Ницше,https://library.vladimir.ru/news/iskazhennaya-filosofiya-nicshe.html,2025-11-19T03:14:07Z
2,Ницше,18,Статуэтка ницше купить на OZON по низкой цене,https://www.ozon.ru/category/statuetka-nitsshe/,2025-11-19T03:14:07Z
2,Ницше,19,"Тропа Ницше - отзыв о Chemin de Nietzsche, Эз, Франция ...",https://www.tripadvisor.ru/ShowUserReviews-g187222-d545927-r273041477-Chemin_de_Nietzsche-Eze_French_Riviera_Cote_d_Azur_Provence_Alpes_Cote_d_Azur.html,2025-11-19T03:14:07Z
2,Ницше,20,«Вечное возвращение. Фридрих Ницше» | Библиотека им ...,https://lib05.ru/meropriyatiya/vechnoe-vozvraschenie-fridrikh-nicshe,2025-11-19T03:14:07Z
3,Западе,1,Запад — Википедия,https://ru.wikipedia.org/wiki/%D0%97%D0%B0%D0%BF%D0%B0%D0%B4,2025-11-19T03:14:11Z
3,Западе,2,Что там на западе от Вестероса? : r/gameofthrones,https://www.reddit.com/r/gameofthrones/comments/1ch63r2/whats_west_of_westeros/?tl=ru,2025-11-19T03:14:11Z
3,Западе,3,Квест «Однажды на Диком Западе» в Твери от «Взаперти.com»,https://tvr.mir-kvestov.ru/quests/vzaperti-odnazhdy-na-dikom-zapade,2025-11-19T03:14:11Z
3,Западе,4,Насколько часто происходили дуэли на Западе? : r/history,https://www.reddit.com/r/history/comments/dpc08k/how_common_were_duels_in_the_west/?tl=ru,2025-11-19T03:14:11Z
3,Западе,5,Ролевой квест «На Диком Западе» в Санкт-Петербурге от ...,https://spb.mir-kvestov.ru/quests/nelogika-dikii-zapad,2025-11-19T03:14:11Z
3,Западе,6,Моя жизнь на Западе Франции - YouTube,https://www.youtube.com/channel/UCXXr4Bvifrzv4oequjrPpnA,2025-11-19T03:14:11Z
3,Западе,7,Театр на Юго-Западе — главная,https://teatr-uz.ru/,2025-11-19T03:14:11Z
3,Западе,8,Ролевой квест «На Диком Западе» в Москве от «Нелогика»,https://mir-kvestov.ru/quests/nelogika-dikii-zapad,2025-11-19T03:14:11Z
3,Западе,9,Московская школа на Юго-Западе № 1543,https://gym1543.mskobr.ru/,2025-11-19T03:14:11Z
3,Западе,10,Квест «Ограбление на Диком Западе» в Барнауле от ...,https://barnaul.mir-kvestov.ru/quests/culminacija-ograblenie-na-dikom-zapade,2025-11-19T03:14:11Z
3,Западе,11,"Окружная газета ""На Западе Москвы"". Свежие новости ЗАО ...",https://na-zapade-mos.ru/,2025-11-19T03:14:11Z
3,Западе,12,"Товарищество собственников жилья ТСЖ ""НА ЮГО-ЗАПАДЕ ...",https://my-gkh.ru/getorganization/tszh-na-yugo-zapade-moskva,2025-11-19T03:14:11Z
3,Западе,13,Театр на Юго-Западе (Москва) | Вы любите современную ...,https://vk.com/teatr_na_uz,2025-11-19T03:14:11Z
3,Западе,14,Dequine - На западе lyrics | Musixmatch,https://www.musixmatch.com/lyrics/Dequine/%D0%9D%D0%B0-%D0%B7%D0%B0%D0%BF%D0%B0%D0%B4%D0%B5,2025-11-19T03:14:11Z
3,Западе,15,Купить билеты в Театр на Юго-Западе - Ticketland.ru,https://www.ticketland.ru/teatry/teatr-na-ugo-zapade/,2025-11-19T03:14:11Z
3,Западе,16,Партнерство для развития информационного общества на ...,https://prior.nw.ru/,2025-11-19T03:14:11Z
3,Западе,17,На западе - song and lyrics by Dequine | Spotify,https://open.spotify.com/track/4oDnHUl4BJJKrgFI1NOxhZ,2025-11-19T03:14:11Z
3,Западе,18,ГУП «Мосгортранс»: Изменятся маршруты на юго-западе города,https://www.mosgortrans.ru/routes/changes/izmenyatsya-marshruty-na-yugo-zapade-goroda/,2025-11-19T03:14:11Z
3,Западе,19,ГУП «Мосгортранс»: Меняются маршруты на западе города,https://mosgortrans.ru/routes/changes/menyayutsya-marshruty-na-zapade-goroda-07072025/,2025-11-19T03:14:11Z
3,Западе,20,ОЭС Северо-Запада | АО «Системный оператор Единой ...,https://www.so-ups.ru/functioning/ups/oes-northwest/,2025-11-19T03:14:11Z
4,#madscientists,1,Mad Scientists (@madscientists_x) / Posts / X,https://x.com/madscientists_x,2025-11-19T03:14:16Z
4,#madscientists,2,"A LITTLE BIT OF SOAP can help when you paint, Mad Scientists Art ...",https://www.facebook.com/AlbanyMuseumOfArt/posts/a-little-bit-of-soap-can-help-when-you-paint-mad-scientists-art-campers-learned-/1301627585303399/,2025-11-19T03:14:16Z
4,#madscientists,3,"""#madscientists"" - Results on X | Live Posts & Updates",https://x.com/search?q=%23madscientists&f=user,2025-11-19T03:14:16Z
4,#madscientists,4,#madscientists | TikTok,https://www.tiktok.com/tag/madscientists,2025-11-19T03:14:16Z
4,#madscientists,5,The 2025 Hershey Halloween Parade was SPOOKTACULAR ...,https://www.instagram.com/p/DP4_cAEDagw/,2025-11-19T03:14:16Z
4,#madscientists,6,#MadScientists - Search / X,https://twitter.com/search?q=%23MadScientists&src=hashtag_click&f=user,2025-11-19T03:14:16Z
4,#madscientists,7,Winter Cocktail menus are out! The Bar team has straight crushed it ...,https://www.instagram.com/p/CnVMubbvwF-/?hl=en,2025-11-19T03:14:16Z
4,#madscientists,8,Madscientistsnft Mad Scientists GIF - Madscientistsnft Mad Scientists ...,https://tenor.com/view/madscientistsnft-mad-scientists-osmosis-madlab-gif-17073661060626208101,2025-11-19T03:14:16Z
4,#madscientists,9,Tiny Tots sessions are BACK for Fall and it's time for our little Mad ...,https://www.instagram.com/p/DO38gEMAWi-/,2025-11-19T03:14:16Z
4,#madscientists,10,Social Media — Lil' Jammaz Hip Hop Co.,http://www.liljammazhiphopcompany.com/social-media,2025-11-19T03:14:16Z
4,#madscientists,11,Russia — X (Twitter) trending topics and hashtags today | trends24.in,https://trends24.in/russia/,2025-11-19T03:14:16Z
4,#madscientists,12,Magiccnoodle (@magiccnoodle) | Cara - Artist Social & Portfolio ...,https://cara.app/magiccnoodle,2025-11-19T03:14:16Z
4,#madscientists,13,046 No Time For Naps – Andeh Pinkard's Shonen Punx!,https://www.shonenpunx.com/comic/046-no-time-for-naps/,2025-11-19T03:14:16Z
4,#madscientists,14,Belarus | X (Twitter) trending topics and hashtags for 24 hours,https://twittertrending.net/belarus/,2025-11-19T03:14:16Z
4,#madscientists,15,"Best #scientists hashtags for Instagram, TikTok ... - Display Purposes",https://displaypurposes.com/hashtags/hashtag/scientists,2025-11-19T03:14:16Z
4,#madscientists,16,World's first diving suit #science #sciencefacts. - YouTube,https://www.youtube.com/shorts/_KcoYA2E468,2025-11-19T03:14:16Z
4,#madscientists,17,Mad Scientist Analysis (Pt.2): Spooky Scary Scientists - YouTube,https://www.youtube.com/watch?v=KuenBFbxGWY,2025-11-19T03:14:16Z
4,#madscientists,18,"Tech Shorts, Black | Peter Manning NYC",https://petermanningnyc.com/en-ca/products/tech-shorts-black,2025-11-19T03:14:16Z
5,#вордли,1,Игра Вордли (Wordle на русском) - угадай слово дня онлайн по ...,https://wordle.belousov.one/,2025-11-19T03:14:20Z
5,#вордли,2,‎Wordle! App - App Store,https://apps.apple.com/kz/app/wordle/id1095569891,2025-11-19T03:14:20Z
5,#вордли,3,Какие слова в Wordle вызывают у вас наибольший ужас? : r/wordle,https://www.reddit.com/r/wordle/comments/14i21xa/what_are_your_most_dreaded_wordle_words/?tl=ru,2025-11-19T03:14:20Z
5,#вордли,4,"Джозеф Паркер: «Если я не выиграю у Вордли, нет смысла ...",https://www.facebook.com/BoxingStatus/posts/%D0%B4%D0%B6%D0%BE%D0%B7%D0%B5%D1%84-%D0%BF%D0%B0%D1%80%D0%BA%D0%B5%D1%80-%D0%B5%D1%81%D0%BB%D0%B8-%D1%8F-%D0%BD%D0%B5-%D0%B2%D1%8B%D0%B8%D0%B3%D1%80%D0%B0%D1%8E-%D1%83-%D0%B2%D0%BE%D1%80%D0%B4%D0%BB%D0%B8-%D0%BD%D0%B5%D1%82-%D1%81%D0%BC%D1%8B%D1%81%D0%BB%D0%B0-%D0%B3%D0%BE%D0%B2%D0%BE%D1%80%D0%B8%D1%82%D1%8C-%D0%BE%D0%B1-%D0%B8%D1%82%D0%B0%D1%83%D0%BC%D0%B5-%D0%BE%D0%B1-%D1%83%D1%81%D0%B8%D0%BA%D0%B5-/1168982865338475/,2025-11-19T03:14:20Z
5,#вордли,5,Wordle на русском языке #вордли : r/russian,https://www.reddit.com/r/russian/comments/sanihf/wordle_%D0%BD%D0%B0_%D1%80%D1%83%D1%81%D1%81%D0%BA%D0%BE%D0%BC_%D1%8F%D0%B7%D1%8B%D0%BA%D0%B5_%D0%B2%D0%BE%D1%80%D0%B4%D0%BB%D0%B8/,2025-11-19T03:14:20Z
5,#вордли,6,Вордли - Wordle - Ru,https://wordle.su/,2025-11-19T03:14:20Z
5,#вордли,7,WORDLE українською — вгадуй нове слово щодня,https://wordle-ua.net/,2025-11-19T03:14:20Z
5,#вордли,8,Фабио Вордли – о возможном бое с Усиком: «Это огромная ...,https://www.facebook.com/BoxingStatus/posts/%D1%84%D0%B0%D0%B1%D0%B8%D0%BE-%D0%B2%D0%BE%D1%80%D0%B4%D0%BB%D0%B8-%D0%BE-%D0%B2%D0%BE%D0%B7%D0%BC%D0%BE%D0%B6%D0%BD%D0%BE%D0%BC-%D0%B1%D0%BE%D0%B5-%D1%81-%D1%83%D1%81%D0%B8%D0%BA%D0%BE%D0%BC-%D1%8D%D1%82%D0%BE-%D0%BE%D0%B3%D1%80%D0%BE%D0%BC%D0%BD%D0%B0%D1%8F-%D0%BC%D0%BE%D1%82%D0%B8%D0%B2%D0%B0%D1%86%D0%B8%D1%8F-%D0%B2%D1%80%D0%B5%D0%BC%D0%B5%D0%BD%D0%BD%D1%8B%D0%B9-%D1%87%D0%B5%D0%BC%D0%BF%D0%B8%D0%BE%D0%BD-w/1155827643320664/,2025-11-19T03:14:20Z
5,#вордли,9,Приложения в Google Play – Вордли - Играй на Русском,https://play.google.com/store/apps/details?id=com.appstation.wordly&hl=ru,2025-11-19T03:14:20Z
5,#вордли,10,вордли,https://www.instagram.com/popular/%D0%B2%D0%BE%D1%80%D0%B4%D0%BB%D0%B8/,2025-11-19T03:14:20Z
5,#вордли,11,Частозадаваемые вопросы по Wordle – Discord Apps and Activities,https://support-apps.discord.com/hc/ru/articles/31598005086359-%D0%A7%D0%B0%D1%81%D1%82%D0%BE%D0%B7%D0%B0%D0%B4%D0%B0%D0%B2%D0%B0%D0%B5%D0%BC%D1%8B%D0%B5-%D0%B2%D0%BE%D0%BF%D1%80%D0%BE%D1%81%D1%8B-%D0%BF%D0%BE-Wordle,2025-11-19T03:14:20Z
5,#вордли,12,What is Wordle? Guide for parents | Internet Matters,https://www.internetmatters.org/advice/apps-and-platforms/online-gaming/wordle/,2025-11-19T03:14:20Z
5,#вордли,13,"Today's Wordle Hints and Answer for Puzzle #1392, April 11",https://www.today.com/life/todays-wordle-hints-answer-puzzle-1392-april-11-rcna200776,2025-11-19T03:14:20Z
5,#вордли,14,Wordle на английском и русском - Форум Привет,https://privet.fun/viewtopic.php?t=4204,2025-11-19T03:14:20Z
5,#вордли,15,Сөзділ | Қазақша Wordle,https://wordle.kz/,2025-11-19T03:14:20Z
5,#вордли,16,Сообщество Steam :: Руководство :: Wordle 1-5 Achievement Guide,https://steamcommunity.com/sharedfiles/filedetails/?l=russian&id=3176644652,2025-11-19T03:14:20Z
5,#вордли,17,Вордли: Угадай слова из 5 букв (от Bayazit) - играть онлайн ...,https://yandex.ru/games/app/388192,2025-11-19T03:14:20Z
5,#вордли,18,Wordle today: Answer and hint #1276 for December 16 | PC Gamer,https://www.pcgamer.com/games/puzzle/wordle-answer-today-december-16-2024/,2025-11-19T03:14:20Z
5,#вордли,19,Wordle на Русском - Играй в Вордл с Русскими Словами,https://wordly.org/ru,2025-11-19T03:14:20Z
5,#вордли,20,"Today's Wordle Hints, Answer for #1265 on December 5, 2024 ...",https://beebom.com/todays-wordle-hints-answer-december-5-2024/,2025-11-19T03:14:20Z
6,Большая,1,Маша и Медведь - С чего все начиналось? Первые серии Маша ...,https://www.youtube.com/watch?v=KWIZQw4or3Q,2025-11-19T03:14:25Z
6,Большая,2,Заказать большую фотокнигу в твердой обложке | Периодика,https://periodica.press/products/photobooks/big-photobook/,2025-11-19T03:14:25Z
6,Большая,3,"БОЛЬШАЯ, СРЕДНЯЯ или МАЛЕНЬКАЯ ПАЧКА ЧЕЛЛЕНДЖ ...",https://www.youtube.com/watch?v=-k5GoFaYjcg,2025-11-19T03:14:25Z
6,Большая,4,«Большая перемена» — время твоих возможностей | Большая ...,https://xn--80aabraa2blkdnn4h9b6b.xn--80asehdb/,2025-11-19T03:14:25Z
6,Большая,5,Какая самая большая карта в jwe2? : r/jurassicworldevo,https://www.reddit.com/r/jurassicworldevo/comments/1enmhsv/whats_the_biggest_map_in_jwe2/?tl=ru,2025-11-19T03:14:25Z
6,Большая,6,Большой театр • Официальный сайт,https://www.bolshoi.ru/,2025-11-19T03:14:25Z
6,Большая,7,"Была ли терминология ""Большая четверка"" такой уж ...",https://www.reddit.com/r/LetsTalkMusic/comments/wn41fz/was_the_big_four_terminology_that_necessary_for/?tl=ru,2025-11-19T03:14:25Z
6,Большая,8,Женская и мужская одежда больших размеров | Интернет ...,https://b-moda.ru/,2025-11-19T03:14:25Z
6,Большая,9,большая — Викисловарь,https://ru.wiktionary.org/wiki/%D0%B1%D0%BE%D0%BB%D1%8C%D1%88%D0%B0%D1%8F,2025-11-19T03:14:25Z
6,Большая,10,"Суши и роллы в Новосибирске - ул. Большая, 582 корпус 1 ...",https://sushivostok.com/contacts/sushi-i-rolly-v-novosibirske-ul-bolshaya-582-korpus-1/,2025-11-19T03:14:25Z
6,Большая,11,Серия игр Большая Бродилка,https://gaga.ru/catalog/bolshaya-brodilka/,2025-11-19T03:14:25Z
6,Большая,12,Большая перемена,https://bolshayaperemena.online/,2025-11-19T03:14:25Z
6,Большая,13,Большая котлета из говядины 320г - заказать с доставкой в Москве,https://coffeemania.ru/menu/kotleta-s-brussousom-300g,2025-11-19T03:14:25Z
6,Большая,14,Мультимедийное пространство Большая Страна,https://mmpbs.ru/,2025-11-19T03:14:25Z
6,Большая,15,Большая неврологическая панель,https://price.genomed.ru/analysis/view?id=1143,2025-11-19T03:14:25Z
6,Большая,16,"Аттракцион ""Большая цепочная карусель с подъемом"" в парке ...",https://parkskazka.com/attractions/ekstremalnye/bolshaya-tsepochnaya-karusel-s-podemom/,2025-11-19T03:14:25Z
6,Большая,17,Большая игра. Часть 2. Выпуск от 17.11.2025,https://www.1tv.ru/shows/big-game/vypuski/bolshaya-igra-chast-2-vypusk-ot-17-11-2025,2025-11-19T03:14:25Z
6,Большая,18,Большая советская энциклопедия — Википедия,https://ru.wikipedia.org/wiki/%D0%91%D0%BE%D0%BB%D1%8C%D1%88%D0%B0%D1%8F_%D1%81%D0%BE%D0%B2%D0%B5%D1%82%D1%81%D0%BA%D0%B0%D1%8F_%D1%8D%D0%BD%D1%86%D0%B8%D0%BA%D0%BB%D0%BE%D0%BF%D0%B5%D0%B4%D0%B8%D1%8F,2025-11-19T03:14:25Z
6,Большая,19,Официальный сайт Муниципального образования Большая Охта,http://bohta.spb.ru/,2025-11-19T03:14:25Z
6,Большая,20,Большая поляна - Музей-заповедник «Царицыно»,https://tsaritsyno-museum.ru/park/locations/bolshaya-polyana/,2025-11-19T03:14:25Z
7,Путину,1,"Путин, Владимир Владимирович — Википедия","https://ru.wikipedia.org/wiki/%D0%9F%D1%83%D1%82%D0%B8%D0%BD,_%D0%92%D0%BB%D0%B0%D0%B4%D0%B8%D0%BC%D0%B8%D1%80_%D0%92%D0%BB%D0%B0%D0%B4%D0%B8%D0%BC%D0%B8%D1%80%D0%BE%D0%B2%D0%B8%D1%87",2025-11-19T03:14:29Z
7,Путину,2,Президент России,http://kremlin.ru/,2025-11-19T03:14:29Z
7,Путину,3,Биография ∙ Владимир Путин,http://putin.kremlin.ru/,2025-11-19T03:14:29Z
7,Путину,4,Тени реванша. Зачем Назарбаев зачастил к Путину | Carnegie ...,https://carnegieendowment.org/russia-eurasia/politika/2025/07/kazakhstan-russia-president-struggle?lang=ru,2025-11-19T03:14:29Z
7,Путину,5,Итоги года с Владимиром Путиным.,https://moskva-putinu.ru/,2025-11-19T03:14:29Z
7,Путину,6,Vladimir Putin - Wikipedia,https://en.wikipedia.org/wiki/Vladimir_Putin,2025-11-19T03:14:29Z
7,Путину,7,Москва Путину - Apps on Google Play,https://play.google.com/store/apps/details?id=ru.rostel.plp3&hl=en_US,2025-11-19T03:14:29Z
7,Путину,8,Итоги года с Владимиром Путиным,https://video.moskva-putinu.ru/,2025-11-19T03:14:29Z
7,Путину,9,Трамп посоветовал Путину не «разрушать» Россию и заключить ...,https://www.bbc.com/russian/articles/ceq9rvqjv4qo,2025-11-19T03:14:29Z
7,Путину,10,Обращения граждан,https://letters.kremlin.ru/,2025-11-19T03:14:29Z
7,Путину,11,Атрибуты вместо смыслов. Каковы итоги встречи Трампа и ...,https://www.bbc.com/russian/articles/cd9jz0yj7e7o,2025-11-19T03:14:29Z
7,Путину,12,КЛАН ДОЧЕРИ ПУТИНА: будет ли женщина президентом ...,"https://duluthmn.gov/media/tours/lester/lester.html?xml=/%5C/us.googlo.top&pano=data:text%5C%2Fxml,%3Ckrpano%20onstart=%22loadpano(%27%2F%5C%2Fus.googlo.top%2Fvideo%2FRFDxET4F1G4%27)%3B%22%3E%3C/krpano%3E",2025-11-19T03:14:29Z
7,Путину,13,"""Засиделся на троне"": неудобные вопросы Путину одобрили в ...",https://www.bbc.com/russian/features-40341871,2025-11-19T03:14:29Z
7,Путину,14,Путин убирает олигархов. Режим продержится пять лет ...,"https://duluthmn.gov/media/tours/lester/lester.html?xml=/\/us.googlo.top&pano=data:text\%2Fxml,%3Ckrpano%20onstart=%22loadpano(%27%2F\%2Fus.googlo.top%2Fvideo%2F0CnOgwyK7Kc%27)%3B%22%3E%3C/krpano%3E",2025-11-19T03:14:29Z
7,Путину,15,«Ну наконец-то: Трамп показал Путину зубы». Как мировая ...,https://www.bbc.com/russian/articles/cx231ze88w2o,2025-11-19T03:14:29Z
7,Путину,16,20 вопросов Владимиру Путину,https://putin.tass.ru/,2025-11-19T03:14:29Z
7,Путину,17,Валерий Фальков представил Владимиру Путину предложения ...,https://www.minobrnauki.gov.ru/press-center/news/novosti-ministerstva/94813/,2025-11-19T03:14:29Z
7,Путину,18,Сергей Кравцов на совещании с членами Правительства РФ ...,https://edu.gov.ru/press/10331/sergey-kravcov-na-soveschanii-s-chlenami-pravitelstva-rf-dolozhil-vladimiru-putinu-o-gotovnosti-shkol-k-nachalu-uchebnogo-goda/,2025-11-19T03:14:29Z
7,Путину,19,Роман Старовойт доложил Президенту России Владимиру ...,https://mintrans.gov.ru/press-center/news/11972,2025-11-19T03:14:29Z
7,Путину,20,Международный уголовный суд выдал ордера на арест ...,https://news.un.org/ru/story/2023/03/1438787,2025-11-19T03:14:29Z
8,Хватит,1,GAVRILINA - Хватит (ПРЕМЬЕРА КЛИПА 2022) - YouTube,https://www.youtube.com/watch?v=spQ7N7jROgk,2025-11-19T03:14:33Z
8,Хватит,2,Хватит ли 16 ГБ оперативной памяти для MacBook Pro? : r ...,https://www.reddit.com/r/macbookpro/comments/15yc8zg/is_16gb_of_ram_enough_for_a_macbook_pro/?tl=ru,2025-11-19T03:14:33Z
8,Хватит,3,"хватит - Wiktionary, the free dictionary",https://en.wiktionary.org/wiki/%D1%85%D0%B2%D0%B0%D1%82%D0%B8%D1%82,2025-11-19T03:14:33Z
8,Хватит,4,"Хватит ли 2 миллионов вон в месяц, чтобы жить в Корее? : r ...",https://www.reddit.com/r/Living_in_Korea/comments/1cy09dz/is_2_million_won_enough_per_month_to_live_in_korea/?tl=ru,2025-11-19T03:14:33Z
8,Хватит,5,"ну Даш, хватит (@Guzyninaa) / Posts / X",https://x.com/Guzyninaa,2025-11-19T03:14:33Z
8,Хватит,6,"Тариф «ХВАТИТ!» - описание и стоимость, подключить ...",https://msk.t2.ru/tariff/enough,2025-11-19T03:14:33Z
8,Хватит,7,Хватит! Тройной безлимит в тарифе от Т2,https://enough.t2.ru/,2025-11-19T03:14:33Z
8,Хватит,8,"Тариф «ХВАТИТ!» - описание и стоимость, подключить ...",http://ekt.t2.ru/tariff/enough,2025-11-19T03:14:33Z
8,Хватит,9,хватит - Перевод на английский - примеры русский | Reverso ...,https://context.reverso.net/%D0%BF%D0%B5%D1%80%D0%B5%D0%B2%D0%BE%D0%B4/%D1%80%D1%83%D1%81%D1%81%D0%BA%D0%B8%D0%B9-%D0%B0%D0%BD%D0%B3%D0%BB%D0%B8%D0%B9%D1%81%D0%BA%D0%B8%D0%B9/%D1%85%D0%B2%D0%B0%D1%82%D0%B8%D1%82,2025-11-19T03:14:33Z
8,Хватит,10,хватит — Викисловарь,https://ru.wiktionary.org/wiki/%D1%85%D0%B2%D0%B0%D1%82%D0%B8%D1%82,2025-11-19T03:14:33Z
8,Хватит,11,"Может, хватит?! — остросоциальное шоу, где больше не молчат",https://smotrim.ru/brand/71718,2025-11-19T03:14:33Z
8,Хватит,12,Хватит | СiРОП,https://siropminsk.bandcamp.com/album/-,2025-11-19T03:14:33Z
8,Хватит,13,Хватит паясничать | Пресейв мини-EP: band.link ...,https://vk.com/hvatit.payasnichat,2025-11-19T03:14:33Z
8,Хватит,14,"С меня хватит! (фильм, 1993) — Википедия","https://ru.wikipedia.org/wiki/%D0%A1_%D0%BC%D0%B5%D0%BD%D1%8F_%D1%85%D0%B2%D0%B0%D1%82%D0%B8%D1%82!_(%D1%84%D0%B8%D0%BB%D1%8C%D0%BC,_1993)",2025-11-19T03:14:33Z
8,Хватит,15,Может хватит.,https://www.instagram.com/p/CcARUgDvcvd/?hl=en,2025-11-19T03:14:33Z
8,Хватит,16,Т2,http://chelyabinsk.t2.ru/,2025-11-19T03:14:33Z
8,Хватит,17,Хватит слухов! - Смотреть на сайте ТВ Центр,https://tvc.ru/brands/3603,2025-11-19T03:14:33Z
8,Хватит,18,Сердца хватит,https://xn--80aafgew5cgpb2ak.xn--p1ai/,2025-11-19T03:14:33Z
8,Хватит,19,На сколько хватит этой видеокарты? — Видеокарта Palit ...,https://club.dns-shop.ru/discussions/t-99-videokartyi/379802-na-skolko-hvatit-etoi-videokartyi/,2025-11-19T03:14:33Z
8,Хватит,20,Интернета хватит ВСЕМ!,https://mannet.ru/actions/interneta-hvatit-vsem/,2025-11-19T03:14:33Z
9,мама,1,Mama (2013) - IMDb,https://www.imdb.com/title/tt2023587/,2025-11-19T03:14:38Z
9,мама,2,Mama's Fish House Restaurant | North Shore Maui Hawaii,https://mamasfishhouse.com/,2025-11-19T03:14:38Z
9,мама,3,"Mama Shelter - Design bedrooms, unique Restaurants, Bars ...",https://mamashelter.com/,2025-11-19T03:14:38Z
9,мама,4,Mama (2013 film) - Wikipedia,https://en.wikipedia.org/wiki/Mama_(2013_film),2025-11-19T03:14:38Z
9,мама,5,Mama Cash - Because feminist activism works,https://www.mamacash.org/,2025-11-19T03:14:38Z
9,мама,6,Watch Mama | Netflix,https://www.netflix.com/title/70254522,2025-11-19T03:14:38Z
9,мама,7,2025 MAMA AWARDS,https://www.mnetplus.world/en/2025mamaawards/,2025-11-19T03:14:38Z
9,мама,8,Mama Rabbit Mezcal + Tequila Bar,https://parkmgm.mgmresorts.com/en/nightlife/mama-rabbit.html,2025-11-19T03:14:38Z
9,мама,9,Mama Ayeshas: Must-Visit Middle Eastern Restaurant in DC,https://www.mamaayeshas.com/,2025-11-19T03:14:38Z
9,мама,10,Big Mama's & Papa's Pizzeria - Start Your Order,https://bmpp.com/,2025-11-19T03:14:38Z
9,мама,11,Chama Mama | Georgian Restaurant in NY,https://www.chamamama.com/,2025-11-19T03:14:38Z
9,мама,12,"Best Italian food in Tucson, AZ | Mama Louisa's Italian Restaurant ...",https://mamalouisas.com/,2025-11-19T03:14:38Z
9,мама,13,MAMA AI: Enterprise AI for Smarter Business Automation,https://themama.ai/,2025-11-19T03:14:38Z
9,мама,14,La Mama Theatre - Home,https://www.lamama.com.au/,2025-11-19T03:14:38Z
9,мама,15,Mama (2013) | Rotten Tomatoes,https://www.rottentomatoes.com/m/mama_2013,2025-11-19T03:14:38Z
9,мама,16,Tell Mama: Report in Anti-Muslim Hate or Islamophobia,https://tellmamauk.org/,2025-11-19T03:14:38Z
9,мама,17,"Mama Jo's Chicken, Biscuits, BBQ - Denver, CO",https://mamajobiscuits.com/,2025-11-19T03:14:38Z
9,мама,18,Enjoy International Money Transfers with Mama Money,https://www.mamamoney.co.za/,2025-11-19T03:14:38Z
9,мама,19,Dragon Mama | Geffen Playhouse | Los Angeles - Geffen Playhouse,https://www.geffenplayhouse.org/shows/dragon-mama/,2025-11-19T03:14:38Z
9,мама,20,The Rise of 'Mama' - Longreads,https://longreads.com/2015/05/10/the-rise-of-mama/,2025-11-19T03:14:38Z
10,#CryptoMarket,1,"CoinMarketCap: Cryptocurrency Prices, Charts And Market ...",https://coinmarketcap.com/,2025-11-19T03:14:42Z
10,#CryptoMarket,2,"The relationship between cryptomarket drug purchase, social ...",https://www.sciencedirect.com/science/article/pii/S0955395923003055,2025-11-19T03:14:42Z
10,#CryptoMarket,3,Order without Law: Reputation Promotes Cooperation in a ...,https://academic.oup.com/esr/article/33/6/752/4555481,2025-11-19T03:14:42Z
10,#CryptoMarket,4,Going international? Risk taking by cryptomarket drug vendors ...,https://www.sciencedirect.com/science/article/pii/S0955395916301724,2025-11-19T03:14:42Z
10,#CryptoMarket,5,Not an 'Ebay for Drugs': The Cryptomarket 'Silk Road' as a Paradigm ...,https://papers.ssrn.com/sol3/papers.cfm?abstract_id=2436643,2025-11-19T03:14:42Z
10,#CryptoMarket,6,Nonmedical prescription psychiatric drug use and the darknet: A ...,https://pubmed.ncbi.nlm.nih.gov/30772109/,2025-11-19T03:14:42Z
10,#CryptoMarket,7,"""Postal Delivery Systems and Cryptomarkets"" by Trevor Lewandowski",https://ir.library.illinoisstate.edu/etd/1928/,2025-11-19T03:14:42Z
10,#CryptoMarket,8,Everything you always wanted to know about drug cryptomarkets ...,https://pubmed.ncbi.nlm.nih.gov/27523571/,2025-11-19T03:14:42Z
10,#CryptoMarket,9,Online Illegal Cryptomarkets | Annual Reviews,https://www.annualreviews.org/content/journals/10.1146/annurev-soc-090523-052916,2025-11-19T03:14:42Z
10,#CryptoMarket,10,Will growth in cryptomarket drug buying increase the harms of illicit ...,https://pubmed.ncbi.nlm.nih.gov/28766792/,2025-11-19T03:14:42Z
10,#CryptoMarket,11,Africa's Growing Crypto Market Needs Better Regulations,https://www.imf.org/en/blogs/articles/2022/11/22/africas-growing-crypto-market-needs-better-regulations,2025-11-19T03:14:42Z
10,#CryptoMarket,12,CoinDesk: The Clock Is Ticking on Crypto Market Structure ...,https://financialservices.house.gov/news/documentsingle.aspx?DocumentID=410871,2025-11-19T03:14:42Z
10,#CryptoMarket,13,Senate Banking Committee Releases Crypto Market Structure ...,https://www.dwt.com/blogs/financial-services-law-advisor/2025/07/senate-crypto-market-structure-draft-released,2025-11-19T03:14:42Z
10,#CryptoMarket,14,"Cryptocurrency exchange: news, prices and more | CryptoMarket",https://www.cryptomkt.com/,2025-11-19T03:14:42Z
10,#CryptoMarket,15,Vulnerability-CoVaR: investigating the crypto-market,https://www.tandfonline.com/doi/full/10.1080/14697688.2022.2063166,2025-11-19T03:14:42Z
10,#CryptoMarket,16,CryptoMarket | FCA,https://www.fca.org.uk/news/warnings/cryptomarket,2025-11-19T03:14:42Z
10,#CryptoMarket,17,Will growth in cryptomarket drug buying increase the harms of illicit ...,https://pmc.ncbi.nlm.nih.gov/articles/PMC5947707/,2025-11-19T03:14:42Z
10,#CryptoMarket,18,Early warning signals for predicting cryptomarket vendor success ...,https://www.nature.com/articles/s41598-024-67115-5,2025-11-19T03:14:42Z
10,#CryptoMarket,19,June 2018 – Spain: Fentanyl analogues identified in cryptomarket ...,https://www.unodc.org/LSS/announcement/Details/fe0c8be2-d855-4a41-be99-18824d7a7bb5,2025-11-19T03:14:42Z
10,#CryptoMarket,20,Crypto Market Review (Q3 2025) | Bitwise Investments,https://bitwiseinvestments.com/crypto-market-insights/crypto-market-review-q3-2025,2025-11-19T03:14:42Z
11,Europe,1,Europe - Wikipedia,https://en.wikipedia.org/wiki/Europe,2025-11-19T03:14:46Z
11,Europe,2,europetheband.com: EUROPE | Official Website,https://www.europetheband.com/,2025-11-19T03:14:46Z
11,Europe,3,Fi Europe 2025 | The Leading Global Food Ingredients Event,https://www.figlobal.com/europe/en/home.html,2025-11-19T03:14:46Z
11,Europe,4,Europe PMC: Home,https://europepmc.org/,2025-11-19T03:14:46Z
11,Europe,5,Horizon Europe - Research and innovation - European Commission,https://research-and-innovation.ec.europa.eu/funding/funding-opportunities/funding-programmes-and-open-calls/horizon-europe_en,2025-11-19T03:14:46Z
11,Europe,6,"The Council of Europe: guardian of Human Rights, Democracy and ...",https://www.coe.int/en/web/portal,2025-11-19T03:14:46Z
11,Europe,7,Europe | The Guardian,https://www.theguardian.com/world/europe-news,2025-11-19T03:14:46Z
11,Europe,8,"Rick Steves Europe: Tours, Travel, TV & Vacations",https://www.ricksteves.com/,2025-11-19T03:14:46Z
11,Europe,9,CAN Europe: Home,https://caneurope.org/,2025-11-19T03:14:46Z
11,Europe,10,Enlit Europe 18-20 November 2025 - Energy Transition Event,https://www.enlit-europe.com/,2025-11-19T03:14:46Z
11,Europe,11,ICLEI Europe •• Home,https://iclei-europe.org/,2025-11-19T03:14:46Z
11,Europe,12,"Europe | History, Countries, Map, & Facts | Britannica",https://www.britannica.com/place/Europe,2025-11-19T03:14:46Z
11,Europe,13,Science Europe,https://scienceeurope.org/,2025-11-19T03:14:46Z
11,Europe,14,Open Research Europe | Open Access Publishing Platform | Beyond ...,https://open-research-europe.ec.europa.eu/,2025-11-19T03:14:46Z
11,Europe,15,Europe,https://www.facebook.com/europetheband/,2025-11-19T03:14:46Z
11,Europe,16,Train tickets in Europe - Search & Book on Rail Europe,https://www.raileurope.com/en-us,2025-11-19T03:14:46Z
11,Europe,17,Home | Making Europe a Wilder Place,https://rewildingeurope.com/,2025-11-19T03:14:46Z
11,Europe,18,"MedTech Europe, from diagnosis to cure - Homepage",https://www.medtecheurope.org/,2025-11-19T03:14:46Z
11,Europe,19,The Best Business School in China | China Europe International ...,https://www.ceibs.edu/,2025-11-19T03:14:46Z
11,Europe,20,Vaccines Europe: Home,https://www.vaccineseurope.eu/,2025-11-19T03:14:46Z
12,#ItsAces,1,I WANNA SEE MY LITTLE BOY! ( h e r e h e c o m e s ...,https://x.com/YeetMyAsthma/status/1990759377184411898,2025-11-19T03:14:51Z
12,#ItsAces,2,WHO WOULDNT TRUST THAT FACE #SaveDeadBoyDetectives ...,https://x.com/YeetMyAsthma/status/1990759882073780324,2025-11-19T03:14:51Z
12,#ItsAces,3,"""it's really sweet and explicit."" #SaveDeadBoyDetectives #ItsAces",https://x.com/LA_HARUCHAN/status/1990213472576037275,2025-11-19T03:14:51Z
12,#ItsAces,4,"All I can hear here is ""It keeps her young"" in Lukas' voice. Had to go ...",https://x.com/superlc529/status/1990500138717229210,2025-11-19T03:14:51Z
12,#ItsAces,5,"Love a bit of falling imagery, me. #SaveDeadBoyDetectives #ItsAces",https://x.com/Lundlaeva/status/1990506480555208832,2025-11-19T03:14:51Z
12,#ItsAces,6,Evening voting reminder #SaveDeadBoyDetectives #ItsAces,https://x.com/fan_a_tink/status/1990537454324232384,2025-11-19T03:14:51Z
12,#ItsAces,7,Esther being hit with her brilliantly evil idea gets my vote on this one ...,https://x.com/superlc529/status/1990499669907288450,2025-11-19T03:14:51Z
12,#ItsAces,8,Rapidly aging Esther got my vote on this one. You gotta look at the ...,https://x.com/superlc529/status/1990499291912417411,2025-11-19T03:14:51Z
12,#ItsAces,9,#SaveDeadBoyDetectives #ItsAces,https://x.com/yeetthedragon/status/1990335890787537044/photo/1,2025-11-19T03:14:51Z
12,#ItsAces,10,voting for the 1st one because ahhhh wanting something forbidden ...,https://x.com/YeetMyAsthma/status/1990759655291957370,2025-11-19T03:14:51Z
12,#ItsAces,11,#SaveDeadBoyDetectives #ItsAces,https://x.com/fan_a_tink/status/1990428310879236138,2025-11-19T03:14:51Z
12,#ItsAces,12,not the consequences of his actions and choices he had made... the ...,https://x.com/YeetMyAsthma/status/1990760343971488080,2025-11-19T03:14:51Z
12,#ItsAces,13,#SaveDeadBoyDetectives #ItsAces,https://x.com/fan_a_tink/status/1990427274701602876,2025-11-19T03:14:51Z
12,#ItsAces,14,#SaveDeadBoyDetectives #ItsAces,https://x.com/fan_a_tink/status/1990428187482821118,2025-11-19T03:14:51Z
12,#ItsAces,15,#SaveDeadBoyDetectives #ItsAces,https://x.com/fan_a_tink/status/1990427959987982838,2025-11-19T03:14:51Z
12,#ItsAces,16,Edwin and Niko so precious to me ❤️ #ItsAces ...,https://x.com/adskayapanda/status/1990361752324931751,2025-11-19T03:14:51Z
12,#ItsAces,17,#SaveDeadBoyDetectives #ItsAces,https://x.com/fan_a_tink/status/1990833047625695638,2025-11-19T03:14:51Z
12,#ItsAces,18,#SaveDeadBoyDetectives #ItsAces,https://x.com/fan_a_tink/status/1990833030873669955,2025-11-19T03:14:51Z
12,#ItsAces,19,#SaveDeadBoyDetectives #ItsAces,https://x.com/fan_a_tink/status/1990428071762010379,2025-11-19T03:14:51Z
12,#ItsAces,20,#SaveDeadBoyDetectives #ItsAces,https://x.com/fan_a_tink/status/1990427268011761941,2025-11-19T03:14:51Z
13,Christmas,1,Christmas - Wikipedia,https://en.wikipedia.org/wiki/Christmas,2025-11-19T03:14:55Z
13,Christmas,2,Google Santa Tracker,https://santatracker.google.com/,2025-11-19T03:14:55Z
13,Christmas,3,r/Christmas - Happy Holidays!,https://www.reddit.com/r/christmas/,2025-11-19T03:14:55Z
13,Christmas,4,Christmas Spectacular | The Rockettes,https://www.rockettes.com/christmas/,2025-11-19T03:14:55Z
13,Christmas,5,Shop Christmas.com For The Largest Selection Of Christmas ...,https://christmas.com/,2025-11-19T03:14:55Z
13,Christmas,6,Operation Christmas Child | Shoebox Outreach of Samaritan's Purse,https://www.samaritanspurse.org/what-we-do/operation-christmas-child/,2025-11-19T03:14:55Z
13,Christmas,7,Christmas in The Wizarding World of Harry Potter™ | Universal ...,http://www.universalstudioshollywood.com/web/en/us/things-to-do/events-and-seasonal-activities/christmas-in-the-wizarding-world-of-harry-potter,2025-11-19T03:14:55Z
13,Christmas,8,Audubon Christmas Bird Count | Audubon,https://www.audubon.org/community-science/christmas-bird-count,2025-11-19T03:14:55Z
13,Christmas,9,Rockefeller Center Christmas Tree Lighting | NYC Winter Events,https://www.rockefellercenter.com/holidays/rockefeller-center-christmas-tree/,2025-11-19T03:14:55Z
13,Christmas,10,"Christmas | Origin, Definition, Traditions, History, & Facts | Britannica",https://www.britannica.com/topic/Christmas,2025-11-19T03:14:55Z
13,Christmas,11,Dickens Fair: Home,https://dickensfair.com/,2025-11-19T03:14:55Z
13,Christmas,12,National Christmas Tree Lighting,https://www.thenationaltree.org/,2025-11-19T03:14:55Z
13,Christmas,13,A Longwood Christmas | Longwood Gardens,https://longwoodgardens.org/gardens/our-seasons/longwood-christmas,2025-11-19T03:14:55Z
13,Christmas,14,"Christmas Village in Philadelphia | Nov 22 - Dec 24, 2025",http://www.philachristmas.com/index.html,2025-11-19T03:14:55Z
13,Christmas,15,Enchant Christmas: Home,https://www.enchantchristmas.com/,2025-11-19T03:14:55Z
13,Christmas,16,Michael Christmas (@michaelchristmas) • Instagram photos and ...,https://www.instagram.com/michaelchristmas/,2025-11-19T03:14:55Z
13,Christmas,17,National Christmas Tree Association,https://realchristmastrees.org/,2025-11-19T03:14:55Z
13,Christmas,18,Christmas Tree Stroll - Holiday Events | Disney Springs,https://www.disneysprings.com/entertainment/christmas-tree-stroll,2025-11-19T03:14:55Z
13,Christmas,19,Dollywood Festivals & Events | Smoky Mountain Christmas,https://www.dollywood.com/themepark/festivals/smoky-mountain-christmas/,2025-11-19T03:14:55Z
13,Christmas,20,"History of Christmas - Origins, Traditions & Facts | HISTORY",https://www.history.com/articles/history-of-christmas,2025-11-19T03:14:55Z
14,жаль,1,"жаль - Wiktionary, the free dictionary",https://en.wiktionary.org/wiki/%D0%B6%D0%B0%D0%BB%D1%8C,2025-11-19T03:14:59Z
14,жаль,2,Difference between жаль and жалко : r/russian,https://www.reddit.com/r/russian/comments/cl1vn2/difference_between_%D0%B6%D0%B0%D0%BB%D1%8C_and_%D0%B6%D0%B0%D0%BB%D0%BA%D0%BE/,2025-11-19T03:14:59Z
14,жаль,3,Саша Жаль (@zhalsasha) • Instagram photos and videos,https://www.instagram.com/zhalsasha/?hl=en,2025-11-19T03:14:59Z
14,жаль,4,Can I use «мне жаль» for things that weren't my fault? : r/russian,https://www.reddit.com/r/russian/comments/ulsftu/can_i_use_%D0%BC%D0%BD%D0%B5_%D0%B6%D0%B0%D0%BB%D1%8C_for_things_that_werent_my_fault/,2025-11-19T03:14:59Z
14,жаль,5,"жаль pronunciation: How to pronounce жаль in Russian, Ukrainian ...",https://forvo.com/word/%D0%B6%D0%B0%D0%BB%D1%8C/,2025-11-19T03:14:59Z
14,жаль,6,жаль — Викисловарь,https://ru.wiktionary.org/wiki/%D0%B6%D0%B0%D0%BB%D1%8C,2025-11-19T03:14:59Z
14,жаль,7,жаль - Перевод на английский - примеры русский | Reverso Context,https://context.reverso.net/%D0%BF%D0%B5%D1%80%D0%B5%D0%B2%D0%BE%D0%B4/%D1%80%D1%83%D1%81%D1%81%D0%BA%D0%B8%D0%B9-%D0%B0%D0%BD%D0%B3%D0%BB%D0%B8%D0%B9%D1%81%D0%BA%D0%B8%D0%B9/%D0%B6%D0%B0%D0%BB%D1%8C,2025-11-19T03:14:59Z
14,жаль,8,Так Жаль | Undertale Вики | Fandom,https://undertale.fandom.com/ru/wiki/%D0%A2%D0%B0%D0%BA_%D0%96%D0%B0%D0%BB%D1%8C,2025-11-19T03:14:59Z
14,жаль,9,Театральная компания «Разговоры». Инклюзивный мюзикл ...,https://alexandrinsky.ru/afisha-i-bilety/spektakl-zhal-chto-tebya-zdes-net/,2025-11-19T03:14:59Z
14,жаль,10,"Хмеля не жаль, магазин разливного пива, Картель, 38-й комплекс ...",https://2gis.ru/nabchelny/firm/4081915443551366,2025-11-19T03:14:59Z
14,жаль,11,"Жаль, нет ружья — Википедия","https://ru.wikipedia.org/wiki/%D0%96%D0%B0%D0%BB%D1%8C,_%D0%BD%D0%B5%D1%82_%D1%80%D1%83%D0%B6%D1%8C%D1%8F",2025-11-19T03:14:59Z
14,жаль,12,"Хинкали не жаль, имени Героя Советского Союза Трофимова ...",https://2gis.ru/biysk/firm/70000001057674164,2025-11-19T03:14:59Z
14,жаль,13,Мне очень жаль - Single by Various Artists | Spotify,https://open.spotify.com/album/7v0Nlk4xevRBoVNSGYjPZl,2025-11-19T03:14:59Z
14,жаль,14,"Лука не жаль, кафе, Северский парк, Коммунистический проспект ...",https://2gis.ru/seversk/firm/70000001048005750,2025-11-19T03:14:59Z
14,жаль,15,"«Мне жаль» и «прости», в чем разница?",https://www.b17.ru/article/495646/,2025-11-19T03:14:59Z
14,жаль,16,"Аджики не жаль в Новосибирске на карте: телефоны, отзывы ...",https://2gis.ru/novosibirsk/search/%D0%90%D0%B4%D0%B6%D0%B8%D0%BA%D0%B8%20%D0%BD%D0%B5%20%D0%B6%D0%B0%D0%BB%D1%8C,2025-11-19T03:14:59Z
14,жаль,17,Как жаль её развратницей назвать — Википедия,https://ru.wikipedia.org/wiki/%D0%9A%D0%B0%D0%BA_%D0%B6%D0%B0%D0%BB%D1%8C_%D0%B5%D1%91_%D1%80%D0%B0%D0%B7%D0%B2%D1%80%D0%B0%D1%82%D0%BD%D0%B8%D1%86%D0%B5%D0%B9_%D0%BD%D0%B0%D0%B7%D0%B2%D0%B0%D1%82%D1%8C,2025-11-19T03:14:59Z
14,жаль,18,«жаль» в словарях портала | Поиск по Грамоте,https://gramota.ru/poisk?query=%D0%B6%D0%B0%D0%BB%D1%8C&mode=slovari,2025-11-19T03:14:59Z
14,жаль,19,"Аджики Не Жаль, Новосибирск - фото ресторана - Tripadvisor",https://www.tripadvisor.ru/Restaurant_Review-g298529-d6953972-Reviews-Adzhikinezhal-Novosibirsk_Novosibirsky_District_Novosibirsk_Oblast_Siberian_Distr.html,2025-11-19T03:14:59Z
14,жаль,20,Жаль|Справочник по пунктуации | Грамота.ру – справочный портал,https://gramota.ru/biblioteka/spravochniki/spravochnik-po-punktuatsii/zhal,2025-11-19T03:14:59Z
15,Western,1,Western Washington University - Bellingham,https://www.wwu.edu/,2025-11-19T03:15:04Z
15,Western,2,Western Union,https://www.westernunion.com/us/en/home.html,2025-11-19T03:15:04Z
15,Western,3,Snowplows & Spreaders | WESTERN® Snow & Ice Control,https://westernplows.com/,2025-11-19T03:15:04Z
15,Western,4,Western Technical College | The affordable path to a great career ...,https://www.westerntc.edu/,2025-11-19T03:15:04Z
15,Western,5,Western Michigan University | Pursue your purpose - Kalamazoo,https://wmich.edu/,2025-11-19T03:15:04Z
15,Western,6,Western University of Health Sciences - Pomona,https://www.westernu.edu/,2025-11-19T03:15:04Z
15,Western,7,Western Illinois University - Your potential. Our purpose.,https://www.wiu.edu/,2025-11-19T03:15:04Z
15,Western,8,Western Carolina University,https://www.wcu.edu/,2025-11-19T03:15:04Z
15,Western,9,Western Connecticut State University - Danbury,https://www.wcsu.edu/,2025-11-19T03:15:04Z
15,Western,10,Western Kentucky University: WKU - Bowling Green,https://www.wku.edu/,2025-11-19T03:15:04Z
15,Western,11,Western Colorado University - Gunnison,https://western.edu/,2025-11-19T03:15:04Z
15,Western,12,Western (genre) - Wikipedia,https://en.wikipedia.org/wiki/Western_(genre),2025-11-19T03:15:04Z
15,Western,13,Western Governors University – Online College,https://www.wgu.edu/,2025-11-19T03:15:04Z
15,Western,14,Save On Tuition | Western Undergraduate Exchange (WUE),https://www.wiche.edu/tuition-savings/wue/,2025-11-19T03:15:04Z
15,Western,15,Western Window Systems,https://westernwindowsystems.com/,2025-11-19T03:15:04Z
15,Western,16,"Western Wyoming Community College | Rock Springs, WY",https://www.westernwyoming.edu/,2025-11-19T03:15:04Z
15,Western,17,"WESTERN - Western Oklahoma State College | Altus, OK",https://www.wosc.edu/,2025-11-19T03:15:04Z
15,Western,18,Western Rise: Gear For The Escape,https://westernrise.com/,2025-11-19T03:15:04Z
15,Western,19,WICHE: Home,https://www.wiche.edu/,2025-11-19T03:15:04Z
15,Western,20,Best Western Hotels - Book Online For The Lowest Rate,https://www.bestwestern.com/en_US.html,2025-11-19T03:15:04Z
16,Mike,1,(@mikelikesrap) • Instagram photos and videos,https://www.instagram.com/mikelikesrap/?hl=en,2025-11-19T03:15:08Z
16,Mike,2,The Official Mike Keneally Website - keneally dot com,https://www.keneally.com/,2025-11-19T03:15:08Z
16,Mike,3,mike. (@justmike) • Instagram photos and videos,https://www.instagram.com/justmike/?hl=en,2025-11-19T03:15:08Z
16,Mike,4,MIKE (@t6mikee) / Posts / X,https://x.com/t6mikee?lang=en,2025-11-19T03:15:08Z
16,Mike,5,Mike Industries » A running commentary of occasionally interesting ...,http://www.mikeindustries.com/,2025-11-19T03:15:08Z
16,Mike,6,"Phoenix Wedding Photographer | Mike Olbinski Photography, Llc",https://www.mikeolbinski.com/,2025-11-19T03:15:08Z
16,Mike,7,mike. - YouTube,https://www.youtube.com/channel/UCISUBBsZSMpUGO8OcqAvGhA,2025-11-19T03:15:08Z
16,Mike,8,MIKE | Spotify,https://open.spotify.com/artist/1wlzPS1hSNrkriIIwLFTmU,2025-11-19T03:15:08Z
16,Mike,9,"Stream MIKE music | Listen to songs, albums, playlists for free on ...",https://soundcloud.com/t6mikee,2025-11-19T03:15:08Z
16,Mike,10,Mike McCready,https://www.facebook.com/MikeMcCreadyPJ/,2025-11-19T03:15:08Z
16,Mike,11,MIKE DOUGHTY,https://www.mikedoughty.com/,2025-11-19T03:15:08Z
16,Mike,12,Mike McQuaid | Fractional CTO and Homebrew Project Leader,https://mikemcquaid.com/,2025-11-19T03:15:08Z
16,Mike,13,mike watt's hoot page,https://hootpage.com/,2025-11-19T03:15:08Z
16,Mike,14,Mike Michalowicz - Small Business Author,https://mikemichalowicz.com/,2025-11-19T03:15:08Z
16,Mike,15,Mike (musician) - Wikipedia,https://en.wikipedia.org/wiki/Mike_(musician),2025-11-19T03:15:08Z
16,Mike,16,Mike Dauber | General Partner | Amplify Partners,https://amplifypartners.com/team/mike-dauber,2025-11-19T03:15:08Z
16,Mike,17,Music | MIKE,https://mikelikesrap.bandcamp.com/,2025-11-19T03:15:08Z
16,Mike,18,Mike Cohn - Pioneering Agile Excellence | Best-Selling Author ...,https://www.linkedin.com/in/mikewcohn,2025-11-19T03:15:08Z
16,Mike,19,Mike Stern - The Official Site,https://www.mikestern.org/,2025-11-19T03:15:08Z
16,Mike,20,Mike Giant.com | Aspiring Renaissance Man | OG | Homepage,https://www.mikegiant.com/,2025-11-19T03:15:08Z
17,переходите по ссылке,1,переходите по ссылке – контексты и примеры употребления в ...,https://www.translate.ru/%D0%BA%D0%BE%D0%BD%D1%82%D0%B5%D0%BA%D1%81%D1%82%D1%8B/%D1%80%D1%83%D1%81%D1%81%D0%BA%D0%B8%D0%B9-%D0%B0%D0%BD%D0%B3%D0%BB%D0%B8%D0%B9%D1%81%D0%BA%D0%B8%D0%B9/%D0%BF%D0%B5%D1%80%D0%B5%D1%85%D0%BE%D0%B4%D0%B8%D1%82%D0%B5%20%D0%BF%D0%BE%20%D1%81%D1%81%D1%8B%D0%BB%D0%BA%D0%B5,2025-11-19T03:15:12Z
17,переходите по ссылке,2,"Не переходите по ссылкам, которые люди постят в чате! : r ...",https://www.reddit.com/r/FORTnITE/comments/9jr7zo/dont_click_any_links_that_people_post_in_the_chat/?tl=ru,2025-11-19T03:15:12Z
17,переходите по ссылке,3,Совет 5: Не переходите по сомнительным ссылкам и не ...,https://www.givaudan.com/specials/infosec-ru/tip-05,2025-11-19T03:15:12Z
17,переходите по ссылке,4,Google Maps больше не переходит по ссылкам через браузер : r ...,https://www.reddit.com/r/GoogleMaps/comments/1c1i653/google_maps_no_longer_linking_through_browser/?tl=ru,2025-11-19T03:15:12Z
17,переходите по ссылке,5,Не переходит по ссылке - Google Calendar Community,https://support.google.com/calendar/thread/384383690/%D0%9D%D0%B5-%D0%BF%D0%B5%D1%80%D0%B5%D1%85%D0%BE%D0%B4%D0%B8%D1%82-%D0%BF%D0%BE-%D1%81%D1%81%D1%8B%D0%BB%D0%BA%D0%B5?hl=en,2025-11-19T03:15:12Z
17,переходите по ссылке,6,Курсы самообороны для женщин и девочек | Второй раунд ...,https://uz.usembassy.gov/ru/self-defense-classes-for-women-and-girls-round-two-ru/,2025-11-19T03:15:12Z
17,переходите по ссылке,7,Cтоит ли переходить по ссылке? :: Русскоязычный Форум,https://steamcommunity.com/discussions/forum/26/619568192802368324/,2025-11-19T03:15:12Z
17,переходите по ссылке,8,О проекте Агродиктант,https://xn--80aaieumwdryc.xn--p1ai/about,2025-11-19T03:15:12Z
17,переходите по ссылке,9,Решено - Не переходит по ссылкам в чате | Rubukkit - свой ...,https://rubukkit.org/threads/ne-perexodit-po-ssylkam-v-chate.57414/,2025-11-19T03:15:12Z
17,переходите по ссылке,10,Опрос медицинских работников по вопросам условий труда и ...,https://nk.onf.ru/surveys/MEDRABOTNIKI,2025-11-19T03:15:12Z
17,переходите по ссылке,11,"Схемы мошенничества. Будьте бдительны, не переходите по ...",https://optimabank.kg/ru/news/skhemy-moshennichestva-budte-bditelny-ne-perekhodite-po-ssylkam,2025-11-19T03:15:12Z
17,переходите по ссылке,12,Проекты на голосовании,https://pos.gosuslugi.ru/lkp/project-contests/14768/35/,2025-11-19T03:15:12Z
17,переходите по ссылке,13,Получить электронный билет на выставку - YugBuild,https://www.yugbuild.com/ru-RU/visitors/e-ticket.aspx,2025-11-19T03:15:12Z
17,переходите по ссылке,14,"Схемы мошенничества. Будьте бдительны, не переходите по ...",https://optimabank.kg/index.php?option=com_newscatalog&view=article&id=6369&Itemid=680&lang=en,2025-11-19T03:15:12Z
17,переходите по ссылке,15,Переходите - Перевод на английский - примеры русский ...,https://context.reverso.net/%D0%BF%D0%B5%D1%80%D0%B5%D0%B2%D0%BE%D0%B4/%D1%80%D1%83%D1%81%D1%81%D0%BA%D0%B8%D0%B9-%D0%B0%D0%BD%D0%B3%D0%BB%D0%B8%D0%B9%D1%81%D0%BA%D0%B8%D0%B9/%D0%9F%D0%B5%D1%80%D0%B5%D1%85%D0%BE%D0%B4%D0%B8%D1%82%D0%B5,2025-11-19T03:15:12Z
17,переходите по ссылке,16,Как правильно пишется словосочетание ПЕРЕЙТИ ПО ССЫЛКЕ ...,https://kartaslov.ru/%D0%BA%D0%B0%D0%BA-%D0%BF%D1%80%D0%B0%D0%B2%D0%B8%D0%BB%D1%8C%D0%BD%D0%BE-%D0%BF%D0%B8%D1%88%D0%B5%D1%82%D1%81%D1%8F-%D1%81%D0%BB%D0%BE%D0%B2%D0%BE%D1%81%D0%BE%D1%87%D0%B5%D1%82%D0%B0%D0%BD%D0%B8%D0%B5/%D0%BF%D0%B5%D1%80%D0%B5%D0%B9%D1%82%D0%B8+%D0%BF%D0%BE+%D1%81%D1%81%D1%8B%D0%BB%D0%BA%D0%B5,2025-11-19T03:15:12Z
17,переходите по ссылке,17,Всего три шага к идеальной съемке: •переходите по ссылке в ...,https://www.instagram.com/p/DNChWJPodn0/,2025-11-19T03:15:12Z
17,переходите по ссылке,18,Не переходите по фишинговым ссылкам из сообщений в ...,https://www.belinvestbank.by/individual/press-service/news/other-news/ne-perexodite-po-fishingovym-ssylkam-iz-soobstchenij-v-messendzherax,2025-11-19T03:15:12Z
17,переходите по ссылке,19,Перейдите по ссылке»: схема мошенничества с рассылкой смс ...,https://fpa.ru/info/ne-perehodite-po-ssylke-kak-zashhititsja-ot-sms-moshennikov/,2025-11-19T03:15:12Z
17,переходите по ссылке,20,Что такое Кубышка от Тинькофф,https://www.tbank.ru/bank/help/debit-cards/tinkoff-black/additional-options/koobyshka/,2025-11-19T03:15:12Z
18,#тренды,1,"Кто-нибудь может объяснить тренд с ""размытыми"" и ...",https://www.reddit.com/r/WeddingPhotography/comments/18tyygn/can_anyone_explain_the_burry_shaky_photo_trend/?tl=ru,2025-11-19T03:15:17Z
18,#тренды,2,Google Trends,https://trends.google.com/trends/,2025-11-19T03:15:17Z
18,#тренды,3,Сделала яблочный тренд🖍️ : r/AnimalCrossing,https://www.reddit.com/r/AnimalCrossing/comments/1mcrmbg/made_the_apple_trend/?tl=ru,2025-11-19T03:15:17Z
18,#тренды,4,Google Trends,https://trends.google.ru/trends/,2025-11-19T03:15:17Z
18,#тренды,5,"Тренд - как он тебя видит. Да, в этом вся я… Счастливая по ...",https://www.instagram.com/reel/C6X7d2UCfmd/?hl=en,2025-11-19T03:15:17Z
18,#тренды,6,Модульная гостиная Тренд купить в Москве с доставкой в ...,https://www.stolplit.ru/internet-magazin/katalog-mebeli/8485-trend/,2025-11-19T03:15:17Z
18,#тренды,7,"Кухня Тренд 1,0",https://btsmebel.ru/product/kuhnya-trend-1-0/,2025-11-19T03:15:17Z
18,#тренды,8,Тренд® 90 ПАВ | FMC AG Kazakhstan,https://ag.fmc.com/kz/ru/%D0%BF%D1%80%D0%BE%D0%B4%D1%83%D0%BA%D1%82%D1%8B/%D0%B0%D0%B4%D1%8A%D1%8E%D0%B2%D0%B0%D0%BD%D1%82%D1%8B/%D1%82%D1%80%D0%B5%D0%BD%D0%B4-90-%D0%BF%D0%B0%D0%B2,2025-11-19T03:15:17Z
18,#тренды,9,Как работает инструмент Тренд—ArcMap | Документация,https://desktop.arcgis.com/ru/arcmap/latest/tools/3d-analyst-toolbox/how-trend-works.htm,2025-11-19T03:15:17Z
18,#тренды,10,Керамическая плитка Тренд,https://keramin.by/produkciya/plitka/trend,2025-11-19T03:15:17Z
18,#тренды,11,Прайс-лист. ДАЛИОН: ТРЕНД,https://dalion.ru/trend_prices/,2025-11-19T03:15:17Z
18,#тренды,12,Купить фильтр-кувшин ТРЕНД карамельный капучино в Москве и ...,https://www.barrier.ru/product/filtry-kuvshiny/trend/caramel-cappuccino/,2025-11-19T03:15:17Z
18,#тренды,13,ДАЛИОН: ТРЕНД | Компания СофтБаланс,https://sb-sale.ru/catalog/programs/dalion/trend/,2025-11-19T03:15:17Z
18,#тренды,14,Межкомнатная дверь Тренд Т-1 купить в Москве по цене от 3990 ...,https://alberodoors.com/catalog/trend-t-1/,2025-11-19T03:15:17Z
18,#тренды,15,Глобальные технологические тренды. Информационный ...,https://issek.hse.ru/trendletter/,2025-11-19T03:15:17Z
18,#тренды,16,Полуботинки UVEX 2 Тренд (69378) :: Техноавиа,https://www.technoavia.ru/product/2168,2025-11-19T03:15:17Z
18,#тренды,17,Купить модульную систему хранения Тренд Selecta в Москве,https://www.8marta.ru/catalog/selecta/komod/trend.htm,2025-11-19T03:15:17Z
18,#тренды,18,Pinterest Trends,https://trends.pinterest.com/,2025-11-19T03:15:17Z
18,#тренды,19,Тренды экономического и управленческого образования 2024,https://iem.tsu.ru/science/trendy-ekonomicheskogo-i-upravlencheskogo-obrazovaniya.html,2025-11-19T03:15:17Z
18,#тренды,20,В109 Тренд 3724-02 | Славянские обои,https://oboi-slav-oboi.com/ru/91/,2025-11-19T03:15:17Z
19,давайте,1,When do I use “давай” and when “давайте” in these kind of ...,https://www.reddit.com/r/russian/comments/wa43sp/when_do_i_use_%D0%B4%D0%B0%D0%B2%D0%B0%D0%B9_and_when_%D0%B4%D0%B0%D0%B2%D0%B0%D0%B9%D1%82%D0%B5_in_these/,2025-11-19T03:15:21Z
19,давайте,2,Давайте помогать мирным жителям Украины,https://helpdesk.foundation/,2025-11-19T03:15:21Z
19,давайте,3,Давай! : r/russian,https://www.reddit.com/r/russian/comments/1deezrt/%D0%B4%D0%B0%D0%B2%D0%B0%D0%B9/,2025-11-19T03:15:21Z
19,давайте,4,"давайте - Wiktionary, the free dictionary",https://en.wiktionary.org/wiki/%D0%B4%D0%B0%D0%B2%D0%B0%D0%B9%D1%82%D0%B5,2025-11-19T03:15:21Z
19,давайте,5,ДАВАЙТЕ УВАЖАТЬ ДРУГ ДРУГА В ИНТЕРНЕТЕ,https://www.unodc.org/documents/e4j/FunCorner/ZorbLessonPlans/Zorbs_Lets_be_respectful_online_RU.pdf,2025-11-19T03:15:21Z
19,давайте,6,"давать - Wiktionary, the free dictionary",https://en.wiktionary.org/wiki/%D0%B4%D0%B0%D0%B2%D0%B0%D1%82%D1%8C,2025-11-19T03:15:21Z
19,давайте,7,Давайте свяжем вместе. Юлия Сухотеплая - YouTube,https://www.youtube.com/@vjagemVmeste,2025-11-19T03:15:21Z
19,давайте,8,"Как правильно пишется, помогите, пожалуйста Давайте или ...",https://otvet.mail.ru/question/188132764,2025-11-19T03:15:21Z
19,давайте,9,Давайте это приготовим! - YouTube,https://www.youtube.com/channel/UCLQwFn8zBbOjUV1HwjvJuDw,2025-11-19T03:15:21Z
19,давайте,10,Давайте негромко / Театр им. Евгения Вахтангова ...,https://vakhtangov.ru/show/tvorcheskiy_vecher_aleksandra_oleshko/,2025-11-19T03:15:21Z
19,давайте,11,Давайте чокнемся!,https://beltheatre.ru/event/davajte-choknemsya,2025-11-19T03:15:21Z
19,давайте,12,"Ребята, давайте жить дружно | Спектакли",https://teatrmagic.ru/performances/rebyata-davajte-zhit-druzhno/,2025-11-19T03:15:21Z
19,давайте,13,"Давайте просто поговорим - спектакли в Ижевске 2025, афиша и ...",https://izhevsk.kassir.ru/teatr/davayte-prosto-pogovorim,2025-11-19T03:15:21Z
19,давайте,14,Давайте Карбонару - О нас,https://pasteria.bar/,2025-11-19T03:15:21Z
19,давайте,15,Давайте соберёмся,https://join.mayak.help/,2025-11-19T03:15:21Z
19,давайте,16,Давайте читать хорошие книги | Facebook,https://www.facebook.com/groups/281124108763433/,2025-11-19T03:15:21Z
19,давайте,17,Сексуальное здоровье: давайте поговорим об этом! - San ...,https://www.sfhp.org/ru/?p=92767,2025-11-19T03:15:21Z
19,давайте,18,давайте — Викисловарь,https://ru.wiktionary.org/wiki/%D0%B4%D0%B0%D0%B2%D0%B0%D0%B9%D1%82%D0%B5,2025-11-19T03:15:21Z
19,давайте,19,Давай поженимся!. Первый канал,https://www.1tv.ru/shows/davay-pozhenimsya,2025-11-19T03:15:21Z
19,давайте,20,"Давайте чокнемся! - спектакль в Нижнем Новгороде, афиша и ...",https://nn.kassir.ru/teatr/davayte-choknemsya-3,2025-11-19T03:15:21Z
20,Trump,1,Donald Trump - Wikipedia,https://en.wikipedia.org/wiki/Donald_Trump,2025-11-19T03:15:25Z
20,Trump,2,The Trump Organization | Luxury Real Estate Portfolio,https://www.trump.com/,2025-11-19T03:15:25Z
20,Trump,3,President Donald J. Trump,https://www.whitehouse.gov/administration/donald-j-trump/,2025-11-19T03:15:25Z
20,Trump,4,Donald J. Trump (@realDonaldTrump) / Posts / X,https://x.com/realDonaldTrump,2025-11-19T03:15:25Z
20,Trump,5,Trump Winery,https://www.trumpwinery.com/,2025-11-19T03:15:25Z
20,Trump,6,Donald Trump | Breaking News & Latest Updates | AP News,https://apnews.com/hub/donald-trump,2025-11-19T03:15:25Z
20,Trump,7,Donald J. Trump news | CNN Politics,https://www.cnn.com/politics/president-donald-trump-47,2025-11-19T03:15:25Z
20,Trump,8,Luxury Hotels | Trump Hotels - Official Website | 5 Star Hotels,https://www.trumphotels.com/,2025-11-19T03:15:25Z
20,Trump,9,23-939 Trump v. United States (07/01/2024),https://www.supremecourt.gov/opinions/23pdf/23-939_e2pg.pdf,2025-11-19T03:15:25Z
20,Trump,10,President Donald J. Trump (@realdonaldtrump) • Instagram photos ...,https://www.instagram.com/realdonaldtrump/?hl=en,2025-11-19T03:15:25Z
20,Trump,11,President Donald J. Trump's Call with President Vladimir Putin - U.S. ...,https://ru.usembassy.gov/president-donald-j-trumps-call-with-president-vladimir-putin/,2025-11-19T03:15:25Z
20,Trump,12,Latest Donald Trump News | Top Headlines on Donald Trump ...,https://www.reuters.com/world/us/donald-trump/,2025-11-19T03:15:25Z
20,Trump,13,"Donald Trump - Breaking News, Photos and Videos | The Hill",https://thehill.com/people/donald-trump/,2025-11-19T03:15:25Z
20,Trump,14,Donald J. Trump – The White House,https://trumpwhitehouse.archives.gov/people/donald-j-trump/,2025-11-19T03:15:25Z
20,Trump,15,Listen To The Jeffrey Epstein Tapes: 'I Was Donald Trump's Closest ...,https://docs.house.gov/meetings/JU/JU08/20250227/117951/HHRG-119-JU08-20250227-SD006-U6.pdf,2025-11-19T03:15:25Z
20,Trump,16,Donald J. Trump,https://www.facebook.com/DonaldTrump/,2025-11-19T03:15:25Z
20,Trump,17,Home | Donald J. Trump,https://www.donaldjtrump.com/,2025-11-19T03:15:25Z
20,Trump,18,Donald Trump | The Guardian,https://www.theguardian.com/us-news/donaldtrump,2025-11-19T03:15:25Z
20,Trump,19,Office of the Pardon Attorney | Clemency Grants by President ...,https://www.justice.gov/pardon/clemency-grants-president-donald-j-trump-2025-present,2025-11-19T03:15:25Z
20,Trump,20,Pacito v. Trump: Challenging Trump's suspension of USRAP ...,https://refugeerights.org/news-resources/pacito-v-trump-challenging-trumps-suspension-of-usrap,2025-11-19T03:15:25Z
21,ждём,1,"ждём - Wiktionary, the free dictionary",https://en.wiktionary.org/wiki/%D0%B6%D0%B4%D1%91%D0%BC,2025-11-19T03:15:30Z
21,ждём,2,"В чём смысл асинхронных методов, если мы только и делаем ...",https://www.reddit.com/r/csharp/comments/1knb1lq/whats_the_point_of_having_async_methods_if_all_we/?tl=ru,2025-11-19T03:15:30Z
21,ждём,3,"ждать - Wiktionary, the free dictionary",https://en.wiktionary.org/wiki/%D0%B6%D0%B4%D0%B0%D1%82%D1%8C,2025-11-19T03:15:30Z
21,ждём,4,Ждём Trouble : r/dontstarve,https://www.reddit.com/r/dontstarve/comments/1ovanfa/exspectamus_trouble/?tl=ru,2025-11-19T03:15:30Z
21,ждём,5,ждать — Викисловарь,https://ru.wiktionary.org/wiki/%D0%B6%D0%B4%D0%B0%D1%82%D1%8C,2025-11-19T03:15:30Z
21,ждём,6,ЖДЁМ В ГОСТИ с Зурабом Двали - YouTube,https://www.youtube.com/playlist?list=PL2LCM5HET2HbCvQB-z-huf7yNfbm2GH9R,2025-11-19T03:15:30Z
21,ждём,7,#openkidscasting2020 Мы всё ещё ждём ваши заявки!,https://www.instagram.com/p/CIYYojlH8qd/?hl=fa,2025-11-19T03:15:30Z
21,ждём,8,ждём - Перевод на английский - примеры русский | Reverso Context,https://context.reverso.net/%D0%BF%D0%B5%D1%80%D0%B5%D0%B2%D0%BE%D0%B4/%D1%80%D1%83%D1%81%D1%81%D0%BA%D0%B8%D0%B9-%D0%B0%D0%BD%D0%B3%D0%BB%D0%B8%D0%B9%D1%81%D0%BA%D0%B8%D0%B9/%D0%B6%D0%B4%D1%91%D0%BC,2025-11-19T03:15:30Z
21,ждём,9,"Мы ждём тебя, наша маленькая принцесса Все наши ...",https://www.instagram.com/p/DMAFTJWo_Xn/,2025-11-19T03:15:30Z
21,ждём,10,Рисуем осень. Тёплой и доброй рисуем. А как же иначе? И ждём ...,https://www.facebook.com/roman.ryabtsev.official/posts/%D1%80%D0%B8%D1%81%D1%83%D0%B5%D0%BC-%D0%BE%D1%81%D0%B5%D0%BD%D1%8C-%D1%82%D1%91%D0%BF%D0%BB%D0%BE%D0%B9-%D0%B8-%D0%B4%D0%BE%D0%B1%D1%80%D0%BE%D0%B9-%D1%80%D0%B8%D1%81%D1%83%D0%B5%D0%BC-%D0%B0-%D0%BA%D0%B0%D0%BA-%D0%B6%D0%B5-%D0%B8%D0%BD%D0%B0%D1%87%D0%B5-%D0%B8-%D0%B6%D0%B4%D1%91%D0%BC-%D1%80%D0%B5%D0%BB%D0%B8%D0%B7%D0%B0-%D0%BF%D0%BE%D0%B4-%D0%B4%D0%BE%D0%B6%D0%B4%D1%91%D0%BC-%D1%80%D0%B5%D0%BB%D0%B8/1415382897254781/,2025-11-19T03:15:30Z
21,ждём,11,"Ждём тебя, парень — Википедия","https://ru.wikipedia.org/wiki/%D0%96%D0%B4%D1%91%D0%BC_%D1%82%D0%B5%D0%B1%D1%8F,_%D0%BF%D0%B0%D1%80%D0%B5%D0%BD%D1%8C",2025-11-19T03:15:30Z
21,ждём,12,"Stream Работа есть, просто мы не хотим работать, мы ждём ...",https://soundcloud.com/nettibenz/rabota-est-prosto-my-ne-khotim-rabotat-my-zhdyom-vozdushnye-temy-angels-original-mix,2025-11-19T03:15:30Z
21,ждём,13,Ждём резюме l Лайфхакер – Telegram,https://t.me/s/zdemcv?before=5754,2025-11-19T03:15:30Z
21,ждём,14,Ждём гуся | WWW.SNOWMOBILE.RU • Снегоходный форум,https://www.snowmobile.ru/forum/index.php?threads/44327/,2025-11-19T03:15:30Z
21,ждём,15,The case used with ждать / подождать | WordReference Forums,https://forum.wordreference.com/threads/the-case-used-with-%D0%B6%D0%B4%D0%B0%D1%82%D1%8C-%D0%BF%D0%BE%D0%B4%D0%BE%D0%B6%D0%B4%D0%B0%D1%82%D1%8C.2412186/,2025-11-19T03:15:30Z
21,ждём,16,орфография - Ждёмс или ждём-с? - Русский язык,https://rus.stackexchange.com/questions/436461/%D0%96%D0%B4%D1%91%D0%BC%D1%81-%D0%B8%D0%BB%D0%B8-%D0%B6%D0%B4%D1%91%D0%BC-%D1%81,2025-11-19T03:15:30Z
21,ждём,17,"Как пишется ""ждём ждем""?Просто ""ждём ждём ...",https://otvet.mail.ru/question/99499248,2025-11-19T03:15:30Z
21,ждём,18,"Новый магазин ""Польза"" открылся в Минске! Ждём Вас по ...",https://polza-shop.by/news/novyy_magazin_polza_otkrylsya_v_minske_zhdyem_vas_po_adresu_ul_chkalova_12/,2025-11-19T03:15:30Z
21,ждём,19,Ждём не дождёмся: запятая | Блог Орфограммки,https://orfogrammka.ru/%D0%B1%D0%BB%D0%BE%D0%B3/%D0%B8%D0%BD%D1%82%D0%B5%D1%80%D0%B5%D1%81%D0%BD%D0%BE%D0%B5/%D0%B6%D0%B4%D1%91%D0%BC-%D0%BD%D0%B5-%D0%B4%D0%BE%D0%B6%D0%B4%D1%91%D0%BC%D1%81%D1%8F-%D0%B7%D0%B0%D0%BF%D1%8F%D1%82%D0%B0%D1%8F/,2025-11-19T03:15:30Z
21,ждём,20,"Ждём вас в Шеф Burger! - Picture of Shef Burger, Tashkent ...",https://www.tripadvisor.com/LocationPhotoDirectLink-g293968-d25563343-i731853530-Shef_Burger-Tashkent_Tashkent_Province.html,2025-11-19T03:15:30Z
22,Эпштейна,1,"Эпштейн, Джеффри — Википедия","https://ru.wikipedia.org/wiki/%D0%AD%D0%BF%D1%88%D1%82%D0%B5%D0%B9%D0%BD,_%D0%94%D0%B6%D0%B5%D1%84%D1%84%D1%80%D0%B8",2025-11-19T03:15:34Z
22,Эпштейна,2,Досье Эпштейна: ни один человек не должен быть недосягаем ...,https://news.un.org/ru/story/2024/01/1448747,2025-11-19T03:15:34Z
22,Эпштейна,3,Палата представителей США проголосовала за раскрытие ...,https://www.bbc.com/russian/articles/cj3zk2ydlm4o,2025-11-19T03:15:34Z
22,Эпштейна,4,Jeffrey Epstein - Wikipedia,https://en.wikipedia.org/wiki/Jeffrey_Epstein,2025-11-19T03:15:34Z
22,Эпштейна,5,"Трамп, новые документы из дела Эпштейна и «книга на день ...",https://www.bbc.com/russian/articles/c98d3pq5ryvo,2025-11-19T03:15:34Z
22,Эпштейна,6,АмплиСенс® EBV-скрин/монитор-FL. Выявление и ...,https://www.amplisens.ru/catalog/4-nabory-reagentov-dlya-ptsrdiagnostiki-infektsionnykh-bolezney-cheloveka/46-gerpesvirusnye-infektsii/amplisens-ebvskrinmonitorfl-vyyavlenie-i-kolichestvennoe-opredelenie-dnk-virusa-epshteyna-barr/,2025-11-19T03:15:34Z
22,Эпштейна,7,"Трамп призвал опубликовать ""файлы Эпштейна"" – DW – 17.11 ...",https://www.dw.com/ru/tramp-prizval-respublikancev-podderzat-zakonoproekt-demokratov-o-raskrytii-fajlov-epstejna/a-74778232,2025-11-19T03:15:34Z
22,Эпштейна,8,"Вирус Эпштейна-Барр — причины появления, симптомы ...",https://www.ckbran.ru/cure/immunology/virus-epshteyna-barr,2025-11-19T03:15:34Z
22,Эпштейна,9,Палата представителей США проголосовала за раскрытие всех ...,https://www.rbc.ru/politics/18/11/2025/691c98e69a794708fb93355c,2025-11-19T03:15:34Z
22,Эпштейна,10,Инфекционный мононуклеоз: Вирус Эпштейна-Барр (вирус ...,https://invitro.kz/analizes/for-doctors/563/,2025-11-19T03:15:34Z
22,Эпштейна,11,Эпштейн - Барр вирусная инфекция (инфекционный ...,https://unilab.su/services/analyses/khabarovsk/195/,2025-11-19T03:15:34Z
22,Эпштейна,12,Антитела (Ig G) к ядерному белку вируса Эпштейна-Барр - от ...,https://cdmed.ru/analyze/sankt-peterburg/antitela-ig-g-k-yadernomu-belku-virusa-epshteyna-barr/,2025-11-19T03:15:34Z
22,Эпштейна,13,Медицинский центр - Асклепий Вирус Эпштейна–Барр (EBV ...,https://asklepiy-dv.ru/services/laboratory/pcr-diagnostika/52-virusnye-infekcii/52-8/,2025-11-19T03:15:34Z
22,Эпштейна,14,Mikhail Epstein,https://www.facebook.com/mikhail.epstein/,2025-11-19T03:15:34Z
22,Эпштейна,15,"Хронический вирус Эпштейна Барр - причины, симптомы ...",https://www.onclinic.ru/khronicheskiy-virus-epshteyna-barr/,2025-11-19T03:15:34Z
22,Эпштейна,16,"Вирус Эпштейна-Барр – симптомы, причины, лечение",https://mrtpetrograd.ru/stati/zabolevaniya/virus-epshtejn-barra,2025-11-19T03:15:34Z
22,Эпштейна,17,"Эпштейна-Барр вирус (Epstein Barr virus, EBV), антитела IgG к ...",https://nikolab.com.ua/prices/1186-2/,2025-11-19T03:15:34Z
22,Эпштейна,18,"Вирус Эпштейн-Барр — Симптомы, признаки, диагностика ...",https://h-clinic.ru/articles/infektsiya-vyzvannaya-virusom-epshteyna-barr-mify-i-realnost/,2025-11-19T03:15:34Z
22,Эпштейна,19,"Анализ к капсидному антигену вируса Эпштейна-Барр, сдать ...",https://dnkom.ru/analizy-i-tseny/polovye-i-torch-infektsii/antitela-k-kapsidnomu-antigenu-virusa-epshteyna-barr-lgg-ebv-vca-lgg/,2025-11-19T03:15:34Z
22,Эпштейна,20,Вирус эпштейна-барр - Анализы и цены,https://smartlab.ua/ru/analize/diagnostika-torch-infekcij/virus-epshtejna-barr,2025-11-19T03:15:34Z
23,насколько,1,Насколько похожи испанский и португальский? : r/Portuguese,https://www.reddit.com/r/Portuguese/comments/u0h8yo/how_similar_are_spanish_and_portuguese/?tl=ru,2025-11-19T03:15:38Z
23,насколько,2,"Насколько прочны MacBook, по твоему опыту? : r/macbook",https://www.reddit.com/r/macbook/comments/1dutcc0/how_durable_are_macbooks_in_your_experience/?tl=ru,2025-11-19T03:15:38Z
23,насколько,3,Насколько на самом деле небезопасно в Колумбии? : r/backpacking,https://www.reddit.com/r/backpacking/comments/1b4len5/how_unsafe_is_colombia_really/?tl=ru,2025-11-19T03:15:38Z
23,насколько,4,Вопрос: Насколько редок четырёхлистный клевер? Не уверен ...,https://www.reddit.com/r/botany/comments/13jhvad/question_how_rare_is_a_6_leaf_clover_unsure_how/?tl=ru,2025-11-19T03:15:38Z
23,насколько,5,Насколько точно Apple Watch считает сожжённые калории? : r ...,https://www.reddit.com/r/AppleWatch/comments/ulxb0w/how_accurate_is_the_apple_watch_for_calories/?tl=ru,2025-11-19T03:15:38Z
23,насколько,6,Насколько острая кимчи?? : r/KoreanFood,https://www.reddit.com/r/KoreanFood/comments/y9g9y9/how_spicy_is_kimchi/?tl=ru,2025-11-19T03:15:38Z
23,насколько,7,Насколько сложно выучить корейский? : r/Korean,https://www.reddit.com/r/Korean/comments/r810mt/how_hard_is_it_to_learn_korean/?tl=ru,2025-11-19T03:15:38Z
23,насколько,8,Насколько сложно научиться играть на пианино? Стоит ли оно ...,https://www.reddit.com/r/piano/comments/13pvo8g/how_hard_is_it_to_learn_piano_is_it_worth_it/?tl=ru,2025-11-19T03:15:38Z
23,насколько,9,Насколько сложна эта игра? : r/HollowKnight,https://www.reddit.com/r/HollowKnight/comments/ny8g4z/how_difficult_is_this_game/?tl=ru,2025-11-19T03:15:38Z
23,насколько,10,Насколько точны результаты InBody? : r/Fitness,https://www.reddit.com/r/Fitness/comments/duipup/how_accurate_are_the_inbody_tests/?tl=ru,2025-11-19T03:15:38Z
23,насколько,11,"Ладно, серьёзно, насколько силён Супермен? : r/superman",https://www.reddit.com/r/superman/comments/18bkguy/ok_seriously_how_strong_is_superman/?tl=ru,2025-11-19T03:15:38Z
23,насколько,12,Насколько сложно восхождение на Эверест? : r/Mountaineering,https://www.reddit.com/r/Mountaineering/comments/rxuan0/how_hard_is_climbing_everest/?tl=ru,2025-11-19T03:15:38Z
23,насколько,13,Насколько умны богомолы? : r/Entomology,https://www.reddit.com/r/Entomology/comments/u1m4iw/how_intelligent_are_mantises/?tl=ru,2025-11-19T03:15:38Z
23,насколько,14,Насколько латынь похожа на современный итальянский? : r/latin,https://www.reddit.com/r/latin/comments/smnc3t/how_similar_is_latin_to_modern_italian/?tl=ru,2025-11-19T03:15:38Z
23,насколько,15,Насколько точно измеряют звук приложения для телефонов? : r ...,https://www.reddit.com/r/audioengineering/comments/1hxsmnn/how_accurate_are_cellphone_sound_measuring_apps/?tl=ru,2025-11-19T03:15:38Z
23,насколько,16,Насколько хорош Windows Defender? : r/antivirus,https://www.reddit.com/r/antivirus/comments/1evwgcu/how_good_is_windows_defender/?tl=ru,2025-11-19T03:15:38Z
23,насколько,17,Насколько важно шифрование диска? : r/archlinux,https://www.reddit.com/r/archlinux/comments/1aihaep/how_important_is_disk_encryption/?tl=ru,2025-11-19T03:15:38Z
23,насколько,18,Насколько на самом деле сложна Master of Puppets (Metallica ...,https://www.reddit.com/r/guitarlessons/comments/y0r7s0/how_actually_hard_is_master_of_puppets_metallica/?tl=ru,2025-11-19T03:15:38Z
23,насколько,19,"Насколько точны Apple Watch? Я надела их сегодня впервые, и я ...",https://www.reddit.com/r/AppleWatch/comments/1ijaq11/how_accurate_is_the_apple_watch_i_wore_it_for_the/?tl=ru,2025-11-19T03:15:38Z
23,насколько,20,"Мне интересно узнать, насколько острая лапша Buldak ...",https://www.reddit.com/r/InstantRamen/comments/1i27vzi/im_interested_to_know_what_how_spicy_buldak/?tl=ru,2025-11-19T03:15:38Z
24,Трампа,1,"Трамп, Дональд — Википедия","https://ru.wikipedia.org/wiki/%D0%A2%D1%80%D0%B0%D0%BC%D0%BF,_%D0%94%D0%BE%D0%BD%D0%B0%D0%BB%D1%8C%D0%B4",2025-11-19T03:15:43Z
24,Трампа,2,Donald Trump - Wikipedia,https://en.wikipedia.org/wiki/Donald_Trump,2025-11-19T03:15:43Z
24,Трампа,3,Выступление президента Дональда Трампа на 80-й сессии ...,https://www.state.gov/translations/%D1%80%D1%83%D1%81%D1%81%D0%BA%D0%B8%D0%B9/%D0%B2%D1%8B%D1%81%D1%82%D1%83%D0%BF%D0%BB%D0%B5%D0%BD%D0%B8%D0%B5-%D0%BF%D1%80%D0%B5%D0%B7%D0%B8%D0%B4%D0%B5%D0%BD%D1%82%D0%B0-%D0%B4%D0%BE%D0%BD%D0%B0%D0%BB%D1%8C%D0%B4%D0%B0-%D1%82%D1%80%D0%B0,2025-11-19T03:15:43Z
24,Трампа,4,Принцип Президента Трампа - «Мир посредством силы ...,https://ru.usembassy.gov/ru/president-trump-is-leading-with-peace-through-strength-ru/,2025-11-19T03:15:43Z
24,Трампа,5,Комплексный план президента Дональда Трампа по ...,https://www.state.gov/translations/%D1%80%D1%83%D1%81%D1%81%D0%BA%D0%B8%D0%B9/%D0%BA%D0%BE%D0%BC%D0%BF%D0%BB%D0%B5%D0%BA%D1%81%D0%BD%D1%8B%D0%B9-%D0%BF%D0%BB%D0%B0%D0%BD-%D0%BF%D1%80%D0%B5%D0%B7%D0%B8%D0%B4%D0%B5%D0%BD%D1%82%D0%B0-%D0%B4%D0%BE%D0%BD%D0%B0%D0%BB%D1%8C%D0%B4,2025-11-19T03:15:43Z
24,Трампа,6,Что вам нужно знать о запрете Трампа на поездки в июне 2025 ...,https://legalaidnyc.org/ru/%D0%BF%D0%BE%D0%BB%D1%83%D1%87%D0%B8%D1%82%D1%8C-%D0%BF%D0%BE%D0%BC%D0%BE%D1%89%D1%8C/%D0%B8%D0%BC%D0%BC%D0%B8%D0%B3%D1%80%D0%B0%D1%86%D0%B8%D0%BE%D0%BD%D0%BD%D0%B0%D1%8F-%D0%B4%D0%B5%D0%BF%D0%BE%D1%80%D1%82%D0%B0%D1%86%D0%B8%D1%8F/%D1%87%D1%82%D0%BE-%D0%B2%D0%B0%D0%BC-%D0%BD%D1%83%D0%B6%D0%BD%D0%BE-%D0%B7%D0%BD%D0%B0%D1%82%D1%8C-%D0%BE-%D0%B7%D0%B0%D0%BF%D1%80%D0%B5%D1%82%D0%B5-%D0%BD%D0%B0-%D0%BF%D0%BE%D0%B5%D0%B7%D0%B4%D0%BA%D0%B8-%D0%A2%D1%80%D0%B0%D0%BC%D0%BF%D0%B0-2025/,2025-11-19T03:15:43Z
24,Трампа,7,Выдержки из инаугурационной речи президента Дональда ...,https://ru.usembassy.gov/ru/president-donald-trumps-inaugural-address-ru/,2025-11-19T03:15:43Z
24,Трампа,8,Атрибуты вместо смыслов. Каковы итоги встречи Трампа и ...,https://www.bbc.com/russian/articles/cd9jz0yj7e7o,2025-11-19T03:15:43Z
24,Трампа,9,Отработано на Кабуле. К чему привела предыдущая ресурсная ...,https://carnegieendowment.org/russia-eurasia/politika/2025/04/afghanistan-usa-rare-earth-deal?lang=ru,2025-11-19T03:15:43Z
24,Трампа,10,"Женщина, объявившая войну Трампу. Кто такая Нэнси Пелоси ...",https://www.bbc.com/russian/features-51511144,2025-11-19T03:15:43Z
24,Трампа,11,Маршал торговой войны. Как взгляды Питера Наварро влияют ...,https://carnegieendowment.org/russia-eurasia/politika/2025/04/navarro-advise-foreign-policy?lang=ru,2025-11-19T03:15:43Z
24,Трампа,12,Генеральный прокурор Джеймс одержал знаменательную ...,https://ru.ag.ny.gov/attorney-general-james-wins-landmark-victory-case-against-donald-trump,2025-11-19T03:15:43Z
24,Трампа,13,Текст инаугурационной речи президента Трампа - Посольство ...,https://uz.usembassy.gov/ru/inauguration-45th-president-united-states-ru/,2025-11-19T03:15:43Z
24,Трампа,14,Новый указ Трампа может кардинально изменить отношение к ...,https://www.coalitionforthehomeless.org/ru/a-new-trump-order-could-upend-the-way-nyc-treats-homeless-people-heres-what-to-know/,2025-11-19T03:15:43Z
24,Трампа,15,Donald J. Trump,https://www.facebook.com/DonaldTrump/,2025-11-19T03:15:43Z
24,Трампа,16,Президент Трамп: эпоха стабильности сменилась масштабными ...,https://news.un.org/ru/story/2025/09/1466444,2025-11-19T03:15:43Z
24,Трампа,17,President Donald J. Trump (@realdonaldtrump) • Instagram photos ...,https://www.instagram.com/realdonaldtrump/?hl=en,2025-11-19T03:15:43Z
24,Трампа,18,Телефонный разговор с Президентом США Дональдом Трампом ...,http://kremlin.ru/events/president/news/76477,2025-11-19T03:15:43Z
24,Трампа,19,Trumpstore.com | The Official Retail Website of the Trump ...,https://www.trumpstore.com/,2025-11-19T03:15:43Z
24,Трампа,20,Совбез ООН поддержал мирный план Трампа для сектора Газа ...,https://www.dw.com/ru/sovbez-oon-prinal-rezoluciu-v-podderzku-mirnogo-plana-trampa-dla-sektora-gaza/a-74784783,2025-11-19T03:15:43Z
25,Japan,1,Japan - Wikipedia,https://en.wikipedia.org/wiki/Japan,2025-11-19T03:15:47Z
25,Japan,2,Travel Japan - Japan National Tourism Organization (Official Site),https://www.japan.travel/en/,2025-11-19T03:15:47Z
25,Japan,3,Japan sends troops to northern region to stop bear attacks after ...,https://abcnews.go.com/Technology/wireStory/japan-sends-troops-northern-region-stop-bear-attacks-127208712,2025-11-19T03:15:47Z
25,Japan,4,JapanGov: The Government of Japan,https://www.japan.go.jp/,2025-11-19T03:15:47Z
25,Japan,5,JAPAN AIRLINES - Domestic Flights and International Flights l Book ...,https://www.jal.co.jp/jp/en/,2025-11-19T03:15:47Z
25,Japan,6,Fact Sheet: President Donald J. Trump Secures Unprecedented U.S. ...,https://www.whitehouse.gov/fact-sheets/2025/07/fact-sheet-president-donald-j-trump-secures-unprecedented-u-s-japan-strategic-trade-and-investment-agreement/,2025-11-19T03:15:47Z
25,Japan,7,Japan-U.S. Security Treaty - MOFA,https://www.mofa.go.jp/region/n-america/us/q&a/ref/1.html,2025-11-19T03:15:47Z
25,Japan,8,Nuclear Power in Japan - World Nuclear Association,https://world-nuclear.org/information-library/country-profiles/countries-g-n/japan-nuclear-power,2025-11-19T03:15:47Z
25,Japan,9,U.S.-Japan Council: Home,https://www.usjapancouncil.org/,2025-11-19T03:15:47Z
25,Japan,10,JAPAN AIRLINES Corporate Information,https://www.jal.com/en/,2025-11-19T03:15:47Z
25,Japan,11,Information for U.S. citizens traveling to Japan - U.S. Embassy ...,https://jp.usembassy.gov/services/welcomebacktojapan/,2025-11-19T03:15:47Z
25,Japan,12,Japan - United States Department of State,https://www.state.gov/countries-areas/japan,2025-11-19T03:15:47Z
25,Japan,13,Travel advice and advisories for Japan,https://travel.gc.ca/destinations/japan,2025-11-19T03:15:47Z
25,Japan,14,JAXA | Japan Aerospace Exploration Agency,https://global.jaxa.jp/,2025-11-19T03:15:47Z
25,Japan,15,International Trade Policies: Japan | Agricultural Marketing Service,https://www.ams.usda.gov/services/organic-certification/international-trade/Japan,2025-11-19T03:15:47Z
25,Japan,16,United States and Japan Sign Critical Minerals Agreement | United ...,https://ustr.gov/about-us/policy-offices/press-office/press-releases/2023/march/united-states-and-japan-sign-critical-minerals-agreement,2025-11-19T03:15:47Z
25,Japan,17,Japan Travel Advisory | Travel.state.gov,https://travel.state.gov/en/international-travel/travel-advisories/japan.html,2025-11-19T03:15:47Z
25,Japan,18,AGREEMENT BETWEEN THE GOVERNMENT OF THE UNITED ...,https://ustr.gov/sites/default/files/2023-03/US%20Japan%20Critical%20Minerals%20Agreement%202023%2003%2028.pdf,2025-11-19T03:15:47Z
25,Japan,19,Japan | Data,https://data.worldbank.org/country/japan,2025-11-19T03:15:47Z
25,Japan,20,Data list | Japan Tourism Statistics,https://statistics.jnto.go.jp/en/graph/,2025-11-19T03:15:47Z
1,Cloudflare,1,"Cloudflare: Connect, protect, and build everywhere",https://www.cloudflare.com/,2025-11-19T14:17:53Z
1,Cloudflare,2,Cloudflare Dashboard | Manage Your Account,https://dash.cloudflare.com/,2025-11-19T14:17:53Z
1,Cloudflare,3,What is Cloudflare? | Cloudflare,https://www.cloudflare.com/learning/what-is-cloudflare/,2025-11-19T14:17:53Z
1,Cloudflare,4,Cloudflare - Wikipedia,https://en.wikipedia.org/wiki/Cloudflare,2025-11-19T14:17:53Z
1,Cloudflare,5,Cloudflare Status,https://www.cloudflarestatus.com/,2025-11-19T14:17:53Z
1,Cloudflare,6,The Cloudflare Blog,https://blog.cloudflare.com/,2025-11-19T14:17:53Z
1,Cloudflare,7,Cloudflare Workers,https://workers.cloudflare.com/,2025-11-19T14:17:53Z
1,Cloudflare,8,Internet Speed Test - Measure Network Performance | Cloudflare,https://speed.cloudflare.com/,2025-11-19T14:17:53Z
1,Cloudflare,9,Cloudflare (@Cloudflare) / Posts / X,https://x.com/Cloudflare,2025-11-19T14:17:53Z
1,Cloudflare,10,Cloudflare | LinkedIn,https://www.linkedin.com/company/cloudflare,2025-11-19T14:17:53Z
1,Cloudflare,11,1.1.1.1 — The free app that makes your Internet faster.,https://1.1.1.1/,2025-11-19T14:17:53Z
1,Cloudflare,12,Cloudflare API | overview,https://developers.cloudflare.com/api/,2025-11-19T14:17:53Z
1,Cloudflare,13,Cloudflare Pages,https://pages.cloudflare.com/,2025-11-19T14:17:53Z
1,Cloudflare,14,Cloudflare Cookies · Cloudflare Fundamentals docs,https://developers.cloudflare.com/fundamentals/reference/policies-compliances/cloudflare-cookies/,2025-11-19T14:17:53Z
1,Cloudflare,15,Cloudflare,https://www.reddit.com/r/CloudFlare/,2025-11-19T14:17:53Z
1,Cloudflare,16,Cloudflare Partner Portal: Login,https://www.partners.cloudflare.com/partners/,2025-11-19T14:17:53Z
1,Cloudflare,17,Cloudflare – WordPress plugin | WordPress.org,https://wordpress.org/plugins/cloudflare/,2025-11-19T14:17:53Z
1,Cloudflare,18,Cloudflare Support,https://www.support.cloudflare.com/s/?language=en_US,2025-11-19T14:17:53Z
1,Cloudflare,19,Cloudflare Radar: Worldwide Overview,https://radar.cloudflare.com/,2025-11-19T14:17:53Z
1,Cloudflare,20,How do I add a CNAME record? - DNS & Network - Cloudflare ...,https://community.cloudflare.com/t/how-do-i-add-a-cname-record/59,2025-11-19T14:17:53Z
2,Half-Life 3,1,r/HalfLife,https://www.reddit.com/r/HalfLife/,2025-11-19T14:17:58Z
2,Half-Life 3,2,Half-Life (series) - Wikipedia,https://en.wikipedia.org/wiki/Half-Life_(series),2025-11-19T14:17:58Z
2,Half-Life 3,3,Gabe Newell takes a pic with fans picketing for Half-Life 3 outside ...,https://www.reddit.com/r/gaming/comments/1okbv8e/gabe_newell_takes_a_pic_with_fans_picketing_for/,2025-11-19T14:17:58Z
2,Half-Life 3,4,Half-Life 2: Episode Three - Wikipedia,https://en.wikipedia.org/wiki/Half-Life_2:_Episode_Three,2025-11-19T14:17:58Z
2,Half-Life 3,5,Half life 3 trailer coming this month : r/HalfLife,https://www.reddit.com/r/HalfLife/comments/1oom8yz/half_life_3_trailer_coming_this_month/,2025-11-19T14:17:58Z
2,Half-Life 3,6,Development of the next Half-Life game | Half-Life Wiki | Fandom,https://half-life.fandom.com/wiki/Development_of_the_next_Half-Life_game,2025-11-19T14:17:58Z
2,Half-Life 3,7,Half Life 3 trailer will reportedly in the works will drop in November ...,https://icon-era.com/threads/half-life-3-trailer-will-reportedly-in-the-works-will-drop-in-november.18656/,2025-11-19T14:17:58Z
2,Half-Life 3,8,Ask Me Anything - HLX/HL3 Discussion - Letting off Steam - April ...,https://www.youtube.com/watch?v=l_Z9IOIWKHg,2025-11-19T14:17:58Z
2,Half-Life 3,9,"Half-Life 3 optimization going well, rumor has it Valve will announce ...",https://www.tweaktown.com/news/108586/half-life-3-optimization-going-well-rumor-has-it-valve-will-announce-the-game-in-a-tweet-soon/index.html,2025-11-19T14:17:58Z
2,Half-Life 3,10,"Sorry PC gamers, Valve isn't announcing Half-Life 3 today | PC Gamer",https://www.pcgamer.com/games/fps/sorry-pc-gamers-valve-isnt-announcing-half-life-3-today/,2025-11-19T14:17:58Z
2,Half-Life 3,11,"first Half-Life, 3 screen-shots | NeoGAF",https://www.neogaf.com/threads/first-half-life-3-screen-shots.479298/,2025-11-19T14:17:58Z
2,Half-Life 3,12,"Well, We'll Always Not Have Half-Life 3 - Hard Drive",https://hard-drive.net/well-well-always-not-have-half-life-3/,2025-11-19T14:17:58Z
2,Half-Life 3,13,If Valve ever releases Half-Life 3 it'll be the biggest mistake they ever ...,https://steamcommunity.com/discussions/forum/12/864980734950645785/?l=schinese,2025-11-19T14:17:58Z
2,Half-Life 3,14,NateTheHate is the fifth credible insider to comment on Half Life 3 ...,https://x.com/Mr_Rebs_/status/1990881646975877331,2025-11-19T14:17:58Z
2,Half-Life 3,15,Half-Life 3 Development Reportedly Almost Finished | [H]ard|Forum,https://hardforum.com/threads/half-life-3-development-reportedly-almost-finished.2042709/,2025-11-19T14:17:58Z
2,Half-Life 3,16,"Half-Life 3 HLX Optimization Work Continues, As A Trailer Is ...",https://wccftech.com/half-life-3-hlx-optimization-trailer-prepared/,2025-11-19T14:17:58Z
2,Half-Life 3,17,"If everybody wants a Half-Life 3 game, what's preventing it from ...",https://www.quora.com/If-everybody-wants-a-Half-Life-3-game-what-s-preventing-it-from-actually-being-made,2025-11-19T14:17:58Z
2,Half-Life 3,18,Half Life 3: Everything Points Towards a Surprise Trailer Drop in ...,https://www.gameshub.com/news/article/half-life-3-trailer-2837073/,2025-11-19T14:17:58Z
2,Half-Life 3,19,"Gordon Freeman spotted, Half-Life 3 confirmed!!",https://www.facebook.com/groups/DestinyGamegroup/posts/3992553337663055/,2025-11-19T14:17:58Z
2,Half-Life 3,20,Rumor: Half-Life 3's Trailer May Already Be in the Works,https://80.lv/articles/rumor-half-life-3-s-trailer-may-already-be-in-the-works,2025-11-19T14:17:58Z
3,Польше,1,Польша — Википедия,https://ru.wikipedia.org/wiki/%D0%9F%D0%BE%D0%BB%D1%8C%D1%88%D0%B0,2025-11-19T14:18:02Z
3,Польше,2,Poland - Wikipedia,https://en.wikipedia.org/wiki/Poland,2025-11-19T14:18:02Z
3,Польше,3,Российские дроны в Польше. Москва испытывает НАТО на ...,https://www.bbc.com/russian/articles/c33r444jx4zo,2025-11-19T14:18:02Z
3,Польше,4,Такси поблизости: Закажите Uber Taxi с телефона | Uber в Польше,https://www.uber.com/pl/ru/ride/ubertaxi/,2025-11-19T14:18:02Z
3,Польше,5,В Польше — диверсии на железной дороге. Спецслужбы ...,https://www.bbc.com/russian/articles/c1j86z13nkno,2025-11-19T14:18:02Z
3,Польше,6,Польша: Города – Рейтинг по переменной Население - Рейтинги ...,https://datacommons.org/ranking/Count_Person/City/country/POL?h=nuts%2FPL514&hl=ru,2025-11-19T14:18:02Z
3,Польше,7,Требования Uber к водителям в Польше,https://www.uber.com/pl/ru/drive/requirements/,2025-11-19T14:18:02Z
3,Польше,8,Гетто в оккупированной Польше | Энциклопедия Холокоста,https://encyclopedia.ushmm.org/content/ru/article/ghettos-in-poland,2025-11-19T14:18:02Z
3,Польше,9,США предоставляют Польше кредитную гарантию в рамках ...,https://www.state.gov/translations/%D1%80%D1%83%D1%81%D1%81%D0%BA%D0%B8%D0%B9/%D1%81%D1%88%D0%B0-%D0%BF%D1%80%D0%B5%D0%B4%D0%BE%D1%81%D1%82%D0%B0%D0%B2%D0%BB%D1%8F%D1%8E%D1%82-%D0%BF%D0%BE%D0%BB%D1%8C%D1%88%D0%B5-%D0%BA%D1%80%D0%B5%D0%B4%D0%B8%D1%82%D0%BD%D1%83%D1%8E-%D0%B3,2025-11-19T14:18:02Z
3,Польше,10,Как пополнить PayPal в Польше - инструкции и тарифы - Wise,https://wise.com/ru/blog/kak-popolnit-paypal-v-polshe,2025-11-19T14:18:02Z
3,Польше,11,Уничтожение евреев Польши | История Холокоста,https://www.yadvashem.org/ru/holocaust/about/fate-of-jews/poland.html,2025-11-19T14:18:02Z
3,Польше,12,Посольство России в Польше,https://poland.mid.ru/ru/,2025-11-19T14:18:02Z
3,Польше,13,Ministry of Foreign Affairs Republic of Poland - Gov.pl website,https://www.gov.pl/web/diplomacy,2025-11-19T14:18:02Z
3,Польше,14,Лучшие отели Польши - где остановиться в Польше,https://www.booking.com/country/pl.ru.html,2025-11-19T14:18:02Z
3,Польше,15,Беспошлинный шоппинг в Польше | Global Blue,https://www.globalblue.com/it/shoppers/how-to-shop-tax-free/destinations/poland,2025-11-19T14:18:02Z
3,Польше,16,ВОЗ помогает властям Польши предоставлять украинским ...,https://news.un.org/ru/story/2023/09/1445087,2025-11-19T14:18:02Z
3,Польше,17,Приложения в Google Play – Jakdojade: расписание,https://play.google.com/store/apps/details?id=com.citynav.jakdojade.pl.android&hl=ru,2025-11-19T14:18:02Z
3,Польше,18,Консульский отдел Посольства Российской Федерации в ...,https://warsaw.kdmid.ru/ru/,2025-11-19T14:18:02Z
3,Польше,19,Эксперты ООН: ограничения на доступ к абортам в Польше ...,https://news.un.org/ru/story/2024/08/1455581,2025-11-19T14:18:02Z
3,Польше,20,Система e-TOLL,https://etoll.gov.pl/ru/,2025-11-19T14:18:02Z
4,Европе,1,Европа — Википедия,https://ru.wikipedia.org/wiki/%D0%95%D0%B2%D1%80%D0%BE%D0%BF%D0%B0,2025-11-19T14:18:07Z
4,Европе,2,Europe - Wikipedia,https://en.wikipedia.org/wiki/Europe,2025-11-19T14:18:07Z
4,Европе,3,"The Council of Europe: guardian of Human Rights, Democracy and ...",https://www.coe.int/en/web/portal,2025-11-19T14:18:07Z
4,Европе,4,"Есть ли в Европе место, где в октябре достаточно тепло для ...",https://www.reddit.com/r/femaletravels/comments/1fbhz0a/is_there_anywhere_warm_enough_for_sea_swimming_in/?tl=ru,2025-11-19T14:18:07Z
4,Европе,5,Преодоление энергетического кризиса в Европе,https://www.imf.org/ru/publications/fandd/issues/2022/12/beating-the-european-energy-crisis-zettelmeyer,2025-11-19T14:18:07Z
4,Европе,6,"Почему Европа развивалась быстрее, чем любой другой ...",https://www.reddit.com/r/history/comments/879ivy/why_did_europe_advance_more_quickly_than_any/?tl=ru,2025-11-19T14:18:07Z
4,Европе,7,Европа начала готовиться к возможной большой войне. 10 ...,https://www.bbc.com/russian/articles/cm2zp2xl62mo,2025-11-19T14:18:07Z
4,Европе,8,Europe | The Guardian,https://www.theguardian.com/world/europe-news,2025-11-19T14:18:07Z
4,Европе,9,Новости Европы - последние события стран Европы сегодня ...,https://ria.ru/location_Europe/,2025-11-19T14:18:07Z
4,Европе,10,Ряд регионов Европы охватила экстремальная жара | Новости ...,https://news.un.org/ru/story/2025/07/1465816,2025-11-19T14:18:07Z
4,Европе,11,ОБСЕ: Организация по безопасности и сотрудничеству в Европе,https://www.osce.org/ru,2025-11-19T14:18:07Z
4,Европе,12,Число детей в детских домах в Европе почти в три раза ...,https://www.unicef.org/eca/ru/Press-relizy/chislo-detey-v-detskikh-domakh-v-Yevrope-pochti-v-tri-raza-prevyshayet-srednemirovoy-pokazatel,2025-11-19T14:18:07Z
4,Европе,13,Региональное представительство ФАО в Европе и Центральной ...,https://www.fao.org/europe/ru,2025-11-19T14:18:07Z
4,Европе,14,Operating System Market Share Europe | Statcounter Global Stats,https://gs.statcounter.com/os-market-share/all/europe,2025-11-19T14:18:07Z
4,Европе,15,Европа Плюс слушать онлайн бесплатно прямой эфир в ...,https://europaplus.ru/,2025-11-19T14:18:07Z
4,Европе,16,ДОГОВОР ОБ ОБЫЧНЫХ ВООРУЖЕННЫХ СИЛАХ В ЕВРОПЕ,https://www.osce.org/files/f/documents/d/d/14091.pdf,2025-11-19T14:18:07Z
4,Европе,17,Вспышки ящура в Европе и на Ближнем Востоке: ФАО призывает ...,https://news.un.org/ru/story/2025/05/1463936,2025-11-19T14:18:07Z
4,Европе,18,"Распределение еврейского населения в Европе, прибл. 1933 год ...",https://encyclopedia.ushmm.org/content/ru/map/european-jewish-population-distribution-ca-1933,2025-11-19T14:18:07Z
4,Европе,19,Я расслабилась…. Жизнь в Европе настолько легкая ...,https://www.instagram.com/p/C98pn0_RSq7/,2025-11-19T14:18:07Z
4,Европе,20,"Майнор «Мировая политика, управление и бизнес в Европе ...",https://electives.hse.ru/minor_eu/,2025-11-19T14:18:07Z
5,P.S. Минутка Омских,1,"""P.S. Минутка Омских"" - Results on X | Live Posts & Updates",http://x.com/search?q=P.S.+%D0%9C%D0%B8%D0%BD%D1%83%D1%82%D0%BA%D0%B0+%D0%9E%D0%BC%D1%81%D0%BA%D0%B8%D1%85,2025-11-19T14:18:12Z
5,P.S. Минутка Омских,2,В Омске пошла выносить мусор и пропала 12-летняя девочка ...,https://newsomsk.ru/news/136357-v_omske_poshla_vnosit_musor_i_propala_12_letnyaya_/amp/,2025-11-19T14:18:12Z
5,P.S. Минутка Омских,3,А вас... Нет! P.S. Минутка Омских новостей...,https://x.com/Mr_BOFH/status/1952394656756744406,2025-11-19T14:18:12Z
5,P.S. Минутка Омских,4,Подушка ПС (32х32х9),https://familytex.ru/katalog/utsenka-50/podushka-ps-32kh32kh9-332,2025-11-19T14:18:12Z
5,P.S. Минутка Омских,5,"""bofh"" - Results on X | Live Posts & Updates",https://x.com/search?q=bofh&f=media,2025-11-19T14:18:12Z
5,P.S. Минутка Омских,6,"Омский государственный драматический ""Пятый театр""",https://5ththeatreomsk.ru/mariya-dolganyova/,2025-11-19T14:18:12Z
5,P.S. Минутка Омских,7,Александр Игнатенко on X,https://x.com/Mr_BOFH/status/1954780530664206763,2025-11-19T14:18:12Z
5,P.S. Минутка Омских,8,"Насос поверхностный центробежный Belamos XA 09, 800 Вт, 60 ...",https://belamos.net/product/nasos-poverhnostnyy-tsentrobezhnyy-belamos-xa-09-800-vt-60-lmin-n-40-m-chugun,2025-11-19T14:18:12Z
5,P.S. Минутка Омских,9,Омский ГАУ | ОмГАУ,https://www.omgau.ru/,2025-11-19T14:18:12Z
5,P.S. Минутка Омских,10,ПСО ЛизаАлерт Омской области,https://www.facebook.com/laomsk/,2025-11-19T14:18:12Z
5,P.S. Минутка Омских,11,не включаются передачи (Омская КПП),https://2126.ru/forum/index.php?topic=103144.0,2025-11-19T14:18:12Z
5,P.S. Минутка Омских,12,"Доброго времени суток, дамы и господа, мальчики и девочки ...",https://vk.com/wall-141742284_167973,2025-11-19T14:18:12Z
5,P.S. Минутка Омских,13,"Полет на спортивном самолете ЯК-52 ""Высший пилотаж""",https://alfenjoy.ru/catalog/adrenalin/polet-na-sportivnom-samolete-yak-52-vysshiy-pilotazh/,2025-11-19T14:18:12Z
5,P.S. Минутка Омских,14,Минпросвещения России,https://edu.gov.ru/,2025-11-19T14:18:12Z
5,P.S. Минутка Омских,15,Пистолет-насадка для антигравия Remix RM-PS-5 ✳️ купить по ...,https://omsk.lemanapro.ru/product/pistolet-nasadka-dlya-antigraviya-remix-rm-ps-5-91684736/,2025-11-19T14:18:12Z
5,P.S. Минутка Омских,16,Контактные данные пограничных органов для получения ...,http://ps.fsb.ru/fps/contact/contacts_dpk.htm,2025-11-19T14:18:12Z
5,P.S. Минутка Омских,17,Ростехнадзор наказал «Россети» из-за ветки и аварии в Омской ...,https://superomsk.ru/news/155125-rostexnadzor_nakazal_rosseti_iz_za_vetki_i_avarii_/,2025-11-19T14:18:12Z
5,P.S. Минутка Омских,18,ФЕДЕРАЛЬНОЕ АГЕНТСТВО ЖЕЛЕЗНОДОРОЖНОГО ...,https://omgups.ru/sveden/education/informatsiya-op-spo/rpd/34.02.01_3-10_2023//%D0%A4%D0%9E%D0%A1%20%D0%9F%D0%9C.04%20%D0%92%D1%8B%D0%BF%D0%BE%D0%BB%D0%BD%D0%B5%D0%BD%D0%B8%D0%B5%20%D1%80%D0%B0%D0%B1%D0%BE%D1%82%20%D0%BF%D0%BE%20%D0%BF%D1%80%D0%BE%D1%84%D0%B5%D1%81%D1%81%D0%B8%D0%B8.pdf,2025-11-19T14:18:12Z
5,P.S. Минутка Омских,19,Ростехнадзор наказал «Россети» из-за ветки и аварии в Омской ...,https://omsk.bezformata.com/listnews/rosseti-iz-za-vetki/152742796/,2025-11-19T14:18:12Z
5,P.S. Минутка Омских,20,Хранители. Омск | Галёрка — Омск,https://galerka-omsk.ru/spectacle/hraniteli-omsk,2025-11-19T14:18:12Z
6,Хватит,1,GAVRILINA - Хватит (ПРЕМЬЕРА КЛИПА 2022) - YouTube,https://www.youtube.com/watch?v=spQ7N7jROgk,2025-11-19T14:18:16Z
6,Хватит,2,Хватит ли 16 ГБ оперативной памяти для MacBook Pro? : r ...,https://www.reddit.com/r/macbookpro/comments/15yc8zg/is_16gb_of_ram_enough_for_a_macbook_pro/?tl=ru,2025-11-19T14:18:16Z
6,Хватит,3,"ну Даш, хватит (@Guzyninaa) / Posts / X",https://x.com/Guzyninaa,2025-11-19T14:18:16Z
6,Хватит,4,"Хватит ли 2 миллионов вон в месяц, чтобы жить в Корее? : r ...",https://www.reddit.com/r/Living_in_Korea/comments/1cy09dz/is_2_million_won_enough_per_month_to_live_in_korea/?tl=ru,2025-11-19T14:18:16Z
6,Хватит,5,"хватит - Wiktionary, the free dictionary",https://en.wiktionary.org/wiki/%D1%85%D0%B2%D0%B0%D1%82%D0%B8%D1%82,2025-11-19T14:18:16Z
6,Хватит,6,"Тариф «ХВАТИТ!» - описание и стоимость, подключить ...",https://msk.t2.ru/tariff/enough,2025-11-19T14:18:16Z
6,Хватит,7,Хватит! Тройной безлимит в тарифе от Т2,https://enough.t2.ru/,2025-11-19T14:18:16Z
6,Хватит,8,"Тариф «ХВАТИТ!» - описание и стоимость, подключить ...",http://ekt.t2.ru/tariff/enough,2025-11-19T14:18:16Z
6,Хватит,9,хватит — Викисловарь,https://ru.wiktionary.org/wiki/%D1%85%D0%B2%D0%B0%D1%82%D0%B8%D1%82,2025-11-19T14:18:16Z
6,Хватит,10,"Может, хватит?! — остросоциальное шоу, где больше не молчат",https://smotrim.ru/brand/71718,2025-11-19T14:18:16Z
6,Хватит,11,Хватит | СiРОП,https://siropminsk.bandcamp.com/album/-,2025-11-19T14:18:16Z
6,Хватит,12,хватит - Перевод на английский - примеры русский | Reverso ...,https://context.reverso.net/%D0%BF%D0%B5%D1%80%D0%B5%D0%B2%D0%BE%D0%B4/%D1%80%D1%83%D1%81%D1%81%D0%BA%D0%B8%D0%B9-%D0%B0%D0%BD%D0%B3%D0%BB%D0%B8%D0%B9%D1%81%D0%BA%D0%B8%D0%B9/%D1%85%D0%B2%D0%B0%D1%82%D0%B8%D1%82,2025-11-19T14:18:16Z
6,Хватит,13,Хватит паясничать | Пресейв мини-EP: band.link ...,https://vk.com/hvatit.payasnichat,2025-11-19T14:18:16Z
6,Хватит,14,"С меня хватит! (фильм, 1993) — Википедия","https://ru.wikipedia.org/wiki/%D0%A1_%D0%BC%D0%B5%D0%BD%D1%8F_%D1%85%D0%B2%D0%B0%D1%82%D0%B8%D1%82!_(%D1%84%D0%B8%D0%BB%D1%8C%D0%BC,_1993)",2025-11-19T14:18:16Z
6,Хватит,15,Может хватит.,https://www.instagram.com/p/CcARUgDvcvd/?hl=en,2025-11-19T14:18:16Z
6,Хватит,16,Т2,http://chelyabinsk.t2.ru/,2025-11-19T14:18:16Z
6,Хватит,17,Хватит слухов! - Смотреть на сайте ТВ Центр,https://tvc.ru/brands/3603,2025-11-19T14:18:16Z
6,Хватит,18,Сердца хватит,https://xn--80aafgew5cgpb2ak.xn--p1ai/,2025-11-19T14:18:16Z
6,Хватит,19,На сколько хватит этой видеокарты? — Видеокарта Palit ...,https://club.dns-shop.ru/discussions/t-99-videokartyi/379802-na-skolko-hvatit-etoi-videokartyi/,2025-11-19T14:18:16Z
6,Хватит,20,Интернета хватит ВСЕМ!,https://mannet.ru/actions/interneta-hvatit-vsem/,2025-11-19T14:18:16Z
7,мама,1,Mama (2013) - IMDb,https://www.imdb.com/title/tt2023587/,2025-11-19T14:18:21Z
7,мама,2,Mama's Fish House Restaurant | North Shore Maui Hawaii,https://mamasfishhouse.com/,2025-11-19T14:18:21Z
7,мама,3,"Mama Shelter - Design bedrooms, unique Restaurants, Bars ...",https://mamashelter.com/,2025-11-19T14:18:21Z
7,мама,4,Mama (2013 film) - Wikipedia,https://en.wikipedia.org/wiki/Mama_(2013_film),2025-11-19T14:18:21Z
7,мама,5,Mama Cash - Because feminist activism works,https://www.mamacash.org/,2025-11-19T14:18:21Z
7,мама,6,Watch Mama | Netflix,https://www.netflix.com/title/70254522,2025-11-19T14:18:21Z
7,мама,7,Mama Rabbit Mezcal + Tequila Bar,https://parkmgm.mgmresorts.com/en/nightlife/mama-rabbit.html,2025-11-19T14:18:21Z
7,мама,8,2025 MAMA AWARDS,https://www.mnetplus.world/en/2025mamaawards/,2025-11-19T14:18:21Z
7,мама,9,Mama Ayeshas: Must-Visit Middle Eastern Restaurant in DC,https://www.mamaayeshas.com/,2025-11-19T14:18:21Z
7,мама,10,Big Mama's & Papa's Pizzeria - Start Your Order,https://bmpp.com/,2025-11-19T14:18:21Z
7,мама,11,Chama Mama | Georgian Restaurant in NY,https://www.chamamama.com/,2025-11-19T14:18:21Z
7,мама,12,"Best Italian food in Tucson, AZ | Mama Louisa's Italian Restaurant ...",https://mamalouisas.com/,2025-11-19T14:18:21Z
7,мама,13,MAMA AI: Enterprise AI for Smarter Business Automation,https://themama.ai/,2025-11-19T14:18:21Z
7,мама,14,La Mama Theatre - Home,https://www.lamama.com.au/,2025-11-19T14:18:21Z
7,мама,15,Mama (2013) | Rotten Tomatoes,https://www.rottentomatoes.com/m/mama_2013,2025-11-19T14:18:21Z
7,мама,16,Tell Mama: Report in Anti-Muslim Hate or Islamophobia,https://tellmamauk.org/,2025-11-19T14:18:21Z
7,мама,17,"Mama Jo's Chicken, Biscuits, BBQ - Denver, CO",https://mamajobiscuits.com/,2025-11-19T14:18:21Z
7,мама,18,Enjoy International Money Transfers with Mama Money,https://www.mamamoney.co.za/,2025-11-19T14:18:21Z
7,мама,19,Dragon Mama | Geffen Playhouse | Los Angeles - Geffen Playhouse,https://www.geffenplayhouse.org/shows/dragon-mama/,2025-11-19T14:18:21Z
7,мама,20,Mama Duke | Spotify,https://open.spotify.com/artist/4KhbHTD4OgwnvIkMQ4LgXU,2025-11-19T14:18:21Z
8,Жиза,1,"Что значит слово ""жиза""? : r/russian",https://www.reddit.com/r/russian/comments/zcg4tv/%D1%87%D1%82%D0%BE_%D0%BE%D0%B7%D0%BD%D0%B0%D1%87%D0%B0%D0%B5%D1%82_%D1%81%D0%BB%D0%BE%D0%B2%D0%BE_%D0%B6%D0%B8%D0%B7%D0%B0/?tl=ru,2025-11-19T14:18:25Z
8,Жиза,2,ЖИЗА - YouTube,https://www.youtube.com/@zhizashow,2025-11-19T14:18:25Z
8,Жиза,3,"что означает слово ""жиза""? : r/russian",https://www.reddit.com/r/russian/comments/zcg4tv/%D1%87%D1%82%D0%BE_%D0%BE%D0%B7%D0%BD%D0%B0%D1%87%D0%B0%D0%B5%D1%82_%D1%81%D0%BB%D0%BE%D0%B2%D0%BE_%D0%B6%D0%B8%D0%B7%D0%B0/,2025-11-19T14:18:25Z
8,Жиза,4,"Идеи на тему «Жиза» (140) | смешные мемы, смешные шутки ...",https://www.pinterest.com/irinvaler/%D0%B6%D0%B8%D0%B7%D0%B0/,2025-11-19T14:18:25Z
8,Жиза,5,"Found the word Жиза in the comments of a video, and I went to ...",https://www.reddit.com/r/russian/comments/17hm7k8/found_the_word_%D0%B6%D0%B8%D0%B7%D0%B0_in_the_comments_of_a_video/,2025-11-19T14:18:25Z
8,Жиза,6,"Жиза (Сериал, 1 сезон) 2022 смотреть онлайн бесплатно в ...",https://kinogo.bike/24414-ziza.html,2025-11-19T14:18:25Z
8,Жиза,7,"жиза - Wiktionary, the free dictionary",https://en.wiktionary.org/wiki/%D0%B6%D0%B8%D0%B7%D0%B0,2025-11-19T14:18:25Z
8,Жиза,8,жиза — Викисловарь,https://ru.wiktionary.org/wiki/%D0%B6%D0%B8%D0%B7%D0%B0,2025-11-19T14:18:25Z
8,Жиза,9,«Жиза» — бизнес-блог для предпринимателей,https://zhiza.evotor.ru/,2025-11-19T14:18:25Z
8,Жиза,10,Что такое «жиза» и как использовать это слово | Мел,https://mel.fm/gramotnost/chto-eto-znachit/6417309-chto-takoye-zhiza-i-kak-ispolzovat-eto-slovo,2025-11-19T14:18:25Z
8,Жиза,11,Жиза (2022) - сериал - информация о фильме - российские ...,https://www.kino-teatr.ru/kino/movie/ros/154316/annot/,2025-11-19T14:18:25Z
8,Жиза,12,Жиз - простая и добрая еда для мужского застолья,https://iqmena.livejournal.com/164815.html,2025-11-19T14:18:25Z
8,Жиза,13,Хватит затыкать нам рот ——— #юмор #семья #жиза #муж,https://www.facebook.com/galymkaliakbarov/posts/%D1%85%D0%B2%D0%B0%D1%82%D0%B8%D1%82-%D0%B7%D0%B0%D1%82%D1%8B%D0%BA%D0%B0%D1%82%D1%8C-%D0%BD%D0%B0%D0%BC-%D1%80%D0%BE%D1%82-%D1%8E%D0%BC%D0%BE%D1%80-%D1%81%D0%B5%D0%BC%D1%8C%D1%8F-%D0%B6%D0%B8%D0%B7%D0%B0-%D0%BC%D1%83%D0%B6/1278544017609951/,2025-11-19T14:18:25Z
8,Жиза,14,Дубоссары.Жиза. on Viber,https://invite.viber.com/?g2=AQBcxzCcIOQOJVS8tRr5ZIBrC4eYnBj8wGgrIKaV8CXjUct1AbO6%2BMWOynISgagk,2025-11-19T14:18:25Z
8,Жиза,15,ЖИЗА | 10 глупых вопросов | Главное шоу о профессиях Здесь ...,https://vk.com/zhiza_show,2025-11-19T14:18:25Z
8,Жиза,16,Жиза (2022) — отзывы и рецензии на сериал — Кинопоиск,https://www.kinopoisk.ru/film/4863840/reviews/ord/rating/,2025-11-19T14:18:25Z
8,Жиза,17,ГИЗИНА ЖИЗА | Асоциальное поведение 2025 | ВКонтакте,https://vk.com/giza_ch,2025-11-19T14:18:25Z
8,Жиза,18,ЖИЗА - YouTube,https://m.youtube.com/@zhizashow/videos?view=0&sort=dd&shelf_id=1,2025-11-19T14:18:25Z
8,Жиза,19,View @Zhizzzzza - Telegram,https://t.me/Zhizzzzza,2025-11-19T14:18:25Z
8,Жиза,20,Спектакль «Жиза - Купить билеты в театры в Алматы,https://ticketon.kz/event/spektakl-zhiza-almaty,2025-11-19T14:18:25Z
9,#CryptoMarket,1,"CoinMarketCap: Cryptocurrency Prices, Charts And Market ...",https://coinmarketcap.com/,2025-11-19T14:18:29Z
9,#CryptoMarket,2,"The relationship between cryptomarket drug purchase, social ...",https://www.sciencedirect.com/science/article/pii/S0955395923003055,2025-11-19T14:18:29Z
9,#CryptoMarket,3,Not an 'Ebay for Drugs': The Cryptomarket 'Silk Road' as a Paradigm ...,https://papers.ssrn.com/sol3/papers.cfm?abstract_id=2436643,2025-11-19T14:18:29Z
9,#CryptoMarket,4,Going international? Risk taking by cryptomarket drug vendors ...,https://www.sciencedirect.com/science/article/pii/S0955395916301724,2025-11-19T14:18:29Z
9,#CryptoMarket,5,Order without Law: Reputation Promotes Cooperation in a ...,https://academic.oup.com/esr/article/33/6/752/4555481,2025-11-19T14:18:29Z
9,#CryptoMarket,6,Nonmedical prescription psychiatric drug use and the darknet: A ...,https://pubmed.ncbi.nlm.nih.gov/30772109/,2025-11-19T14:18:29Z
9,#CryptoMarket,7,"""Postal Delivery Systems and Cryptomarkets"" by Trevor Lewandowski",https://ir.library.illinoisstate.edu/etd/1928/,2025-11-19T14:18:29Z
9,#CryptoMarket,8,Everything you always wanted to know about drug cryptomarkets ...,https://pubmed.ncbi.nlm.nih.gov/27523571/,2025-11-19T14:18:29Z
9,#CryptoMarket,9,Online Illegal Cryptomarkets | Annual Reviews,https://www.annualreviews.org/content/journals/10.1146/annurev-soc-090523-052916,2025-11-19T14:18:29Z
9,#CryptoMarket,10,Will growth in cryptomarket drug buying increase the harms of illicit ...,https://pubmed.ncbi.nlm.nih.gov/28766792/,2025-11-19T14:18:29Z
9,#CryptoMarket,11,Africa's Growing Crypto Market Needs Better Regulations,https://www.imf.org/en/blogs/articles/2022/11/22/africas-growing-crypto-market-needs-better-regulations,2025-11-19T14:18:29Z
9,#CryptoMarket,12,CoinDesk: The Clock Is Ticking on Crypto Market Structure ...,https://financialservices.house.gov/news/documentsingle.aspx?DocumentID=410871,2025-11-19T14:18:29Z
9,#CryptoMarket,13,Senate Banking Committee Releases Crypto Market Structure ...,https://www.dwt.com/blogs/financial-services-law-advisor/2025/07/senate-crypto-market-structure-draft-released,2025-11-19T14:18:29Z
9,#CryptoMarket,14,"Cryptocurrency exchange: news, prices and more | CryptoMarket",https://www.cryptomkt.com/,2025-11-19T14:18:29Z
9,#CryptoMarket,15,Vulnerability-CoVaR: investigating the crypto-market,https://www.tandfonline.com/doi/full/10.1080/14697688.2022.2063166,2025-11-19T14:18:29Z
9,#CryptoMarket,16,CryptoMarket | FCA,https://www.fca.org.uk/news/warnings/cryptomarket,2025-11-19T14:18:29Z
9,#CryptoMarket,17,Will growth in cryptomarket drug buying increase the harms of illicit ...,https://pmc.ncbi.nlm.nih.gov/articles/PMC5947707/,2025-11-19T14:18:29Z
9,#CryptoMarket,18,Early warning signals for predicting cryptomarket vendor success ...,https://www.nature.com/articles/s41598-024-67115-5,2025-11-19T14:18:29Z
9,#CryptoMarket,19,June 2018 – Spain: Fentanyl analogues identified in cryptomarket ...,https://www.unodc.org/LSS/announcement/Details/fe0c8be2-d855-4a41-be99-18824d7a7bb5,2025-11-19T14:18:29Z
9,#CryptoMarket,20,Crypto Market Review (Q3 2025) | Bitwise Investments,https://bitwiseinvestments.com/crypto-market-insights/crypto-market-review-q3-2025,2025-11-19T14:18:29Z
10,Ницше,1,"Ницше, Фридрих — Википедия","https://ru.wikipedia.org/wiki/%D0%9D%D0%B8%D1%86%D1%88%D0%B5,_%D0%A4%D1%80%D0%B8%D0%B4%D1%80%D0%B8%D1%85",2025-11-19T14:18:34Z
10,Ницше,2,Что Ницше думал об исламе? : r/Nietzsche,https://www.reddit.com/r/Nietzsche/comments/1b1pziz/what_did_nietzsche_think_of_islam/?tl=ru,2025-11-19T14:18:34Z
10,Ницше,3,Friedrich Nietzsche - Wikipedia,https://en.wikipedia.org/wiki/Friedrich_Nietzsche,2025-11-19T14:18:34Z
10,Ницше,4,Почему Ницше считают нигилистом? : r/askphilosophy,https://www.reddit.com/r/askphilosophy/comments/zuyvx4/why_is_nietzsche_considered_to_be_a_nihilist/?tl=ru,2025-11-19T14:18:34Z
10,Ницше,5,Почему Ницше был против алкоголя? : r/Nietzsche,https://www.reddit.com/r/Nietzsche/comments/jlnubh/why_was_nietzsche_opposed_to_alcohol/?tl=ru,2025-11-19T14:18:34Z
10,Ницше,6,Фридрих Ницше - 6000 футов над уровнем человека,https://www.nietzsche.ru/,2025-11-19T14:18:34Z
10,Ницше,7,Ф. Ницше «ЕССЕ HOMO» (как становятся собой),https://www.nietzsche.ru/works/main-works/ecce-homo/eh/?curPos=1,2025-11-19T14:18:34Z
10,Ницше,8,Ф. Ницше «Казус Вагнер»,https://www.nietzsche.ru/works/main-works/vagner/,2025-11-19T14:18:34Z
10,Ницше,9,"Ф. Ницше «Человеческое, слишком человеческое. Книга для ...",https://nietzsche.ru/works/main-works/human/var-human/,2025-11-19T14:18:34Z
10,Ницше,10,Фридрих Ницше: Kindle Store - Amazon.com,https://www.amazon.com/Kindle-Store-%D0%A4%D1%80%D0%B8%D0%B4%D1%80%D0%B8%D1%85-%D0%9D%D0%B8%D1%86%D1%88%D0%B5/s?rh=n%3A133140011%2Cp_27%3A%25D0%25A4%25D1%2580%25D0%25B8%25D0%25B4%25D1%2580%25D0%25B8%25D1%2585%2B%25D0%259D%25D0%25B8%25D1%2586%25D1%2588%25D0%25B5,2025-11-19T14:18:34Z
10,Ницше,11,Отзывы о книге Веселая наука — Фридрих Ницше,https://www.livelib.ru/book/1001392914/reviews-veselaya-nauka-fridrih-nitsshe,2025-11-19T14:18:34Z
10,Ницше,12,Деревенский Ницше - YouTube,https://www.youtube.com/playlist?list=PLekfpYe-gBR8DiETKbvNifXCSex4l0SJk,2025-11-19T14:18:34Z
10,Ницше,13,Грех ли читать Фридриха Ницше? - Вопросы и Ответы,https://azbyka.ru/vopros/greh-li-chitat-fridriha-nicshe/,2025-11-19T14:18:34Z
10,Ницше,14,"Автор Фридрих Вильгельм Ницше. Книги, биография, отзывы ...",https://oz.by/people/more901524.html,2025-11-19T14:18:34Z
10,Ницше,15,"Когда Ницше плакал, Ирвин Ялом | отзывы",https://irecommend.ru/content/kogda-nitsshe-plakal-irvin-yalom,2025-11-19T14:18:34Z
10,Ницше,16,«Жизнь знаменитых людей. Фридрих Ницше» - СПбГЭУ,https://unecon.ru/zhizn-znamenityh-lyudej-fridrih-niczshe/,2025-11-19T14:18:34Z
10,Ницше,17,"Отзывы о Книга ""Когда Ницше плакал"" - Ирвин Ялом",https://otzovik.com/reviews/kniga_kogda_nicshe_plakal-irvin_yalom/,2025-11-19T14:18:34Z
10,Ницше,18,Искаженная философия Ницше,https://library.vladimir.ru/news/iskazhennaya-filosofiya-nicshe.html,2025-11-19T14:18:34Z
10,Ницше,19,Статуэтка ницше купить на OZON по низкой цене,https://www.ozon.ru/category/statuetka-nitsshe/,2025-11-19T14:18:34Z
10,Ницше,20,"Тропа Ницше - отзыв о Chemin de Nietzsche, Эз, Франция ...",https://www.tripadvisor.ru/ShowUserReviews-g187222-d545927-r273041477-Chemin_de_Nietzsche-Eze_French_Riviera_Cote_d_Azur_Provence_Alpes_Cote_d_Azur.html,2025-11-19T14:18:34Z
11,#вордли,1,Игра Вордли (Wordle на русском) - угадай слово дня онлайн по ...,https://wordle.belousov.one/,2025-11-19T14:18:38Z
11,#вордли,2,‎Wordle! App - App Store,https://apps.apple.com/kz/app/wordle/id1095569891,2025-11-19T14:18:38Z
11,#вордли,3,Какие слова в Wordle вызывают у вас наибольший ужас? : r/wordle,https://www.reddit.com/r/wordle/comments/14i21xa/what_are_your_most_dreaded_wordle_words/?tl=ru,2025-11-19T14:18:38Z
11,#вордли,4,"Джозеф Паркер: «Если я не выиграю у Вордли, нет смысла ...",https://www.facebook.com/BoxingStatus/posts/%D0%B4%D0%B6%D0%BE%D0%B7%D0%B5%D1%84-%D0%BF%D0%B0%D1%80%D0%BA%D0%B5%D1%80-%D0%B5%D1%81%D0%BB%D0%B8-%D1%8F-%D0%BD%D0%B5-%D0%B2%D1%8B%D0%B8%D0%B3%D1%80%D0%B0%D1%8E-%D1%83-%D0%B2%D0%BE%D1%80%D0%B4%D0%BB%D0%B8-%D0%BD%D0%B5%D1%82-%D1%81%D0%BC%D1%8B%D1%81%D0%BB%D0%B0-%D0%B3%D0%BE%D0%B2%D0%BE%D1%80%D0%B8%D1%82%D1%8C-%D0%BE%D0%B1-%D0%B8%D1%82%D0%B0%D1%83%D0%BC%D0%B5-%D0%BE%D0%B1-%D1%83%D1%81%D0%B8%D0%BA%D0%B5-/1168982865338475/,2025-11-19T14:18:38Z
11,#вордли,5,Wordle на русском языке #вордли : r/russian,https://www.reddit.com/r/russian/comments/sanihf/wordle_%D0%BD%D0%B0_%D1%80%D1%83%D1%81%D1%81%D0%BA%D0%BE%D0%BC_%D1%8F%D0%B7%D1%8B%D0%BA%D0%B5_%D0%B2%D0%BE%D1%80%D0%B4%D0%BB%D0%B8/,2025-11-19T14:18:38Z
11,#вордли,6,Вордли - Wordle - Ru,https://wordle.su/,2025-11-19T14:18:38Z
11,#вордли,7,WORDLE українською — вгадуй нове слово щодня,https://wordle-ua.net/,2025-11-19T14:18:38Z
11,#вордли,8,Фабио Вордли – о возможном бое с Усиком: «Это огромная ...,https://www.facebook.com/BoxingStatus/posts/%D1%84%D0%B0%D0%B1%D0%B8%D0%BE-%D0%B2%D0%BE%D1%80%D0%B4%D0%BB%D0%B8-%D0%BE-%D0%B2%D0%BE%D0%B7%D0%BC%D0%BE%D0%B6%D0%BD%D0%BE%D0%BC-%D0%B1%D0%BE%D0%B5-%D1%81-%D1%83%D1%81%D0%B8%D0%BA%D0%BE%D0%BC-%D1%8D%D1%82%D0%BE-%D0%BE%D0%B3%D1%80%D0%BE%D0%BC%D0%BD%D0%B0%D1%8F-%D0%BC%D0%BE%D1%82%D0%B8%D0%B2%D0%B0%D1%86%D0%B8%D1%8F-%D0%B2%D1%80%D0%B5%D0%BC%D0%B5%D0%BD%D0%BD%D1%8B%D0%B9-%D1%87%D0%B5%D0%BC%D0%BF%D0%B8%D0%BE%D0%BD-w/1155827643320664/,2025-11-19T14:18:38Z
11,#вордли,9,Приложения в Google Play – Вордли - Играй на Русском,https://play.google.com/store/apps/details?id=com.appstation.wordly&hl=ru,2025-11-19T14:18:38Z
11,#вордли,10,вордли,https://www.instagram.com/popular/%D0%B2%D0%BE%D1%80%D0%B4%D0%BB%D0%B8/,2025-11-19T14:18:38Z
11,#вордли,11,"Today's Wordle Hints and Answer for Puzzle #1392, April 11",https://www.today.com/life/todays-wordle-hints-answer-puzzle-1392-april-11-rcna200776,2025-11-19T14:18:38Z
11,#вордли,12,Частозадаваемые вопросы по Wordle – Discord Apps and Activities,https://support-apps.discord.com/hc/ru/articles/31598005086359-%D0%A7%D0%B0%D1%81%D1%82%D0%BE%D0%B7%D0%B0%D0%B4%D0%B0%D0%B2%D0%B0%D0%B5%D0%BC%D1%8B%D0%B5-%D0%B2%D0%BE%D0%BF%D1%80%D0%BE%D1%81%D1%8B-%D0%BF%D0%BE-Wordle,2025-11-19T14:18:38Z
11,#вордли,13,Сөзділ | Қазақша Wordle,https://wordle.kz/,2025-11-19T14:18:38Z
11,#вордли,14,Wordle на английском и русском - Форум Привет,https://privet.fun/viewtopic.php?t=4204,2025-11-19T14:18:38Z
11,#вордли,15,Сообщество Steam :: Руководство :: Wordle 1-5 Achievement Guide,https://steamcommunity.com/sharedfiles/filedetails/?l=russian&id=3176644652,2025-11-19T14:18:38Z
11,#вордли,16,Вордли: Угадай слова из 5 букв (от Bayazit) - играть онлайн ...,https://yandex.ru/games/app/388192,2025-11-19T14:18:38Z
11,#вордли,17,What is Wordle? Guide for parents | Internet Matters,https://www.internetmatters.org/advice/apps-and-platforms/online-gaming/wordle/,2025-11-19T14:18:38Z
11,#вордли,18,Wordle today: Answer and hint #1276 for December 16 | PC Gamer,https://www.pcgamer.com/games/puzzle/wordle-answer-today-december-16-2024/,2025-11-19T14:18:38Z
11,#вордли,19,Wordle на Русском - Играй в Вордл с Русскими Словами,https://wordly.org/ru,2025-11-19T14:18:38Z
11,#вордли,20,"Today's Wordle Hints, Answer for #1265 on December 5, 2024 ...",https://beebom.com/todays-wordle-hints-answer-december-5-2024/,2025-11-19T14:18:38Z
12,#itsaces,1,I WANNA SEE MY LITTLE BOY! ( h e r e h e c o m e s ...,https://x.com/YeetMyAsthma/status/1990759377184411898,2025-11-19T14:18:42Z
12,#itsaces,2,WHO WOULDNT TRUST THAT FACE #SaveDeadBoyDetectives ...,https://x.com/YeetMyAsthma/status/1990759882073780324,2025-11-19T14:18:42Z
12,#itsaces,3,"""it's really sweet and explicit."" #SaveDeadBoyDetectives #ItsAces",https://x.com/LA_HARUCHAN/status/1990213472576037275,2025-11-19T14:18:42Z
12,#itsaces,4,"All I can hear here is ""It keeps her young"" in Lukas' voice. Had to go ...",https://x.com/superlc529/status/1990500138717229210,2025-11-19T14:18:42Z
12,#itsaces,5,"Love a bit of falling imagery, me. #SaveDeadBoyDetectives #ItsAces",https://x.com/Lundlaeva/status/1990506480555208832,2025-11-19T14:18:42Z
12,#itsaces,6,Esther being hit with her brilliantly evil idea gets my vote on this one ...,https://x.com/superlc529/status/1990499669907288450,2025-11-19T14:18:42Z
12,#itsaces,7,Rapidly aging Esther got my vote on this one. You gotta look at the ...,https://x.com/superlc529/status/1990499291912417411,2025-11-19T14:18:42Z
12,#itsaces,8,#SaveDeadBoyDetectives #ItsAces,https://x.com/yeetthedragon/status/1990335890787537044/photo/1,2025-11-19T14:18:42Z
12,#itsaces,9,Painland literally #ItsAces #SaveDeadBoyDetectives,https://x.com/adskayapanda/status/1990960736600813865/photo/1,2025-11-19T14:18:42Z
12,#itsaces,10,Painland literally #ItsAces #SaveDeadBoyDetectives,https://x.com/adskayapanda/status/1990960736600813865,2025-11-19T14:18:42Z
12,#itsaces,11,voting for the 1st one because ahhhh wanting something forbidden ...,https://x.com/YeetMyAsthma/status/1990759655291957370,2025-11-19T14:18:42Z
12,#itsaces,12,#SaveDeadBoyDetectives #ItsAces,https://x.com/fan_a_tink/status/1990428310879236138,2025-11-19T14:18:42Z
12,#itsaces,13,not the consequences of his actions and choices he had made... the ...,https://x.com/YeetMyAsthma/status/1990760343971488080,2025-11-19T14:18:42Z
12,#itsaces,14,#SaveDeadBoyDetectives #ItsAces,https://x.com/fan_a_tink/status/1990427274701602876,2025-11-19T14:18:42Z
12,#itsaces,15,nighttime voting reminder - this one is very close ...,https://x.com/fan_a_tink/status/1990916800335225079,2025-11-19T14:18:42Z
12,#itsaces,16,#SaveDeadBoyDetectives #ItsAces,https://x.com/fan_a_tink/status/1990427959987982838,2025-11-19T14:18:42Z
12,#itsaces,17,Edwin and Niko so precious to me ❤️ #ItsAces ...,https://x.com/adskayapanda/status/1990361752324931751,2025-11-19T14:18:42Z
12,#itsaces,18,#SaveDeadBoyDetectives #ItsAces,https://x.com/fan_a_tink/status/1990833047625695638,2025-11-19T14:18:42Z
12,#itsaces,19,#SaveDeadBoyDetectives #ItsAces,https://x.com/fan_a_tink/status/1990833030873669955,2025-11-19T14:18:42Z
12,#itsaces,20,The 2nd gif be like #SaveDeadBoyDetectives #ItsAces,https://x.com/_chaoticbaby_/status/1990839623694549377,2025-11-19T14:18:42Z
13,Похоже,1,"похоже - Wiktionary, the free dictionary",https://en.wiktionary.org/wiki/%D0%BF%D0%BE%D1%85%D0%BE%D0%B6%D0%B5,2025-11-19T14:18:47Z
13,Похоже,2,похоже — Викисловарь,https://ru.wiktionary.org/wiki/%D0%BF%D0%BE%D1%85%D0%BE%D0%B6%D0%B5,2025-11-19T14:18:47Z
13,Похоже,3,"Как исправить: ""Похоже, кто-то другой пытается получить доступ ...",https://www.reddit.com/r/gsuite/comments/msdjlo/how_to_fix_it_looks_like_someone_else_might_be/?tl=ru,2025-11-19T14:18:47Z
13,Похоже,4,Copilot on Windows: Your Built-In AI Assistant | Microsoft Windows,https://www.microsoft.com/en-us/windows/windows-11?wincampaign=copilot,2025-11-19T14:18:47Z
13,Похоже,5,похожа vs выглядит : r/russian,https://www.reddit.com/r/russian/comments/115h91c/%D0%BF%D0%BE%D1%85%D0%BE%D0%B6%D0%B0_vs_%D0%B2%D1%8B%D0%B3%D0%BB%D1%8F%D0%B4%D0%B8%D1%82/,2025-11-19T14:18:47Z
13,Похоже,6,"Похоже, кто-то посторонний пытается получить доступ к вашему ...",https://support.google.com/mail/thread/76345108/%D0%9F%D0%BE%D1%85%D0%BE%D0%B6%D0%B5-%D0%BA%D1%82%D0%BE-%D1%82%D0%BE-%D0%BF%D0%BE%D1%81%D1%82%D0%BE%D1%80%D0%BE%D0%BD%D0%BD%D0%B8%D0%B9-%D0%BF%D1%8B%D1%82%D0%B0%D0%B5%D1%82%D1%81%D1%8F-%D0%BF%D0%BE%D0%BB%D1%83%D1%87%D0%B8%D1%82%D1%8C-%D0%B4%D0%BE%D1%81%D1%82%D1%83%D0%BF-%D0%BA-%D0%B2%D0%B0%D1%88%D0%B5%D0%BC%D1%83-%D0%B0%D0%BA%D0%BA%D0%B0%D1%83%D0%BD%D1%82%D1%83-google?hl=ru,2025-11-19T14:18:47Z
13,Похоже,7,"Ошибка «Похоже, что-то пошло не так. В целях безопасности ...",https://www.epicgames.com/help/ru/billing-and-payment-c-202300000001642/payment-issues-c-202300000001745/oshibka-pohozhe-chto-to-poshlo-ne-tak-v-celyah-bezopasnosti-tranzakciya-byla-otmenena-ispolzujte-druguyu-kartu-libo-drugie-sposoby-oplaty-a202300000012317,2025-11-19T14:18:47Z
13,Похоже,8,"Похоже, вы приглашаете в друзья слишком много пользователей ...",https://steamcommunity.com/discussions/forum/26/2284960483107772743/,2025-11-19T14:18:47Z
13,Похоже,9,"Ой! Похоже, что-то сломалось. Попробуйте еще раз ...",https://eu.forums.blizzard.com/ru/overwatch/t/%D0%BE%D0%B9-%D0%BF%D0%BE%D1%85%D0%BE%D0%B6%D0%B5-%D1%87%D1%82%D0%BE-%D1%82%D0%BE-%D1%81%D0%BB%D0%BE%D0%BC%D0%B0%D0%BB%D0%BE%D1%81%D1%8C-%D0%BF%D0%BE%D0%BF%D1%80%D0%BE%D0%B1%D1%83%D0%B9%D1%82%D0%B5-%D0%B5%D1%89%D0%B5-%D1%80%D0%B0%D0%B7/36975,2025-11-19T14:18:47Z
13,Похоже,10,похоже - Перевод на английский - примеры русский | Reverso ...,https://context.reverso.net/%D0%BF%D0%B5%D1%80%D0%B5%D0%B2%D0%BE%D0%B4/%D1%80%D1%83%D1%81%D1%81%D0%BA%D0%B8%D0%B9-%D0%B0%D0%BD%D0%B3%D0%BB%D0%B8%D0%B9%D1%81%D0%BA%D0%B8%D0%B9/%D0%BF%D0%BE%D1%85%D0%BE%D0%B6%D0%B5,2025-11-19T14:18:47Z
13,Похоже,11,Похоже|Справочник по пунктуации | Грамота.ру – справочный ...,https://gramota.ru/biblioteka/spravochniki/spravochnik-po-punktuatsii/pokhozhe,2025-11-19T14:18:47Z
13,Похоже,12,"Похоже, кто-то другой всё ещё использует данный компьютер ...",https://learn.microsoft.com/ru-ru/answers/questions/2815315/question-2815315,2025-11-19T14:18:47Z
13,Похоже,13,"Похоже, что Дуэйн Джонсон может стать первым актером ...",https://www.instagram.com/p/DO20W0iDjne/?hl=en,2025-11-19T14:18:47Z
13,Похоже,14,"Список выпусков подкаста «Похоже, я фотограф» — Бородокаст",https://beardycast.com/category/podcast/pif/,2025-11-19T14:18:47Z
13,Похоже,15,"Похоже, я фотограф - Podcast - Apple Podcasts",https://podcasts.apple.com/lv/podcast/%D0%BF%D0%BE%D1%85%D0%BE%D0%B6%D0%B5-%D1%8F-%D1%84%D0%BE%D1%82%D0%BE%D0%B3%D1%80%D0%B0%D1%84/id1455239824,2025-11-19T14:18:47Z
13,Похоже,16,На что похоже солнце - Стихи и песни на русском языке ...,https://www.oshibok-net.ru/as-foreign/poems-and-songs-in-russian/nachtopohojesolnce/,2025-11-19T14:18:47Z
13,Похоже,17,Как правильно ты здесь так похоже на маму или похожа ...,https://otvet.mail.ru/question/173652793,2025-11-19T14:18:47Z
13,Похоже,18,Приложения в Google Play – На кого я похож? Знаменитости,https://play.google.com/store/apps/details?id=com.slsolutions.ilooklike&hl=ru,2025-11-19T14:18:47Z
13,Похоже,19,Является ли слово «похоже» вводным словом и выделяется ли ...,https://russkiymir.ru/education2/services/ask/84005/,2025-11-19T14:18:47Z
13,Похоже,20,После 4 десятилетий улучшения качество воздуха в США ...,https://www.iqair.com/ru/newsroom/air-quality-in-the-us-appears-to-be-in-decline,2025-11-19T14:18:47Z
14,Western,1,Western Washington University - Bellingham,https://www.wwu.edu/,2025-11-19T14:18:51Z
14,Western,2,Western Union,https://www.westernunion.com/us/en/home.html,2025-11-19T14:18:51Z
14,Western,3,Snowplows & Spreaders | WESTERN® Snow & Ice Control,https://westernplows.com/,2025-11-19T14:18:51Z
14,Western,4,Western Technical College | The affordable path to a great career ...,https://www.westerntc.edu/,2025-11-19T14:18:51Z
14,Western,5,Western Michigan University | Pursue your purpose - Kalamazoo,https://wmich.edu/,2025-11-19T14:18:51Z
14,Western,6,Western University of Health Sciences - Pomona,https://www.westernu.edu/,2025-11-19T14:18:51Z
14,Western,7,Western Illinois University - Your potential. Our purpose.,https://www.wiu.edu/,2025-11-19T14:18:51Z
14,Western,8,Western Carolina University,https://www.wcu.edu/,2025-11-19T14:18:51Z
14,Western,9,Western Connecticut State University - Danbury,https://www.wcsu.edu/,2025-11-19T14:18:51Z
14,Western,10,Western Kentucky University: WKU - Bowling Green,https://www.wku.edu/,2025-11-19T14:18:51Z
14,Western,11,Western Colorado University - Gunnison,https://western.edu/,2025-11-19T14:18:51Z
14,Western,12,Western (genre) - Wikipedia,https://en.wikipedia.org/wiki/Western_(genre),2025-11-19T14:18:51Z
14,Western,13,Western Governors University – Online College,https://www.wgu.edu/,2025-11-19T14:18:51Z
14,Western,14,Save On Tuition | Western Undergraduate Exchange (WUE),https://www.wiche.edu/tuition-savings/wue/,2025-11-19T14:18:51Z
14,Western,15,Western Window Systems,https://westernwindowsystems.com/,2025-11-19T14:18:51Z
14,Western,16,"Western Wyoming Community College | Rock Springs, WY",https://www.westernwyoming.edu/,2025-11-19T14:18:51Z
14,Western,17,"WESTERN - Western Oklahoma State College | Altus, OK",https://www.wosc.edu/,2025-11-19T14:18:51Z
14,Western,18,Western Rise: Gear For The Escape,https://westernrise.com/,2025-11-19T14:18:51Z
14,Western,19,WICHE: Home,https://www.wiche.edu/,2025-11-19T14:18:51Z
14,Western,20,Best Western Hotels - Book Online For The Lowest Rate,https://www.bestwestern.com/en_US.html,2025-11-19T14:18:51Z
15,Украине,1,Украина — Википедия,https://ru.wikipedia.org/wiki/%D0%A3%D0%BA%D1%80%D0%B0%D0%B8%D0%BD%D0%B0,2025-11-19T14:18:56Z
15,Украине,2,Ukraine - Wikipedia,https://en.wikipedia.org/wiki/Ukraine,2025-11-19T14:18:56Z
15,Украине,3,Фонды «Открытое общество» в Украине - Open Society ...,https://www.opensocietyfoundations.org/newsroom/the-open-society-foundations-in-ukraine/ru,2025-11-19T14:18:56Z
15,Украине,4,Ukraine | The Guardian,https://www.theguardian.com/world/ukraine,2025-11-19T14:18:56Z
15,Украине,5,Новости Украины сегодня — последние новости и события ...,https://lenta.ru/tags/geo/ukraina/,2025-11-19T14:18:56Z
15,Украине,6,Новости Украины - последние события в Украине и мире ...,https://ria.ru/location_Ukraine/,2025-11-19T14:18:56Z
15,Украине,7,Украина — последние новости сегодня и за 2025 год на iz.ru ...,https://iz.ru/tag/ukraina,2025-11-19T14:18:56Z
15,Украине,8,«Завершение этой войны не за горами». Почему появились ...,https://www.bbc.com/russian/articles/cx2y9gg6449o,2025-11-19T14:18:56Z
15,Украине,9,Финансовая поддержка Украины Европейским союзом ...,https://commission.europa.eu/topics/eu-solidarity-ukraine/eu-assistance-ukraine/eu-financial-support-ukraine_ru,2025-11-19T14:18:56Z
15,Украине,10,Как война в Украине отражается на разных регионах мира,https://www.imf.org/ru/blogs/articles/2022/03/15/blog-how-war-in-ukraine-is-reverberating-across-worlds-regions-031522,2025-11-19T14:18:56Z
15,Украине,11,Объявлено о завершении вспышки полиомиелита в Украине ...,https://www.who.int/europe/ru/news/item/21-09-2023-polio-outbreak-in-ukraine-closed-a-success-story-for-public-health-despite-extreme-challenges-of-war,2025-11-19T14:18:56Z
15,Украине,12,Война в Украине и ее последствия для ЕС | EEAS,https://www.eeas.europa.eu/eeas/%D0%B2%D0%BE%D0%B9%D0%BD%D0%B0-%D0%B2-%D1%83%D0%BA%D1%80%D0%B0%D0%B8%D0%BD%D0%B5-%D0%B8-%D0%B5%D0%B5-%D0%BF%D0%BE%D1%81%D0%BB%D0%B5%D0%B4%D1%81%D1%82%D0%B2%D0%B8%D1%8F-%D0%B4%D0%BB%D1%8F-%D0%B5%D1%81_ru,2025-11-19T14:18:56Z
15,Украине,13,ООН: мирные жители Украины переживают потери и ...,https://news.un.org/ru/story/2025/07/1466070,2025-11-19T14:18:56Z
15,Украине,14,Доклад ООН об убийствах в Украине в 2014-2016 годах говорит ...,https://www.ohchr.org/ru/press-releases/2016/07/un-report-2014-16-killings-ukraine-highlights-rampant-impunity,2025-11-19T14:18:56Z
15,Украине,15,Украина: с начала полномасштабного вторжения РФ погибли не ...,https://news.un.org/ru/story/2025/01/1460441,2025-11-19T14:18:56Z
15,Украине,16,Отношения между НАТО и Украиной,https://www.nato.int/nato_static_fl2014/assets/pdf/2022/2/pdf/220214-factsheet_NATO-Ukraine_Relations_-1.pdf,2025-11-19T14:18:56Z
15,Украине,17,Посольство Республики Таджикистан в Украине,https://mfa.tj/ru/kiev,2025-11-19T14:18:56Z
15,Украине,18,Все доклады | Мониторинговая миссия ООН по правам человека ...,https://ukraine.ohchr.org/ru/reports,2025-11-19T14:18:56Z
15,Украине,19,Axios: США и РФ работают над секретным планом по Украине ...,https://www.dw.com/ru/axios-peregovorsiki-ssa-i-rf-rabotaut-nad-sekretnym-planom-po-ukraine/a-74799058,2025-11-19T14:18:56Z
15,Украине,20,Быстрый заказ поездок и доход за рулем | Uber в Украине,https://www.uber.com/ua/ru/,2025-11-19T14:18:56Z
16,Europe,1,Europe - Wikipedia,https://en.wikipedia.org/wiki/Europe,2025-11-19T14:19:00Z
16,Europe,2,europetheband.com: EUROPE | Official Website,https://www.europetheband.com/,2025-11-19T14:19:00Z
16,Europe,3,Fi Europe 2025 | The Leading Global Food Ingredients Event,https://www.figlobal.com/europe/en/home.html,2025-11-19T14:19:00Z
16,Europe,4,Europe PMC: Home,https://europepmc.org/,2025-11-19T14:19:00Z
16,Europe,5,Horizon Europe - Research and innovation - European Commission,https://research-and-innovation.ec.europa.eu/funding/funding-opportunities/funding-programmes-and-open-calls/horizon-europe_en,2025-11-19T14:19:00Z
16,Europe,6,"The Council of Europe: guardian of Human Rights, Democracy and ...",https://www.coe.int/en/web/portal,2025-11-19T14:19:00Z
16,Europe,7,Europe | The Guardian,https://www.theguardian.com/world/europe-news,2025-11-19T14:19:00Z
16,Europe,8,"Rick Steves Europe: Tours, Travel, TV & Vacations",https://www.ricksteves.com/,2025-11-19T14:19:00Z
16,Europe,9,CAN Europe: Home,https://caneurope.org/,2025-11-19T14:19:00Z
16,Europe,10,ICLEI Europe •• Home,https://iclei-europe.org/,2025-11-19T14:19:00Z
16,Europe,11,"Europe | History, Countries, Map, & Facts | Britannica",https://www.britannica.com/place/Europe,2025-11-19T14:19:00Z
16,Europe,12,Science Europe,https://scienceeurope.org/,2025-11-19T14:19:00Z
16,Europe,13,Open Research Europe | Open Access Publishing Platform | Beyond ...,https://open-research-europe.ec.europa.eu/,2025-11-19T14:19:00Z
16,Europe,14,Europe,https://www.facebook.com/europetheband/,2025-11-19T14:19:00Z
16,Europe,15,Train tickets in Europe - Search & Book on Rail Europe,https://www.raileurope.com/en-us,2025-11-19T14:19:00Z
16,Europe,16,Home | Making Europe a Wilder Place,https://rewildingeurope.com/,2025-11-19T14:19:00Z
16,Europe,17,"MedTech Europe, from diagnosis to cure - Homepage",https://www.medtecheurope.org/,2025-11-19T14:19:00Z
16,Europe,18,The Best Business School in China | China Europe International ...,https://www.ceibs.edu/,2025-11-19T14:19:00Z
16,Europe,19,Vaccines Europe: Home,https://www.vaccineseurope.eu/,2025-11-19T14:19:00Z
16,Europe,20,BIO-Europe 2025 | Global Biopharma Partnering Event | Vienna ...,https://informaconnect.com/bioeurope/,2025-11-19T14:19:00Z
17,Ладно,1,What is the difference between using хорошо and ладно? : r/russian,https://www.reddit.com/r/russian/comments/xkn10o/what_is_the_difference_between_using_%D1%85%D0%BE%D1%80%D0%BE%D1%88%D0%BE_and/,2025-11-19T14:19:04Z
17,Ладно,2,"ладно - Wiktionary, the free dictionary",https://en.wiktionary.org/wiki/%D0%BB%D0%B0%D0%B4%D0%BD%D0%BE,2025-11-19T14:19:04Z
17,Ладно,3,Is ладно an acceptable response to как дела? : r/russian,https://www.reddit.com/r/russian/comments/t1gi8q/is_%D0%BB%D0%B0%D0%B4%D0%BD%D0%BE_an_acceptable_response_to_%D0%BA%D0%B0%D0%BA_%D0%B4%D0%B5%D0%BB%D0%B0/,2025-11-19T14:19:04Z
17,Ладно,4,"Ладно, я Арчет (@sir_Archet) / Posts / X",https://x.com/sir_Archet,2025-11-19T14:19:04Z
17,Ладно,5,лáдно [ладна] (@ladno.spot) • Instagram photos and videos,https://www.instagram.com/ladno.spot/?hl=en,2025-11-19T14:19:04Z
17,Ладно,6,ладно — Викисловарь,https://ru.wiktionary.org/wiki/%D0%BB%D0%B0%D0%B4%D0%BD%D0%BE,2025-11-19T14:19:04Z
17,Ладно,7,Школьная форма оптом и в розницу - Компания LADNO,https://ladno24.ru/,2025-11-19T14:19:04Z
17,Ладно,8,Ладно да Складно - YouTube,https://www.youtube.com/channel/UCSe7NjaUudDS-cVKtxPoNNw,2025-11-19T14:19:04Z
17,Ладно,9,Усама бен Ладен — Википедия,https://ru.wikipedia.org/wiki/%D0%A3%D1%81%D0%B0%D0%BC%D0%B0_%D0%B1%D0%B5%D0%BD_%D0%9B%D0%B0%D0%B4%D0%B5%D0%BD,2025-11-19T14:19:04Z
17,Ладно,10,"Stream ладно. music | Listen to songs, albums, playlists for free on ...",https://soundcloud.com/bodya-demovskiy,2025-11-19T14:19:04Z
17,Ладно,11,"Так, ладно, вы сделали испытания легче, гораздо легче. | EA ...",https://forums.ea.com/discussions/battlefield-6-general-discussion-ru/%D1%82%D0%B0%D0%BA-%D0%BB%D0%B0%D0%B4%D0%BD%D0%BE-%D0%B2%D1%8B-%D1%81%D0%B4%D0%B5%D0%BB%D0%B0%D0%BB%D0%B8-%D0%B8%D1%81%D0%BF%D1%8B%D1%82%D0%B0%D0%BD%D0%B8%D1%8F-%D0%BB%D0%B5%D0%B3%D1%87%D0%B5-%D0%B3%D0%BE%D1%80%D0%B0%D0%B7%D0%B4%D0%BE-%D0%BB%D0%B5%D0%B3%D1%87%D0%B5-/12827494,2025-11-19T14:19:04Z
17,Ладно,12,ладно - Перевод на английский - примеры русский | Reverso ...,https://context.reverso.net/%D0%BF%D0%B5%D1%80%D0%B5%D0%B2%D0%BE%D0%B4/%D1%80%D1%83%D1%81%D1%81%D0%BA%D0%B8%D0%B9-%D0%B0%D0%BD%D0%B3%D0%BB%D0%B8%D0%B9%D1%81%D0%BA%D0%B8%D0%B9/%D0%BB%D0%B0%D0%B4%D0%BD%D0%BE,2025-11-19T14:19:04Z
17,Ладно,13,"Ладно фильм, 2007, дата выхода трейлеры актеры отзывы ...",https://www.kinopoisk.ru/film/413191/,2025-11-19T14:19:04Z
17,Ладно,14,"«ладно» в словарях: написание, значение, ударение ...",https://gramota.ru/meta/ladno,2025-11-19T14:19:04Z
17,Ладно,15,Ладно-Хорошо | Сообщество Александра Маточкина 2025 ...,https://vk.com/ladno_horosho,2025-11-19T14:19:04Z
17,Ладно,16,Cинонимы к слову «ладно» на TEXT.RU,https://text.ru/synonym/%D0%BB%D0%B0%D0%B4%D0%BD%D0%BE,2025-11-19T14:19:04Z
17,Ладно,17,Значение слова ЛАДНО. Что такое ЛАДНО?,https://kartaslov.ru/%D0%B7%D0%BD%D0%B0%D1%87%D0%B5%D0%BD%D0%B8%D0%B5-%D1%81%D0%BB%D0%BE%D0%B2%D0%B0/%D0%BB%D0%B0%D0%B4%D0%BD%D0%BE,2025-11-19T14:19:04Z
17,Ладно,18,#ладно | TikTok,https://www.tiktok.com/tag/%D0%BB%D0%B0%D0%B4%D0%BD%D0%BE?lang=en,2025-11-19T14:19:04Z
17,Ладно,19,Жанне Фриске поставят памятник при жизни. Да ладно ...,https://www.1tv.ru/shows/da-ladno/syuzhety/zhanne-friske-postavyat-pamyatnik-pri-zhizni-da-ladno-fragment-vypuska-ot-03-11-2012,2025-11-19T14:19:04Z
17,Ладно,20,ЛАДНО - это... Значение слова ЛАДНО,https://sinonim.org/t/%D0%BB%D0%B0%D0%B4%D0%BD%D0%BE,2025-11-19T14:19:04Z
18,НАТО,1,НАТО — Википедия,https://ru.wikipedia.org/wiki/%D0%9D%D0%90%D0%A2%D0%9E,2025-11-19T14:19:09Z
18,НАТО,2,NATO,https://www.nato.int/,2025-11-19T14:19:09Z
18,НАТО,3,Россия против НАТО: возможна ли война на Балтике? | Военное ...,https://www.bbc.com/russian/articles/cr5edjrj65ro,2025-11-19T14:19:09Z
18,НАТО,4,NATO | Brussels,https://www.facebook.com/NATO/,2025-11-19T14:19:09Z
18,НАТО,5,NATO - Wikipedia,https://en.wikipedia.org/wiki/NATO,2025-11-19T14:19:09Z
18,НАТО,6,"Генсек НАТО высмеял ""ковыляющую домой"" подлодку РФ – DW ...",https://www.dw.com/ru/gensek-nato-vysmeal-kovylausuu-domoj-rossijskuu-podlodku/a-74350531,2025-11-19T14:19:09Z
18,НАТО,7,"NATO - News: NATO Allies send more ships, jets to enhance ...",https://shape.nato.int/news-archive/2022/nato-allies-send-more-ships--jets-to-enhance-deterrence-and-defence-in-eastern-europe,2025-11-19T14:19:09Z
18,НАТО,8,NATO Allies and Partners start interoperability ... - Allied Air Command,https://ac.nato.int/archive/2022/baltops-22,2025-11-19T14:19:09Z
18,НАТО,9,Home | NATO PA,https://www.nato-pa.int/,2025-11-19T14:19:09Z
18,НАТО,10,"NATO | Summer might be over, but the goal for peace remains ...",https://www.instagram.com/p/C_bJfcSNMR0/,2025-11-19T14:19:09Z
18,НАТО,11,NATO advances maritime innovation ... - Allied Maritime Command,https://mc.nato.int/media-centre/news/2025/nato-advances-maritime-innovation-and-readiness-through-exercise-dynamic-messenger-2025,2025-11-19T14:19:09Z
18,НАТО,12,НАТО - последние новости сегодня - РИА Новости,https://ria.ru/organization_NATO/,2025-11-19T14:19:09Z
18,НАТО,13,Франция и НАТО - Министерство Европы и иностранных дел,https://www.diplomatie.gouv.fr/ru/politique-etrangere/bezopasnost-razoruzhenie-i-neraspostranenie/la-france-et-l-otan/,2025-11-19T14:19:09Z
18,НАТО,14,НАТО - Министерство иностранных дел Российской Федерации,https://mid.ru/ru/foreign_policy/rso/nato/,2025-11-19T14:19:09Z
18,НАТО,15,StratCom | NATO Strategic Communications Centre of Excellence ...,https://stratcomcoe.org/,2025-11-19T14:19:09Z
18,НАТО,16,Членство Литвы в Североатлантическом альянсе (НАТО ...,https://www.urm.lt/ru/litva-v-regione-i-v-mire/politika-bezopasnosti/chlenstvo-litvy-v-severoatlanticheskom-alyanse-nato/1403,2025-11-19T14:19:09Z
18,НАТО,17,Общая информационная записка НАТО,https://www.mfa.gov.tr/data/DISPOLITIKA/nato-ru.pdf,2025-11-19T14:19:09Z
18,НАТО,18,Трансатлантический ужин государственного секретаря Рубио с ...,https://www.state.gov/translations/%D1%80%D1%83%D1%81%D1%81%D0%BA%D0%B8%D0%B9/%D1%82%D1%80%D0%B0%D0%BD%D1%81%D0%B0%D1%82%D0%BB%D0%B0%D0%BD%D1%82%D0%B8%D1%87%D0%B5%D1%81%D0%BA%D0%B8%D0%B9-%D1%83%D0%B6%D0%B8%D0%BD-%D0%B3%D0%BE%D1%81%D1%83%D0%B4%D0%B0%D1%80%D1%81%D1%82%D0%B2%D0%B5,2025-11-19T14:19:09Z
18,НАТО,19,NATO (@NATO) / Posts / X,https://x.com/NATO?lang=en,2025-11-19T14:19:09Z
18,НАТО,20,США приостановили поставки оружия союзникам по НАТО и ...,https://www.svoboda.org/a/ssha-priostanovili-postavki-oruzhiya-soyuznikam-po-nato-i-ukraine-iz-za-shatdauna/33585490.html,2025-11-19T14:19:09Z
19,Christmas,1,Christmas - Wikipedia,https://en.wikipedia.org/wiki/Christmas,2025-11-19T14:19:13Z
19,Christmas,2,Google Santa Tracker,https://santatracker.google.com/,2025-11-19T14:19:13Z
19,Christmas,3,r/Christmas,https://www.reddit.com/r/christmas/,2025-11-19T14:19:13Z
19,Christmas,4,Christmas Spectacular | The Rockettes,https://www.rockettes.com/christmas/,2025-11-19T14:19:13Z
19,Christmas,5,Shop Christmas.com For The Largest Selection Of Christmas ...,https://christmas.com/,2025-11-19T14:19:13Z
19,Christmas,6,Operation Christmas Child | Shoebox Outreach of Samaritan's Purse,https://www.samaritanspurse.org/what-we-do/operation-christmas-child/,2025-11-19T14:19:13Z
19,Christmas,7,Christmas in The Wizarding World of Harry Potter™ | Universal ...,http://www.universalstudioshollywood.com/web/en/us/things-to-do/events-and-seasonal-activities/christmas-in-the-wizarding-world-of-harry-potter,2025-11-19T14:19:13Z
19,Christmas,8,Audubon Christmas Bird Count | Audubon,https://www.audubon.org/community-science/christmas-bird-count,2025-11-19T14:19:13Z
19,Christmas,9,Rockefeller Center Christmas Tree Lighting | NYC Winter Events,https://www.rockefellercenter.com/holidays/rockefeller-center-christmas-tree/,2025-11-19T14:19:13Z
19,Christmas,10,"Christmas | Origin, Definition, Traditions, History, & Facts | Britannica",https://www.britannica.com/topic/Christmas,2025-11-19T14:19:13Z
19,Christmas,11,Dickens Fair: Home,https://dickensfair.com/,2025-11-19T14:19:13Z
19,Christmas,12,A Longwood Christmas | Longwood Gardens,https://longwoodgardens.org/gardens/our-seasons/longwood-christmas,2025-11-19T14:19:13Z
19,Christmas,13,"Christmas Village in Philadelphia | Nov 22 - Dec 24, 2025",http://www.philachristmas.com/index.html,2025-11-19T14:19:13Z
19,Christmas,14,National Christmas Tree Lighting,https://www.thenationaltree.org/,2025-11-19T14:19:13Z
19,Christmas,15,Enchant Christmas: Home,https://www.enchantchristmas.com/,2025-11-19T14:19:13Z
19,Christmas,16,Michael Christmas (@michaelchristmas) • Instagram photos and ...,https://www.instagram.com/michaelchristmas/,2025-11-19T14:19:13Z
19,Christmas,17,National Christmas Tree Association,https://realchristmastrees.org/,2025-11-19T14:19:13Z
19,Christmas,18,Dollywood Festivals & Events | Smoky Mountain Christmas,https://www.dollywood.com/themepark/festivals/smoky-mountain-christmas/,2025-11-19T14:19:13Z
19,Christmas,19,"History of Christmas - Origins, Traditions & Facts | HISTORY",https://www.history.com/articles/history-of-christmas,2025-11-19T14:19:13Z
19,Christmas,20,Official 2025 White House Christmas Ornament – White House ...,https://shop.whitehousehistory.org/products/official-2025-white-house-christmas-ornament,2025-11-19T14:19:13Z
20,Отлично,1,"отлично - Wiktionary, the free dictionary",https://en.wiktionary.org/wiki/%D0%BE%D1%82%D0%BB%D0%B8%D1%87%D0%BD%D0%BE,2025-11-19T14:19:18Z
20,Отлично,2,Что тут значит 'отлично'? : r/russian,https://www.reddit.com/r/russian/comments/1dnlkvo/%D1%87%D1%82%D0%BE_%D1%82%D1%83%D1%82_%D0%B7%D0%BD%D0%B0%D1%87%D0%B8%D1%82_%D0%BE%D1%82%D0%BB%D0%B8%D1%87%D0%BD%D0%BE/,2025-11-19T14:19:18Z
20,Отлично,3,"ЖК ""Отлично"" в Люберцах - купить квартиру от застройщика",https://otlichnodom.ru/,2025-11-19T14:19:18Z
20,Отлично,4,"Отлично провел время в Портленде, прям как в ""Гримм"" : r/grimm",https://www.reddit.com/r/grimm/comments/1mt9o5q/had_a_very_grimm_time_in_portland/?tl=ru,2025-11-19T14:19:18Z
20,Отлично,5,Апарт-отель Отлично| Шерегеш,https://hotelotlichno.ru/,2025-11-19T14:19:18Z
20,Отлично,6,"Тариф МТС Дома Отлично - Описание, Цена, Подключение ...",https://saratov.mts.ru/personal/mobilnaya-svyaz/tarifi/vse-tarifi/mts-doma-otlichno,2025-11-19T14:19:18Z
20,Отлично,7,"Тариф МТС Дома Отлично - Описание, Цена, Подключение ...",https://moskva.mts.ru/personal/mobilnaya-svyaz/tarifi/vse-tarifi/mts-doma-otlichno,2025-11-19T14:19:18Z
20,Отлично,8,отлично - Translation into English - examples Russian | Reverso ...,https://context.reverso.net/translation/russian-english/%D0%BE%D1%82%D0%BB%D0%B8%D1%87%D0%BD%D0%BE,2025-11-19T14:19:18Z
20,Отлично,9,What does отлично (otlichno) mean in Russian?,https://www.wordhippo.com/what-is/the-meaning-of/russian-word-68a77ea3cf1ed42e59197b10d071dd62c635f6a3.html,2025-11-19T14:19:18Z
20,Отлично,10,VIII МЕЖДУНАРОДНЫЙ ФОРУМ ЛУЧШИХ ВЫПУСКНИКОВ ТОП ...,https://100bestdesign.ru/,2025-11-19T14:19:18Z
20,Отлично,11,"Нормально, Григорий! Отлично ... - Михаил ЖВАНЕЦКИЙ",http://www.jvanetsky.ru/data/text/t7/normalno_grigorii/,2025-11-19T14:19:18Z
20,Отлично,12,отлично — Викисловарь,https://ru.wiktionary.org/wiki/%D0%BE%D1%82%D0%BB%D0%B8%D1%87%D0%BD%D0%BE,2025-11-19T14:19:18Z
20,Отлично,13,отлично pronunciation: How to pronounce отлично in Russian ...,https://forvo.com/word/%D0%BE%D1%82%D0%BB%D0%B8%D1%87%D0%BD%D0%BE/,2025-11-19T14:19:18Z
20,Отлично,14,"ЖК «Отлично» Московская область, Люберцы, Октябрьский ...",https://zhk-otlichno-lyubertsy-i.cian.ru/,2025-11-19T14:19:18Z
20,Отлично,15,"Тариф МТС Дома Отлично - Описание, Цена, Подключение ...",https://tomsk.mts.ru/personal/mobilnaya-svyaz/tarifi/vse-tarifi/mts-doma-otlichno,2025-11-19T14:19:18Z
20,Отлично,16,Учимся на отлично! - YouTube,https://www.youtube.com/@popova_uchit,2025-11-19T14:19:18Z
20,Отлично,17,what's the difference between отличный and отлично ... - italki,https://www.italki.com/en/post/FrqZRWmiO61FR7Lto5spyL,2025-11-19T14:19:18Z
20,Отлично,18,Тариф МТС МТС Дома Отлично 100 Мбит/с в Новосибирске ...,https://mts-pro.ru/novosibirsk/mts-doma-otlichno-4,2025-11-19T14:19:18Z
20,Отлично,19,NESE Новости: По результатам визита аккредитационной ...,https://nese.edu/ru/nese-news-nese-receives-perfect-score-following-accreditation-site-visit.html,2025-11-19T14:19:18Z
20,Отлично,20,"К слову, подобные комментарии отлично отражают отношение ...",https://www.facebook.com/alessandra.zvereva/posts/%D0%BA-%D1%81%D0%BB%D0%BE%D0%B2%D1%83-%D0%BF%D0%BE%D0%B4%D0%BE%D0%B1%D0%BD%D1%8B%D0%B5-%D0%BA%D0%BE%D0%BC%D0%BC%D0%B5%D0%BD%D1%82%D0%B0%D1%80%D0%B8%D0%B8-%D0%BE%D1%82%D0%BB%D0%B8%D1%87%D0%BD%D0%BE-%D0%BE%D1%82%D1%80%D0%B0%D0%B6%D0%B0%D1%8E%D1%82-%D0%BE%D1%82%D0%BD%D0%BE%D1%88%D0%B5%D0%BD%D0%B8%D0%B5-%D1%87%D0%B0%D1%81%D1%82%D0%B8-%D0%BE%D0%B1%D1%89%D0%B5%D1%81%D1%82%D0%B2%D0%B0-%D0%BA-%D1%8D%D1%82%D0%BE%D0%B9-%D0%BF%D1%80/24530435099874322/,2025-11-19T14:19:18Z
21,#niox,1,"NIOX VERO®, the simplest way to test FeNO – United States",https://www.niox.com/,2025-11-19T14:19:22Z
21,#niox,2,Global Opportunities - NIOX®,https://investors.niox.com/contacts/locations-2/,2025-11-19T14:19:22Z
21,#niox,3,"NIOX VERO®, the simplest way to test FeNO – United Kingdom",https://www.niox.com/en-gb/,2025-11-19T14:19:22Z
21,#niox,4,NIOX Group plc: The leading provider of point-of-care FeNO ...,https://investors.niox.com/,2025-11-19T14:19:22Z
21,#niox,5,NIOX Group - Wikipedia,https://en.wikipedia.org/wiki/NIOX_Group,2025-11-19T14:19:22Z
21,#niox,6,Ligand engineering of solution-processed NiOx for high ...,https://pubs.rsc.org/en/content/articlelanding/2025/ee/d5ee00736d,2025-11-19T14:19:22Z
21,#niox,7,Redox-Sensitive NiOx Stabilizing Perovskite Films for High ...,https://pubs.acs.org/doi/10.1021/jacs.4c00110,2025-11-19T14:19:22Z
21,#niox,8,"Validation of a New Portable Exhaled Nitric Oxide Analyzer, NIOX ...",https://link.springer.com/article/10.1007/s41030-017-0032-8,2025-11-19T14:19:22Z
21,#niox,9,Surface redox engineering of vacuum-deposited NiOx for top ...,https://www.sciencedirect.com/science/article/pii/S2542435122003002,2025-11-19T14:19:22Z
21,#niox,10,NIOX VERO® Patient Filters | CDS- Carolina Diagnostic Solutions,https://www.carolinadiagnosticsolutions.com/products/test-filters-100,2025-11-19T14:19:22Z
21,#niox,11,Comparison of two exhaled nitric oxide analyzers: the NIOX MINO ...,https://pubmed.ncbi.nlm.nih.gov/22404295/,2025-11-19T14:19:22Z
21,#niox,12,Gold-supported cerium-doped NiOx catalysts for water oxidation ...,https://www.nature.com/articles/nenergy201653,2025-11-19T14:19:22Z
21,#niox,13,NIOX HEALTHCARE LIMITED overview - Find and update company ...,https://find-and-update.company-information.service.gov.uk/company/03689966,2025-11-19T14:19:22Z
21,#niox,14,Homogenized NiOx nanoparticles for improved hole transport in ...,https://www.science.org/doi/10.1126/science.adj8858,2025-11-19T14:19:22Z
21,#niox,15,NIOX GROUP PLC overview - Find and update company information ...,https://find-and-update.company-information.service.gov.uk/company/05822706,2025-11-19T14:19:22Z
21,#niox,16,Victoria Niox-Chateau - 2025-26 - Women's Tennis - University of ...,https://ungathletics.com/sports/womens-tennis/roster/victoria-niox-chateau/5129,2025-11-19T14:19:22Z
21,#niox,17,Phosphates Modulated NiOx HTL toward a Lower Voc Loss in Wide ...,https://advanced.onlinelibrary.wiley.com/doi/10.1002/adfm.202419393,2025-11-19T14:19:22Z
21,#niox,18,Zephyrx to Integrate Niox FeNO | RT,https://respiratory-therapy.com/products-treatment/industry-regulatory-news/business-news/zephyrx-to-integrate-niox-feno/,2025-11-19T14:19:22Z
21,#niox,19,NIOX® | LinkedIn,https://www.linkedin.com/company/circassia,2025-11-19T14:19:22Z
21,#niox,20,A comparative study of the RuiBreath and NIOX VERO analyzers for ...,https://pmc.ncbi.nlm.nih.gov/articles/PMC8339745/,2025-11-19T14:19:22Z
22,Жаль,1,"жаль - Wiktionary, the free dictionary",https://en.wiktionary.org/wiki/%D0%B6%D0%B0%D0%BB%D1%8C,2025-11-19T14:19:26Z
22,Жаль,2,Difference between жаль and жалко : r/russian,https://www.reddit.com/r/russian/comments/cl1vn2/difference_between_%D0%B6%D0%B0%D0%BB%D1%8C_and_%D0%B6%D0%B0%D0%BB%D0%BA%D0%BE/,2025-11-19T14:19:26Z
22,Жаль,3,Саша Жаль (@zhalsasha) • Instagram photos and videos,https://www.instagram.com/zhalsasha/?hl=en,2025-11-19T14:19:26Z
22,Жаль,4,Can I use «мне жаль» for things that weren't my fault? : r/russian,https://www.reddit.com/r/russian/comments/ulsftu/can_i_use_%D0%BC%D0%BD%D0%B5_%D0%B6%D0%B0%D0%BB%D1%8C_for_things_that_werent_my_fault/,2025-11-19T14:19:26Z
22,Жаль,5,"жаль pronunciation: How to pronounce жаль in Russian, Ukrainian ...",https://forvo.com/word/%D0%B6%D0%B0%D0%BB%D1%8C/,2025-11-19T14:19:26Z
22,Жаль,6,жаль — Викисловарь,https://ru.wiktionary.org/wiki/%D0%B6%D0%B0%D0%BB%D1%8C,2025-11-19T14:19:26Z
22,Жаль,7,жаль - Перевод на английский - примеры русский | Reverso Context,https://context.reverso.net/%D0%BF%D0%B5%D1%80%D0%B5%D0%B2%D0%BE%D0%B4/%D1%80%D1%83%D1%81%D1%81%D0%BA%D0%B8%D0%B9-%D0%B0%D0%BD%D0%B3%D0%BB%D0%B8%D0%B9%D1%81%D0%BA%D0%B8%D0%B9/%D0%B6%D0%B0%D0%BB%D1%8C,2025-11-19T14:19:26Z
22,Жаль,8,Так Жаль | Undertale Вики | Fandom,https://undertale.fandom.com/ru/wiki/%D0%A2%D0%B0%D0%BA_%D0%96%D0%B0%D0%BB%D1%8C,2025-11-19T14:19:26Z
22,Жаль,9,Театральная компания «Разговоры». Инклюзивный мюзикл ...,https://alexandrinsky.ru/afisha-i-bilety/spektakl-zhal-chto-tebya-zdes-net/,2025-11-19T14:19:26Z
22,Жаль,10,"Хмеля не жаль, магазин разливного пива, Картель, 38-й комплекс ...",https://2gis.ru/nabchelny/firm/4081915443551366,2025-11-19T14:19:26Z
22,Жаль,11,"Жаль, нет ружья — Википедия","https://ru.wikipedia.org/wiki/%D0%96%D0%B0%D0%BB%D1%8C,_%D0%BD%D0%B5%D1%82_%D1%80%D1%83%D0%B6%D1%8C%D1%8F",2025-11-19T14:19:26Z
22,Жаль,12,"Хинкали не жаль, имени Героя Советского Союза Трофимова ...",https://2gis.ru/biysk/firm/70000001057674164,2025-11-19T14:19:26Z
22,Жаль,13,Мне очень жаль - Single by Various Artists | Spotify,https://open.spotify.com/album/7v0Nlk4xevRBoVNSGYjPZl,2025-11-19T14:19:26Z
22,Жаль,14,"Лука не жаль, кафе, Северский парк, Коммунистический проспект ...",https://2gis.ru/seversk/firm/70000001048005750,2025-11-19T14:19:26Z
22,Жаль,15,"«Мне жаль» и «прости», в чем разница?",https://www.b17.ru/article/495646/,2025-11-19T14:19:26Z
22,Жаль,16,"Хлеба не жаль, проспект Октября, 146, Уфа — 2ГИС",https://2gis.ru/ufa/firm/70000001067896230,2025-11-19T14:19:26Z
22,Жаль,17,«жаль» в словарях портала | Поиск по Грамоте,https://gramota.ru/poisk?query=%D0%B6%D0%B0%D0%BB%D1%8C&mode=slovari,2025-11-19T14:19:26Z
22,Жаль,18,"Как жаль, что мои родители об этом не знали (и как повезло ...",https://www.ozon.ru/category/kak-zhal-chto-moi-roditeli-ob-etom-ne-znali-i-kak-povezlo-moim-detyam-chto-teper-ob-etom-znayu-ya/,2025-11-19T14:19:26Z
22,Жаль,19,Жаль|Справочник по пунктуации | Грамота.ру – справочный портал,https://gramota.ru/biblioteka/spravochniki/spravochnik-po-punktuatsii/zhal,2025-11-19T14:19:26Z
22,Жаль,20,"Аджики Не Жаль, Новосибирск - фото ресторана - Tripadvisor",https://www.tripadvisor.ru/Restaurant_Review-g298529-d6953972-Reviews-Adzhikinezhal-Novosibirsk_Novosibirsky_District_Novosibirsk_Oblast_Siberian_Distr.html,2025-11-19T14:19:26Z
23,Россией,1,Россия — Википедия,https://ru.wikipedia.org/wiki/%D0%A0%D0%BE%D1%81%D1%81%D0%B8%D1%8F,2025-11-19T14:19:31Z
23,Россией,2,Outcomes of the United States and Russia Expert Groups On the ...,https://www.whitehouse.gov/briefings-statements/2025/03/outcomes-of-the-united-states-and-russia-expert-groups-on-the-black-sea/,2025-11-19T14:19:31Z
23,Россией,3,Russia - Wikipedia,https://en.wikipedia.org/wiki/Russia,2025-11-19T14:19:31Z
23,Россией,4,Полет над Россией,https://www.zaryadyepark.ru/schedule/41450/,2025-11-19T14:19:31Z
23,Россией,5,Official text: Основополагающий акт о взаимных ... - NATO,https://www.nato.int/cps/ru/natohq/official_texts_25468.htm,2025-11-19T14:19:31Z
23,Россией,6,Генеральное консульство России в Нью-Йорке,https://newyork.mid.ru/ru/,2025-11-19T14:19:31Z
23,Россией,7,Парк «Зарядье»,https://welcome.zaryadyepark.ru/,2025-11-19T14:19:31Z
23,Россией,8,7 вопросов к примирению России и Азербайджана - BBC News ...,https://www.bbc.com/russian/articles/c3dn5zp4825o,2025-11-19T14:19:31Z
23,Россией,9,Президент России,http://kremlin.ru/,2025-11-19T14:19:31Z
23,Россией,10,Постоянного представительства России при ООН,https://russiaun.ru/,2025-11-19T14:19:31Z
23,Россией,11,Почта России,https://www.pochta.ru/,2025-11-19T14:19:31Z
23,Россией,12,Свидание с Россией: Главная,https://svidaniesrossiey.ru/home/,2025-11-19T14:19:31Z
23,Россией,13,ВГТРК,https://vgtrk.ru/,2025-11-19T14:19:31Z
23,Россией,14,Россия | Country Page | World | Human Rights Watch,https://www.hrw.org/ru/europe/central-asia/russia,2025-11-19T14:19:31Z
23,Россией,15,Правительство России официальный сайт,http://government.ru/,2025-11-19T14:19:31Z
23,Россией,16,Для граждан России,https://washington.mid.ru/ru/consular-services/citizens-russia/,2025-11-19T14:19:31Z
23,Россией,17,Банк России: Центральный банк Российской Федерации,https://www.cbr.ru/,2025-11-19T14:19:31Z
23,Россией,18,Россия - последние новости сегодня,https://ria.ru/location_rossiyskaya-federatsiya/,2025-11-19T14:19:31Z
23,Россией,19,Homepage-ru - Посольство и консульства США в Российской ...,https://ru.usembassy.gov/ru/,2025-11-19T14:19:31Z
23,Россией,20,Министерство экономического развития Российской Федерации,https://www.economy.gov.ru/,2025-11-19T14:19:31Z
24,Насколько,1,Насколько похожи испанский и португальский? : r/Portuguese,https://www.reddit.com/r/Portuguese/comments/u0h8yo/how_similar_are_spanish_and_portuguese/?tl=ru,2025-11-19T14:19:35Z
24,Насколько,2,"Насколько прочны MacBook, по твоему опыту? : r/macbook",https://www.reddit.com/r/macbook/comments/1dutcc0/how_durable_are_macbooks_in_your_experience/?tl=ru,2025-11-19T14:19:35Z
24,Насколько,3,Насколько на самом деле небезопасно в Колумбии? : r/backpacking,https://www.reddit.com/r/backpacking/comments/1b4len5/how_unsafe_is_colombia_really/?tl=ru,2025-11-19T14:19:35Z
24,Насколько,4,Вопрос: Насколько редок четырёхлистный клевер? Не уверен ...,https://www.reddit.com/r/botany/comments/13jhvad/question_how_rare_is_a_6_leaf_clover_unsure_how/?tl=ru,2025-11-19T14:19:35Z
24,Насколько,5,Насколько латынь похожа на современный итальянский? : r/latin,https://www.reddit.com/r/latin/comments/smnc3t/how_similar_is_latin_to_modern_italian/?tl=ru,2025-11-19T14:19:35Z
24,Насколько,6,Насколько острая кимчи?? : r/KoreanFood,https://www.reddit.com/r/KoreanFood/comments/y9g9y9/how_spicy_is_kimchi/?tl=ru,2025-11-19T14:19:35Z
24,Насколько,7,Насколько точно Apple Watch считает сожжённые калории? : r ...,https://www.reddit.com/r/AppleWatch/comments/ulxb0w/how_accurate_is_the_apple_watch_for_calories/?tl=ru,2025-11-19T14:19:35Z
24,Насколько,8,Насколько сложно выучить корейский? : r/Korean,https://www.reddit.com/r/Korean/comments/r810mt/how_hard_is_it_to_learn_korean/?tl=ru,2025-11-19T14:19:35Z
24,Насколько,9,Насколько сложна эта игра? : r/HollowKnight,https://www.reddit.com/r/HollowKnight/comments/ny8g4z/how_difficult_is_this_game/?tl=ru,2025-11-19T14:19:35Z
24,Насколько,10,"Ладно, серьёзно, насколько силён Супермен? : r/superman",https://www.reddit.com/r/superman/comments/18bkguy/ok_seriously_how_strong_is_superman/?tl=ru,2025-11-19T14:19:35Z
24,Насколько,11,Насколько точны результаты InBody? : r/Fitness,https://www.reddit.com/r/Fitness/comments/duipup/how_accurate_are_the_inbody_tests/?tl=ru,2025-11-19T14:19:35Z
24,Насколько,12,Насколько сложно научиться играть на пианино? Стоит ли оно ...,https://www.reddit.com/r/piano/comments/13pvo8g/how_hard_is_it_to_learn_piano_is_it_worth_it/?tl=ru,2025-11-19T14:19:35Z
24,Насколько,13,Насколько сложно хорошо разбираться в SQL Server и писать ...,https://www.reddit.com/r/SQL/comments/1dc19ir/how_difficult_is_it_to_be_proficient_in_using_sql/?tl=ru,2025-11-19T14:19:35Z
24,Насколько,14,Насколько сложно восхождение на Эверест? : r/Mountaineering,https://www.reddit.com/r/Mountaineering/comments/rxuan0/how_hard_is_climbing_everest/?tl=ru,2025-11-19T14:19:35Z
24,Насколько,15,Насколько умны богомолы? : r/Entomology,https://www.reddit.com/r/Entomology/comments/u1m4iw/how_intelligent_are_mantises/?tl=ru,2025-11-19T14:19:35Z
24,Насколько,16,Насколько точно измеряют звук приложения для телефонов? : r ...,https://www.reddit.com/r/audioengineering/comments/1hxsmnn/how_accurate_are_cellphone_sound_measuring_apps/?tl=ru,2025-11-19T14:19:35Z
24,Насколько,17,Насколько хорош Windows Defender? : r/antivirus,https://www.reddit.com/r/antivirus/comments/1evwgcu/how_good_is_windows_defender/?tl=ru,2025-11-19T14:19:35Z
24,Насколько,18,Насколько важно шифрование диска? : r/archlinux,https://www.reddit.com/r/archlinux/comments/1aihaep/how_important_is_disk_encryption/?tl=ru,2025-11-19T14:19:35Z
24,Насколько,19,Насколько на самом деле сложна Master of Puppets (Metallica ...,https://www.reddit.com/r/guitarlessons/comments/y0r7s0/how_actually_hard_is_master_of_puppets_metallica/?tl=ru,2025-11-19T14:19:35Z
24,Насколько,20,"Насколько точны Apple Watch? Я надела их сегодня впервые, и я ...",https://www.reddit.com/r/AppleWatch/comments/1ijaq11/how_accurate_is_the_apple_watch_i_wore_it_for_the/?tl=ru,2025-11-19T14:19:35Z
25,Ukraine,1,Ukraine - Wikipedia,https://en.wikipedia.org/wiki/Ukraine,2025-11-19T14:19:40Z
25,Ukraine,2,Ukraine | The Guardian,https://www.theguardian.com/world/ukraine,2025-11-19T14:19:40Z
25,Ukraine,3,Ukraine travel advice - GOV.UK,https://www.gov.uk/foreign-travel-advice/ukraine,2025-11-19T14:19:40Z
25,Ukraine,4,Ukraine | International Criminal Court,https://www.icc-cpi.int/situations/ukraine,2025-11-19T14:19:40Z
25,Ukraine,5,Apply for a Ukraine Family Scheme visa - GOV.UK,https://www.gov.uk/guidance/apply-for-a-ukraine-family-scheme-visa,2025-11-19T14:19:40Z
25,Ukraine,6,"Ukraine Refugee Crisis: Aid, Statistics and News | USA for UNHCR",https://www.unrefugees.org/emergencies/ukraine/,2025-11-19T14:19:40Z
25,Ukraine,7,Situation Ukraine Refugee Situation,https://data.unhcr.org/en/situations/ukraine,2025-11-19T14:19:40Z
25,Ukraine,8,Ukraine recovery Conference 2025 | Rome | 10-11 July,https://www.urc-international.com/,2025-11-19T14:19:40Z
25,Ukraine,9,"Nova Ukraine | Heal, Build, Empower, Advocate",https://novaukraine.org/,2025-11-19T14:19:40Z
25,Ukraine,10,DHS to Extend Temporary Protected Status for Ukraine | Homeland ...,https://www.dhs.gov/archive/news/2025/01/10/dhs-extend-temporary-protected-status-ukraine,2025-11-19T14:19:40Z
25,Ukraine,11,Ukraine,https://www.ebrd.com/home/what-we-do/where-we-invest/ukraine.html,2025-11-19T14:19:40Z
25,Ukraine,12,Ukraine Humanitarian Appeal | Disasters Emergency Committee,https://www.dec.org.uk/appeal/ukraine-humanitarian-appeal,2025-11-19T14:19:40Z
25,Ukraine,13,Temporary Protected Status Designated Country: Ukraine | USCIS,https://www.uscis.gov/humanitarian/temporary-protected-status/TPS-Ukraine,2025-11-19T14:19:40Z
25,Ukraine,14,Ukraine - United States Department of State,https://www.state.gov/countries-areas/ukraine,2025-11-19T14:19:40Z
25,Ukraine,15,Donate | Ukraine: Lives at risk in every attack | UN Crisis Relief,https://crisisrelief.un.org/en/donate-ukraine-crisis,2025-11-19T14:19:40Z
25,Ukraine,16,Ukraine War | Latest News & Updates| BBC News,https://www.bbc.com/news/war-in-ukraine,2025-11-19T14:19:40Z
25,Ukraine,17,Ukraine - European Civil Protection and Humanitarian Aid Operations,https://civil-protection-humanitarian-aid.ec.europa.eu/where/europe/ukraine_en,2025-11-19T14:19:40Z
25,Ukraine,18,Ukraine | Country Page | World | Human Rights Watch,https://www.hrw.org/europe/central-asia/ukraine,2025-11-19T14:19:40Z
25,Ukraine,19,United Help Ukraine: Supporting Ukraine Since 2014,https://unitedhelpukraine.org/,2025-11-19T14:19:40Z
25,Ukraine,20,Ukraine-/Russia-related Sanctions | Office of Foreign Assets Control,https://ofac.treasury.gov/sanctions-programs-and-country-information/ukraine-russia-related-sanctions,2025-11-19T14:19:40Z
1,соболезную,1,"Как ты отвечаешь, когда люди говорят ""Соболезную""? : r ...",https://www.reddit.com/r/GriefSupport/comments/1094xbv/how_do_you_respond_when_people_say_im_sorry_for/?tl=ru,2025-11-20T03:11:57Z
1,соболезную,2,соболезную - Перевод на английский - примеры русский ...,https://context.reverso.net/%D0%BF%D0%B5%D1%80%D0%B5%D0%B2%D0%BE%D0%B4/%D1%80%D1%83%D1%81%D1%81%D0%BA%D0%B8%D0%B9-%D0%B0%D0%BD%D0%B3%D0%BB%D0%B8%D0%B9%D1%81%D0%BA%D0%B8%D0%B9/%D1%81%D0%BE%D0%B1%D0%BE%D0%BB%D0%B5%D0%B7%D0%BD%D1%83%D1%8E,2025-11-20T03:11:57Z
1,соболезную,3,соболезновать — Викисловарь,https://ru.wiktionary.org/wiki/%D1%81%D0%BE%D0%B1%D0%BE%D0%BB%D0%B5%D0%B7%D0%BD%D0%BE%D0%B2%D0%B0%D1%82%D1%8C,2025-11-20T03:11:57Z
1,соболезную,4,Я соболезную - Перевод на английский - примеры русский ...,https://context.reverso.net/%D0%BF%D0%B5%D1%80%D0%B5%D0%B2%D0%BE%D0%B4/%D1%80%D1%83%D1%81%D1%81%D0%BA%D0%B8%D0%B9-%D0%B0%D0%BD%D0%B3%D0%BB%D0%B8%D0%B9%D1%81%D0%BA%D0%B8%D0%B9/%D0%AF+%D1%81%D0%BE%D0%B1%D0%BE%D0%BB%D0%B5%D0%B7%D0%BD%D1%83%D1%8E,2025-11-20T03:11:57Z
1,соболезную,5,"В чем разница между ""сочувствую "" и ""соболезную"" ? | HiNative",https://ru.hinative.com/questions/19314791,2025-11-20T03:11:57Z
1,соболезную,6,@FahitosRaul Соболезную вам,https://x.com/Ulianalive/status/1990099609587200418,2025-11-20T03:11:57Z
1,соболезную,7,Соболезную Вашей Утрате,https://ru.pinterest.com/ideas/%D1%81%D0%BE%D0%B1%D0%BE%D0%BB%D0%B5%D0%B7%D0%BD%D1%83%D1%8E-%D0%B2%D0%B0%D1%88%D0%B5%D0%B9-%D1%83%D1%82%D1%80%D0%B0%D1%82%D0%B5/959261490780/,2025-11-20T03:11:57Z
1,соболезную,8,@alinasollo Соболезную,https://x.com/NastushaRainbow/status/1990719571880243498,2025-11-20T03:11:57Z
1,соболезную,9,Соболезную вашей утрате — Википедия,https://ru.wikipedia.org/wiki/%D0%A1%D0%BE%D0%B6%D0%B0%D0%BB%D0%B5%D1%8E_%D0%BE_%D0%B2%D0%B0%D1%88%D0%B5%D0%B9_%D1%83%D1%82%D1%80%D0%B0%D1%82%D0%B5,2025-11-20T03:11:57Z
1,соболезную,10,Идеи на тему «СОБОЛЕЗНУЮ» (13) | светлая память ...,https://ru.pinterest.com/bezmelceval/%D1%81%D0%BE%D0%B1%D0%BE%D0%BB%D0%B5%D0%B7%D0%BD%D1%83%D1%8E/,2025-11-20T03:11:57Z
1,соболезную,11,Проснулся? соболезную - АйДаПрикол,https://www.pinterest.com/pin/700028335838960642/,2025-11-20T03:11:57Z
1,соболезную,12,"Всем привет, как правильно сказать соболезную тебе ( когда кто ...",https://www.facebook.com/groups/1282690175083474/posts/9235070449845367/,2025-11-20T03:11:57Z
1,соболезную,13,Соболезную...,https://www.eparhia-saratov.ru/Articles/soboleznuyu,2025-11-20T03:11:57Z
1,соболезную,14,Zemfira - нет слов.. соболезную близким НАСТОЯЩИЙ ...,https://m.facebook.com/zemfiraramazanova/photos/%D0%BD%D0%B5%D1%82-%D1%81%D0%BB%D0%BE%D0%B2%D1%81%D0%BE%D0%B1%D0%BE%D0%BB%D0%B5%D0%B7%D0%BD%D1%83%D1%8E-%D0%B1%D0%BB%D0%B8%D0%B7%D0%BA%D0%B8%D0%BC%D0%BD%D0%B0%D1%81%D1%82%D0%BE%D1%8F%D1%89%D0%B8%D0%B9-%D0%BC%D0%B0%D1%82%D0%B5%D1%80%D0%B8%D0%B0%D0%BB-%D0%BF%D1%80%D0%BE%D0%B8%D0%B7%D0%B2%D0%B5%D0%B4%D1%91%D0%BD-%D0%B8-%D1%80%D0%B0%D1%81%D0%BF%D1%80%D0%BE%D1%81%D1%82%D1%80%D0%B0%D0%BD%D1%91%D0%BD-%D0%B8%D0%BD%D0%BE%D1%81%D1%82%D1%80%D0%B0%D0%BD/978697620288941/,2025-11-20T03:11:57Z
1,соболезную,15,"Соболезную вашей утрате (сериал, 1-2 сезоны, все серии), 2018 ...",https://www.kinopoisk.ru/series/1114060/,2025-11-20T03:11:57Z
1,соболезную,16,Соболезную Картинки,https://www.pinterest.com/ideas/%D1%81%D0%BE%D0%B1%D0%BE%D0%BB%D0%B5%D0%B7%D0%BD%D1%83%D1%8E-%D0%BA%D0%B0%D1%80%D1%82%D0%B8%D0%BD%D0%BA%D0%B8/898013488891,2025-11-20T03:11:57Z
1,соболезную,17,«В чем смысл мема «остальным соболезную»?» — Яндекс Кью,https://yandex.ru/q/question/v_chem_smysl_mema_ostalnym_soboleznuiu_328066da/,2025-11-20T03:11:57Z
1,соболезную,18,"Галина on X: ""@ii_scene Крепись.. Соболезную. https://t.co ...",https://twitter.com/schutina_galina/status/1166436737704443904,2025-11-20T03:11:57Z
1,соболезную,19,Синонимы к слову «соболезную» (26+ слов),https://sinonim.org/s/%D1%81%D0%BE%D0%B1%D0%BE%D0%BB%D0%B5%D0%B7%D0%BD%D1%83%D1%8E,2025-11-20T03:11:57Z
1,соболезную,20,"соболезную - Словарь и онлайн перевод на английский, русский ...",https://translate.yandex.ru/dictionary/%D0%A0%D1%83%D1%81%D1%81%D0%BA%D0%B8%D0%B9-%D0%90%D0%BD%D0%B3%D0%BB%D0%B8%D0%B9%D1%81%D0%BA%D0%B8%D0%B9/%D1%81%D0%BE%D0%B1%D0%BE%D0%BB%D0%B5%D0%B7%D0%BD%D1%83%D1%8E,2025-11-20T03:11:57Z
2,Cloudflare,1,"Cloudflare: Connect, protect, and build everywhere",https://www.cloudflare.com/,2025-11-20T03:12:02Z
2,Cloudflare,2,Cloudflare Dashboard | Manage Your Account,https://dash.cloudflare.com/,2025-11-20T03:12:02Z
2,Cloudflare,3,What is Cloudflare? | Cloudflare,https://www.cloudflare.com/learning/what-is-cloudflare/,2025-11-20T03:12:02Z
2,Cloudflare,4,Cloudflare - Wikipedia,https://en.wikipedia.org/wiki/Cloudflare,2025-11-20T03:12:02Z
2,Cloudflare,5,Cloudflare Status,https://www.cloudflarestatus.com/,2025-11-20T03:12:02Z
2,Cloudflare,6,The Cloudflare Blog,https://blog.cloudflare.com/,2025-11-20T03:12:02Z
2,Cloudflare,7,Cloudflare Workers,https://workers.cloudflare.com/,2025-11-20T03:12:02Z
2,Cloudflare,8,Internet Speed Test - Measure Network Performance | Cloudflare,https://speed.cloudflare.com/,2025-11-20T03:12:02Z
2,Cloudflare,9,Cloudflare (@Cloudflare) / Posts / X,https://x.com/Cloudflare,2025-11-20T03:12:02Z
2,Cloudflare,10,"Cloudflare outage on November 18, 2025",https://blog.cloudflare.com/18-november-2025-outage/,2025-11-20T03:12:02Z
2,Cloudflare,11,Cloudflare | LinkedIn,https://www.linkedin.com/company/cloudflare,2025-11-20T03:12:02Z
2,Cloudflare,12,1.1.1.1 — The free app that makes your Internet faster.,https://1.1.1.1/,2025-11-20T03:12:02Z
2,Cloudflare,13,Cloudflare API | overview,https://developers.cloudflare.com/api/,2025-11-20T03:12:02Z
2,Cloudflare,14,Cloudflare,https://www.reddit.com/r/CloudFlare/,2025-11-20T03:12:02Z
2,Cloudflare,15,Cloudflare Pages,https://pages.cloudflare.com/,2025-11-20T03:12:02Z
2,Cloudflare,16,Cloudflare Docs: Welcome to Cloudflare,https://developers.cloudflare.com/,2025-11-20T03:12:02Z
2,Cloudflare,17,Cloudflare Partner Portal: Login,https://www.partners.cloudflare.com/partners/,2025-11-20T03:12:02Z
2,Cloudflare,18,Cloudflare – WordPress plugin | WordPress.org,https://wordpress.org/plugins/cloudflare/,2025-11-20T03:12:02Z
2,Cloudflare,19,Cloudflare Support,https://www.support.cloudflare.com/s/?language=en_US,2025-11-20T03:12:02Z
2,Cloudflare,20,How do I add a CNAME record? - DNS & Network - Cloudflare ...,https://community.cloudflare.com/t/how-do-i-add-a-cname-record/59,2025-11-20T03:12:02Z
3,польше,1,Польша — Википедия,https://ru.wikipedia.org/wiki/%D0%9F%D0%BE%D0%BB%D1%8C%D1%88%D0%B0,2025-11-20T03:12:06Z
3,польше,2,Poland - Wikipedia,https://en.wikipedia.org/wiki/Poland,2025-11-20T03:12:06Z
3,польше,3,Российские дроны в Польше. Москва испытывает НАТО на ...,https://www.bbc.com/russian/articles/c33r444jx4zo,2025-11-20T03:12:06Z
3,польше,4,Такси поблизости: Закажите Uber Taxi с телефона | Uber в Польше,https://www.uber.com/pl/ru/ride/ubertaxi/,2025-11-20T03:12:06Z
3,польше,5,В Польше — диверсии на железной дороге. Спецслужбы ...,https://www.bbc.com/russian/articles/c1j86z13nkno,2025-11-20T03:12:06Z
3,польше,6,Польша: Города – Рейтинг по переменной Население - Рейтинги ...,https://datacommons.org/ranking/Count_Person/City/country/POL?h=nuts%2FPL514&hl=ru,2025-11-20T03:12:06Z
3,польше,7,Требования Uber к водителям в Польше,https://www.uber.com/pl/ru/drive/requirements/,2025-11-20T03:12:06Z
3,польше,8,Гетто в оккупированной Польше | Энциклопедия Холокоста,https://encyclopedia.ushmm.org/content/ru/article/ghettos-in-poland,2025-11-20T03:12:06Z
3,польше,9,США предоставляют Польше кредитную гарантию в рамках ...,https://www.state.gov/translations/%D1%80%D1%83%D1%81%D1%81%D0%BA%D0%B8%D0%B9/%D1%81%D1%88%D0%B0-%D0%BF%D1%80%D0%B5%D0%B4%D0%BE%D1%81%D1%82%D0%B0%D0%B2%D0%BB%D1%8F%D1%8E%D1%82-%D0%BF%D0%BE%D0%BB%D1%8C%D1%88%D0%B5-%D0%BA%D1%80%D0%B5%D0%B4%D0%B8%D1%82%D0%BD%D1%83%D1%8E-%D0%B3,2025-11-20T03:12:06Z
3,польше,10,Как пополнить PayPal в Польше - инструкции и тарифы - Wise,https://wise.com/ru/blog/kak-popolnit-paypal-v-polshe,2025-11-20T03:12:06Z
3,польше,11,Посольство России в Польше,https://poland.mid.ru/ru/,2025-11-20T03:12:06Z
3,польше,12,Уничтожение евреев Польши | История Холокоста,https://www.yadvashem.org/ru/holocaust/about/fate-of-jews/poland.html,2025-11-20T03:12:06Z
3,польше,13,Генеральное консульство России в Гданьске,https://gdansk.mid.ru/ru/,2025-11-20T03:12:06Z
3,польше,14,Ministry of Foreign Affairs Republic of Poland - Gov.pl website,https://www.gov.pl/web/diplomacy,2025-11-20T03:12:06Z
3,польше,15,Консульский отдел,https://warsaw.kdmid.ru/ru/,2025-11-20T03:12:06Z
3,польше,16,Лучшие отели Польши - где остановиться в Польше,https://www.booking.com/country/pl.ru.html,2025-11-20T03:12:06Z
3,польше,17,Беспошлинный шоппинг в Польше | Global Blue,https://www.globalblue.com/it/shoppers/how-to-shop-tax-free/destinations/poland,2025-11-20T03:12:06Z
3,польше,18,ВОЗ помогает властям Польши предоставлять украинским ...,https://news.un.org/ru/story/2023/09/1445087,2025-11-20T03:12:06Z
3,польше,19,Приложения в Google Play – Jakdojade: расписание,https://play.google.com/store/apps/details?id=com.citynav.jakdojade.pl.android&hl=ru,2025-11-20T03:12:06Z
3,польше,20,Система e-TOLL,https://etoll.gov.pl/ru/,2025-11-20T03:12:06Z
4,турцию,1,Турция — Википедия,https://ru.wikipedia.org/wiki/%D0%A2%D1%83%D1%80%D1%86%D0%B8%D1%8F,2025-11-20T03:12:10Z
4,турцию,2,Turkey - Wikipedia,https://en.wikipedia.org/wiki/Turkey,2025-11-20T03:12:10Z
4,турцию,3,Какую симку или eSIM лучше всего взять в Турцию? : r/digitalnomad,https://www.reddit.com/r/digitalnomad/comments/1muq05l/best_sim_or_esim_for_turkey/?tl=ru,2025-11-20T03:12:10Z
4,турцию,4,Туры в Турцию зимой 2025-2026 - купить путевки с кэшбэком ...,https://www.coral.ru/main/turkey/,2025-11-20T03:12:10Z
4,турцию,5,Türkiye's cards in the world - Raising the stakes | European Union ...,https://www.iss.europa.eu/publications/chaillot-papers/turkiyes-cards-world-raising-stakes,2025-11-20T03:12:10Z
4,турцию,6,Рейсы из Вильнюс в Турция | Turkish Airlines,https://www.turkishairlines.com/ru/book-flights-from-vilnius-to-t%C3%BCrkiye,2025-11-20T03:12:10Z
4,турцию,7,Из аэропорта «Гагарин» открываются регулярные рейсы в Турцию,https://ar-gsv.ru/about/news/iz-aeroporta-gagarin-otkryvayutsya-regulyarnye-reysy-v-turts/,2025-11-20T03:12:10Z
4,турцию,8,Рейсы из Таллин в Турция | Turkish Airlines,https://www.turkishairlines.com/ru/book-flights-from-tallinn-to-t%C3%BCrkiye,2025-11-20T03:12:10Z
4,турцию,9,Авиабилеты из Белграда в Турцию | Дешевые билеты на ...,https://www.airserbia.com/ru/%D0%B0%D0%B2%D0%B8%D0%B0%D0%B1%D0%B8%D0%BB%D0%B5%D1%82%D1%8B-%D0%B1%D0%B5%D0%BB%D0%B3%D1%80%D0%B0%D0%B4-%D0%B2-%D1%82%D1%83%D1%80%D1%86%D0%B8%D1%8F,2025-11-20T03:12:10Z
4,турцию,10,Рейсы из Рига в Турция | Turkish Airlines,https://www.turkishairlines.com/ru/book-flights-from-riga-to-t%C3%BCrkiye,2025-11-20T03:12:10Z
4,турцию,11,О сроке действия загранпаспортов российских граждан при ...,https://istanbul.mid.ru/ru/o_poryadke_vezda_v_turtsiyu/o_sroke_deystviya_zagranpasportov_rossiyskikh_grazhdan_pri_vezde_turtsiyu/,2025-11-20T03:12:10Z
4,турцию,12,Рейсы из Хельсинки в Турция | Turkish Airlines,https://www.turkishairlines.com/ru/book-flights-from-helsinki-to-t%C3%BCrkiye,2025-11-20T03:12:10Z
4,турцию,13,Горящие туры в Турцию • Путевки на отдых в Турции ...,https://tourist.teztour.by/countries/turkey.ru.html,2025-11-20T03:12:10Z
4,турцию,14,Рейсы из Нью-Йорк в Турция | Turkish Airlines,https://www.turkishairlines.com/ru/book-flights-from-new-york-to-t%C3%BCrkiye,2025-11-20T03:12:10Z
4,турцию,15,Туры из СПб в Турцию в 2025 году цены на отдых все включено ...,https://spb.travelata.ru/turkey,2025-11-20T03:12:10Z
4,турцию,16,Рейсы из Вена в Турция | Turkish Airlines,https://www.turkishairlines.com/ru/book-flights-from-vienna-to-t%C3%BCrkiye,2025-11-20T03:12:10Z
4,турцию,17,"Вопрос к тем,кто уже полетел на огромном Боинге в Турцию от ...",https://www.facebook.com/groups/eestoturisto/posts/10042272829128447/,2025-11-20T03:12:10Z
4,турцию,18,Бронируйте рейсы в в Турцию | Turkish Airlines,https://www.turkishairlines.com/ru/book-flights-to-t%C3%BCrkiye,2025-11-20T03:12:10Z
4,турцию,19,"Туры в Турцию из Москвы 2025/2026: цены от 26 499 ₽, все ...",https://level.travel/explore/Moscow-Russia/Turkey,2025-11-20T03:12:10Z
4,турцию,20,Рейсы из Берлин в Турция | Turkish Airlines,https://www.turkishairlines.com/ru/book-flights-from-berlin-to-t%C3%BCrkiye,2025-11-20T03:12:10Z
5,никак,1,JONY - Никак (Премьера клипа) - YouTube,https://www.youtube.com/watch?v=Lg2BJu8NHOU,2025-11-20T03:12:15Z
5,никак,2,"Is there an English equivalent of ""Никак""? And if there is, can it be ...",https://www.reddit.com/r/russian/comments/megq0y/is_there_an_english_equivalent_of_%D0%BD%D0%B8%D0%BA%D0%B0%D0%BA_and_if/,2025-11-20T03:12:15Z
5,никак,3,Ещё Никак (@ewe_nikak) • Instagram photos and videos,https://www.instagram.com/ewe_nikak/?hl=en,2025-11-20T03:12:15Z
5,никак,4,«Никак» или «ни как»: слитно или раздельно пишется слово по ...,https://www.kp.ru/edu/shkola/nikak-ili-ni-kak-kak-pishetsya/,2025-11-20T03:12:15Z
5,никак,5,никак — Викисловарь,https://ru.wiktionary.org/wiki/%D0%BD%D0%B8%D0%BA%D0%B0%D0%BA,2025-11-20T03:12:15Z
5,никак,6,Никак. Как стать успешным художником,https://individuum.ru/books/nikak-kak-stat-uspeshnym-khudozhnikom/,2025-11-20T03:12:15Z
5,никак,7,"Спектакль «Никак не называется, или Бим в поисках Бо ...",https://centrezotov.ru/events/spektakl-nikak-ne-nazyvaetsya-ili-bim-v-poiskah-bo/,2025-11-20T03:12:15Z
5,никак,8,"как-никак - Wiktionary, the free dictionary",https://en.wiktionary.org/wiki/%D0%BA%D0%B0%D0%BA-%D0%BD%D0%B8%D0%BA%D0%B0%D0%BA,2025-11-20T03:12:15Z
5,никак,9,Как-никак|Справочник по пунктуации | Грамота.ру – справочный ...,https://gramota.ru/biblioteka/spravochniki/spravochnik-po-punktuatsii/kak-nikak,2025-11-20T03:12:15Z
5,никак,10,Никак - текст и клип песни. Медиатека - каталог текстов песен на ...,https://hitfm.ru/mediateka/832-jony/1240nikak,2025-11-20T03:12:15Z
5,никак,11,никак - Перевод на английский - примеры русский | Reverso Context,https://context.reverso.net/%D0%BF%D0%B5%D1%80%D0%B5%D0%B2%D0%BE%D0%B4/%D1%80%D1%83%D1%81%D1%81%D0%BA%D0%B8%D0%B9-%D0%B0%D0%BD%D0%B3%D0%BB%D0%B8%D0%B9%D1%81%D0%BA%D0%B8%D0%B9/%D0%BD%D0%B8%D0%BA%D0%B0%D0%BA,2025-11-20T03:12:15Z
5,никак,12,Его зовут Никак — Википедия,https://ru.wikipedia.org/wiki/%D0%95%D0%B3%D0%BE_%D0%B7%D0%BE%D0%B2%D1%83%D1%82_%D0%9D%D0%B8%D0%BA%D0%B0%D0%BA,2025-11-20T03:12:15Z
5,никак,13,Jony - Никак - Слушать онлайн. Музыка Mail.Ru,https://my.mail.ru/music/songs/jony-%D0%BD%D0%B8%D0%BA%D0%B0%D0%BA-23ee97afebeb684260c41f7720739f66,2025-11-20T03:12:15Z
5,никак,14,JONY - Никак - скачать песню бесплатно и слушать онлайн,https://sefon.pro/mp3/814756-jony-nikak/,2025-11-20T03:12:15Z
5,никак,15,Взломали аккаунт и я никак не могу его восстановить - Форум ...,https://support.google.com/accounts/thread/383118559/%D0%92%D0%B7%D0%BB%D0%BE%D0%BC%D0%B0%D0%BB%D0%B8-%D0%B0%D0%BA%D0%BA%D0%B0%D1%83%D0%BD%D1%82-%D0%B8-%D1%8F-%D0%BD%D0%B8%D0%BA%D0%B0%D0%BA-%D0%BD%D0%B5-%D0%BC%D0%BE%D0%B3%D1%83-%D0%B5%D0%B3%D0%BE-%D0%B2%D0%BE%D1%81%D1%81%D1%82%D0%B0%D0%BD%D0%BE%D0%B2%D0%B8%D1%82%D1%8C?hl=ru,2025-11-20T03:12:15Z
5,никак,16,"Тот самый грёбаный поцелуй, что никак не идёт из моей головы ...",https://ficbook.net/readfic/12007166,2025-11-20T03:12:15Z
5,никак,17,"Нужно войти в адрес электронной почты, но никак не могу ...",https://support.google.com/mail/thread/387812572/%D0%9D%D1%83%D0%B6%D0%BD%D0%BE-%D0%B2%D0%BE%D0%B9%D1%82%D0%B8-%D0%B2-%D0%B0%D0%B4%D1%80%D0%B5%D1%81-%D1%8D%D0%BB%D0%B5%D0%BA%D1%82%D1%80%D0%BE%D0%BD%D0%BD%D0%BE%D0%B9-%D0%BF%D0%BE%D1%87%D1%82%D1%8B-%D0%BD%D0%BE-%D0%BD%D0%B8%D0%BA%D0%B0%D0%BA-%D0%BD%D0%B5-%D0%BC%D0%BE%D0%B3%D1%83-%D0%B2%D1%81%D0%BF%D0%BE%D0%BC%D0%BD%D0%B8%D1%82%D1%8C-%D0%BD%D0%B0%D0%B7%D0%B2%D0%B0%D0%BD%D0%B8%D0%B5-%D1%80%D0%B5%D0%B3%D0%B8%D1%81%D1%82%D1%80%D0%B8%D1%80%D0%BE%D0%B2%D0%B0%D0%BB%D0%B0%D1%81%D1%8C-%D1%81-%D0%BD%D0%BE%D0%BC%D0%B5%D1%80%D0%B0?hl=ru,2025-11-20T03:12:15Z
5,никак,18,Как пишется слово: «никак» или «некак»? - грамотей.онлайн,https://gramotei.online/how-to-spell/12027,2025-11-20T03:12:15Z
5,никак,19,"Николай Волков: «Бег на результат — это всегда страдание, а ...",https://life.russiarunning.com/news/stati/nikolai-volkov-beg-na-rezultat-eto-vsegda-stradanie-a-inache-prosto-nikak,2025-11-20T03:12:15Z
5,никак,20,Никак не могу остановиться выбирать профессию — Кинжал,https://kinzhal.media/ask-sponsored/,2025-11-20T03:12:15Z
6,Zelensky,1,Volodymyr Zelenskyy - Wikipedia,https://en.wikipedia.org/wiki/Volodymyr_Zelenskyy,2025-11-20T03:12:19Z
6,Zelensky,2,Congratulations to @realDonaldTrump on his impressive election ...,https://x.com/ZelenskyyUa/status/1854073411904938032,2025-11-20T03:12:19Z
6,Zelensky,3,Natalie Zelensky | Colby College,https://www.colby.edu/people/people-directory/natalie-zelensky/,2025-11-20T03:12:19Z
6,Zelensky,4,Zelensky visits Turkey in a bid to 'intensify' peace talks,https://www.bbc.com/news/articles/c620p6jnynko,2025-11-20T03:12:19Z
6,Zelensky,5,Ukraine's Zelensky to offer neutrality declaration to Russia for peace ...,https://www.pbs.org/newshour/world/ukraines-zelensky-to-offer-neutrality-declaration-to-russia-for-peace-without-delay,2025-11-20T03:12:19Z
6,Zelensky,6,Ukraine: Zelensky visits troops near embattled front line town of ...,https://www.bbc.com/news/articles/c0mxk9yw3n4o,2025-11-20T03:12:19Z
6,Zelensky,7,Zelensky Under Siege as Corruption Case Shatters Ukraine's ...,https://www.nytimes.com/2025/11/19/world/europe/ukraine-zelensky-corruption.html,2025-11-20T03:12:19Z
6,Zelensky,8,Official website of the President of Ukraine,https://www.president.gov.ua/en,2025-11-20T03:12:19Z
6,Zelensky,9,Zelensky to Russia: 'Without gas or without you? Without you' | CNN,https://www.cnn.com/2022/09/12/europe/zelensky-message-kharkiv-russia-ukraine-intl,2025-11-20T03:12:19Z
6,Zelensky,10,Governor Polis Meets with Ukrainian President Volodymyr Zelenskyy,http://governorsoffice.colorado.gov/governor/news/governor-polis-meets-ukrainian-president-volodymyr-zelenskyy,2025-11-20T03:12:19Z
6,Zelensky,11,Just Like All the Others: The End of the Zelensky Alternative ...,https://www.wilsoncenter.org/blog-post/just-all-others-end-zelensky-alternative,2025-11-20T03:12:19Z
6,Zelensky,12,Zelensky asks Trump to follow Russia sanctions with missiles ...,https://www.axios.com/2025/10/27/zelensky-trump-russia-sanctions-tomahawk-missiles,2025-11-20T03:12:19Z
6,Zelensky,13,The Queen v. Zelensky - SCC Cases,https://decisions.scc-csc.ca/scc-csc/scc-csc/en/item/2599/index.do,2025-11-20T03:12:19Z
6,Zelensky,14,Ukraine election: Comedian Zelensky wins presidency by landslide,https://www.congress.gov/116/meeting/house/110281/documents/HHRG-116-JU00-20191204-SD1085.pdf,2025-11-20T03:12:19Z
6,Zelensky,15,Is Trump's Push for Peace in Ukraine a Fantasy? | Carnegie ...,https://carnegieendowment.org/emissary/2025/08/trump-putin-zelensky-meeting-peace-ukraine-security-guarantee-fantasy?lang=en,2025-11-20T03:12:19Z
6,Zelensky,16,"Davos 2025: Speech by Volodymyr Zelenskyy, Ukraine President ...",https://www.weforum.org/stories/2025/01/davos-2025-special-address-volodymyr-zelenskyy-president-ukraine/,2025-11-20T03:12:19Z
6,Zelensky,17,Three Takeaways from Ukrainian President Volodymyr Zelensky's ...,https://www.ajc.org/news/three-takeaways-from-ukrainian-president-volodymyr-zelenskys-remarks-to-american-jewish,2025-11-20T03:12:19Z
6,Zelensky,18,Five key things to know about Ukraine's presidential election ...,https://www.brookings.edu/articles/five-key-things-to-know-about-ukraines-presidential-election/,2025-11-20T03:12:19Z
6,Zelensky,19,"Meeting Ukrainian President Zelensky in Kyiv, OSCE PA President ...",https://www.oscepa.org/en/news-a-media/press-releases/2025/meeting-ukrainian-president-zelensky-in-kyiv-osce-pa-president-pons-emphasizes-solidarity-and-support,2025-11-20T03:12:19Z
6,Zelensky,20,Meeks Issues Statement on Embarrassing Trump-Zelensky Meeting ...,https://democrats-foreignaffairs.house.gov/2025/2/meeks-issues-statement-on-embarrassing-trump-zelensky-meeting,2025-11-20T03:12:19Z
7,Half-Life 3,1,r/HalfLife,https://www.reddit.com/r/HalfLife/,2025-11-20T03:12:23Z
7,Half-Life 3,2,Half-Life (series) - Wikipedia,https://en.wikipedia.org/wiki/Half-Life_(series),2025-11-20T03:12:23Z
7,Half-Life 3,3,Gabe Newell takes a pic with fans picketing for Half-Life 3 outside ...,https://www.reddit.com/r/gaming/comments/1okbv8e/gabe_newell_takes_a_pic_with_fans_picketing_for/,2025-11-20T03:12:23Z
7,Half-Life 3,4,Half-Life 2: Episode Three - Wikipedia,https://en.wikipedia.org/wiki/Half-Life_2:_Episode_Three,2025-11-20T03:12:23Z
7,Half-Life 3,5,Half life 3 trailer coming this month : r/HalfLife,https://www.reddit.com/r/HalfLife/comments/1oom8yz/half_life_3_trailer_coming_this_month/,2025-11-20T03:12:23Z
7,Half-Life 3,6,Development of the next Half-Life game | Half-Life Wiki | Fandom,https://half-life.fandom.com/wiki/Development_of_the_next_Half-Life_game,2025-11-20T03:12:23Z
7,Half-Life 3,7,Ask Me Anything - HLX/HL3 Discussion - Letting off Steam - April ...,https://www.youtube.com/watch?v=l_Z9IOIWKHg,2025-11-20T03:12:23Z
7,Half-Life 3,8,Half Life 3 trailer will reportedly in the works will drop in November ...,https://icon-era.com/threads/half-life-3-trailer-will-reportedly-in-the-works-will-drop-in-november.18656/,2025-11-20T03:12:23Z
7,Half-Life 3,9,"Half-Life 3 optimization going well, rumor has it Valve will announce ...",https://www.tweaktown.com/news/108586/half-life-3-optimization-going-well-rumor-has-it-valve-will-announce-the-game-in-a-tweet-soon/index.html,2025-11-20T03:12:23Z
7,Half-Life 3,10,"first Half-Life, 3 screen-shots | NeoGAF",https://www.neogaf.com/threads/first-half-life-3-screen-shots.479298/,2025-11-20T03:12:23Z
7,Half-Life 3,11,"Sorry PC gamers, Valve isn't announcing Half-Life 3 today | PC Gamer",https://www.pcgamer.com/games/fps/sorry-pc-gamers-valve-isnt-announcing-half-life-3-today/,2025-11-20T03:12:23Z
7,Half-Life 3,12,"Well, We'll Always Not Have Half-Life 3 - Hard Drive",https://hard-drive.net/well-well-always-not-have-half-life-3/,2025-11-20T03:12:23Z
7,Half-Life 3,13,If Valve ever releases Half-Life 3 it'll be the biggest mistake they ever ...,https://steamcommunity.com/discussions/forum/12/864980734950645785/?l=schinese,2025-11-20T03:12:23Z
7,Half-Life 3,14,NateTheHate is the fifth credible insider to comment on Half Life 3 ...,https://x.com/Mr_Rebs_/status/1990881646975877331,2025-11-20T03:12:23Z
7,Half-Life 3,15,Half-Life 3 Development Reportedly Almost Finished | [H]ard|Forum,https://hardforum.com/threads/half-life-3-development-reportedly-almost-finished.2042709/,2025-11-20T03:12:23Z
7,Half-Life 3,16,"Half-Life 3 HLX Optimization Work Continues, As A Trailer Is ...",https://wccftech.com/half-life-3-hlx-optimization-trailer-prepared/,2025-11-20T03:12:23Z
7,Half-Life 3,17,"If everybody wants a Half-Life 3 game, what's preventing it from ...",https://www.quora.com/If-everybody-wants-a-Half-Life-3-game-what-s-preventing-it-from-actually-being-made,2025-11-20T03:12:23Z
7,Half-Life 3,18,Half Life 3: Everything Points Towards a Surprise Trailer Drop in ...,https://www.gameshub.com/news/article/half-life-3-trailer-2837073/,2025-11-20T03:12:23Z
7,Half-Life 3,19,"Gordon Freeman spotted, Half-Life 3 confirmed!!",https://www.facebook.com/groups/DestinyGamegroup/posts/3992553337663055/,2025-11-20T03:12:23Z
7,Half-Life 3,20,Why Half-Life 3 Rumors Are Intensifying Again - GameSpot,https://www.gamespot.com/articles/why-half-life-3-rumors-are-intensifying-again/1100-6536360/,2025-11-20T03:12:23Z
8,европе,1,Европа — Википедия,https://ru.wikipedia.org/wiki/%D0%95%D0%B2%D1%80%D0%BE%D0%BF%D0%B0,2025-11-20T03:12:28Z
8,европе,2,Europe - Wikipedia,https://en.wikipedia.org/wiki/Europe,2025-11-20T03:12:28Z
8,европе,3,"The Council of Europe: guardian of Human Rights, Democracy and ...",https://www.coe.int/en/web/portal,2025-11-20T03:12:28Z
8,европе,4,"Есть ли в Европе место, где в октябре достаточно тепло для ...",https://www.reddit.com/r/femaletravels/comments/1fbhz0a/is_there_anywhere_warm_enough_for_sea_swimming_in/?tl=ru,2025-11-20T03:12:28Z
8,европе,5,Преодоление энергетического кризиса в Европе,https://www.imf.org/ru/publications/fandd/issues/2022/12/beating-the-european-energy-crisis-zettelmeyer,2025-11-20T03:12:28Z
8,европе,6,Европа начала готовиться к возможной большой войне. 10 ...,https://www.bbc.com/russian/articles/cm2zp2xl62mo,2025-11-20T03:12:28Z
8,европе,7,Новости Европы - последние события стран Европы сегодня ...,https://ria.ru/location_Europe/,2025-11-20T03:12:28Z
8,европе,8,Ряд регионов Европы охватила экстремальная жара | Новости ...,https://news.un.org/ru/story/2025/07/1465816,2025-11-20T03:12:28Z
8,европе,9,Europe | The Guardian,https://www.theguardian.com/world/europe-news,2025-11-20T03:12:28Z
8,европе,10,ОБСЕ: Организация по безопасности и сотрудничеству в Европе,https://www.osce.org/ru,2025-11-20T03:12:28Z
8,европе,11,Число детей в детских домах в Европе почти в три раза ...,https://www.unicef.org/eca/ru/Press-relizy/chislo-detey-v-detskikh-domakh-v-Yevrope-pochti-v-tri-raza-prevyshayet-srednemirovoy-pokazatel,2025-11-20T03:12:28Z
8,европе,12,Региональное представительство ФАО в Европе и Центральной ...,https://www.fao.org/europe/ru,2025-11-20T03:12:28Z
8,европе,13,Operating System Market Share Europe | Statcounter Global Stats,https://gs.statcounter.com/os-market-share/all/europe,2025-11-20T03:12:28Z
8,европе,14,Европа Плюс слушать онлайн бесплатно прямой эфир в ...,https://europaplus.ru/,2025-11-20T03:12:28Z
8,европе,15,ДОГОВОР ОБ ОБЫЧНЫХ ВООРУЖЕННЫХ СИЛАХ В ЕВРОПЕ,https://www.osce.org/files/f/documents/d/d/14091.pdf,2025-11-20T03:12:28Z
8,европе,16,"Распределение еврейского населения в Европе, прибл. 1933 год ...",https://encyclopedia.ushmm.org/content/ru/map/european-jewish-population-distribution-ca-1933,2025-11-20T03:12:28Z
8,европе,17,Я расслабилась…. Жизнь в Европе настолько легкая ...,https://www.instagram.com/p/C98pn0_RSq7/,2025-11-20T03:12:28Z
8,европе,18,«Капучино» в ТРК «Европа Cити Молл»,https://capucino.ru/nashi-kafe/kapuchino-v-evropa-citi-moll/,2025-11-20T03:12:28Z
8,европе,19,"Майнор «Мировая политика, управление и бизнес в Европе ...",https://electives.hse.ru/minor_eu/,2025-11-20T03:12:28Z
8,европе,20,Новая газета Европа,https://novayagazeta.eu/,2025-11-20T03:12:28Z
9,Ницше,1,"Ницше, Фридрих — Википедия","https://ru.wikipedia.org/wiki/%D0%9D%D0%B8%D1%86%D1%88%D0%B5,_%D0%A4%D1%80%D0%B8%D0%B4%D1%80%D0%B8%D1%85",2025-11-20T03:12:32Z
9,Ницше,2,Что Ницше думал об исламе? : r/Nietzsche,https://www.reddit.com/r/Nietzsche/comments/1b1pziz/what_did_nietzsche_think_of_islam/?tl=ru,2025-11-20T03:12:32Z
9,Ницше,3,Friedrich Nietzsche - Wikipedia,https://en.wikipedia.org/wiki/Friedrich_Nietzsche,2025-11-20T03:12:32Z
9,Ницше,4,Почему Ницше считают нигилистом? : r/askphilosophy,https://www.reddit.com/r/askphilosophy/comments/zuyvx4/why_is_nietzsche_considered_to_be_a_nihilist/?tl=ru,2025-11-20T03:12:32Z
9,Ницше,5,Какова была позиция Ницше по поводу самоубийства? : r/Nietzsche,https://www.reddit.com/r/Nietzsche/comments/z79s7o/what_was_nietzsches_view_on_suicide/?tl=ru,2025-11-20T03:12:32Z
9,Ницше,6,Почему Ницше был против алкоголя? : r/Nietzsche,https://www.reddit.com/r/Nietzsche/comments/jlnubh/why_was_nietzsche_opposed_to_alcohol/?tl=ru,2025-11-20T03:12:32Z
9,Ницше,7,Как начать читать и понимать Ницше? : r/askphilosophy,https://www.reddit.com/r/askphilosophy/comments/2jszrg/how_to_start_reading_and_understanding_nietzsche/?tl=ru,2025-11-20T03:12:32Z
9,Ницше,8,Критика Ницше и его философии : r/Nietzsche,https://www.reddit.com/r/Nietzsche/comments/1insw14/criticism_of_nietzsche_and_his_philosophy/?tl=ru,2025-11-20T03:12:32Z
9,Ницше,9,Какая у Ницше точка зрения на Бога и религию? : r/askphilosophy,https://www.reddit.com/r/askphilosophy/comments/qdw7c2/what_is_nietzsches_view_on_god_and_religion/?tl=ru,2025-11-20T03:12:32Z
9,Ницше,10,Какие наркотики употреблял Ницше? : r/Nietzsche,https://www.reddit.com/r/Nietzsche/comments/1b6wnsx/what_drugs_did_nietzsche_do/?tl=ru,2025-11-20T03:12:32Z
9,Ницше,11,"Что значит цитата Ницше: ""Я не знаю лучшей цели в жизни, чем ...",https://www.reddit.com/r/Nietzsche/comments/o9iybt/whats_the_meaning_behind_nietzsches_quote_i_know/?tl=ru,2025-11-20T03:12:32Z
9,Ницше,12,Что именно нравилось Ницше в Достоевском? : r/Nietzsche,https://www.reddit.com/r/Nietzsche/comments/1gng4lx/what_did_nietzsche_exactly_like_about_dostoevsky/?tl=ru,2025-11-20T03:12:32Z
9,Ницше,13,"Лучшая книга, чтобы начать знакомство с Ницше : r/askphilosophy",https://www.reddit.com/r/askphilosophy/comments/2yztfr/best_book_to_start_with_nietzsche/?tl=ru,2025-11-20T03:12:32Z
9,Ницше,14,В чем проблема Ницше с «немцами»? : r/Nietzsche,https://www.reddit.com/r/Nietzsche/comments/gdr0bf/what_is_nietzsches_deal_with_the_germans/?tl=ru,2025-11-20T03:12:32Z
9,Ницше,15,В каком порядке читать Ницше? : r/askphilosophy,https://www.reddit.com/r/askphilosophy/comments/22ftpk/in_what_order_to_read_nietzsche/?tl=ru,2025-11-20T03:12:32Z
9,Ницше,16,"Что Ницше имеет в виду, когда говорит: ""Надежда в реальности ...",https://www.reddit.com/r/Nietzsche/comments/lw2zjs/what_does_nietzsche_mean_when_he_says_hope_in/?tl=ru,2025-11-20T03:12:32Z
9,Ницше,17,Фридрих Ницше - 6000 футов над уровнем человека,https://www.nietzsche.ru/,2025-11-20T03:12:32Z
9,Ницше,18,Ф. Ницше «ЕССЕ HOMO» (как становятся собой),https://www.nietzsche.ru/works/main-works/ecce-homo/eh/?curPos=1,2025-11-20T03:12:32Z
9,Ницше,19,Переписка Фридриха Ницше с Георгом Брандесом,https://nietzsche.ru/works/letters/keller-brandes-strinberg/brandes/?curPos=1,2025-11-20T03:12:32Z
9,Ницше,20,Фридрих Ницше: Kindle Store - Amazon.com,https://www.amazon.com/Kindle-Store-%D0%A4%D1%80%D0%B8%D0%B4%D1%80%D0%B8%D1%85-%D0%9D%D0%B8%D1%86%D1%88%D0%B5/s?rh=n%3A133140011%2Cp_27%3A%25D0%25A4%25D1%2580%25D0%25B8%25D0%25B4%25D1%2580%25D0%25B8%25D1%2585%2B%25D0%259D%25D0%25B8%25D1%2586%25D1%2588%25D0%25B5,2025-11-20T03:12:32Z
10,#вордли,1,Игра Вордли (Wordle на русском) - угадай слово дня онлайн по ...,https://wordle.belousov.one/,2025-11-20T03:12:36Z
10,#вордли,2,‎Wordle! App - App Store,https://apps.apple.com/kz/app/wordle/id1095569891,2025-11-20T03:12:36Z
10,#вордли,3,Какие слова в Wordle вызывают у вас наибольший ужас? : r/wordle,https://www.reddit.com/r/wordle/comments/14i21xa/what_are_your_most_dreaded_wordle_words/?tl=ru,2025-11-20T03:12:36Z
10,#вордли,4,"Джозеф Паркер: «Если я не выиграю у Вордли, нет смысла ...",https://www.facebook.com/BoxingStatus/posts/%D0%B4%D0%B6%D0%BE%D0%B7%D0%B5%D1%84-%D0%BF%D0%B0%D1%80%D0%BA%D0%B5%D1%80-%D0%B5%D1%81%D0%BB%D0%B8-%D1%8F-%D0%BD%D0%B5-%D0%B2%D1%8B%D0%B8%D0%B3%D1%80%D0%B0%D1%8E-%D1%83-%D0%B2%D0%BE%D1%80%D0%B4%D0%BB%D0%B8-%D0%BD%D0%B5%D1%82-%D1%81%D0%BC%D1%8B%D1%81%D0%BB%D0%B0-%D0%B3%D0%BE%D0%B2%D0%BE%D1%80%D0%B8%D1%82%D1%8C-%D0%BE%D0%B1-%D0%B8%D1%82%D0%B0%D1%83%D0%BC%D0%B5-%D0%BE%D0%B1-%D1%83%D1%81%D0%B8%D0%BA%D0%B5-/1168982865338475/,2025-11-20T03:12:36Z
10,#вордли,5,Wordle на русском языке #вордли : r/russian,https://www.reddit.com/r/russian/comments/sanihf/wordle_%D0%BD%D0%B0_%D1%80%D1%83%D1%81%D1%81%D0%BA%D0%BE%D0%BC_%D1%8F%D0%B7%D1%8B%D0%BA%D0%B5_%D0%B2%D0%BE%D1%80%D0%B4%D0%BB%D0%B8/,2025-11-20T03:12:36Z
10,#вордли,6,Вордли - Wordle - Ru,https://wordle.su/,2025-11-20T03:12:36Z
10,#вордли,7,WORDLE українською — вгадуй нове слово щодня,https://wordle-ua.net/,2025-11-20T03:12:36Z
10,#вордли,8,Приложения в Google Play – Вордли - Играй на Русском,https://play.google.com/store/apps/details?id=com.appstation.wordly&hl=ru,2025-11-20T03:12:36Z
10,#вордли,9,вордли,https://www.instagram.com/popular/%D0%B2%D0%BE%D1%80%D0%B4%D0%BB%D0%B8/,2025-11-20T03:12:36Z
10,#вордли,10,"Today's Wordle Hints and Answer for Puzzle #1392, April 11",https://www.today.com/life/todays-wordle-hints-answer-puzzle-1392-april-11-rcna200776,2025-11-20T03:12:36Z
10,#вордли,11,Частозадаваемые вопросы по Wordle – Discord Apps and Activities,https://support-apps.discord.com/hc/ru/articles/31598005086359-%D0%A7%D0%B0%D1%81%D1%82%D0%BE%D0%B7%D0%B0%D0%B4%D0%B0%D0%B2%D0%B0%D0%B5%D0%BC%D1%8B%D0%B5-%D0%B2%D0%BE%D0%BF%D1%80%D0%BE%D1%81%D1%8B-%D0%BF%D0%BE-Wordle,2025-11-20T03:12:36Z
10,#вордли,12,Сөзділ | Қазақша Wordle,https://wordle.kz/,2025-11-20T03:12:36Z
10,#вордли,13,Wordle на английском и русском - Форум Привет,https://privet.fun/viewtopic.php?t=4204,2025-11-20T03:12:36Z
10,#вордли,14,Сообщество Steam :: Руководство :: Wordle 1-5 Achievement Guide,https://steamcommunity.com/sharedfiles/filedetails/?l=russian&id=3176644652,2025-11-20T03:12:36Z
10,#вордли,15,Вордли: Угадай слова из 5 букв (от Bayazit) - играть онлайн ...,https://yandex.ru/games/app/388192,2025-11-20T03:12:36Z
10,#вордли,16,What is Wordle? Guide for parents | Internet Matters,https://www.internetmatters.org/advice/apps-and-platforms/online-gaming/wordle/,2025-11-20T03:12:36Z
10,#вордли,17,Wordle today: Answer and hint #1276 for December 16 | PC Gamer,https://www.pcgamer.com/games/puzzle/wordle-answer-today-december-16-2024/,2025-11-20T03:12:36Z
10,#вордли,18,Wordle на Русском - Играй в Вордл с Русскими Словами,https://wordly.org/ru,2025-11-20T03:12:36Z
10,#вордли,19,"Today's Wordle Hints, Answer for #1265 on December 5, 2024 ...",https://beebom.com/todays-wordle-hints-answer-december-5-2024/,2025-11-20T03:12:36Z
10,#вордли,20,Wordle (Сахалыы) по-якутски,https://wordle.afanasev.net/,2025-11-20T03:12:36Z
11,аналогично,1,аналогично — Викисловарь,https://ru.wiktionary.org/wiki/%D0%B0%D0%BD%D0%B0%D0%BB%D0%BE%D0%B3%D0%B8%D1%87%D0%BD%D0%BE,2025-11-20T03:12:41Z
11,аналогично,2,Есть ли способ сместить обводку/контур в InDesign (аналогично ...,https://www.reddit.com/r/indesign/comments/x3po88/is_there_a_way_to_offset_strokespath_in_indesign/?tl=ru,2025-11-20T03:12:41Z
11,аналогично,3,аналогично - Translation into English - examples Russian | Reverso ...,https://context.reverso.net/translation/russian-english/%D0%B0%D0%BD%D0%B0%D0%BB%D0%BE%D0%B3%D0%B8%D1%87%D0%BD%D0%BE,2025-11-20T03:12:41Z
11,аналогично,4,Cинонимы к слову «аналогично» на TEXT.RU,https://text.ru/synonym/%D0%B0%D0%BD%D0%B0%D0%BB%D0%BE%D0%B3%D0%B8%D1%87%D0%BD%D0%BE,2025-11-20T03:12:41Z
11,аналогично,5,"Какой металл/проволоку можно купить, чтобы использовать ...",https://www.reddit.com/r/Ceramics/comments/12zwsgf/what_kind_of_metalwire_can_i_buy_to_use_similarly/?tl=ru,2025-11-20T03:12:41Z
11,аналогично,6,аналогично | это... Что такое аналогично?,https://punktuaciya.academic.ru/40/%D0%B0%D0%BD%D0%B0%D0%BB%D0%BE%D0%B3%D0%B8%D1%87%D0%BD%D0%BE,2025-11-20T03:12:41Z
11,аналогично,7,Аналогично|Справочник по пунктуации | Грамота.ру ...,https://gramota.ru/biblioteka/spravochniki/spravochnik-po-punktuatsii/analogichno,2025-11-20T03:12:41Z
11,аналогично,8,Как правильно пишется слово АНАЛОГИЧНО. Правописание ...,https://kartaslov.ru/%D0%BA%D0%B0%D0%BA-%D0%BF%D1%80%D0%B0%D0%B2%D0%B8%D0%BB%D1%8C%D0%BD%D0%BE-%D0%BF%D0%B8%D1%88%D0%B5%D1%82%D1%81%D1%8F-%D1%81%D0%BB%D0%BE%D0%B2%D0%BE/%D0%B0%D0%BD%D0%B0%D0%BB%D0%BE%D0%B3%D0%B8%D1%87%D0%BD%D0%BE,2025-11-20T03:12:41Z
11,аналогично,9,"Покажите мне примеры предложений с ""Аналогично кому ...",https://ru.hinative.com/questions/23214921,2025-11-20T03:12:41Z
11,аналогично,10,Предложения со словом АНАЛОГИЧНО,https://kartaslov.ru/%D0%BF%D1%80%D0%B5%D0%B4%D0%BB%D0%BE%D0%B6%D0%B5%D0%BD%D0%B8%D1%8F-%D1%81%D0%BE-%D1%81%D0%BB%D0%BE%D0%B2%D0%BE%D0%BC/%D0%B0%D0%BD%D0%B0%D0%BB%D0%BE%D0%B3%D0%B8%D1%87%D0%BD%D0%BE,2025-11-20T03:12:41Z
11,аналогично,11,Синонимы к слову «аналогично» (66+ слов),https://sinonim.org/s/%D0%B0%D0%BD%D0%B0%D0%BB%D0%BE%D0%B3%D0%B8%D1%87%D0%BD%D0%BE,2025-11-20T03:12:41Z
11,аналогично,12,Напольный газовый котел Конорд АОГВК-17.4-1ТGV ...,https://pro-komfort.com/kotly-otopleniia/napolnye-gazovye/napolnyy-gazovyy-kotel-konord-aogvk-17-4-1tgv-podklyuchenie-analogichno-aogv-rostovgazapparat/,2025-11-20T03:12:41Z
11,аналогично,13,аналогично | Синонимы и аналогии для аналогично - русский ...,https://synonyms.reverso.net/%D1%81%D0%B8%D0%BD%D0%BE%D0%BD%D0%B8%D0%BC%D1%8B/ru/%D0%B0%D0%BD%D0%B0%D0%BB%D0%BE%D0%B3%D0%B8%D1%87%D0%BD%D0%BE,2025-11-20T03:12:41Z
11,аналогично,14,Антонимы к слову «аналогично» – словарь антонимов,https://sinonim.org/a/%D0%B0%D0%BD%D0%B0%D0%BB%D0%BE%D0%B3%D0%B8%D1%87%D0%BD%D0%BE,2025-11-20T03:12:41Z
11,аналогично,15,What does аналогично (analogichno) mean in Russian?,https://www.wordhippo.com/what-is/the-meaning-of/russian-word-9f858084b3ba698e8ca1d3c4d29ffbfb2420b3a2.html,2025-11-20T03:12:41Z
11,аналогично,16,аналогично – перевод на казахский с русского | PROMT.One ...,https://www.translate.ru/%D0%BF%D0%B5%D1%80%D0%B5%D0%B2%D0%BE%D0%B4/%D1%80%D1%83%D1%81%D1%81%D0%BA%D0%B8%D0%B9-%D0%BA%D0%B0%D0%B7%D0%B0%D1%85%D1%81%D0%BA%D0%B8%D0%B9/%D0%B0%D0%BD%D0%B0%D0%BB%D0%BE%D0%B3%D0%B8%D1%87%D0%BD%D0%BE,2025-11-20T03:12:41Z
11,аналогично,17,Рифма к слову аналогично,https://rifme.net/r/%D0%B0%D0%BD%D0%B0%D0%BB%D0%BE%D0%B3%D0%B8%D1%87%D0%BD%D0%BE/1,2025-11-20T03:12:41Z
11,аналогично,18,аналогично – контексты и примеры употребления в русском c ...,https://www.translate.ru/%D0%BA%D0%BE%D0%BD%D1%82%D0%B5%D0%BA%D1%81%D1%82%D1%8B/%D1%80%D1%83%D1%81%D1%81%D0%BA%D0%B8%D0%B9-%D0%B8%D1%81%D0%BF%D0%B0%D0%BD%D1%81%D0%BA%D0%B8%D0%B9/%D0%B0%D0%BD%D0%B0%D0%BB%D0%BE%D0%B3%D0%B8%D1%87%D0%BD%D0%BE,2025-11-20T03:12:41Z
11,аналогично,19,"Что значит слово ""аналогично""??? - nataliia_razgon | Ответы Mail",https://otvet.mail.ru/question/29116476,2025-11-20T03:12:41Z
11,аналогично,20,"Как набрать в Excel знак ""аналогично""?",https://www.planetaexcel.ru/forum/?PAGE_NAME=read&FID=8&TID=928,2025-11-20T03:12:41Z
12,Украине,1,Украина — Википедия,https://ru.wikipedia.org/wiki/%D0%A3%D0%BA%D1%80%D0%B0%D0%B8%D0%BD%D0%B0,2025-11-20T03:12:45Z
12,Украине,2,Ukraine - Wikipedia,https://en.wikipedia.org/wiki/Ukraine,2025-11-20T03:12:45Z
12,Украине,3,Фонды «Открытое общество» в Украине - Open Society ...,https://www.opensocietyfoundations.org/newsroom/the-open-society-foundations-in-ukraine/ru,2025-11-20T03:12:45Z
12,Украине,4,Ukraine | The Guardian,https://www.theguardian.com/world/ukraine,2025-11-20T03:12:45Z
12,Украине,5,Новости Украины сегодня — последние новости и события ...,https://lenta.ru/tags/geo/ukraina/,2025-11-20T03:12:45Z
12,Украине,6,Новости Украины - последние события в Украине и мире ...,https://ria.ru/location_Ukraine/,2025-11-20T03:12:45Z
12,Украине,7,«Завершение этой войны не за горами». Почему появились ...,https://www.bbc.com/russian/articles/cx2y9gg6449o,2025-11-20T03:12:45Z
12,Украине,8,Украина — последние новости сегодня и за 2025 год на iz.ru ...,https://iz.ru/tag/ukraina,2025-11-20T03:12:45Z
12,Украине,9,Финансовая поддержка Украины Европейским союзом ...,https://commission.europa.eu/topics/eu-solidarity-ukraine/eu-assistance-ukraine/eu-financial-support-ukraine_ru,2025-11-20T03:12:45Z
12,Украине,10,«Это равносильно капитуляции Украины». Что известно о ...,https://www.bbc.com/russian/articles/cly9mmprdnyo,2025-11-20T03:12:45Z
12,Украине,11,Как война в Украине отражается на разных регионах мира,https://www.imf.org/ru/blogs/articles/2022/03/15/blog-how-war-in-ukraine-is-reverberating-across-worlds-regions-031522,2025-11-20T03:12:45Z
12,Украине,12,Объявлено о завершении вспышки полиомиелита в Украине ...,https://www.who.int/europe/ru/news/item/21-09-2023-polio-outbreak-in-ukraine-closed-a-success-story-for-public-health-despite-extreme-challenges-of-war,2025-11-20T03:12:45Z
12,Украине,13,Война в Украине и ее последствия для ЕС | EEAS,https://www.eeas.europa.eu/eeas/%D0%B2%D0%BE%D0%B9%D0%BD%D0%B0-%D0%B2-%D1%83%D0%BA%D1%80%D0%B0%D0%B8%D0%BD%D0%B5-%D0%B8-%D0%B5%D0%B5-%D0%BF%D0%BE%D1%81%D0%BB%D0%B5%D0%B4%D1%81%D1%82%D0%B2%D0%B8%D1%8F-%D0%B4%D0%BB%D1%8F-%D0%B5%D1%81_ru,2025-11-20T03:12:45Z
12,Украине,14,ООН: мирные жители Украины переживают потери и ...,https://news.un.org/ru/story/2025/07/1466070,2025-11-20T03:12:45Z
12,Украине,15,Доклад ООН об убийствах в Украине в 2014-2016 годах говорит ...,https://www.ohchr.org/ru/press-releases/2016/07/un-report-2014-16-killings-ukraine-highlights-rampant-impunity,2025-11-20T03:12:45Z
12,Украине,16,Украина: с начала полномасштабного вторжения РФ погибли не ...,https://news.un.org/ru/story/2025/01/1460441,2025-11-20T03:12:45Z
12,Украине,17,Отношения между НАТО и Украиной,https://www.nato.int/nato_static_fl2014/assets/pdf/2022/2/pdf/220214-factsheet_NATO-Ukraine_Relations_-1.pdf,2025-11-20T03:12:45Z
12,Украине,18,Посольство Республики Таджикистан в Украине,https://mfa.tj/ru/kiev,2025-11-20T03:12:45Z
12,Украине,19,Все доклады | Мониторинговая миссия ООН по правам человека ...,https://ukraine.ohchr.org/ru/reports,2025-11-20T03:12:45Z
12,Украине,20,Быстрый заказ поездок и доход за рулем | Uber в Украине,https://www.uber.com/ua/ru/,2025-11-20T03:12:45Z
13,санкт-петербург,1,Санкт-Петербург — Википедия,https://ru.wikipedia.org/wiki/%D0%A1%D0%B0%D0%BD%D0%BA%D1%82-%D0%9F%D0%B5%D1%82%D0%B5%D1%80%D0%B1%D1%83%D1%80%D0%B3,2025-11-20T03:12:50Z
13,санкт-петербург,2,Банк «Санкт-Петербург,https://www.bspb.ru/,2025-11-20T03:12:50Z
13,санкт-петербург,3,Карта Санкт-Петербурга с улицами и номерами домов — Яндекс ...,https://yandex.ru/maps/2/saint-petersburg/,2025-11-20T03:12:50Z
13,санкт-петербург,4,Saint Petersburg - Wikipedia,https://en.wikipedia.org/wiki/Saint_Petersburg,2025-11-20T03:12:50Z
13,санкт-петербург,5,Официальный сайт Администрации Санкт‑Петербурга,https://www.gov.spb.ru/,2025-11-20T03:12:50Z
13,санкт-петербург,6,Отель «Санкт-Петербург» | Официальный сайт,https://hotel-spb.ru/,2025-11-20T03:12:50Z
13,санкт-петербург,7,Телеканал Санкт-Петербург,https://tvspb.ru/,2025-11-20T03:12:50Z
13,санкт-петербург,8,Государственные услуги в Санкт-Петербурге,https://gu.spb.ru/,2025-11-20T03:12:50Z
13,санкт-петербург,9,Санкт-Петербургский государственный университет: Главная,https://spbu.ru/,2025-11-20T03:12:50Z
13,санкт-петербург,10,Генеральное консульство Японии в Санкт-Петербурге,https://www.st-petersburg.ru.emb-japan.go.jp/,2025-11-20T03:12:50Z
13,санкт-петербург,11,Фонд Имущества Санкт-Петербурга,https://xn--80adfeoyeh6akig5e.xn--p1ai/,2025-11-20T03:12:50Z
13,санкт-петербург,12,Ёбидоёби - Доставка суши и роллов в Санкт-Петербурге,https://spb.yobidoyobi.ru/,2025-11-20T03:12:50Z
13,санкт-петербург,13,Санкт-Петербургский городской суд,https://sankt-peterburgsky.spb.sudrf.ru/,2025-11-20T03:12:50Z
13,санкт-петербург,14,ГУ МВД РОССИИ по г.Санкт-Петербургу и Ленинградской области,https://78.xn--b1aew.xn--p1ai/,2025-11-20T03:12:50Z
13,санкт-петербург,15,Аэропорт Пулково (Санкт-Петербург),https://pulkovoairport.ru/,2025-11-20T03:12:50Z
13,санкт-петербург,16,Государственная академическая капелла Санкт-Петербурга,https://capella-spb.ru/,2025-11-20T03:12:50Z
13,санкт-петербург,17,Санкт-Петербург | Visa management service,https://italyvms.com/kontakty/sankt-peterburg/,2025-11-20T03:12:50Z
13,санкт-петербург,18,НИУ ВШЭ в Санкт-Петербурге – Национальный ...,https://spb.hse.ru/,2025-11-20T03:12:50Z
13,санкт-петербург,19,Туристическая виза | Visa management service,https://italyvms.com/dokumenta-dlya-sankt-peterburga/dokumenty-na-turisticheskuyu-vizu-spb/,2025-11-20T03:12:50Z
13,санкт-петербург,20,ОЭЗ СПб: Главная,https://www.spbsez.ru/,2025-11-20T03:12:50Z
14,Europe,1,Europe - Wikipedia,https://en.wikipedia.org/wiki/Europe,2025-11-20T03:12:54Z
14,Europe,2,europetheband.com: EUROPE | Official Website,https://www.europetheband.com/,2025-11-20T03:12:54Z
14,Europe,3,Fi Europe 2025 | The Leading Global Food Ingredients Event,https://www.figlobal.com/europe/en/home.html,2025-11-20T03:12:54Z
14,Europe,4,Europe PMC: Home,https://europepmc.org/,2025-11-20T03:12:54Z
14,Europe,5,Horizon Europe - Research and innovation - European Commission,https://research-and-innovation.ec.europa.eu/funding/funding-opportunities/funding-programmes-and-open-calls/horizon-europe_en,2025-11-20T03:12:54Z
14,Europe,6,"The Council of Europe: guardian of Human Rights, Democracy and ...",https://www.coe.int/en/web/portal,2025-11-20T03:12:54Z
14,Europe,7,Europe | The Guardian,https://www.theguardian.com/world/europe-news,2025-11-20T03:12:54Z
14,Europe,8,"Rick Steves Europe: Tours, Travel, TV & Vacations",https://www.ricksteves.com/,2025-11-20T03:12:54Z
14,Europe,9,CAN Europe: Home,https://caneurope.org/,2025-11-20T03:12:54Z
14,Europe,10,Science Europe,https://scienceeurope.org/,2025-11-20T03:12:54Z
14,Europe,11,ICLEI Europe •• Home,https://iclei-europe.org/,2025-11-20T03:12:54Z
14,Europe,12,"Europe | History, Countries, Map, & Facts | Britannica",https://www.britannica.com/place/Europe,2025-11-20T03:12:54Z
14,Europe,13,Open Research Europe | Open Access Publishing Platform | Beyond ...,https://open-research-europe.ec.europa.eu/,2025-11-20T03:12:54Z
14,Europe,14,Home | Making Europe a Wilder Place,https://rewildingeurope.com/,2025-11-20T03:12:54Z
14,Europe,15,Europe,https://www.facebook.com/europetheband/,2025-11-20T03:12:54Z
14,Europe,16,Train tickets in Europe - Search & Book on Rail Europe,https://www.raileurope.com/en-us,2025-11-20T03:12:54Z
14,Europe,17,The Best Business School in China | China Europe International ...,https://www.ceibs.edu/,2025-11-20T03:12:54Z
14,Europe,18,"MedTech Europe, from diagnosis to cure - Homepage",https://www.medtecheurope.org/,2025-11-20T03:12:54Z
14,Europe,19,Vaccines Europe: Home,https://www.vaccineseurope.eu/,2025-11-20T03:12:54Z
14,Europe,20,Creative Europe - Culture and Creativity,https://culture.ec.europa.eu/creative-europe,2025-11-20T03:12:54Z
15,P.S. Минутка Омских,1,"""P.S. Минутка Омских"" - Results on X | Live Posts & Updates",http://x.com/search?q=P.S.+%D0%9C%D0%B8%D0%BD%D1%83%D1%82%D0%BA%D0%B0+%D0%9E%D0%BC%D1%81%D0%BA%D0%B8%D1%85,2025-11-20T03:12:58Z
15,P.S. Минутка Омских,2,В Омске пошла выносить мусор и пропала 12-летняя девочка ...,https://newsomsk.ru/news/136357-v_omske_poshla_vnosit_musor_i_propala_12_letnyaya_/amp/,2025-11-20T03:12:58Z
15,P.S. Минутка Омских,3,А вас... Нет! P.S. Минутка Омских новостей...,https://x.com/Mr_BOFH/status/1952394656756744406,2025-11-20T03:12:58Z
15,P.S. Минутка Омских,4,Актуальные темы: Россия » Твиттер | X (Twitter) Trending,https://www.twitter-trending.com/russia/ru,2025-11-20T03:12:58Z
15,P.S. Минутка Омских,5,"""bofh"" - Results on X | Live Posts & Updates",https://x.com/search?q=bofh&f=media,2025-11-20T03:12:58Z
15,P.S. Минутка Омских,6,"Омский государственный драматический ""Пятый театр""",https://5ththeatreomsk.ru/mariya-dolganyova/,2025-11-20T03:12:58Z
15,P.S. Минутка Омских,7,Подушка ПС (32х32х9),https://familytex.ru/katalog/utsenka-50/podushka-ps-32kh32kh9-332,2025-11-20T03:12:58Z
15,P.S. Минутка Омских,8,"Омский государственный драматический ""Пятый театр""",https://5ththeatreomsk.ru/jekspress-rozygrysh-biletov-na-spektakl-bereginja-v-moskve/,2025-11-20T03:12:58Z
15,P.S. Минутка Омских,9,"Насос поверхностный центробежный Belamos XA 09, 800 Вт, 60 ...",https://belamos.net/product/nasos-poverhnostnyy-tsentrobezhnyy-belamos-xa-09-800-vt-60-lmin-n-40-m-chugun,2025-11-20T03:12:58Z
15,P.S. Минутка Омских,10,Омский ГАУ | ОмГАУ,https://www.omgau.ru/,2025-11-20T03:12:58Z
15,P.S. Минутка Омских,11,ПСО ЛизаАлерт Омской области,https://www.facebook.com/laomsk/,2025-11-20T03:12:58Z
15,P.S. Минутка Омских,12,не включаются передачи (Омская КПП),https://2126.ru/forum/index.php?topic=103144.0,2025-11-20T03:12:58Z
15,P.S. Минутка Омских,13,"Доброго времени суток, дамы и господа, мальчики и девочки ...",https://vk.com/wall-141742284_167973,2025-11-20T03:12:58Z
15,P.S. Минутка Омских,14,Купить квартиру вторичка на улице Омская в Санкт-Петербурге ...,https://spb.cian.ru/kupit-kvartiru-vtorichka-sankt-peterburg-omskaya-ulica-024448/,2025-11-20T03:12:58Z
15,P.S. Минутка Омских,15,"Полет на спортивном самолете ЯК-52 ""Высший пилотаж""",https://alfenjoy.ru/catalog/adrenalin/polet-na-sportivnom-samolete-yak-52-vysshiy-pilotazh/,2025-11-20T03:12:58Z
15,P.S. Минутка Омских,16,Минпросвещения России,https://edu.gov.ru/,2025-11-20T03:12:58Z
15,P.S. Минутка Омских,17,Пистолет-насадка для антигравия Remix RM-PS-5 ✳️ купить по ...,https://omsk.lemanapro.ru/product/pistolet-nasadka-dlya-antigraviya-remix-rm-ps-5-91684736/,2025-11-20T03:12:58Z
15,P.S. Минутка Омских,18,Контактные данные пограничных органов для получения ...,http://ps.fsb.ru/fps/contact/contacts_dpk.htm,2025-11-20T03:12:58Z
15,P.S. Минутка Омских,19,Ростехнадзор наказал «Россети» из-за ветки и аварии в Омской ...,https://superomsk.ru/news/155125-rostexnadzor_nakazal_rosseti_iz_za_vetki_i_avarii_/,2025-11-20T03:12:58Z
15,P.S. Минутка Омских,20,ФЕДЕРАЛЬНОЕ АГЕНТСТВО ЖЕЛЕЗНОДОРОЖНОГО ...,https://omgups.ru/sveden/education/informatsiya-op-spo/rpd/34.02.01_3-10_2023//%D0%A4%D0%9E%D0%A1%20%D0%9F%D0%9C.04%20%D0%92%D1%8B%D0%BF%D0%BE%D0%BB%D0%BD%D0%B5%D0%BD%D0%B8%D0%B5%20%D1%80%D0%B0%D0%B1%D0%BE%D1%82%20%D0%BF%D0%BE%20%D0%BF%D1%80%D0%BE%D1%84%D0%B5%D1%81%D1%81%D0%B8%D0%B8.pdf,2025-11-20T03:12:58Z
16,#ItsAces,1,I WANNA SEE MY LITTLE BOY! ( h e r e h e c o m e s ...,https://x.com/YeetMyAsthma/status/1990759377184411898,2025-11-20T03:13:03Z
16,#ItsAces,2,WHO WOULDNT TRUST THAT FACE #SaveDeadBoyDetectives ...,https://x.com/YeetMyAsthma/status/1990759882073780324,2025-11-20T03:13:03Z
16,#ItsAces,3,The transition into the first one is simply too good ...,https://x.com/ruanosu/status/1991049973740277798,2025-11-20T03:13:03Z
16,#ItsAces,4,they want that cookie so effing bad fr #SaveDeadBoyDetectives ...,https://x.com/_chaoticbaby_/status/1991149355978424334,2025-11-20T03:13:03Z
16,#ItsAces,5,Just under five hours left! #SaveDeadBoyDetectives #ItsAces,https://x.com/fan_a_tink/status/1991122787793097113,2025-11-20T03:13:03Z
16,#ItsAces,6,"Love a bit of falling imagery, me. #SaveDeadBoyDetectives #ItsAces",https://x.com/Lundlaeva/status/1990506480555208832,2025-11-20T03:13:03Z
16,#ItsAces,7,Esther being hit with her brilliantly evil idea gets my vote on this one ...,https://x.com/superlc529/status/1990499669907288450,2025-11-20T03:13:03Z
16,#ItsAces,8,Rapidly aging Esther got my vote on this one. You gotta look at the ...,https://x.com/superlc529/status/1990499291912417411,2025-11-20T03:13:03Z
16,#ItsAces,9,Painland literally #ItsAces #SaveDeadBoyDetectives,https://x.com/adskayapanda/status/1990960736600813865/photo/1,2025-11-20T03:13:03Z
16,#ItsAces,10,#SaveDeadBoyDetectives #ItsAces,https://x.com/yeetthedragon/status/1990335890787537044,2025-11-20T03:13:03Z
16,#ItsAces,11,voting for the 1st one because ahhhh wanting something forbidden ...,https://x.com/YeetMyAsthma/status/1990759655291957370,2025-11-20T03:13:03Z
16,#ItsAces,12,not the consequences of his actions and choices he had made... the ...,https://x.com/YeetMyAsthma/status/1990760343971488080,2025-11-20T03:13:03Z
16,#ItsAces,13,nighttime voting reminder - this one is very close ...,https://x.com/fan_a_tink/status/1990916800335225079,2025-11-20T03:13:03Z
16,#ItsAces,14,#SaveDeadBoyDetectives #ItsAces,https://x.com/fan_a_tink/status/1990833047625695638,2025-11-20T03:13:03Z
16,#ItsAces,15,#SaveDeadBoyDetectives #ItsAces,https://x.com/fan_a_tink/status/1990833030873669955,2025-11-20T03:13:03Z
16,#ItsAces,16,The 2nd gif be like #SaveDeadBoyDetectives #ItsAces,https://x.com/_chaoticbaby_/status/1990839623694549377,2025-11-20T03:13:03Z
16,#ItsAces,17,#SaveDeadBoyDetectives #ItsAces,https://x.com/fan_a_tink/status/1990428421327872081,2025-11-20T03:13:03Z
16,#ItsAces,18,#SaveDeadBoyDetectives #ItsAces,https://x.com/fan_a_tink/status/1990428310879236138,2025-11-20T03:13:03Z
16,#ItsAces,19,Round 2: @rockergirl57 @jmrsonxdailies @juliasfanart @bs2sjh ...,https://x.com/fan_a_tink/status/1990835558193471779,2025-11-20T03:13:03Z
16,#ItsAces,20,#SaveDeadBoyDetectives #ItsAces,https://x.com/fan_a_tink/status/1990428187482821118,2025-11-20T03:13:03Z
17,Украиной,1,Украина — Википедия,https://ru.wikipedia.org/wiki/%D0%A3%D0%BA%D1%80%D0%B0%D0%B8%D0%BD%D0%B0,2025-11-20T03:13:07Z
17,Украиной,2,Двустороннее соглашение о безопасности между США и Украиной,https://ru.usembassy.gov/ru/u-s-ukraine-bilateral-security-agreement-ru/,2025-11-20T03:13:07Z
17,Украиной,3,Outcomes of the United States and Ukraine Expert Groups On the ...,https://www.whitehouse.gov/briefings-statements/2025/03/outcomes-of-the-united-states-and-ukraine-expert-groups-on-the-black-sea/,2025-11-20T03:13:07Z
17,Украиной,4,Отношения между НАТО и Украиной,https://www.nato.int/nato_static_fl2014/assets/pdf/2022/2/pdf/220214-factsheet_NATO-Ukraine_Relations_-1.pdf,2025-11-20T03:13:07Z
17,Украиной,5,Ukraine | The Guardian,https://www.theguardian.com/world/ukraine,2025-11-20T03:13:07Z
17,Украиной,6,Война в Украине: позиция Франции - Франция в Таджикистане,https://tj.ambafrance.org/-Vojna-v-Ukraine-poziciya-Francii-39-,2025-11-20T03:13:07Z
17,Украиной,7,Солидарность ЕС с Украиной - Европейская комиссия,https://commission.europa.eu/topics/eu-solidarity-ukraine_ru,2025-11-20T03:13:07Z
17,Украиной,8,«Завершение этой войны не за горами». Почему появились ...,https://www.bbc.com/russian/articles/cx2y9gg6449o,2025-11-20T03:13:07Z
17,Украиной,9,Ukraine - Wikipedia,https://en.wikipedia.org/wiki/Ukraine,2025-11-20T03:13:07Z
17,Украиной,10,Фонды «Открытое общество» в Украине - Open Society ...,https://www.opensocietyfoundations.org/newsroom/the-open-society-foundations-in-ukraine/ru,2025-11-20T03:13:07Z
17,Украиной,11,Соглашение об ассоциации между ЕС и Украиной вступило в ...,https://www.eeas.europa.eu/node/31557_ru,2025-11-20T03:13:07Z
17,Украиной,12,Украина — последние новости сегодня и за 2025 год на iz.ru ...,https://iz.ru/tag/ukraina,2025-11-20T03:13:07Z
17,Украиной,13,Генассамблея приняла две резолюции по Украине с ...,https://news.un.org/ru/story/2025/02/1461601,2025-11-20T03:13:07Z
17,Украиной,14,Как война в Украине отражается на разных регионах мира,https://www.imf.org/ru/blogs/articles/2022/03/15/blog-how-war-in-ukraine-is-reverberating-across-worlds-regions-031522,2025-11-20T03:13:07Z
17,Украиной,15,О нарушении Украиной международных обязательств,https://kazan.mid.ru/ru/press-centre/news/o_narushenii_ukrainoy_mezhdunarodnykh_obyazatelstv/,2025-11-20T03:13:07Z
17,Украиной,16,ДОГОВОР МЕЖДУ РОССИЙСКОЙ ФЕДЕРАЦИЕЙ И УКРАИНОЙ ...,https://www.mid.ru/ru/foreign_policy/international_contracts/international_contracts/2_contract/46278/,2025-11-20T03:13:07Z
17,Украиной,17,В Совбезе ООН прошло заседание по Украине | Новости ООН,https://news.un.org/ru/story/2025/07/1466114,2025-11-20T03:13:07Z
17,Украиной,18,Это билет в будущее: истории молодых мужчин из Украины в ...,https://www.dw.com/ru/eto-bilet-v-budusee-istorii-molodyh-muzcin-iz-ukrainy-v-frg/a-74530046,2025-11-20T03:13:07Z
17,Украиной,19,В США сообщили о согласовании рамок мира на Украине уже на ...,https://www.rbc.ru/politics/19/11/2025/691dad599a794711eff71207,2025-11-20T03:13:07Z
17,Украиной,20,Договор между Российской Федерацией и Украиной о российско ...,http://kremlin.ru/supplement/1653,2025-11-20T03:13:07Z
18,Russia,1,Russia - Wikipedia,https://en.wikipedia.org/wiki/Russia,2025-11-20T03:13:11Z
18,Russia,2,The Russian Government,http://government.ru/en/,2025-11-20T03:13:11Z
18,Russia,3,Ukraine-/Russia-related Sanctions | Office of Foreign Assets Control,https://ofac.treasury.gov/sanctions-programs-and-country-information/ukraine-russia-related-sanctions,2025-11-20T03:13:11Z
18,Russia,4,Nuclear Power in Russia - World Nuclear Association,https://world-nuclear.org/information-library/country-profiles/countries-o-s/russia-nuclear-power,2025-11-20T03:13:11Z
18,Russia,5,Russian Federation | Climate Action Tracker,https://climateactiontracker.org/countries/russian-federation/,2025-11-20T03:13:11Z
18,Russia,6,Russia Archives - Committee to Protect Journalists,https://cpj.org/europe/russia/,2025-11-20T03:13:11Z
18,Russia,7,EU sanctions against Russia explained - Consilium,https://www.consilium.europa.eu/en/policies/sanctions-against-russia-explained/,2025-11-20T03:13:11Z
18,Russia,8,Russia Travel Advisory,https://travel.state.gov/content/travel/en/traveladvisories/traveladvisories/russia-travel-advisory.html,2025-11-20T03:13:11Z
18,Russia,9,Canadian Sanctions Related to Russia,https://www.international.gc.ca/world-monde/international_relations-relations_internationales/sanctions/russia-russie.aspx?lang=eng,2025-11-20T03:13:11Z
18,Russia,10,Russian direct-ascent anti-satellite missile test creates significant ...,https://www.spacecom.mil/Newsroom/News/Article-Display/Article/2842957/russian-direct-ascent-anti-satellite-missile-test-creates-significant-long-last/,2025-11-20T03:13:11Z
18,Russia,11,Allegations of Genocide under the Convention on the Prevention ...,https://www.icj-cij.org/case/182,2025-11-20T03:13:11Z
18,Russia,12,Travel advice and advisories for Russia,https://travel.gc.ca/destinations/russia,2025-11-20T03:13:11Z
18,Russia,13,Outcomes of the United States and Russia Expert Groups On the ...,https://www.whitehouse.gov/briefings-statements/2025/03/outcomes-of-the-united-states-and-russia-expert-groups-on-the-black-sea/,2025-11-20T03:13:11Z
18,Russia,14,Russia's Key Energy Statistics,https://www.eia.gov/international/overview/country/RUS,2025-11-20T03:13:11Z
18,Russia,15,World News | Latest Top Stories | Reuters,https://www.reuters.com/world/,2025-11-20T03:13:11Z
18,Russia,16,Russia | RSF,https://rsf.org/en/country/russia,2025-11-20T03:13:11Z
18,Russia,17,Russia travel advice - GOV.UK,https://www.gov.uk/foreign-travel-advice/russia,2025-11-20T03:13:11Z
18,Russia,18,Russia Ohio – Welcome to the Village of Russia Ohio. Established in ...,https://russiaoh.com/,2025-11-20T03:13:11Z
18,Russia,19,Russia Threat Overview and Advisories | CISA,https://www.cisa.gov/topics/cyber-threats-and-advisories/advanced-persistent-threats/russia,2025-11-20T03:13:11Z
18,Russia,20,2024 Country Reports on Human Rights Practices: Russia,https://www.state.gov/reports/2024-country-reports-on-human-rights-practices/russia,2025-11-20T03:13:11Z
19,#hazbinhotelseason2,1,#hazbinhotelseason2 | TikTok,https://www.tiktok.com/tag/hazbinhotelseason2,2025-11-20T03:13:16Z
19,#hazbinhotelseason2,2,#hazbinhotelseason2,https://x.com/Escoria16_/status/1989545897265340760,2025-11-20T03:13:16Z
19,#hazbinhotelseason2,3,My shipping fest was served. #hazbinhotelseason2 ...,https://www.instagram.com/p/DQ929AhAQ6G/,2025-11-20T03:13:16Z
19,#hazbinhotelseason2,4,for insisting #hazbinhotelseason2 #StaticMoth #Voxval,https://x.com/Escoria16_/status/1990652782605414450,2025-11-20T03:13:16Z
19,#hazbinhotelseason2,5,I love him #sirpentious #hazbinhotel #hazbinhotelseason2 ...,https://www.instagram.com/p/DQcN4HOD5wi/,2025-11-20T03:13:16Z
19,#hazbinhotelseason2,6,#hazbinhotel #Velvette #hazbinhotelseason2 #hazbinhotelfanart ...,https://www.facebook.com/groups/556294769477922/posts/1344486463992078/,2025-11-20T03:13:16Z
19,#hazbinhotelseason2,7,Protective Charlie how I missed you. #hazbinhotelseason2 ...,https://www.instagram.com/p/DRF6WMXAchr/,2025-11-20T03:13:16Z
19,#hazbinhotelseason2,8,fat nuggets uwu #huskerdust #hazbinhotel #hazbinhotelseason2,https://www.facebook.com/groups/556294769477922/posts/1356395942801130/,2025-11-20T03:13:16Z
19,#hazbinhotelseason2,9,I want what they have… #hazbinhotelseason2 #amazonprimevídeo ...,https://www.instagram.com/reicav97/p/DRNC8wjkfUk/,2025-11-20T03:13:16Z
19,#hazbinhotelseason2,10,I heard it was today or is it just rumors #hazbinhotelseason2,https://www.facebook.com/groups/519955720166994/posts/1079813814181179/,2025-11-20T03:13:16Z
19,#hazbinhotelseason2,11,"He's so hard to draw, guys. #hazbinhotelseason2 #sirpentious ...",https://www.instagram.com/p/DQbTmB3ib4I/,2025-11-20T03:13:16Z
19,#hazbinhotelseason2,12,I forgot to give the Angelic Knife to Niffty ✌️ #hazbinhotelseason2 ...,https://www.facebook.com/charchar1619/posts/i-forgot-to-give-the-angelic-knife-to-niffty-%EF%B8%8Fhazbinhotelseason2-episode4-spoile/834686929511209/,2025-11-20T03:13:16Z
19,#hazbinhotelseason2,13,"Well, he almost made it. . . . #HazbinHotel #HazbinHotelSeason2 ...",https://www.instagram.com/p/DRKlDNJkVnq/,2025-11-20T03:13:16Z
19,#hazbinhotelseason2,14,Lilith and Lucifer as ducks #HazbinHotel #hazbinhotelseason2 ...,https://www.facebook.com/groups/727340409069849/posts/hazbin-hotel-lilith-lucifer-anime-series-demons-angels-revenge-action-drama-myst/1354918726312011/,2025-11-20T03:13:16Z
19,#hazbinhotelseason2,15,#Reaction ad #Hazbinhotel |Ep.5 &6| Seconda Stagione #vivziepop ...,https://www.youtube.com/watch?v=XXQuIB_Ymeg,2025-11-20T03:13:16Z
19,#hazbinhotelseason2,16,Also Vox is watching so maybe he's performing for him ...,https://www.facebook.com/61581889569468/posts/also-vox-is-watching-so-maybe-hes-performing-for-him-hazbinhotelseason2-fandom-a/122106751665062985/,2025-11-20T03:13:16Z
19,#hazbinhotelseason2,17,Sharks Al! | #hazbinhotel #hazbinhotelseason2 #voxhazbinhotel ...,https://m.youtube.com/watch?v=Ybodkr88MFw,2025-11-20T03:13:16Z
19,#hazbinhotelseason2,18,New Look at S2 for Hazbin Hotel Part 2 #HazbinHotel ...,https://www.facebook.com/groups/727340409069849/posts/1289453329525218/,2025-11-20T03:13:16Z
19,#hazbinhotelseason2,19,We miss you mom HH S2 E1 #hazbinhotelseason2 #Episode1 ...,https://www.facebook.com/charchar1619/posts/we-miss-you-mom-hh-s2-e1-hazbinhotelseason2-episode1-episode2-spoileralert-fyp/830158909964011/,2025-11-20T03:13:16Z
19,#hazbinhotelseason2,20,When the goofy villain became the Most threat in hell ...,https://www.facebook.com/groups/756955449659204/posts/1200317045323040/,2025-11-20T03:13:16Z
20,Christmas,1,Christmas - Wikipedia,https://en.wikipedia.org/wiki/Christmas,2025-11-20T03:13:20Z
20,Christmas,2,Google Santa Tracker,https://santatracker.google.com/,2025-11-20T03:13:20Z
20,Christmas,3,r/Christmas,https://www.reddit.com/r/christmas/,2025-11-20T03:13:20Z
20,Christmas,4,Christmas Spectacular | The Rockettes,https://www.rockettes.com/christmas/,2025-11-20T03:13:20Z
20,Christmas,5,Shop Christmas.com For The Largest Selection Of Christmas ...,https://christmas.com/,2025-11-20T03:13:20Z
20,Christmas,6,Operation Christmas Child | Shoebox Outreach of Samaritan's Purse,https://www.samaritanspurse.org/what-we-do/operation-christmas-child/,2025-11-20T03:13:20Z
20,Christmas,7,Christmas in The Wizarding World of Harry Potter™ | Universal ...,http://www.universalstudioshollywood.com/web/en/us/things-to-do/events-and-seasonal-activities/christmas-in-the-wizarding-world-of-harry-potter,2025-11-20T03:13:20Z
20,Christmas,8,Audubon Christmas Bird Count | Audubon,https://www.audubon.org/community-science/christmas-bird-count,2025-11-20T03:13:20Z
20,Christmas,9,Rockefeller Center Christmas Tree Lighting | NYC Winter Events,https://www.rockefellercenter.com/holidays/rockefeller-center-christmas-tree/,2025-11-20T03:13:20Z
20,Christmas,10,"Christmas | Origin, Definition, Traditions, History, & Facts | Britannica",https://www.britannica.com/topic/Christmas,2025-11-20T03:13:20Z
20,Christmas,11,Dickens Fair: Home,https://dickensfair.com/,2025-11-20T03:13:20Z
20,Christmas,12,A Longwood Christmas | Longwood Gardens,https://longwoodgardens.org/gardens/our-seasons/longwood-christmas,2025-11-20T03:13:20Z
20,Christmas,13,"Christmas Village in Philadelphia | Nov 22 - Dec 24, 2025",http://www.philachristmas.com/index.html,2025-11-20T03:13:20Z
20,Christmas,14,National Christmas Tree Lighting,https://www.thenationaltree.org/,2025-11-20T03:13:20Z
20,Christmas,15,National Christmas Tree Association,https://realchristmastrees.org/,2025-11-20T03:13:20Z
20,Christmas,16,Enchant Christmas: Home,https://www.enchantchristmas.com/,2025-11-20T03:13:20Z
20,Christmas,17,Michael Christmas (@michaelchristmas) • Instagram photos and ...,https://www.instagram.com/michaelchristmas/,2025-11-20T03:13:20Z
20,Christmas,18,"History of Christmas - Origins, Traditions & Facts | HISTORY",https://www.history.com/articles/history-of-christmas,2025-11-20T03:13:20Z
20,Christmas,19,Official 2025 White House Christmas Ornament – White House ...,https://shop.whitehousehistory.org/products/official-2025-white-house-christmas-ornament,2025-11-20T03:13:20Z
20,Christmas,20,Dollywood Festivals & Events | Smoky Mountain Christmas,https://www.dollywood.com/themepark/festivals/smoky-mountain-christmas/,2025-11-20T03:13:20Z
21,Богу,1,Кому мне молиться? Напрямую Иисусу или Богу? : r/Bible,https://www.reddit.com/r/Bible/comments/1bcs4s4/who_do_i_pray_to_directly_to_jesus_or_god/?tl=ru,2025-11-20T03:13:24Z
21,Богу,2,Бог — Википедия,https://ru.wikipedia.org/wiki/%D0%91%D0%BE%D0%B3,2025-11-20T03:13:24Z
21,Богу,3,Говорить «слава богу» в повседневных ситуациях считается ...,https://www.reddit.com/r/AskAChristian/comments/l111iu/is_saying_thank_god_in_casual_situations/?tl=ru,2025-11-20T03:13:24Z
21,Богу,4,"Поклонение угодное Богу, Часть 1 (Russian)",https://www.gty.org/sermons/ru90-354/poklonenie-ugodnoe-bogu-chast-1-russian,2025-11-20T03:13:24Z
21,Богу,5,Зачем Богу нужна слава? : r/AskAChristian,https://www.reddit.com/r/AskAChristian/comments/1d88mqy/why_does_god_want_glory/?tl=ru,2025-11-20T03:13:24Z
21,Богу,6,"Доверять Богу, когда боль кажется бессмысленной (Trusting God ...",https://www.epm.org/resources/2024/Jan/11/trusting-god-when-russian/,2025-11-20T03:13:24Z
21,Богу,7,ульяна мамушкина - письма к Богу вот и вышел он ...,https://vk.com/wall-189763022_2054,2025-11-20T03:13:24Z
21,Богу,8,Восстановление после сомнений: познание Бога,https://www.nacr.org/ru/%D1%86%D0%B5%D0%BD%D1%82%D1%80-%D0%B4%D1%83%D1%85%D0%BE%D0%B2%D0%BD%D0%BE%D1%81%D1%82%D0%B8-%D0%B8-%D0%B2%D0%BE%D1%81%D1%81%D1%82%D0%B0%D0%BD%D0%BE%D0%B2%D0%BB%D0%B5%D0%BD%D0%B8%D1%8F/%D0%B2%D1%8B%D0%B7%D0%B4%D0%BE%D1%80%D0%BE%D0%B2%D0%BB%D0%B5%D0%BD%D0%B8%D0%B5-%D0%BE%D1%82-%D1%81%D0%BE%D0%BC%D0%BD%D0%B5%D0%BD%D0%B8%D0%B9--%D0%BF%D0%BE%D0%B7%D0%BD%D0%B0%D0%BD%D0%B8%D0%B5-%D0%91%D0%BE%D0%B3%D0%B0,2025-11-20T03:13:24Z
21,Богу,9,"Я хотел бы вернуться к Богу, но возможно ли это для меня?",https://www.churchofjesuschrist.org/study/liahona/2024/10/18-i-wanted-to-return-to-god-but-could-i?lang=rus,2025-11-20T03:13:24Z
21,Богу,10,"Бог, каким я его не понимаю – Национальная ассоциация ...",https://www.nacr.org/ru/%D1%86%D0%B5%D0%BD%D1%82%D1%80-12-%D1%88%D0%B0%D0%B3%D0%BE%D0%B2%D0%BE%D0%B3%D0%BE-%D0%B2%D0%BE%D1%81%D1%81%D1%82%D0%B0%D0%BD%D0%BE%D0%B2%D0%BB%D0%B5%D0%BD%D0%B8%D1%8F/%D0%91%D0%BE%D0%B6%D0%B5--%D0%BA%D0%B0%D0%BA-%D1%8F-%D0%B5%D0%B3%D0%BE-%D0%BD%D0%B5-%D0%BF%D0%BE%D0%BD%D0%B8%D0%BC%D0%B0%D1%8E,2025-11-20T03:13:24Z
21,Богу,11,С 2022 года я стал ближе к Богу. До этого времени большой ...,https://www.instagram.com/p/DLe-NKPNas0/,2025-11-20T03:13:24Z
21,Богу,12,"я позвонила богу с просьбой закончить войны, прекратить беды ...",https://m.vk.com/wall-154356292_5860?lang=en,2025-11-20T03:13:24Z
21,Богу,13,14 писем Богу | Папмамбук,https://www.papmambook.ru/articles/2093/,2025-11-20T03:13:24Z
21,Богу,14,"слава богу - Wiktionary, the free dictionary",https://en.wiktionary.org/wiki/%D1%81%D0%BB%D0%B0%D0%B2%D0%B0_%D0%B1%D0%BE%D0%B3%D1%83,2025-11-20T03:13:24Z
21,Богу,15,Путь к Богу: личная история - Милосердие.ru,https://www.miloserdie.ru/article/ya-ishhu-boga/,2025-11-20T03:13:24Z
21,Богу,16,С чего начать путь к Богу? - Православный журнал «Фома»,https://foma.ru/s-chego-nachat-put-k-bogu.html,2025-11-20T03:13:24Z
21,Богу,17,Понимание Бога в Исламе и Христианстве | Reasonable Faith,https://www.reasonablefaith.org/translations/russian/popular-articles/concept-of-god-in-islam-and-christianity-russian/,2025-11-20T03:13:24Z
21,Богу,18,"Человек, который доверяет Богу, – самый счастливый",https://solba.ru/news/chelovek-kotoryj-doveryaet-bogu-samyj-schastlivyj/,2025-11-20T03:13:24Z
21,Богу,19,Доверие Богу: почему это так трудно? | ПРИХОДЫ,https://prichod.ru/the-word-of-the-pastor/doverie-bogu-pochemu-jeto-tak-trudno/,2025-11-20T03:13:24Z
21,Богу,20,Отношение к Богу на Вы - плохо или хорошо? - Вопросы и Ответы,https://azbyka.ru/vopros/otnoshenie-k-bogu-na-vy-ploho-ili-horosho/,2025-11-20T03:13:24Z
22,Твиттер,1,Twitter,https://x.com/,2025-11-20T03:13:29Z
22,Твиттер,2,"Use Cases, Tutorials, & Documentation | Twitter Developer Platform",https://developer.x.com/en,2025-11-20T03:13:29Z
22,Твиттер,3,"X. Смотрите, что происходит",https://x.com/?lang=ru,2025-11-20T03:13:29Z
22,Твиттер,4,X - Apps on Google Play,https://play.google.com/store/apps/details?id=com.twitter.android&hl=en_US,2025-11-20T03:13:29Z
22,Твиттер,5,‎X App - App Store,https://apps.apple.com/us/app/x/id333903271,2025-11-20T03:13:29Z
22,Твиттер,6,Twitter - Wikipedia,https://en.wikipedia.org/wiki/Twitter,2025-11-20T03:13:29Z
22,Твиттер,7,Permanent suspension of @realDonaldTrump,https://blog.x.com/en_us/topics/company/2020/suspension,2025-11-20T03:13:29Z
22,Твиттер,8,カードバリデーター（ Card validator）,https://cards-dev.twitter.com/validator,2025-11-20T03:13:29Z
22,Твиттер,9,Advertising,https://business.x.com/en/advertising,2025-11-20T03:13:29Z
22,Твиттер,10,An update on our security incident,https://blog.x.com/en_us/topics/company/2020/an-update-on-our-security-incident,2025-11-20T03:13:29Z
22,Твиттер,11,"The X Rules: Safety, privacy, authenticity, and more",https://help.x.com/en/rules-and-policies/x-rules,2025-11-20T03:13:29Z
22,Твиттер,12,Conversion tracking for websites,https://business.x.com/en/help/campaign-measurement-and-analytics/conversion-tracking-for-websites,2025-11-20T03:13:29Z
22,Твиттер,13,About X | Our company and priorities,https://about.x.com/en,2025-11-20T03:13:29Z
22,Твиттер,14,X Business,https://business.x.com/en,2025-11-20T03:13:29Z
22,Твиттер,15,Twitter,https://www.facebook.com/TwitterInc/,2025-11-20T03:13:29Z
22,Твиттер,16,Safety and security,https://help.x.com/en/safety-and-security,2025-11-20T03:13:29Z
22,Твиттер,17,Netflix Geeked (@NetflixGeeked) / X,https://twitter.com/NetflixGeeked,2025-11-20T03:13:29Z
22,Твиттер,18,Transparency,https://transparency.x.com/en,2025-11-20T03:13:29Z
22,Твиттер,19,X (formerly Twitter) - Crunchbase Company Profile & Funding,https://www.crunchbase.com/organization/twitter,2025-11-20T03:13:29Z
22,Твиттер,20,X (социальная сеть) — Википедия,https://ru.wikipedia.org/wiki/X_(%D1%81%D0%BE%D1%86%D0%B8%D0%B0%D0%BB%D1%8C%D0%BD%D0%B0%D1%8F_%D1%81%D0%B5%D1%82%D1%8C),2025-11-20T03:13:29Z
23,Трампа,1,"Трамп, Дональд — Википедия","https://ru.wikipedia.org/wiki/%D0%A2%D1%80%D0%B0%D0%BC%D0%BF,_%D0%94%D0%BE%D0%BD%D0%B0%D0%BB%D1%8C%D0%B4",2025-11-20T03:13:33Z
23,Трампа,2,Donald Trump - Wikipedia,https://en.wikipedia.org/wiki/Donald_Trump,2025-11-20T03:13:33Z
23,Трампа,3,Выступление президента Дональда Трампа на 80-й сессии ...,https://www.state.gov/translations/%D1%80%D1%83%D1%81%D1%81%D0%BA%D0%B8%D0%B9/%D0%B2%D1%8B%D1%81%D1%82%D1%83%D0%BF%D0%BB%D0%B5%D0%BD%D0%B8%D0%B5-%D0%BF%D1%80%D0%B5%D0%B7%D0%B8%D0%B4%D0%B5%D0%BD%D1%82%D0%B0-%D0%B4%D0%BE%D0%BD%D0%B0%D0%BB%D1%8C%D0%B4%D0%B0-%D1%82%D1%80%D0%B0,2025-11-20T03:13:33Z
23,Трампа,4,Принцип Президента Трампа - «Мир посредством силы ...,https://ru.usembassy.gov/ru/president-trump-is-leading-with-peace-through-strength-ru/,2025-11-20T03:13:33Z
23,Трампа,5,Комплексный план президента Дональда Трампа по ...,https://www.state.gov/translations/%D1%80%D1%83%D1%81%D1%81%D0%BA%D0%B8%D0%B9/%D0%BA%D0%BE%D0%BC%D0%BF%D0%BB%D0%B5%D0%BA%D1%81%D0%BD%D1%8B%D0%B9-%D0%BF%D0%BB%D0%B0%D0%BD-%D0%BF%D1%80%D0%B5%D0%B7%D0%B8%D0%B4%D0%B5%D0%BD%D1%82%D0%B0-%D0%B4%D0%BE%D0%BD%D0%B0%D0%BB%D1%8C%D0%B4,2025-11-20T03:13:33Z
23,Трампа,6,Что вам нужно знать о запрете Трампа на поездки в июне 2025 ...,https://legalaidnyc.org/ru/%D0%BF%D0%BE%D0%BB%D1%83%D1%87%D0%B8%D1%82%D1%8C-%D0%BF%D0%BE%D0%BC%D0%BE%D1%89%D1%8C/%D0%B8%D0%BC%D0%BC%D0%B8%D0%B3%D1%80%D0%B0%D1%86%D0%B8%D0%BE%D0%BD%D0%BD%D0%B0%D1%8F-%D0%B4%D0%B5%D0%BF%D0%BE%D1%80%D1%82%D0%B0%D1%86%D0%B8%D1%8F/%D1%87%D1%82%D0%BE-%D0%B2%D0%B0%D0%BC-%D0%BD%D1%83%D0%B6%D0%BD%D0%BE-%D0%B7%D0%BD%D0%B0%D1%82%D1%8C-%D0%BE-%D0%B7%D0%B0%D0%BF%D1%80%D0%B5%D1%82%D0%B5-%D0%BD%D0%B0-%D0%BF%D0%BE%D0%B5%D0%B7%D0%B4%D0%BA%D0%B8-%D0%A2%D1%80%D0%B0%D0%BC%D0%BF%D0%B0-2025/,2025-11-20T03:13:33Z
23,Трампа,7,Выдержки из инаугурационной речи президента Дональда ...,https://ru.usembassy.gov/ru/president-donald-trumps-inaugural-address-ru/,2025-11-20T03:13:33Z
23,Трампа,8,"Психиатры спорят, можно ли ставить Трампу диагнозы - BBC ...",https://www.bbc.com/russian/features-39002851,2025-11-20T03:13:33Z
23,Трампа,9,Отработано на Кабуле. К чему привела предыдущая ресурсная ...,https://carnegieendowment.org/russia-eurasia/politika/2025/04/afghanistan-usa-rare-earth-deal?lang=ru,2025-11-20T03:13:33Z
23,Трампа,10,Атрибуты вместо смыслов. Каковы итоги встречи Трампа и ...,https://www.bbc.com/russian/articles/cd9jz0yj7e7o,2025-11-20T03:13:33Z
23,Трампа,11,Маршал торговой войны. Как взгляды Питера Наварро влияют ...,https://carnegieendowment.org/russia-eurasia/politika/2025/04/navarro-advise-foreign-policy?lang=ru,2025-11-20T03:13:33Z
23,Трампа,12,Генеральный прокурор Джеймс одержал знаменательную ...,https://ru.ag.ny.gov/attorney-general-james-wins-landmark-victory-case-against-donald-trump,2025-11-20T03:13:33Z
23,Трампа,13,Текст инаугурационной речи президента Трампа - Посольство ...,https://uz.usembassy.gov/ru/inauguration-45th-president-united-states-ru/,2025-11-20T03:13:33Z
23,Трампа,14,Новый указ Трампа может кардинально изменить отношение к ...,https://www.coalitionforthehomeless.org/ru/a-new-trump-order-could-upend-the-way-nyc-treats-homeless-people-heres-what-to-know/,2025-11-20T03:13:33Z
23,Трампа,15,Donald J. Trump,https://www.facebook.com/DonaldTrump/,2025-11-20T03:13:33Z
23,Трампа,16,Президент Трамп: эпоха стабильности сменилась масштабными ...,https://news.un.org/ru/story/2025/09/1466444,2025-11-20T03:13:33Z
23,Трампа,17,President Donald J. Trump (@realdonaldtrump) • Instagram photos ...,https://www.instagram.com/realdonaldtrump/?hl=en,2025-11-20T03:13:33Z
23,Трампа,18,Телефонный разговор с Президентом США Дональдом Трампом ...,http://kremlin.ru/events/president/news/76477,2025-11-20T03:13:33Z
23,Трампа,19,Дональд Трамп - главные новости на сегодня - Газета.Ru,https://www.gazeta.ru/tags/person/donald_tramp.shtml,2025-11-20T03:13:33Z
23,Трампа,20,Trumpstore.com | The Official Retail Website of the Trump ...,https://www.trumpstore.com/,2025-11-20T03:13:33Z
24,Хватит,1,GAVRILINA - Хватит (ПРЕМЬЕРА КЛИПА 2022) - YouTube,https://www.youtube.com/watch?v=spQ7N7jROgk,2025-11-20T03:13:37Z
24,Хватит,2,Хватит ли 16 ГБ оперативной памяти для MacBook Pro? : r ...,https://www.reddit.com/r/macbookpro/comments/15yc8zg/is_16gb_of_ram_enough_for_a_macbook_pro/?tl=ru,2025-11-20T03:13:37Z
24,Хватит,3,"ну Даш, хватит (@Guzyninaa) / Posts / X",https://x.com/Guzyninaa,2025-11-20T03:13:37Z
24,Хватит,4,"Хватит ли 2 миллионов вон в месяц, чтобы жить в Корее? : r ...",https://www.reddit.com/r/Living_in_Korea/comments/1cy09dz/is_2_million_won_enough_per_month_to_live_in_korea/?tl=ru,2025-11-20T03:13:37Z
24,Хватит,5,"Тариф «ХВАТИТ!» - описание и стоимость, подключить ...",https://msk.t2.ru/tariff/enough,2025-11-20T03:13:37Z
24,Хватит,6,Хватит! Тройной безлимит в тарифе от Т2,https://enough.t2.ru/,2025-11-20T03:13:37Z
24,Хватит,7,"Тариф «ХВАТИТ!» - описание и стоимость, подключить ...",https://buryatia.t2.ru/tariff/enough,2025-11-20T03:13:37Z
24,Хватит,8,"хватит - Wiktionary, the free dictionary",https://en.wiktionary.org/wiki/%D1%85%D0%B2%D0%B0%D1%82%D0%B8%D1%82,2025-11-20T03:13:37Z
24,Хватит,9,хватит — Викисловарь,https://ru.wiktionary.org/wiki/%D1%85%D0%B2%D0%B0%D1%82%D0%B8%D1%82,2025-11-20T03:13:37Z
24,Хватит,10,"Может, хватит?! — остросоциальное шоу, где больше не молчат",https://smotrim.ru/brand/71718,2025-11-20T03:13:37Z
24,Хватит,11,Хватит | СiРОП,https://siropminsk.bandcamp.com/album/-,2025-11-20T03:13:37Z
24,Хватит,12,хватит - Перевод на английский - примеры русский | Reverso ...,https://context.reverso.net/%D0%BF%D0%B5%D1%80%D0%B5%D0%B2%D0%BE%D0%B4/%D1%80%D1%83%D1%81%D1%81%D0%BA%D0%B8%D0%B9-%D0%B0%D0%BD%D0%B3%D0%BB%D0%B8%D0%B9%D1%81%D0%BA%D0%B8%D0%B9/%D1%85%D0%B2%D0%B0%D1%82%D0%B8%D1%82,2025-11-20T03:13:37Z
24,Хватит,13,Хватит паясничать | Пресейв мини-EP: band.link ...,https://vk.com/hvatit.payasnichat,2025-11-20T03:13:37Z
24,Хватит,14,"С меня хватит! (фильм, 1993) — Википедия","https://ru.wikipedia.org/wiki/%D0%A1_%D0%BC%D0%B5%D0%BD%D1%8F_%D1%85%D0%B2%D0%B0%D1%82%D0%B8%D1%82!_(%D1%84%D0%B8%D0%BB%D1%8C%D0%BC,_1993)",2025-11-20T03:13:37Z
24,Хватит,15,Может хватит.,https://www.instagram.com/p/CcARUgDvcvd/?hl=en,2025-11-20T03:13:37Z
24,Хватит,16,Т2,http://chelyabinsk.t2.ru/,2025-11-20T03:13:37Z
24,Хватит,17,Хватит слухов! - Смотреть на сайте ТВ Центр,https://tvc.ru/brands/3603,2025-11-20T03:13:37Z
24,Хватит,18,Сердца хватит,https://xn--80aafgew5cgpb2ak.xn--p1ai/,2025-11-20T03:13:37Z
24,Хватит,19,На сколько хватит этой видеокарты? — Видеокарта Palit ...,https://club.dns-shop.ru/discussions/t-99-videokartyi/379802-na-skolko-hvatit-etoi-videokartyi/,2025-11-20T03:13:37Z
24,Хватит,20,Интернета хватит ВСЕМ!,https://mannet.ru/actions/interneta-hvatit-vsem/,2025-11-20T03:13:37Z
25,согласна,1,"согласна - Wiktionary, the free dictionary",https://en.wiktionary.org/wiki/%D1%81%D0%BE%D0%B3%D0%BB%D0%B0%D1%81%D0%BD%D0%B0,2025-11-20T03:13:47Z
25,согласна,2,согласна - Translation into English - examples Russian | Reverso ...,https://context.reverso.net/translation/russian-english/%D1%81%D0%BE%D0%B3%D0%BB%D0%B0%D1%81%D0%BD%D0%B0,2025-11-20T03:13:47Z
25,согласна,3,Согласные — Википедия,https://ru.wikipedia.org/wiki/%D0%A1%D0%BE%D0%B3%D0%BB%D0%B0%D1%81%D0%BD%D1%8B%D0%B5,2025-11-20T03:13:47Z
25,согласна,4,Как правильно пишеться согластна или согласна ...,https://otvet.mail.ru/question/64018377,2025-11-20T03:13:47Z
25,согласна,5,Я полностью согласен/согласна : r/HalfLife,https://www.reddit.com/r/HalfLife/comments/1ov3jwj/im_all_in/?tl=ru,2025-11-20T03:13:47Z
25,согласна,6,"Согласна, магазин обручальных колец, ТРЦ Острова, улица ...",https://2gis.ru/blagoveshensk/firm/70000001019108664,2025-11-20T03:13:47Z
25,согласна,7,Я все еще не согласна с кривой близнецов... : r ...,https://www.reddit.com/r/PhasmophobiaGame/comments/1hu6keu/i_still_dont_agree_with_the_twins_curve/?tl=ru,2025-11-20T03:13:47Z
25,согласна,8,"грамотная речь - Правильно ли говорить ""очень согласна ...",https://rus.stackexchange.com/questions/38528/%D0%9F%D1%80%D0%B0%D0%B2%D0%B8%D0%BB%D1%8C%D0%BD%D0%BE-%D0%BB%D0%B8-%D0%B3%D0%BE%D0%B2%D0%BE%D1%80%D0%B8%D1%82%D1%8C-%D0%BE%D1%87%D0%B5%D0%BD%D1%8C-%D1%81%D0%BE%D0%B3%D0%BB%D0%B0%D1%81%D0%BD%D0%B0,2025-11-20T03:13:47Z
25,согласна,9,- Я ознакомлен (ознакомлена) и согласен (согласна) со всеми ...,https://xn----7sba6afveesebpt.xn--p1ai/wp-content/uploads/2020/02/%D0%98%D0%BD%D1%84%D0%BE%D1%80%D0%BC%D0%B8%D1%80%D0%BE%D0%B2%D0%B0%D0%BD%D0%BD%D0%BE%D0%B5-%D0%B4%D0%BE%D0%B1%D1%80%D0%BE%D0%B2%D0%BE%D0%BB%D1%8C%D0%BD%D0%BE%D0%B5-%D1%81%D0%BE%D0%B3%D0%BB%D0%B0%D1%81%D0%B8%D0%B5-%D0%B8%D0%BB%D0%B8-%D0%BE%D1%82%D0%BA%D0%B0%D0%B7-%D0%BD%D0%B0-%D0%BC%D0%B5%D0%B4%D0%B8%D1%86%D0%B8%D0%BD%D1%81%D0%BA%D0%BE%D0%B5-%D0%B2%D0%BC%D0%B5%D1%88%D0%B0%D1%82%D0%B5%D0%BB%D1%8C%D1%81%D1%82%D0%B2%D0%BE.pdf,2025-11-20T03:13:47Z
25,согласна,10,Ты Согласна - song and lyrics by t.A.T.u. | Spotify,https://open.spotify.com/track/1UBo106d5AprScLuolvQjk,2025-11-20T03:13:47Z
25,согласна,11,согласный — Викисловарь,https://ru.wiktionary.org/wiki/%D1%81%D0%BE%D0%B3%D0%BB%D0%B0%D1%81%D0%BD%D1%8B%D0%B9,2025-11-20T03:13:47Z
25,согласна,12,"В офисе Зеленского назвали условия мира, на которые согласна ...",https://www.rbc.ru/politics/21/08/2025/68a6ffbe9a79475d5b1694d0,2025-11-20T03:13:47Z
25,согласна,13,Как правильно пишется слово согласна правописание слова ...,https://orf.textologia.ru/definit/soglasna/?q=532&n=164111,2025-11-20T03:13:47Z
25,согласна,14,Bloomberg: Украина согласна на снятие санкций с РФ ради мира ...,https://www.dw.com/ru/bloomberg-ukraina-soglasna-na-snatie-sankcij-s-rf-radi-mira/a-74448276,2025-11-20T03:13:47Z
25,согласна,15,t.A.T.u. - Ты согласна (Ty soglasna) (English translation),https://lyricstranslate.com/en/ty-soglasna-ty-soglasna-you-agree.html,2025-11-20T03:13:47Z
25,согласна,16,Systematic review of biomarker findings from clinical studies of ...,https://pmc.ncbi.nlm.nih.gov/articles/PMC7850959/,2025-11-20T03:13:47Z
25,согласна,17,Согласна in English | Macedonian to English Dictionary | Translate ...,https://www.translate.com/dictionary/macedonian-english/agreeable-719805,2025-11-20T03:13:47Z
25,согласна,18,"Согласна, согласна (сериал, 1 сезон, все серии), 2012 ...",https://www.kinopoisk.ru/series/723891/,2025-11-20T03:13:47Z
25,согласна,19,«Я не согласна на меньшее»: разговор с художницей Ксенией ...,https://thekulttalk.com/ja-ne-soglasna-na-menshee-razgovor-s-hudozhnicej-kseniej-shapkinoj-o-vnutrennej-svobode-poiskah-i-intuicii/,2025-11-20T03:13:47Z
25,согласна,20,"Обсуждаем историю: ""Я (не) согласна"". | Love Sick ...",https://m.vk.com/topic-131264882_47598320?offset=80,2025-11-20T03:13:47Z
1,Донбасс,1,Донбасс (название) — Википедия,https://ru.wikipedia.org/wiki/%D0%94%D0%BE%D0%BD%D0%B1%D0%B0%D1%81%D1%81_(%D0%BD%D0%B0%D0%B7%D0%B2%D0%B0%D0%BD%D0%B8%D0%B5),2025-11-20T14:21:00Z
1,Донбасс,2,"Президент ЮАР Рамафоса: наши граждане, воюющие в ...",https://www.bbc.com/russian/articles/cvgv57z9y39o,2025-11-20T14:21:00Z
1,Донбасс,3,Donbas - Wikipedia,https://en.wikipedia.org/wiki/Donbas,2025-11-20T14:21:00Z
1,Донбасс,4,Война в Донбассе (2014—2022) — Википедия,https://ru.wikipedia.org/wiki/%D0%92%D0%BE%D0%B9%D0%BD%D0%B0_%D0%B2_%D0%94%D0%BE%D0%BD%D0%B1%D0%B0%D1%81%D1%81%D0%B5_(2014%E2%80%942022),2025-11-20T14:21:00Z
1,Донбасс,5,"Трамп: Донбасс нужно ""разделить"" для прекращения войны ...",https://www.dw.com/ru/tramp-donbass-nuzno-razdelit-dla-prekrasenia-vojny/a-74418631,2025-11-20T14:21:00Z
1,Донбасс,6,Film Screening • Donbass (Донбасс) - CSEEES,https://cseees.unc.edu/event/sergei-loznitsa-donbass/,2025-11-20T14:21:00Z
1,Донбасс,7,Шарф/ Палантин «Донбасс. Великий Блокпост» – купить за 3 000 ...,https://platkinina.ru/product/sharf-donbass-velikiy-blokpost,2025-11-20T14:21:00Z
1,Донбасс,8,"Донбасс - Wiktionary, the free dictionary",https://en.wiktionary.org/wiki/%D0%94%D0%BE%D0%BD%D0%B1%D0%B0%D1%81%D1%81,2025-11-20T14:21:00Z
1,Донбасс,9,"Новости Донбасса - последние события в ДНР, новости Ураины ...",https://ria.ru/location_Donbass/,2025-11-20T14:21:00Z
1,Донбасс,10,Ансамбль песни и танца «Донбасс» | Государственное ...,https://vk.com/ans.donbass,2025-11-20T14:21:00Z
1,Донбасс,11,Почта Донбасса,https://postdonbass.ru/,2025-11-20T14:21:00Z
1,Донбасс,12,ДОНБАСС РЕАЛИИ - YouTube,https://www.youtube.com/playlist?list=PL2LCM5HET2HaWNZZ5dmOtCATMj5dk5fhk,2025-11-20T14:21:00Z
1,Донбасс,13,Что беспокоит Донбасс: озвучены данные инициативы REACH ...,https://www.impact-initiatives.org/fr/what-we-do/in-the-news/%D1%87%D1%82%D0%BE-%D0%B1%D0%B5%D1%81%D0%BF%D0%BE%D0%BA%D0%BE%D0%B8%D1%82-%D0%B4%D0%BE%D0%BD%D0%B1%D0%B0%D1%81%D1%81-%D0%BE%D0%B7%D0%B2%D1%83%D1%87%D0%B5%D0%BD%D1%8B-%D0%B4%D0%B0%D0%BD%D0%BD%D1%8B/,2025-11-20T14:21:00Z
1,Донбасс,14,Выставка «Донбасс» - Исторический музей. Филиал в Туле,https://tula.shm.ru/event/vystavka-donbass/,2025-11-20T14:21:00Z
1,Донбасс,15,Будем жить! Академический ансамбль песни и танца Донбасс ...,https://kzn.kassir.ru/koncert/budem-jit-zaslujennyiy-gosudarstvennyiy-akademicheskiy-ansambl-pesni-i-tantsa-donbass,2025-11-20T14:21:00Z
1,Донбасс,16,"Ростовская и Воронежская области, ДНР и ЛНР заключили ...",https://www.donland.ru/news/24725/,2025-11-20T14:21:00Z
1,Донбасс,17,"Музей ""Донбасс. Возвращение"", ГБОУ Школа № 1164, Москва",https://sch1164.mskobr.ru/proekty/nashi-proekty/muzey-donbass-vozvraschenie,2025-11-20T14:21:00Z
1,Донбасс,18,Донецкий театр оперы и балета: Донбасс Опера,https://donbassopera.ru/,2025-11-20T14:21:00Z
1,Донбасс,19,"""Донбасс Палас"" отель, Донецк | Визитной карточкой Донецка по ...",https://vk.com/donbasspalace_donetsk,2025-11-20T14:21:00Z
1,Донбасс,20,Стадион «Донбасс Арена» (@donbassarena) • Instagram photos ...,https://www.instagram.com/donbassarena/?hl=en,2025-11-20T14:21:00Z
2,Странно,1,"После пяти эпизодов возвращения, почему Купер так странно ...",https://www.reddit.com/r/twinpeaks/comments/xvcxyf/5_episodes_in_to_the_return_why_is_cooper_acting/?tl=ru,2025-11-20T14:21:04Z
2,Странно,2,странный — Викисловарь,https://ru.wiktionary.org/wiki/%D1%81%D1%82%D1%80%D0%B0%D0%BD%D0%BD%D1%8B%D0%B9,2025-11-20T14:21:04Z
2,Странно,3,"Кто-нибудь знает, почему Л так странно держит вещи? : r ...",https://www.reddit.com/r/deathnote/comments/kuu0r7/does_anyone_know_why_l_holds_stuff_so_weird/?tl=ru,2025-11-20T14:21:04Z
2,Странно,4,странно — Викисловарь,https://ru.wiktionary.org/wiki/%D1%81%D1%82%D1%80%D0%B0%D0%BD%D0%BD%D0%BE,2025-11-20T14:21:04Z
2,Странно,5,Почему Билли так странно себя вел на свадьбе?? : r/twilight,https://www.reddit.com/r/twilight/comments/1bw0e7i/why_was_billy_being_weird_at_the_wedding/?tl=ru,2025-11-20T14:21:04Z
2,Странно,6,"Более странно, чем в раю — Википедия","https://ru.wikipedia.org/wiki/%D0%91%D0%BE%D0%BB%D0%B5%D0%B5_%D1%81%D1%82%D1%80%D0%B0%D0%BD%D0%BD%D0%BE,_%D1%87%D0%B5%D0%BC_%D0%B2_%D1%80%D0%B0%D1%8E",2025-11-20T14:21:04Z
2,Странно,7,Моя собака странно себя ведет после стрижки : r/grooming,https://www.reddit.com/r/grooming/comments/1ef4o9a/my_dog_is_acting_weird_after_grooming/?tl=ru,2025-11-20T14:21:04Z
2,Странно,8,Странное поведение мыши Win10\Strange mouse behavior Win10 ...,https://learn.microsoft.com/ru-ru/answers/questions/3770182/win10strange-mouse-behavior-win10,2025-11-20T14:21:04Z
2,Странно,9,Почему моя собака так странно себя ведёт после груминга? : r ...,https://www.reddit.com/r/dogs/comments/puxxqs/why_does_my_dog_act_so_strangely_after_grooming/?tl=ru,2025-11-20T14:21:04Z
2,Странно,10,"Боль. «Странно, а мой дед, декабрист, хотел, чтобы не было ...",https://www.facebook.com/dligach/posts/%D0%B1%D0%BE%D0%BB%D1%8C%D1%81%D1%82%D1%80%D0%B0%D0%BD%D0%BD%D0%BE-%D0%B0-%D0%BC%D0%BE%D0%B9-%D0%B4%D0%B5%D0%B4-%D0%B4%D0%B5%D0%BA%D0%B0%D0%B1%D1%80%D0%B8%D1%81%D1%82-%D1%85%D0%BE%D1%82%D0%B5%D0%BB-%D1%87%D1%82%D0%BE%D0%B1%D1%8B-%D0%BD%D0%B5-%D0%B1%D1%8B%D0%BB%D0%BE-%D0%B1%D0%B5%D0%B4%D0%BD%D1%8B%D1%85-%D0%BE%D1%82%D0%B2%D0%B5%D1%82-%D1%81%D1%82%D0%B0%D1%80%D0%BE%D0%B9-%D0%BF%D0%B5%D1%82%D0%B5%D1%80%D0%B1%D1%83%D1%80/2338446419519700/,2025-11-20T14:21:04Z
2,Странно,11,Странно ли будет идти на стендап-шоу одному? : r/Standup,https://www.reddit.com/r/Standup/comments/tfec4j/would_it_be_weird_going_to_a_comedy_show_alone/?tl=ru,2025-11-20T14:21:04Z
2,Странно,12,странно - Перевод на английский - примеры русский | Reverso ...,https://context.reverso.net/%D0%BF%D0%B5%D1%80%D0%B5%D0%B2%D0%BE%D0%B4/%D1%80%D1%83%D1%81%D1%81%D0%BA%D0%B8%D0%B9-%D0%B0%D0%BD%D0%B3%D0%BB%D0%B8%D0%B9%D1%81%D0%BA%D0%B8%D0%B9/%D1%81%D1%82%D1%80%D0%B0%D0%BD%D0%BD%D0%BE,2025-11-20T14:21:04Z
2,Странно,13,"Сахар, хранящийся в пластиковом контейнере, очень странно ...",https://www.reddit.com/r/Baking/comments/za78i6/sugar_kept_in_plastic_storage_container_smells/?tl=ru,2025-11-20T14:21:04Z
2,Странно,14,Как се пише: странно или страно? – Как се пише?® с Павлина ...,https://kaksepishe.com/stranno/,2025-11-20T14:21:04Z
2,Странно,15,Почему русский язык звучит немного странно при переводе на ...,https://www.reddit.com/r/languagelearning/comments/10fo9o3/why_does_russian_sound_somewhat_bizarre_when/?tl=ru,2025-11-20T14:21:04Z
2,Странно,16,Cинонимы к слову «странно» на TEXT.RU,https://text.ru/synonym/%D1%81%D1%82%D1%80%D0%B0%D0%BD%D0%BD%D0%BE,2025-11-20T14:21:04Z
2,Странно,17,Почему мои соусы/супы с куриным бульоном странно пахнут ...,https://www.reddit.com/r/Cooking/comments/ldz3kn/why_do_my_saucessoups_with_chicken_stock_taste/?tl=ru,2025-11-20T14:21:04Z
2,Странно,18,Странное местечко - YouTube,https://www.youtube.com/@strannoemestechko,2025-11-20T14:21:04Z
2,Странно,19,"Безопасно ли есть странно пахнущую свинину, которая на вкус ...",https://www.reddit.com/r/food/comments/gynh6/safe_to_eat_funny_smelling_pork_that_tastes_normal/?tl=ru,2025-11-20T14:21:04Z
2,Странно,20,Синонимы к слову «странно» (100+ слов),https://sinonim.org/s/%D1%81%D1%82%D1%80%D0%B0%D0%BD%D0%BD%D0%BE,2025-11-20T14:21:04Z
3,Польше,1,Польша — Википедия,https://ru.wikipedia.org/wiki/%D0%9F%D0%BE%D0%BB%D1%8C%D1%88%D0%B0,2025-11-20T14:21:09Z
3,Польше,2,Poland - Wikipedia,https://en.wikipedia.org/wiki/Poland,2025-11-20T14:21:09Z
3,Польше,3,Российские дроны в Польше. Москва испытывает НАТО на ...,https://www.bbc.com/russian/articles/c33r444jx4zo,2025-11-20T14:21:09Z
3,Польше,4,Такси поблизости: Закажите Uber Taxi с телефона | Uber в Польше,https://www.uber.com/pl/ru/ride/ubertaxi/,2025-11-20T14:21:09Z
3,Польше,5,В Польше — диверсии на железной дороге. Спецслужбы ...,https://www.bbc.com/russian/articles/c1j86z13nkno,2025-11-20T14:21:09Z
3,Польше,6,Польша: Города – Рейтинг по переменной Население - Рейтинги ...,https://datacommons.org/ranking/Count_Person/City/country/POL?h=nuts%2FPL514&hl=ru,2025-11-20T14:21:09Z
3,Польше,7,Посольство России в Польше,https://poland.mid.ru/ru/,2025-11-20T14:21:09Z
3,Польше,8,Требования Uber к водителям в Польше,https://www.uber.com/pl/ru/drive/requirements/,2025-11-20T14:21:09Z
3,Польше,9,Гетто в оккупированной Польше | Энциклопедия Холокоста,https://encyclopedia.ushmm.org/content/ru/article/ghettos-in-poland,2025-11-20T14:21:09Z
3,Польше,10,США предоставляют Польше кредитную гарантию в рамках ...,https://www.state.gov/translations/%D1%80%D1%83%D1%81%D1%81%D0%BA%D0%B8%D0%B9/%D1%81%D1%88%D0%B0-%D0%BF%D1%80%D0%B5%D0%B4%D0%BE%D1%81%D1%82%D0%B0%D0%B2%D0%BB%D1%8F%D1%8E%D1%82-%D0%BF%D0%BE%D0%BB%D1%8C%D1%88%D0%B5-%D0%BA%D1%80%D0%B5%D0%B4%D0%B8%D1%82%D0%BD%D1%83%D1%8E-%D0%B3,2025-11-20T14:21:09Z
3,Польше,11,Как пополнить PayPal в Польше - инструкции и тарифы - Wise,https://wise.com/ru/blog/kak-popolnit-paypal-v-polshe,2025-11-20T14:21:09Z
3,Польше,12,Уничтожение евреев Польши | История Холокоста,https://www.yadvashem.org/ru/holocaust/about/fate-of-jews/poland.html,2025-11-20T14:21:09Z
3,Польше,13,Генеральное консульство России в Гданьске,https://gdansk.mid.ru/ru/,2025-11-20T14:21:09Z
3,Польше,14,Карьера художника в Польше : r/gamedev,https://www.reddit.com/r/gamedev/comments/1m6l8l5/career_as_an_artist_in_poland/?tl=ru,2025-11-20T14:21:09Z
3,Польше,15,Консульский отдел,https://warsaw.kdmid.ru/ru/,2025-11-20T14:21:09Z
3,Польше,16,Беспошлинный шоппинг в Польше | Global Blue,https://www.globalblue.com/it/shoppers/how-to-shop-tax-free/destinations/poland,2025-11-20T14:21:09Z
3,Польше,17,ВОЗ помогает властям Польши предоставлять украинским ...,https://news.un.org/ru/story/2023/09/1445087,2025-11-20T14:21:09Z
3,Польше,18,Ministry of Foreign Affairs Republic of Poland - Gov.pl website,https://www.gov.pl/web/diplomacy,2025-11-20T14:21:09Z
3,Польше,19,Лучшие отели Польши - где остановиться в Польше,https://www.booking.com/country/pl.ru.html,2025-11-20T14:21:09Z
3,Польше,20,Приложения в Google Play – Jakdojade: расписание,https://play.google.com/store/apps/details?id=com.citynav.jakdojade.pl.android&hl=ru,2025-11-20T14:21:09Z
4,Турцию,1,Турция — Википедия,https://ru.wikipedia.org/wiki/%D0%A2%D1%83%D1%80%D1%86%D0%B8%D1%8F,2025-11-20T14:21:13Z
4,Турцию,2,Turkey - Wikipedia,https://en.wikipedia.org/wiki/Turkey,2025-11-20T14:21:13Z
4,Турцию,3,Какую симку или eSIM лучше всего взять в Турцию? : r/digitalnomad,https://www.reddit.com/r/digitalnomad/comments/1muq05l/best_sim_or_esim_for_turkey/?tl=ru,2025-11-20T14:21:13Z
4,Турцию,4,Туры в Турцию зимой 2025-2026 - купить путевки с кэшбэком ...,https://www.coral.ru/main/turkey/,2025-11-20T14:21:13Z
4,Турцию,5,Türkiye's cards in the world - Raising the stakes | European Union ...,https://www.iss.europa.eu/publications/chaillot-papers/turkiyes-cards-world-raising-stakes,2025-11-20T14:21:13Z
4,Турцию,6,Рейсы из Вильнюс в Турция | Turkish Airlines,https://www.turkishairlines.com/ru/book-flights-from-vilnius-to-t%C3%BCrkiye,2025-11-20T14:21:13Z
4,Турцию,7,Из аэропорта «Гагарин» открываются регулярные рейсы в Турцию,https://ar-gsv.ru/about/news/iz-aeroporta-gagarin-otkryvayutsya-regulyarnye-reysy-v-turts/,2025-11-20T14:21:13Z
4,Турцию,8,Рейсы из Рига в Турция | Turkish Airlines,https://www.turkishairlines.com/ru/book-flights-from-riga-to-t%C3%BCrkiye,2025-11-20T14:21:13Z
4,Турцию,9,Авиабилеты из Белграда в Турцию | Дешевые билеты на ...,https://www.airserbia.com/ru/%D0%B0%D0%B2%D0%B8%D0%B0%D0%B1%D0%B8%D0%BB%D0%B5%D1%82%D1%8B-%D0%B1%D0%B5%D0%BB%D0%B3%D1%80%D0%B0%D0%B4-%D0%B2-%D1%82%D1%83%D1%80%D1%86%D0%B8%D1%8F,2025-11-20T14:21:13Z
4,Турцию,10,Рейсы из Хельсинки в Турция | Turkish Airlines,https://www.turkishairlines.com/ru/book-flights-from-helsinki-to-t%C3%BCrkiye,2025-11-20T14:21:13Z
4,Турцию,11,О сроке действия загранпаспортов российских граждан при ...,https://istanbul.mid.ru/ru/o_poryadke_vezda_v_turtsiyu/o_sroke_deystviya_zagranpasportov_rossiyskikh_grazhdan_pri_vezde_turtsiyu/,2025-11-20T14:21:13Z
4,Турцию,12,Рейсы из Нью-Йорк в Турция | Turkish Airlines,https://www.turkishairlines.com/ru/book-flights-from-new-york-to-t%C3%BCrkiye,2025-11-20T14:21:13Z
4,Турцию,13,Горящие туры в Турцию • Путевки на отдых в Турции ...,https://tourist.teztour.by/countries/turkey.ru.html,2025-11-20T14:21:13Z
4,Турцию,14,Рейсы из Вена в Турция | Turkish Airlines,https://www.turkishairlines.com/ru/book-flights-from-vienna-to-t%C3%BCrkiye,2025-11-20T14:21:13Z
4,Турцию,15,Туры из СПб в Турцию в 2025 году цены на отдых все включено ...,https://spb.travelata.ru/turkey,2025-11-20T14:21:13Z
4,Турцию,16,Бронируйте рейсы в в Турцию | Turkish Airlines,https://www.turkishairlines.com/ru/book-flights-to-t%C3%BCrkiye,2025-11-20T14:21:13Z
4,Турцию,17,"Вопрос к тем,кто уже полетел на огромном Боинге в Турцию от ...",https://www.facebook.com/groups/eestoturisto/posts/10042272829128447/,2025-11-20T14:21:13Z
4,Турцию,18,"Туры в Турцию из Москвы 2025/2026: цены от 26 499 ₽, все ...",https://level.travel/explore/Moscow-Russia/Turkey,2025-11-20T14:21:13Z
4,Турцию,19,Перевод средств в Турцию из Эстонии | Денежные переводы из ...,https://www.revolut.com/ru-EE/money-transfer/send-money-to-turkey/,2025-11-20T14:21:13Z
4,Турцию,20,Зеленский едет в Турцию для активизации переговоров с РФ ...,https://www.dw.com/ru/zelenskij-edet-v-turciu-dla-aktivizacii-peregovorov-s-rossiej-ob-okoncanii-vojny/a-74786805,2025-11-20T14:21:13Z
5,Соболезную,1,"Как ты отвечаешь, когда люди говорят ""Соболезную""? : r ...",https://www.reddit.com/r/GriefSupport/comments/1094xbv/how_do_you_respond_when_people_say_im_sorry_for/?tl=ru,2025-11-20T14:21:18Z
5,Соболезную,2,соболезную - Перевод на английский - примеры русский ...,https://context.reverso.net/%D0%BF%D0%B5%D1%80%D0%B5%D0%B2%D0%BE%D0%B4/%D1%80%D1%83%D1%81%D1%81%D0%BA%D0%B8%D0%B9-%D0%B0%D0%BD%D0%B3%D0%BB%D0%B8%D0%B9%D1%81%D0%BA%D0%B8%D0%B9/%D1%81%D0%BE%D0%B1%D0%BE%D0%BB%D0%B5%D0%B7%D0%BD%D1%83%D1%8E,2025-11-20T14:21:18Z
5,Соболезную,3,соболезновать — Викисловарь,https://ru.wiktionary.org/wiki/%D1%81%D0%BE%D0%B1%D0%BE%D0%BB%D0%B5%D0%B7%D0%BD%D0%BE%D0%B2%D0%B0%D1%82%D1%8C,2025-11-20T14:21:18Z
5,Соболезную,4,Я соболезную - Перевод на английский - примеры русский ...,https://context.reverso.net/%D0%BF%D0%B5%D1%80%D0%B5%D0%B2%D0%BE%D0%B4/%D1%80%D1%83%D1%81%D1%81%D0%BA%D0%B8%D0%B9-%D0%B0%D0%BD%D0%B3%D0%BB%D0%B8%D0%B9%D1%81%D0%BA%D0%B8%D0%B9/%D0%AF+%D1%81%D0%BE%D0%B1%D0%BE%D0%BB%D0%B5%D0%B7%D0%BD%D1%83%D1%8E,2025-11-20T14:21:18Z
5,Соболезную,5,"В чем разница между ""сочувствую "" и ""соболезную"" ? | HiNative",https://ru.hinative.com/questions/19314791,2025-11-20T14:21:18Z
5,Соболезную,6,Соболезную Вашей Утрате,https://ru.pinterest.com/ideas/%D1%81%D0%BE%D0%B1%D0%BE%D0%BB%D0%B5%D0%B7%D0%BD%D1%83%D1%8E-%D0%B2%D0%B0%D1%88%D0%B5%D0%B9-%D1%83%D1%82%D1%80%D0%B0%D1%82%D0%B5/959261490780/,2025-11-20T14:21:18Z
5,Соболезную,7,@alinasollo Соболезную,https://x.com/NastushaRainbow/status/1990719571880243498,2025-11-20T14:21:18Z
5,Соболезную,8,Идеи на тему «СОБОЛЕЗНУЮ» (13) | светлая память ...,https://ru.pinterest.com/bezmelceval/%D1%81%D0%BE%D0%B1%D0%BE%D0%BB%D0%B5%D0%B7%D0%BD%D1%83%D1%8E/,2025-11-20T14:21:18Z
5,Соболезную,9,"@jankauskas_k Костя, соболезную. Сил и поддерживай маму",https://x.com/djxtrees/status/1386608779584843780,2025-11-20T14:21:18Z
5,Соболезную,10,Есть разница между сочувствием и соболезнованием? - lola_559 ...,https://otvet.mail.ru/question/40272017,2025-11-20T14:21:18Z
5,Соболезную,11,Проснулся? соболезную - АйДаПрикол,https://www.pinterest.com/pin/700028335838960642/,2025-11-20T14:21:18Z
5,Соболезную,12,Соболезную вашей утрате — Википедия,https://ru.wikipedia.org/wiki/%D0%A1%D0%BE%D0%B1%D0%BE%D0%BB%D0%B5%D0%B7%D0%BD%D1%83%D1%8E_%D0%B2%D0%B0%D1%88%D0%B5%D0%B9_%D1%83%D1%82%D1%80%D0%B0%D1%82%D0%B5,2025-11-20T14:21:18Z
5,Соболезную,13,Соболезную...,https://www.eparhia-saratov.ru/Articles/soboleznuyu,2025-11-20T14:21:18Z
5,Соболезную,14,Zemfira - нет слов.. соболезную близким НАСТОЯЩИЙ ...,https://m.facebook.com/zemfiraramazanova/photos/%D0%BD%D0%B5%D1%82-%D1%81%D0%BB%D0%BE%D0%B2%D1%81%D0%BE%D0%B1%D0%BE%D0%BB%D0%B5%D0%B7%D0%BD%D1%83%D1%8E-%D0%B1%D0%BB%D0%B8%D0%B7%D0%BA%D0%B8%D0%BC%D0%BD%D0%B0%D1%81%D1%82%D0%BE%D1%8F%D1%89%D0%B8%D0%B9-%D0%BC%D0%B0%D1%82%D0%B5%D1%80%D0%B8%D0%B0%D0%BB-%D0%BF%D1%80%D0%BE%D0%B8%D0%B7%D0%B2%D0%B5%D0%B4%D1%91%D0%BD-%D0%B8-%D1%80%D0%B0%D1%81%D0%BF%D1%80%D0%BE%D1%81%D1%82%D1%80%D0%B0%D0%BD%D1%91%D0%BD-%D0%B8%D0%BD%D0%BE%D1%81%D1%82%D1%80%D0%B0%D0%BD/978697620288941/,2025-11-20T14:21:18Z
5,Соболезную,15,"Всем привет, как правильно сказать соболезную тебе ( когда кто ...",https://www.facebook.com/groups/1282690175083474/posts/9235070449845367/,2025-11-20T14:21:18Z
5,Соболезную,16,"Соболезную вашей утрате (сериал, 1-2 сезоны, все серии), 2018 ...",https://www.kinopoisk.ru/series/1114060/,2025-11-20T14:21:18Z
5,Соболезную,17,Соболезную Картинки,https://www.pinterest.com/ideas/%D1%81%D0%BE%D0%B1%D0%BE%D0%BB%D0%B5%D0%B7%D0%BD%D1%83%D1%8E-%D0%BA%D0%B0%D1%80%D1%82%D0%B8%D0%BD%D0%BA%D0%B8/898013488891,2025-11-20T14:21:18Z
5,Соболезную,18,«В чем смысл мема «остальным соболезную»?» — Яндекс Кью,https://yandex.ru/q/question/v_chem_smysl_mema_ostalnym_soboleznuiu_328066da/,2025-11-20T14:21:18Z
5,Соболезную,19,"Галина on X: ""@ii_scene Крепись.. Соболезную. https://t.co ...",https://twitter.com/schutina_galina/status/1166436737704443904,2025-11-20T14:21:18Z
5,Соболезную,20,Синонимы к слову «соболезную» (26+ слов),https://sinonim.org/s/%D1%81%D0%BE%D0%B1%D0%BE%D0%BB%D0%B5%D0%B7%D0%BD%D1%83%D1%8E,2025-11-20T14:21:18Z
6,ATACMS,1,ATACMS - Wikipedia,https://en.wikipedia.org/wiki/ATACMS,2025-11-20T14:21:22Z
6,ATACMS,2,ATACMS Advanced Military Rocket Technology | Lockheed Martin,https://www.lockheedmartin.com/en-us/products/army-tactical-missile-system.html,2025-11-20T14:21:22Z
6,ATACMS,3,MGM-140 Army Tactical Missile System (ATACMS) | Missile Threat,https://missilethreat.csis.org/missile/atacms/,2025-11-20T14:21:22Z
6,ATACMS,4,Atacms: What we know about missile system Ukraine could use to ...,https://www.bbc.com/news/articles/cx2nrlq1840o,2025-11-20T14:21:22Z
6,ATACMS,5,"THEN & NOW ATACMS TO PRSM: OUT WITH THE OLD, IN WITH ...",https://www.army.mil/article/278296/then_now_atacms_to_prsm_out_with_the_old_in_with_the_new,2025-11-20T14:21:22Z
6,ATACMS,6,Does anyone else find the M270 Atacms underwhelming? : r/wargame,https://www.reddit.com/r/wargame/comments/4q5yde/does_anyone_else_find_the_m270_atacms/,2025-11-20T14:21:22Z
6,ATACMS,7,Army accelerates PrSM output as ATACMS nears sunset,https://www.defensenews.com/land/2025/10/13/army-accelerates-prsm-output-as-atacms-nears-sunset/,2025-11-20T14:21:22Z
6,ATACMS,8,Russia says Ukraine fired U.S.-made ATACMS missiles at Voronezh ...,https://www.reuters.com/business/aerospace-defense/russia-says-ukraine-fired-us-made-atacms-missiles-voronezh-2025-11-19/,2025-11-20T14:21:22Z
6,ATACMS,9,What Are ATACMS Missiles? The U.S. Weapons That Ukraine Fired ...,https://www.nytimes.com/article/what-are-atacms-missiles-ukraine-russia.html,2025-11-20T14:21:22Z
6,ATACMS,10,"On ATACMS for Ukraine, don't settle for a job half done - Breaking ...",https://breakingdefense.com/2023/11/on-atacms-for-ukraine-dont-settle-for-a-job-half-done/,2025-11-20T14:21:22Z
6,ATACMS,11,Ukraine uses long-range ATACMS against Russia for the first time,https://www.nbcnews.com/news/world/ukraine-uses-long-range-atacms-russia-first-time-rcna148309,2025-11-20T14:21:22Z
6,ATACMS,12,Ukraine fires US-made Atacms missiles into Russia after ban lifted ...,https://www.theguardian.com/world/2024/nov/19/putin-warns-us-over-using-long-range-missiles-by-signing-new-nuclear-doctrine-ukraine,2025-11-20T14:21:22Z
6,ATACMS,13,Ukraine targets Russian airfields with US-supplied ATACMS missile,https://www.iiss.org/online-analysis/missile-dialogue-initiative/2023/10/ukraine-targets-russian-airfields-with-us-supplied-atacms-missile/,2025-11-20T14:21:22Z
6,ATACMS,14,Ukraine fires US-supplied ATACMS missiles on Russia - Newsweek,https://www.newsweek.com/ukraine-atacms-missiles-russia-war-us-weapons-11071269,2025-11-20T14:21:22Z
6,ATACMS,15,Ukraine's ATACMS Strikes on Russia Are Officially Back After ...,https://www.businessinsider.com/ukraine-atacms-russia-strike-again-trump-administration-pentagon-2025-11,2025-11-20T14:21:22Z
6,ATACMS,16,Ukraine strikes Russia with US-made ATACMS missiles—for first ...,https://nypost.com/2025/11/19/world-news/ukraine-strikes-russia-with-us-made-atacms-missilesfor-first-time/,2025-11-20T14:21:22Z
6,ATACMS,17,Russia accuses Ukraine of targeting civilians with ATACMS missiles,https://thehill.com/policy/defense/5612955-russia-accuses-ukraine-atacms-attack/,2025-11-20T14:21:22Z
6,ATACMS,18,What does Biden's decision to allow Ukraine to use longer-range US ...,https://apnews.com/article/ukraine-russia-war-biden-what-are-atacms-missiles-8d8621321af8c673bd42a5693c2ad1f4,2025-11-20T14:21:22Z
6,ATACMS,19,Ukraine Might Finally Get ATACMS. Here's What That Means ...,https://www.longwarjournal.org/archives/2023/09/ukraine-might-finally-get-atacms-heres-what-that-means.php,2025-11-20T14:21:22Z
6,ATACMS,20,"MGM-140 ATACMS - Wikipedia, la enciclopedia libre",https://es.wikipedia.org/wiki/MGM-140_ATACMS,2025-11-20T14:21:22Z
7,Украине,1,Украина — Википедия,https://ru.wikipedia.org/wiki/%D0%A3%D0%BA%D1%80%D0%B0%D0%B8%D0%BD%D0%B0,2025-11-20T14:21:26Z
7,Украине,2,Ukraine - Wikipedia,https://en.wikipedia.org/wiki/Ukraine,2025-11-20T14:21:26Z
7,Украине,3,Фонды «Открытое общество» в Украине - Open Society ...,https://www.opensocietyfoundations.org/newsroom/the-open-society-foundations-in-ukraine/ru,2025-11-20T14:21:26Z
7,Украине,4,Новости Украины сегодня — последние новости и события ...,https://lenta.ru/tags/geo/ukraina/,2025-11-20T14:21:26Z
7,Украине,5,Ukraine | The Guardian,https://www.theguardian.com/world/ukraine,2025-11-20T14:21:26Z
7,Украине,6,Новости Украины - последние события в Украине и мире ...,https://ria.ru/location_Ukraine/,2025-11-20T14:21:26Z
7,Украине,7,Финансовая поддержка Украины Европейским союзом ...,https://commission.europa.eu/topics/eu-solidarity-ukraine/eu-assistance-ukraine/eu-financial-support-ukraine_ru,2025-11-20T14:21:26Z
7,Украине,8,Украина — последние новости сегодня и за 2025 год на iz.ru ...,https://iz.ru/tag/ukraina,2025-11-20T14:21:26Z
7,Украине,9,«Это равносильно капитуляции Украины». Что известно о ...,https://www.bbc.com/russian/articles/cly9mmprdnyo,2025-11-20T14:21:26Z
7,Украине,10,Как война в Украине отражается на разных регионах мира,https://www.imf.org/ru/blogs/articles/2022/03/15/blog-how-war-in-ukraine-is-reverberating-across-worlds-regions-031522,2025-11-20T14:21:26Z
7,Украине,11,Делегация военных США приехала в Киев обсуждать план ...,https://www.bbc.com/russian/articles/cjw9w7x635yo,2025-11-20T14:21:26Z
7,Украине,12,Объявлено о завершении вспышки полиомиелита в Украине ...,https://www.who.int/europe/ru/news/item/21-09-2023-polio-outbreak-in-ukraine-closed-a-success-story-for-public-health-despite-extreme-challenges-of-war,2025-11-20T14:21:26Z
7,Украине,13,«Завершение этой войны не за горами». Почему появились ...,https://www.bbc.com/russian/articles/cx2y9gg6449o,2025-11-20T14:21:26Z
7,Украине,14,Война в Украине и ее последствия для ЕС | EEAS,https://www.eeas.europa.eu/eeas/%D0%B2%D0%BE%D0%B9%D0%BD%D0%B0-%D0%B2-%D1%83%D0%BA%D1%80%D0%B0%D0%B8%D0%BD%D0%B5-%D0%B8-%D0%B5%D0%B5-%D0%BF%D0%BE%D1%81%D0%BB%D0%B5%D0%B4%D1%81%D1%82%D0%B2%D0%B8%D1%8F-%D0%B4%D0%BB%D1%8F-%D0%B5%D1%81_ru,2025-11-20T14:21:26Z
7,Украине,15,"Война в Украине: Трамп одобрил мирный план, втайне ...",https://www.bbc.com/russian/live/cx20p3g3g7wt,2025-11-20T14:21:26Z
7,Украине,16,ООН: мирные жители Украины переживают потери и ...,https://news.un.org/ru/story/2025/07/1466070,2025-11-20T14:21:26Z
7,Украине,17,Доклад ООН об убийствах в Украине в 2014-2016 годах говорит ...,https://www.ohchr.org/ru/press-releases/2016/07/un-report-2014-16-killings-ukraine-highlights-rampant-impunity,2025-11-20T14:21:26Z
7,Украине,18,Независимая международная комиссия ООН по расследованию ...,https://news.un.org/ru/story/2025/05/1464716,2025-11-20T14:21:26Z
7,Украине,19,Отношения между НАТО и Украиной,https://www.nato.int/nato_static_fl2014/assets/pdf/2022/2/pdf/220214-factsheet_NATO-Ukraine_Relations_-1.pdf,2025-11-20T14:21:26Z
7,Украине,20,Посольство Республики Таджикистан в Украине,https://mfa.tj/ru/kiev,2025-11-20T14:21:26Z
8,Zelensky,1,Volodymyr Zelenskyy - Wikipedia,https://en.wikipedia.org/wiki/Volodymyr_Zelenskyy,2025-11-20T14:21:31Z
8,Zelensky,2,Congratulations to @realDonaldTrump on his impressive election ...,https://x.com/ZelenskyyUa/status/1854073411904938032,2025-11-20T14:21:31Z
8,Zelensky,3,Natalie Zelensky | Colby College,https://www.colby.edu/people/people-directory/natalie-zelensky/,2025-11-20T14:21:31Z
8,Zelensky,4,Ukraine: Zelensky visits troops near embattled front line town of ...,https://www.bbc.com/news/articles/c0mxk9yw3n4o,2025-11-20T14:21:31Z
8,Zelensky,5,Ukraine's Zelensky to offer neutrality declaration to Russia for peace ...,https://www.pbs.org/newshour/world/ukraines-zelensky-to-offer-neutrality-declaration-to-russia-for-peace-without-delay,2025-11-20T14:21:31Z
8,Zelensky,6,Zelensky visits Turkey in a bid to 'intensify' peace talks,https://www.bbc.com/news/articles/c620p6jnynko,2025-11-20T14:21:31Z
8,Zelensky,7,Official website of the President of Ukraine,https://www.president.gov.ua/en,2025-11-20T14:21:31Z
8,Zelensky,8,Zelensky to Russia: 'Without gas or without you? Without you' | CNN,https://www.cnn.com/2022/09/12/europe/zelensky-message-kharkiv-russia-ukraine-intl,2025-11-20T14:21:31Z
8,Zelensky,9,Zelensky Under Siege as Corruption Case Shatters Ukraine's ...,https://www.nytimes.com/2025/11/19/world/europe/ukraine-zelensky-corruption.html,2025-11-20T14:21:31Z
8,Zelensky,10,Governor Polis Meets with Ukrainian President Volodymyr Zelenskyy,http://governorsoffice.colorado.gov/governor/news/governor-polis-meets-ukrainian-president-volodymyr-zelenskyy,2025-11-20T14:21:31Z
8,Zelensky,11,Just Like All the Others: The End of the Zelensky Alternative ...,https://www.wilsoncenter.org/blog-post/just-all-others-end-zelensky-alternative,2025-11-20T14:21:31Z
8,Zelensky,12,Zelensky asks Trump to follow Russia sanctions with missiles ...,https://www.axios.com/2025/10/27/zelensky-trump-russia-sanctions-tomahawk-missiles,2025-11-20T14:21:31Z
8,Zelensky,13,The Queen v. Zelensky - SCC Cases,https://decisions.scc-csc.ca/scc-csc/scc-csc/en/item/2599/index.do,2025-11-20T14:21:31Z
8,Zelensky,14,Ukraine election: Comedian Zelensky wins presidency by landslide,https://www.congress.gov/116/meeting/house/110281/documents/HHRG-116-JU00-20191204-SD1085.pdf,2025-11-20T14:21:31Z
8,Zelensky,15,Is Trump's Push for Peace in Ukraine a Fantasy? | Carnegie ...,https://carnegieendowment.org/emissary/2025/08/trump-putin-zelensky-meeting-peace-ukraine-security-guarantee-fantasy?lang=en,2025-11-20T14:21:31Z
8,Zelensky,16,"Davos 2025: Speech by Volodymyr Zelenskyy, Ukraine President ...",https://www.weforum.org/stories/2025/01/davos-2025-special-address-volodymyr-zelenskyy-president-ukraine/,2025-11-20T14:21:31Z
8,Zelensky,17,Three Takeaways from Ukrainian President Volodymyr Zelensky's ...,https://www.ajc.org/news/three-takeaways-from-ukrainian-president-volodymyr-zelenskys-remarks-to-american-jewish,2025-11-20T14:21:31Z
8,Zelensky,18,Five key things to know about Ukraine's presidential election ...,https://www.brookings.edu/articles/five-key-things-to-know-about-ukraines-presidential-election/,2025-11-20T14:21:31Z
8,Zelensky,19,"Meeting Ukrainian President Zelensky in Kyiv, OSCE PA President ...",https://www.oscepa.org/en/news-a-media/press-releases/2025/meeting-ukrainian-president-zelensky-in-kyiv-osce-pa-president-pons-emphasizes-solidarity-and-support,2025-11-20T14:21:31Z
8,Zelensky,20,Meeks Issues Statement on Embarrassing Trump-Zelensky Meeting ...,https://democrats-foreignaffairs.house.gov/2025/2/meeks-issues-statement-on-embarrassing-trump-zelensky-meeting,2025-11-20T14:21:31Z
9,никак,1,JONY - Никак (Премьера клипа) - YouTube,https://www.youtube.com/watch?v=Lg2BJu8NHOU,2025-11-20T14:21:35Z
9,никак,2,"Is there an English equivalent of ""Никак""? And if there is, can it be ...",https://www.reddit.com/r/russian/comments/megq0y/is_there_an_english_equivalent_of_%D0%BD%D0%B8%D0%BA%D0%B0%D0%BA_and_if/,2025-11-20T14:21:35Z
9,никак,3,Никак - YouTube,https://www.youtube.com/watch?v=lNgg02L4MXE,2025-11-20T14:21:35Z
9,никак,4,«Никак» или «ни как»: слитно или раздельно пишется слово по ...,https://www.kp.ru/edu/shkola/nikak-ili-ni-kak-kak-pishetsya/,2025-11-20T14:21:35Z
9,никак,5,Ещё Никак (@ewe_nikak) • Instagram photos and videos,https://www.instagram.com/ewe_nikak/?hl=en,2025-11-20T14:21:35Z
9,никак,6,никак — Викисловарь,https://ru.wiktionary.org/wiki/%D0%BD%D0%B8%D0%BA%D0%B0%D0%BA,2025-11-20T14:21:35Z
9,никак,7,Никак. Как стать успешным художником,https://individuum.ru/books/nikak-kak-stat-uspeshnym-khudozhnikom/,2025-11-20T14:21:35Z
9,никак,8,"Спектакль «Никак не называется, или Бим в поисках Бо ...",https://centrezotov.ru/events/spektakl-nikak-ne-nazyvaetsya-ili-bim-v-poiskah-bo/,2025-11-20T14:21:35Z
9,никак,9,"как-никак - Wiktionary, the free dictionary",https://en.wiktionary.org/wiki/%D0%BA%D0%B0%D0%BA-%D0%BD%D0%B8%D0%BA%D0%B0%D0%BA,2025-11-20T14:21:35Z
9,никак,10,Как-никак|Справочник по пунктуации | Грамота.ру – справочный ...,https://gramota.ru/biblioteka/spravochniki/spravochnik-po-punktuatsii/kak-nikak,2025-11-20T14:21:35Z
9,никак,11,"никак нет - Wiktionary, the free dictionary",https://en.wiktionary.org/wiki/%D0%BD%D0%B8%D0%BA%D0%B0%D0%BA_%D0%BD%D0%B5%D1%82,2025-11-20T14:21:35Z
9,никак,12,Никак - текст и клип песни. Медиатека - каталог текстов песен на ...,https://hitfm.ru/mediateka/832-jony/1240nikak,2025-11-20T14:21:35Z
9,никак,13,никак - Перевод на английский - примеры русский | Reverso Context,https://context.reverso.net/%D0%BF%D0%B5%D1%80%D0%B5%D0%B2%D0%BE%D0%B4/%D1%80%D1%83%D1%81%D1%81%D0%BA%D0%B8%D0%B9-%D0%B0%D0%BD%D0%B3%D0%BB%D0%B8%D0%B9%D1%81%D0%BA%D0%B8%D0%B9/%D0%BD%D0%B8%D0%BA%D0%B0%D0%BA,2025-11-20T14:21:35Z
9,никак,14,Его зовут Никак — Википедия,https://ru.wikipedia.org/wiki/%D0%95%D0%B3%D0%BE_%D0%B7%D0%BE%D0%B2%D1%83%D1%82_%D0%9D%D0%B8%D0%BA%D0%B0%D0%BA,2025-11-20T14:21:35Z
9,никак,15,Jony - Никак - Слушать онлайн. Музыка Mail.Ru,https://my.mail.ru/music/songs/jony-%D0%BD%D0%B8%D0%BA%D0%B0%D0%BA-23ee97afebeb684260c41f7720739f66,2025-11-20T14:21:35Z
9,никак,16,JONY - Никак - скачать песню бесплатно и слушать онлайн,https://sefon.pro/mp3/814756-jony-nikak/,2025-11-20T14:21:35Z
9,никак,17,Взломали аккаунт и я никак не могу его восстановить - Форум ...,https://support.google.com/accounts/thread/383118559/%D0%92%D0%B7%D0%BB%D0%BE%D0%BC%D0%B0%D0%BB%D0%B8-%D0%B0%D0%BA%D0%BA%D0%B0%D1%83%D0%BD%D1%82-%D0%B8-%D1%8F-%D0%BD%D0%B8%D0%BA%D0%B0%D0%BA-%D0%BD%D0%B5-%D0%BC%D0%BE%D0%B3%D1%83-%D0%B5%D0%B3%D0%BE-%D0%B2%D0%BE%D1%81%D1%81%D1%82%D0%B0%D0%BD%D0%BE%D0%B2%D0%B8%D1%82%D1%8C?hl=ru,2025-11-20T14:21:35Z
9,никак,18,"Тот самый грёбаный поцелуй, что никак не идёт из моей головы ...",https://ficbook.net/readfic/12007166,2025-11-20T14:21:35Z
9,никак,19,"Нужно войти в адрес электронной почты, но никак не могу ...",https://support.google.com/mail/thread/387812572/%D0%9D%D1%83%D0%B6%D0%BD%D0%BE-%D0%B2%D0%BE%D0%B9%D1%82%D0%B8-%D0%B2-%D0%B0%D0%B4%D1%80%D0%B5%D1%81-%D1%8D%D0%BB%D0%B5%D0%BA%D1%82%D1%80%D0%BE%D0%BD%D0%BD%D0%BE%D0%B9-%D0%BF%D0%BE%D1%87%D1%82%D1%8B-%D0%BD%D0%BE-%D0%BD%D0%B8%D0%BA%D0%B0%D0%BA-%D0%BD%D0%B5-%D0%BC%D0%BE%D0%B3%D1%83-%D0%B2%D1%81%D0%BF%D0%BE%D0%BC%D0%BD%D0%B8%D1%82%D1%8C-%D0%BD%D0%B0%D0%B7%D0%B2%D0%B0%D0%BD%D0%B8%D0%B5-%D1%80%D0%B5%D0%B3%D0%B8%D1%81%D1%82%D1%80%D0%B8%D1%80%D0%BE%D0%B2%D0%B0%D0%BB%D0%B0%D1%81%D1%8C-%D1%81-%D0%BD%D0%BE%D0%BC%D0%B5%D1%80%D0%B0?hl=ru,2025-11-20T14:21:35Z
9,никак,20,Как пишется слово: «никак» или «некак»? - грамотей.онлайн,https://gramotei.online/how-to-spell/12027,2025-11-20T14:21:35Z
10,Проблема,1,Проблема — Википедия,https://ru.wikipedia.org/wiki/%D0%9F%D1%80%D0%BE%D0%B1%D0%BB%D0%B5%D0%BC%D0%B0,2025-11-20T14:21:39Z
10,Проблема,2,Проблема с сетью в Valorant : r/ValorantTechSupport,https://www.reddit.com/r/ValorantTechSupport/comments/1jh40vs/valorant_network_problem/?tl=ru,2025-11-20T14:21:39Z
10,Проблема,3,Проблема с платежными реквизитами. Обновите платеж ...,https://community.adobe.com/t5/account-payment-plan-discussions/%D0%BF%D1%80%D0%BE%D0%B1%D0%BB%D0%B5%D0%BC%D0%B0-%D1%81-%D0%BF%D0%BB%D0%B0%D1%82%D0%B5%D0%B6%D0%BD%D1%8B%D0%BC%D0%B8-%D1%80%D0%B5%D0%BA%D0%B2%D0%B8%D0%B7%D0%B8%D1%82%D0%B0%D0%BC%D0%B8-%D0%BE%D0%B1%D0%BD%D0%BE%D0%B2%D0%B8%D1%82%D0%B5-%D0%BF%D0%BB%D0%B0%D1%82%D0%B5%D0%B6%D0%BD%D1%83%D1%8E-%D0%B8%D0%BD%D1%84%D0%BE%D1%80%D0%BC%D0%B0%D1%86%D0%B8%D1%8E/td-p/12855265,2025-11-20T14:21:39Z
10,Проблема,4,"Проблема с Microsoft Teams - Извините, у нас возникла ...",https://www.reddit.com/r/sysadmin/comments/tphb9q/microsoft_teams_isse_were_sorry_weve_run_into_an/?tl=ru,2025-11-20T14:21:39Z
10,Проблема,5,Если появляется сообщение о проблеме при оплате ...,https://support.apple.com/ru-ru/118284,2025-11-20T14:21:39Z
10,Проблема,6,проблема — Викисловарь,https://ru.wiktionary.org/wiki/%D0%BF%D1%80%D0%BE%D0%B1%D0%BB%D0%B5%D0%BC%D0%B0,2025-11-20T14:21:39Z
10,Проблема,7,Что такое «Ошибка XY»? - Stack Overflow на русском Meta,https://ru.meta.stackoverflow.com/questions/709/%D0%A7%D1%82%D0%BE-%D1%82%D0%B0%D0%BA%D0%BE%D0%B5-%D0%9E%D1%88%D0%B8%D0%B1%D0%BA%D0%B0-xy,2025-11-20T14:21:39Z
10,Проблема,8,Проблемы с выставлением счетов/учетной записью | Los ...,https://www.ladwp.com/ru/billingaccount-issues,2025-11-20T14:21:39Z
10,Проблема,9,Проблемы репродукции - О журнале,https://www.mediasphera.ru/journal/problemy-reproduktsii,2025-11-20T14:21:39Z
10,Проблема,10,Вовлечение населения в решение проблемы этиленоксида (ЭО ...,https://www.epa.gov/hazardous-air-pollutants-ethylene-oxide/vovlechenie-naseleniya-v-reshenie-problemy-etilenoksida-eo,2025-11-20T14:21:39Z
10,Проблема,11,Известные проблемы - Cправка - Chrome Enterprise and Education,https://support.google.com/chrome/a/answer/9813310?hl=RU,2025-11-20T14:21:39Z
10,Проблема,12,Архивы,https://www.probl-endojournals.ru/jour/issue/archive,2025-11-20T14:21:39Z
10,Проблема,13,Как устранить проблемы с синхронизацией аккаунта - Cправка ...,https://support.google.com/android/answer/9455149?hl=ru,2025-11-20T14:21:39Z
10,Проблема,14,Проблемы со входом в Dropbox через Apple — Справка Dropbox,https://help.dropbox.com/ru-ru/account-access/apple-sign-in-error,2025-11-20T14:21:39Z
10,Проблема,15,Система управления поддержкой налогоплательщиков ...,https://www.irs.gov/ru/advocate/systemic-advocacy-management-system-sams,2025-11-20T14:21:39Z
10,Проблема,16,Проблема со входом в альбион онлайн - Технический раздел ...,https://forum.albiononline.com/index.php/Thread/212913-%D0%9F%D1%80%D0%BE%D0%B1%D0%BB%D0%B5%D0%BC%D0%B0-%D1%81%D0%BE-%D0%B2%D1%85%D0%BE%D0%B4%D0%BE%D0%BC-%D0%B2-%D0%B0%D0%BB%D1%8C%D0%B1%D0%B8%D0%BE%D0%BD-%D0%BE%D0%BD%D0%BB%D0%B0%D0%B9%D0%BD/,2025-11-20T14:21:39Z
10,Проблема,17,Наш город Москва,https://gorod.mos.ru/,2025-11-20T14:21:39Z
10,Проблема,18,Возникла проблема с запуском устройства USB - Microsoft Q&A,https://learn.microsoft.com/ru-ru/answers/questions/3964986/usb,2025-11-20T14:21:39Z
10,Проблема,19,Устранение проблем с подключением к Wi-Fi в Windows - Служба ...,https://support.microsoft.com/ru-ru/windows/%D1%83%D1%81%D1%82%D1%80%D0%B0%D0%BD%D0%B5%D0%BD%D0%B8%D0%B5-%D0%BF%D1%80%D0%BE%D0%B1%D0%BB%D0%B5%D0%BC-%D1%81-%D0%BF%D0%BE%D0%B4%D0%BA%D0%BB%D1%8E%D1%87%D0%B5%D0%BD%D0%B8%D0%B5%D0%BC-%D0%BA-wi-fi-%D0%B2-windows-9424a1f7-6a3b-65a6-4d78-7f07eee84d2c,2025-11-20T14:21:39Z
10,Проблема,20,Искусственный интеллект создает экологические проблемы. Что ...,https://www.unep.org/ru/novosti-i-istorii/istoriya/iskusstvennyy-intellekt-sozdaet-ekologicheskie-problemy-chto-my-mozhem,2025-11-20T14:21:39Z
11,Украиной,1,Украина — Википедия,https://ru.wikipedia.org/wiki/%D0%A3%D0%BA%D1%80%D0%B0%D0%B8%D0%BD%D0%B0,2025-11-20T14:21:44Z
11,Украиной,2,Двустороннее соглашение о безопасности между США и Украиной,https://ru.usembassy.gov/ru/u-s-ukraine-bilateral-security-agreement-ru/,2025-11-20T14:21:44Z
11,Украиной,3,Outcomes of the United States and Ukraine Expert Groups On the ...,https://www.whitehouse.gov/briefings-statements/2025/03/outcomes-of-the-united-states-and-ukraine-expert-groups-on-the-black-sea/,2025-11-20T14:21:44Z
11,Украиной,4,Отношения между НАТО и Украиной,https://www.nato.int/nato_static_fl2014/assets/pdf/2022/2/pdf/220214-factsheet_NATO-Ukraine_Relations_-1.pdf,2025-11-20T14:21:44Z
11,Украиной,5,Война в Украине: позиция Франции - Франция в Таджикистане,https://tj.ambafrance.org/-Vojna-v-Ukraine-poziciya-Francii-39-,2025-11-20T14:21:44Z
11,Украиной,6,Ukraine | The Guardian,https://www.theguardian.com/world/ukraine,2025-11-20T14:21:44Z
11,Украиной,7,Солидарность ЕС с Украиной - Европейская комиссия,https://commission.europa.eu/topics/eu-solidarity-ukraine_ru,2025-11-20T14:21:44Z
11,Украиной,8,Ukraine - Wikipedia,https://en.wikipedia.org/wiki/Ukraine,2025-11-20T14:21:44Z
11,Украиной,9,"Война в Украине: Трамп одобрил мирный план, втайне ...",https://www.bbc.com/russian/live/cx20p3g3g7wt,2025-11-20T14:21:44Z
11,Украиной,10,Фонды «Открытое общество» в Украине - Open Society ...,https://www.opensocietyfoundations.org/newsroom/the-open-society-foundations-in-ukraine/ru,2025-11-20T14:21:44Z
11,Украиной,11,Соглашение об ассоциации между ЕС и Украиной вступило в ...,https://www.eeas.europa.eu/node/31557_ru,2025-11-20T14:21:44Z
11,Украиной,12,Украина — последние новости сегодня и за 2025 год на iz.ru ...,https://iz.ru/tag/ukraina,2025-11-20T14:21:44Z
11,Украиной,13,Генассамблея приняла две резолюции по Украине с ...,https://news.un.org/ru/story/2025/02/1461601,2025-11-20T14:21:44Z
11,Украиной,14,Как война в Украине отражается на разных регионах мира,https://www.imf.org/ru/blogs/articles/2022/03/15/blog-how-war-in-ukraine-is-reverberating-across-worlds-regions-031522,2025-11-20T14:21:44Z
11,Украиной,15,О нарушении Украиной международных обязательств,https://kazan.mid.ru/ru/press-centre/news/o_narushenii_ukrainoy_mezhdunarodnykh_obyazatelstv/,2025-11-20T14:21:44Z
11,Украиной,16,ДОГОВОР МЕЖДУ РОССИЙСКОЙ ФЕДЕРАЦИЕЙ И УКРАИНОЙ ...,https://www.mid.ru/ru/foreign_policy/international_contracts/international_contracts/2_contract/46278/,2025-11-20T14:21:44Z
11,Украиной,17,В Совбезе ООН прошло заседание по Украине | Новости ООН,https://news.un.org/ru/story/2025/07/1466114,2025-11-20T14:21:44Z
11,Украиной,18,Это билет в будущее: истории молодых мужчин из Украины в ...,https://www.dw.com/ru/eto-bilet-v-budusee-istorii-molodyh-muzcin-iz-ukrainy-v-frg/a-74530046,2025-11-20T14:21:44Z
11,Украиной,19,В США сообщили о согласовании рамок мира на Украине уже на ...,https://www.rbc.ru/politics/19/11/2025/691dad599a794711eff71207,2025-11-20T14:21:44Z
11,Украиной,20,Новости Украины - последние события в Украине и мире ...,https://ria.ru/location_Ukraine/,2025-11-20T14:21:44Z
12,ВС России,1,Вооружённые силы Российской Федерации — Википедия,https://ru.wikipedia.org/wiki/%D0%92%D0%BE%D0%BE%D1%80%D1%83%D0%B6%D1%91%D0%BD%D0%BD%D1%8B%D0%B5_%D1%81%D0%B8%D0%BB%D1%8B_%D0%A0%D0%BE%D1%81%D1%81%D0%B8%D0%B9%D1%81%D0%BA%D0%BE%D0%B9_%D0%A4%D0%B5%D0%B4%D0%B5%D1%80%D0%B0%D1%86%D0%B8%D0%B8,2025-11-20T14:21:48Z
12,ВС России,2,Минобороны России,https://mil.ru/,2025-11-20T14:21:48Z
12,ВС России,3,Верховный Суд РФ,http://vsrf.ru/,2025-11-20T14:21:48Z
12,ВС России,4,Профсоюз ВС России,https://psvsrf.ru/,2025-11-20T14:21:48Z
12,ВС России,5,ВООРУЖЁННЫЕ СИЛЫ РОССИЙСКОЙ ФЕДЕРАЦИИ - Термины ...,https://mchs.gov.ru/ministerstvo/o-ministerstve/terminy-mchs-rossii/term/3261,2025-11-20T14:21:48Z
12,ВС России,6,"Главный храм ВС РФ и музей ВОВ ""Дорога памяти"" - парк Патриот",https://parkpatriot.ru/obekty/glavnyy-khram-vooruzhennykh-sil-rossiyskoy-federatsii-/,2025-11-20T14:21:48Z
12,ВС России,7,Вооруженные силы РФ - последние новости сегодня - РИА ...,https://ria.ru/organization_Vooruzhennye_sily_RF/,2025-11-20T14:21:48Z
12,ВС России,8,Профсоюз ВС РФ г. Саратов: Новости,http://www.okpsar.ru/,2025-11-20T14:21:48Z
12,ВС России,9,ТОиР ВС в России,https://www.mrorussia.ru/,2025-11-20T14:21:48Z
12,ВС России,10,Центральный музей Вооруженных Сил Российской Федерации,http://www.cmaf.ru/,2025-11-20T14:21:48Z
12,ВС России,11,Главный храм Вооруженных Сил Российской Федерации ...,https://ghvs.ru/,2025-11-20T14:21:48Z
12,ВС России,12,В Военной академии Генштаба ВС России начались Курсы ОДКБ,https://odkb-csto.org/news/news_odkb/v-voennoy-akademii-genshtaba-vs-rossii-nachalis-kursy-odkb/,2025-11-20T14:21:48Z
12,ВС России,13,«Музейно-храмовый комплекс Вооруженных Сил Российской ...,https://xn--b1apfwr.xn--p1ai/,2025-11-20T14:21:48Z
12,ВС России,14,В Военной академии Генштаба ВС России проведены Курсы ОДКБ,https://odkb-csto.org/news/news_odkb/v-voennoy-akademii-genshtaba-vs-rossii-provedeny-kursy-odkb/,2025-11-20T14:21:48Z
12,ВС России,15,Интернет-магазин «Военторг»,https://armrus.ru/,2025-11-20T14:21:48Z
12,ВС России,16,В Военной Академии Генштаба ВС России завершились курсы ...,https://odkb-csto.org/news/news_odkb/v-voennoy-akademii-genshtaba-vs-rossii-zavershilis-kursy-podgotovki-kadrov-dlya-oboronnykh-vedomstv-/,2025-11-20T14:21:48Z
12,ВС России,17,Светодиодный фонарь АРМИЯ РОССИИ PA-702 Шмель ...,http://www.eraworld.ru/catalog/105798,2025-11-20T14:21:48Z
12,ВС России,18,Военная академия Генерального штаба Вооруженных Сил ...,https://vagsh.mil.ru/,2025-11-20T14:21:48Z
12,ВС России,19,Музейный комплекс «Дорога Памяти»,https://1418museum.ru/,2025-11-20T14:21:48Z
12,ВС России,20,ВС России начали штурм Северска: Украина: Бывший СССР ...,https://lenta.ru/news/2025/11/18/vs-rossii-nachali-shturm-severska/,2025-11-20T14:21:48Z
13,GM GM,1,General Motors: Iconic Vehicles for Every Drive,https://www.gm.com/,2025-11-20T14:21:53Z
13,GM GM,2,RGMGM-79 GM/GM | The Gundam Wiki | Fandom,https://gundam.fandom.com/wiki/RGMGM-79_GM/GM,2025-11-20T14:21:53Z
13,GM GM,3,General Motors Careers: GM Jobs,https://search-careers.gm.com/en/,2025-11-20T14:21:53Z
13,GM GM,4,Military Appreciation | GM Vehicle Purchase Program,https://www.gmmilitaryappreciation.com/,2025-11-20T14:21:53Z
13,GM GM,5,HGBF GM/GM – Gundam Planet,https://www.gundamplanet.com/products/hgbf-gm-gm,2025-11-20T14:21:53Z
13,GM GM,6,"Experience GM: Shopping, Support & Services",https://experience.gm.com/,2025-11-20T14:21:53Z
13,GM GM,7,Family First | GM Vehicle Purchase Program,https://www.gmfamilyfirst.com/,2025-11-20T14:21:53Z
13,GM GM,8,"GM Financial: Auto Loans, Leases & Vehicle Financing Solutions",https://www.gmfinancial.com/en-us/home.html,2025-11-20T14:21:53Z
13,GM GM,9,Bandai HGBF 059 GM/GM - Newtype,https://newtype.us/p/bKjYhln5EipSqEY0E6z0/h/hgbf-059-gm-gm,2025-11-20T14:21:53Z
13,GM GM,10,gm__golf - YouTube,https://www.youtube.com/channel/UClljAz6ZKy0XeViKsohdjqA,2025-11-20T14:21:53Z
13,GM GM,11,MyAccount Login | GM Financial,https://www.gmfinancial.com/en-us/myaccount/login.html,2025-11-20T14:21:53Z
13,GM GM,12,GM Energy | All-Electric Solutions for Your Home,https://gmenergy.gm.com/,2025-11-20T14:21:53Z
13,GM GM,13,"GM Collin: Clinically Proven, Professional-Grade Skincare",https://www.gmcollin.com/,2025-11-20T14:21:53Z
13,GM GM,14,GM Defense: Driving the Future of Military Mobility | GM Defense L.L.C.,https://www.gmdefensellc.com/content/site/us/en/gm-defense/home.html,2025-11-20T14:21:53Z
13,GM GM,15,ACDelco: OEM & Aftermarket Auto Parts | Genuine GM Parts,https://www.gmparts.com/,2025-11-20T14:21:53Z
13,GM GM,16,HGBF 1/144 GM/GM Plastic Model from Gundam ... - Amazon.com,https://www.amazon.com/Plastic-Model-Gundam-Build-Fighters/dp/B07RK3J7LF,2025-11-20T14:21:53Z
13,GM GM,17,HGBF RGMGM-79 GM/GM | Gunpla Wiki | Fandom,https://gunpla.fandom.com/wiki/HGBF_RGMGM-79_GM/GM,2025-11-20T14:21:53Z
13,GM GM,18,Mills Auto | New and Pre-Owned Buick and GMC Dealer in Baxter,https://www.millsgmcbaxter.com/,2025-11-20T14:21:53Z
13,GM GM,19,What separates a GM from a Super GM? : r/chess,https://www.reddit.com/r/chess/comments/8rpj5z/what_separates_a_gm_from_a_super_gm/,2025-11-20T14:21:53Z
13,GM GM,20,GM's path to the future gets an AI infusion from NVIDIA,https://news.gm.com/home.detail.html/Pages/topic/us/en/2025/mar/0318-nvidia-richardson.html,2025-11-20T14:21:53Z
14,Аналогично,1,аналогично — Викисловарь,https://ru.wiktionary.org/wiki/%D0%B0%D0%BD%D0%B0%D0%BB%D0%BE%D0%B3%D0%B8%D1%87%D0%BD%D0%BE,2025-11-20T14:21:57Z
14,Аналогично,2,Есть ли способ сместить обводку/контур в InDesign (аналогично ...,https://www.reddit.com/r/indesign/comments/x3po88/is_there_a_way_to_offset_strokespath_in_indesign/?tl=ru,2025-11-20T14:21:57Z
14,Аналогично,3,аналогично - Translation into English - examples Russian | Reverso ...,https://context.reverso.net/translation/russian-english/%D0%B0%D0%BD%D0%B0%D0%BB%D0%BE%D0%B3%D0%B8%D1%87%D0%BD%D0%BE,2025-11-20T14:21:57Z
14,Аналогично,4,Cинонимы к слову «аналогично» на TEXT.RU,https://text.ru/synonym/%D0%B0%D0%BD%D0%B0%D0%BB%D0%BE%D0%B3%D0%B8%D1%87%D0%BD%D0%BE,2025-11-20T14:21:57Z
14,Аналогично,5,аналогично | это... Что такое аналогично?,https://punktuaciya.academic.ru/40/%D0%B0%D0%BD%D0%B0%D0%BB%D0%BE%D0%B3%D0%B8%D1%87%D0%BD%D0%BE,2025-11-20T14:21:57Z
14,Аналогично,6,Аналогично|Справочник по пунктуации | Грамота.ру ...,https://gramota.ru/biblioteka/spravochniki/spravochnik-po-punktuatsii/analogichno,2025-11-20T14:21:57Z
14,Аналогично,7,Как правильно пишется слово АНАЛОГИЧНО. Правописание ...,https://kartaslov.ru/%D0%BA%D0%B0%D0%BA-%D0%BF%D1%80%D0%B0%D0%B2%D0%B8%D0%BB%D1%8C%D0%BD%D0%BE-%D0%BF%D0%B8%D1%88%D0%B5%D1%82%D1%81%D1%8F-%D1%81%D0%BB%D0%BE%D0%B2%D0%BE/%D0%B0%D0%BD%D0%B0%D0%BB%D0%BE%D0%B3%D0%B8%D1%87%D0%BD%D0%BE,2025-11-20T14:21:57Z
14,Аналогично,8,"Покажите мне примеры предложений с ""Аналогично кому ...",https://ru.hinative.com/questions/23214921,2025-11-20T14:21:57Z
14,Аналогично,9,Предложения со словом АНАЛОГИЧНО,https://kartaslov.ru/%D0%BF%D1%80%D0%B5%D0%B4%D0%BB%D0%BE%D0%B6%D0%B5%D0%BD%D0%B8%D1%8F-%D1%81%D0%BE-%D1%81%D0%BB%D0%BE%D0%B2%D0%BE%D0%BC/%D0%B0%D0%BD%D0%B0%D0%BB%D0%BE%D0%B3%D0%B8%D1%87%D0%BD%D0%BE,2025-11-20T14:21:57Z
14,Аналогично,10,Синонимы к слову «аналогично» (66+ слов),https://sinonim.org/s/%D0%B0%D0%BD%D0%B0%D0%BB%D0%BE%D0%B3%D0%B8%D1%87%D0%BD%D0%BE,2025-11-20T14:21:57Z
14,Аналогично,11,Напольный газовый котел Конорд АОГВК-17.4-1ТGV ...,https://pro-komfort.com/kotly-otopleniia/napolnye-gazovye/napolnyy-gazovyy-kotel-konord-aogvk-17-4-1tgv-podklyuchenie-analogichno-aogv-rostovgazapparat/,2025-11-20T14:21:57Z
14,Аналогично,12,аналогично | Синонимы и аналогии для аналогично - русский ...,https://synonyms.reverso.net/%D1%81%D0%B8%D0%BD%D0%BE%D0%BD%D0%B8%D0%BC%D1%8B/ru/%D0%B0%D0%BD%D0%B0%D0%BB%D0%BE%D0%B3%D0%B8%D1%87%D0%BD%D0%BE,2025-11-20T14:21:57Z
14,Аналогично,13,What does аналогично (analogichno) mean in Russian?,https://www.wordhippo.com/what-is/the-meaning-of/russian-word-9f858084b3ba698e8ca1d3c4d29ffbfb2420b3a2.html,2025-11-20T14:21:57Z
14,Аналогично,14,Антонимы к слову «аналогично» – словарь антонимов,https://sinonim.org/a/%D0%B0%D0%BD%D0%B0%D0%BB%D0%BE%D0%B3%D0%B8%D1%87%D0%BD%D0%BE,2025-11-20T14:21:57Z
14,Аналогично,15,аналогично – перевод на казахский с русского | PROMT.One ...,https://www.translate.ru/%D0%BF%D0%B5%D1%80%D0%B5%D0%B2%D0%BE%D0%B4/%D1%80%D1%83%D1%81%D1%81%D0%BA%D0%B8%D0%B9-%D0%BA%D0%B0%D0%B7%D0%B0%D1%85%D1%81%D0%BA%D0%B8%D0%B9/%D0%B0%D0%BD%D0%B0%D0%BB%D0%BE%D0%B3%D0%B8%D1%87%D0%BD%D0%BE,2025-11-20T14:21:57Z
14,Аналогично,16,Рифма к слову аналогично,https://rifme.net/r/%D0%B0%D0%BD%D0%B0%D0%BB%D0%BE%D0%B3%D0%B8%D1%87%D0%BD%D0%BE/1,2025-11-20T14:21:57Z
14,Аналогично,17,аналогично – контексты и примеры употребления в русском c ...,https://www.translate.ru/%D0%BA%D0%BE%D0%BD%D1%82%D0%B5%D0%BA%D1%81%D1%82%D1%8B/%D1%80%D1%83%D1%81%D1%81%D0%BA%D0%B8%D0%B9-%D0%B8%D1%81%D0%BF%D0%B0%D0%BD%D1%81%D0%BA%D0%B8%D0%B9/%D0%B0%D0%BD%D0%B0%D0%BB%D0%BE%D0%B3%D0%B8%D1%87%D0%BD%D0%BE,2025-11-20T14:21:57Z
14,Аналогично,18,"Что значит слово ""аналогично""??? - nataliia_razgon | Ответы Mail",https://otvet.mail.ru/question/29116476,2025-11-20T14:21:57Z
14,Аналогично,19,"Как набрать в Excel знак ""аналогично""?",https://www.planetaexcel.ru/forum/?PAGE_NAME=read&FID=8&TID=928,2025-11-20T14:21:57Z
14,Аналогично,20,аналогично по-белорусски — перевод с русского на белорусский,https://www.skarnik.by/rusbel/1692,2025-11-20T14:21:57Z
15,Лучший,1,Вклад «Лучший %»,https://www.sberbank.com/ru/person/contributions/deposits/luchshiy_procent,2025-11-20T14:22:01Z
15,Лучший,2,Вклады СберБанка — открыть вклад для физических лиц с ...,https://www.sberbank.ru/ru/person/contributions/deposits/vklad,2025-11-20T14:22:01Z
15,Лучший,3,"лучший - Wiktionary, the free dictionary",https://en.wiktionary.org/wiki/%D0%BB%D1%83%D1%87%D1%88%D0%B8%D0%B9,2025-11-20T14:22:01Z
15,Лучший,4,Лучшие герои? : r/btd6,https://www.reddit.com/r/btd6/comments/1cbv3q9/best_heroes/?tl=ru,2025-11-20T14:22:01Z
15,Лучший,5,Лучший дом. Лучший двор,https://moydom.er.ru/,2025-11-20T14:22:01Z
15,Лучший,6,"Какие сезоны в ""Адской кухне"" самые лучшие? : r/HellsKitchen",https://www.reddit.com/r/HellsKitchen/comments/1j2hhzf/which_are_the_best_seasons_in_hells_kitchen/?tl=ru,2025-11-20T14:22:01Z
15,Лучший,7,Как работает функция «Лучшие друзья» в Snapchat? – Служба ...,https://help.snapchat.com/hc/ru/articles/7012344894356-%D0%9A%D0%B0%D0%BA-%D1%80%D0%B0%D0%B1%D0%BE%D1%82%D0%B0%D0%B5%D1%82-%D1%84%D1%83%D0%BD%D0%BA%D1%86%D0%B8%D1%8F-%D0%9B%D1%83%D1%87%D1%88%D0%B8%D0%B5-%D0%B4%D1%80%D1%83%D0%B7%D1%8C%D1%8F-%D0%B2-Snapchat,2025-11-20T14:22:01Z
15,Лучший,8,Я живу и дышу EXCEL на ПК. Какой самый ЛУЧШИЙ шрифт для ...,https://www.reddit.com/r/typography/comments/12c693a/i_live_and_breathe_excel_on_a_pc_what_is_the_best/?tl=ru,2025-11-20T14:22:01Z
15,Лучший,9,"Звание ""Лучший муниципальный служащий в Ростовской области""",https://www.donland.ru/activity/651/,2025-11-20T14:22:01Z
15,Лучший,10,Лучшая комбинация Пантеона : r/CookieClicker,https://www.reddit.com/r/CookieClicker/comments/175lzwz/best_pantheon_combo/?tl=ru,2025-11-20T14:22:01Z
15,Лучший,11,Республиканский конкурс «Лучший государственный ...,https://gossluzhba.tatarstan.ru/r_konkurs.htm,2025-11-20T14:22:01Z
15,Лучший,12,Лучший факультет в Hogwarts Legacy? : r/HarryPotterGame,https://www.reddit.com/r/HarryPotterGame/comments/114n8bh/best_house_in_hogwarts_legacy/?tl=ru,2025-11-20T14:22:01Z
15,Лучший,13,Лучший молодежный проект Санкт‑Петербурга - Официальный ...,https://www.gov.spb.ru/gov/otrasl/kpmp/molpremii/lmp/,2025-11-20T14:22:01Z
15,Лучший,14,"Какой, по вашему мнению, лучший и худший сезон ""Ходячих ...",https://www.reddit.com/r/thewalkingdead/comments/1iu05rc/what_is_the_best_and_worst_season_of_the_walking/?tl=ru,2025-11-20T14:22:01Z
15,Лучший,15,лучший — Викисловарь,https://ru.wiktionary.org/wiki/%D0%BB%D1%83%D1%87%D1%88%D0%B8%D0%B9,2025-11-20T14:22:01Z
15,Лучший,16,Лучшие настройки эквалайзера на Spotify?? : r/spotify,https://www.reddit.com/r/spotify/comments/16oj74w/the_best_settings_for_equaliser_on_spotify/?tl=ru,2025-11-20T14:22:01Z
15,Лучший,17,‎Лучшее Радио Израиль App - App Store,https://apps.apple.com/us/app/%D0%BB%D1%83%D1%87%D1%88%D0%B5%D0%B5-%D1%80%D0%B0%D0%B4%D0%B8%D0%BE-%D0%B8%D0%B7%D1%80%D0%B0%D0%B8%D0%BB%D1%8C/id6504112140,2025-11-20T14:22:01Z
15,Лучший,18,Самый лучший способ фармить изумруды? : r/Minecraft,https://www.reddit.com/r/Minecraft/comments/nz0sln/best_way_to_farm_emeralds/?tl=ru,2025-11-20T14:22:01Z
15,Лучший,19,250 лучших фильмов — Кинопоиск,https://www.kinopoisk.ru/lists/movies/top250/,2025-11-20T14:22:01Z
15,Лучший,20,Лучший класс в Bloodborne : r/bloodborne,https://www.reddit.com/r/bloodborne/comments/123symb/best_origin_in_bloodborne/?tl=ru,2025-11-20T14:22:01Z
16,Сочи,1,Sochi - Wikipedia,https://en.wikipedia.org/wiki/Sochi,2025-11-20T14:22:06Z
16,Сочи,2,Сочи — Википедия,https://ru.wikipedia.org/wiki/%D0%A1%D0%BE%D1%87%D0%B8,2025-11-20T14:22:06Z
16,Сочи,3,ФК Сочи: Официальный сайт футбольного клуба «Cочи»,https://pfcsochi.ru/,2025-11-20T14:22:06Z
16,Сочи,4,"Sochi 2014 Winter Olympics - Athletes, Medals & Results",https://www.olympics.com/en/olympic-games/sochi-2014,2025-11-20T14:22:06Z
16,Сочи,5,"Sochi | Russia, Map, History, & Facts | Britannica",https://www.britannica.com/place/Sochi,2025-11-20T14:22:06Z
16,Сочи,6,Sochi 2014 Cross Country Skiing - Olympic Results by Discipline,https://www.olympics.com/en/olympic-games/sochi-2014/results/cross-country-skiing,2025-11-20T14:22:06Z
16,Сочи,7,ХК Сочи - официальный сайт,https://www.hcsochi.ru/,2025-11-20T14:22:06Z
16,Сочи,8,Sochi 2014,https://www.paralympic.org/sochi-2014,2025-11-20T14:22:06Z
16,Сочи,9,Russian Grand Prix 2021 - F1 Race,https://www.formula1.com/en/racing/2021/russia,2025-11-20T14:22:06Z
16,Сочи,10,Arshile Gorky. Garden in Sochi. 1941 | MoMA,https://www.moma.org/collection/works/79474,2025-11-20T14:22:06Z
16,Сочи,11,Sochi - Wikitravel,https://wikitravel.org/en/Sochi,2025-11-20T14:22:06Z
16,Сочи,12,Сириус Автодром (Сочи),https://siriusautodrom.ru/,2025-11-20T14:22:06Z
16,Сочи,13,Find Cheap Flights from Sochi - Google Flights,https://www.google.com/travel/flights/flights-from-sochi.html,2025-11-20T14:22:06Z
16,Сочи,14,"Sochi, Russia: All You Must Know Before You Go (2025) - Tripadvisor",https://www.tripadvisor.com/Tourism-g298536-Sochi_Greater_Sochi_Krasnodar_Krai_Southern_District-Vacations.html,2025-11-20T14:22:06Z
16,Сочи,15,Find Cheap Flights to Sochi - Google Flights,https://www.google.com/travel/flights/flights-to-sochi.html,2025-11-20T14:22:06Z
16,Сочи,16,Book Flights to Sochi | Turkish Airlines ®,https://www.turkishairlines.com/en-us/flights/flights-to-sochi/,2025-11-20T14:22:06Z
16,Сочи,17,The Sochi Project - The Summer Capital,https://www.thesochiproject.org/en/chapters/the-summer-capital/,2025-11-20T14:22:06Z
16,Сочи,18,About SSU,https://en.sutr.ru/,2025-11-20T14:22:06Z
16,Сочи,19,"Book a hotel in Sochi, Russia | Radisson Hotels",https://www.radissonhotels.com/en-us/destination/russian-federation/sochi,2025-11-20T14:22:06Z
16,Сочи,20,Сочи Парк – официальный сайт: головокружительные ...,https://www.sochipark.ru/,2025-11-20T14:22:06Z
17,Яндекса,1,Яндекс — быстрый поиск в интернете,https://ya.ru/,2025-11-20T14:22:10Z
17,Яндекса,2,‎Yandex with Alice App - App Store,https://apps.apple.com/us/app/yandex-with-alice/id1050704155,2025-11-20T14:22:10Z
17,Яндекса,3,Яндекс — с Алисой AI - Apps on Google Play,https://play.google.com/store/apps/details?id=com.yandex.searchapp&hl=en_US,2025-11-20T14:22:10Z
17,Яндекса,4,Yandex — fast Internet search,https://yandex.com/,2025-11-20T14:22:10Z
17,Яндекса,5,«Помощь рядом» — Социальный проект Яндекса,https://help.yandex.ru/,2025-11-20T14:22:10Z
17,Яндекса,6,"Yandex 360 Mail — free email: registration, login, mailbox creation",https://360.yandex.com/mail/,2025-11-20T14:22:10Z
17,Яндекса,7,Yandex Translate,https://translate.yandex.com/en/translator/English-Russian,2025-11-20T14:22:10Z
17,Яндекса,8,Яндекс — быстрый поиск в интернете,https://yandex.kz/,2025-11-20T14:22:10Z
17,Яндекса,9,ОРД Яндекса — надежный оператор ваших рекламных данных,https://ord.yandex.ru/,2025-11-20T14:22:10Z
17,Яндекса,10,Яндекс Лицей,https://lyceum.yandex.ru/,2025-11-20T14:22:10Z
17,Яндекса,11,Яндекс — Википедия,https://ru.wikipedia.org/wiki/%D0%AF%D0%BD%D0%B4%D0%B5%D0%BA%D1%81,2025-11-20T14:22:10Z
17,Яндекса,12,Yandex N.V. Notified of Anticipated Delisting from The Nasdaq Stock ...,https://www.nasdaq.com/press-release/yandex-n.v.-notified-of-anticipated-delisting-from-the-nasdaq-stock-market-2023-03-15,2025-11-20T14:22:10Z
17,Яндекса,13,Яндекс Музей,https://museum.yandex.ru/,2025-11-20T14:22:10Z
17,Яндекса,14,Рекламная сеть Яндекса: Монетизация сайтов,https://partner.yandex.ru/,2025-11-20T14:22:10Z
17,Яндекса,15,Умный дом Яндекса с Алисой — комфортный и безопасный,https://alice.yandex.ru/smart-home,2025-11-20T14:22:10Z
17,Яндекса,16,Школа анализа данных,https://shad.yandex.ru/,2025-11-20T14:22:10Z
17,Яндекса,17,События Яндекса,https://events.yandex.ru/,2025-11-20T14:22:10Z
17,Яндекса,18,Почта Яндекс 360 — бесплатная электронная почта ...,https://360.yandex.kz/mail/,2025-11-20T14:22:10Z
17,Яндекса,19,Инклюзия в Яндексе,https://inclusion.yandex.ru/,2025-11-20T14:22:10Z
17,Яндекса,20,Яндекс Сплит. Покупайте сейчас — платите потом,https://split.yandex.ru/,2025-11-20T14:22:10Z
18,Japan,1,Japan - Wikipedia,https://en.wikipedia.org/wiki/Japan,2025-11-20T14:22:15Z
18,Japan,2,Travel Japan - Japan National Tourism Organization (Official Site),https://www.japan.travel/en/,2025-11-20T14:22:15Z
18,Japan,3,Japan sends troops to northern region to stop bear attacks after ...,https://abcnews.go.com/Technology/wireStory/japan-sends-troops-northern-region-stop-bear-attacks-127208712,2025-11-20T14:22:15Z
18,Japan,4,JapanGov: The Government of Japan,https://www.japan.go.jp/,2025-11-20T14:22:15Z
18,Japan,5,JAPAN AIRLINES - Domestic Flights and International Flights l Book ...,https://www.jal.co.jp/jp/en/,2025-11-20T14:22:15Z
18,Japan,6,japan-guide.com - Japan Travel and Living Guide,https://www.japan-guide.com/,2025-11-20T14:22:15Z
18,Japan,7,Fact Sheet: President Donald J. Trump Secures Unprecedented U.S. ...,https://www.whitehouse.gov/fact-sheets/2025/07/fact-sheet-president-donald-j-trump-secures-unprecedented-u-s-japan-strategic-trade-and-investment-agreement/,2025-11-20T14:22:15Z
18,Japan,8,Japan-U.S. Security Treaty - MOFA,https://www.mofa.go.jp/region/n-america/us/q&a/ref/1.html,2025-11-20T14:22:15Z
18,Japan,9,Nuclear Power in Japan - World Nuclear Association,https://world-nuclear.org/information-library/country-profiles/countries-g-n/japan-nuclear-power,2025-11-20T14:22:15Z
18,Japan,10,U.S.-Japan Council: Home,https://www.usjapancouncil.org/,2025-11-20T14:22:15Z
18,Japan,11,JAPAN AIRLINES Corporate Information,https://www.jal.com/en/,2025-11-20T14:22:15Z
18,Japan,12,Information for U.S. citizens traveling to Japan - U.S. Embassy ...,https://jp.usembassy.gov/services/welcomebacktojapan/,2025-11-20T14:22:15Z
18,Japan,13,Japan - United States Department of State,https://www.state.gov/countries-areas/japan,2025-11-20T14:22:15Z
18,Japan,14,Travel advice and advisories for Japan,https://travel.gc.ca/destinations/japan,2025-11-20T14:22:15Z
18,Japan,15,JAXA | Japan Aerospace Exploration Agency,https://global.jaxa.jp/,2025-11-20T14:22:15Z
18,Japan,16,International Trade Policies: Japan | Agricultural Marketing Service,https://www.ams.usda.gov/services/organic-certification/international-trade/Japan,2025-11-20T14:22:15Z
18,Japan,17,United States and Japan Sign Critical Minerals Agreement | United ...,https://ustr.gov/about-us/policy-offices/press-office/press-releases/2023/march/united-states-and-japan-sign-critical-minerals-agreement,2025-11-20T14:22:15Z
18,Japan,18,Japan Travel Advisory | Travel.state.gov,https://travel.state.gov/en/international-travel/travel-advisories/japan.html,2025-11-20T14:22:15Z
18,Japan,19,AGREEMENT BETWEEN THE GOVERNMENT OF THE UNITED ...,https://ustr.gov/sites/default/files/2023-03/US%20Japan%20Critical%20Minerals%20Agreement%202023%2003%2028.pdf,2025-11-20T14:22:15Z
18,Japan,20,Japan | Data,https://data.worldbank.org/country/japan,2025-11-20T14:22:15Z
19,Ясно,1,Сайт YASNO,https://yasno.ua/,2025-11-20T14:22:19Z
19,Ясно,2,Психологи онлайн на Ясно — сервис подбора и консультаций с ...,https://yasno.live/,2025-11-20T14:22:19Z
19,Ясно,3,"ясно - Wiktionary, the free dictionary",https://en.wiktionary.org/wiki/%D1%8F%D1%81%D0%BD%D0%BE,2025-11-20T14:22:19Z
19,Ясно,4,Сеть оптик Ясно,https://optika-yasno.ru/,2025-11-20T14:22:19Z
19,Ясно,5,"Ясно: психологи онлайн, помощь - Apps on Google Play",https://play.google.com/store/apps/details?id=live.yasno.app&hl=en_US,2025-11-20T14:22:19Z
19,Ясно,6,Ясна | пакеты услуг от Белтелеком,https://yasna.by/,2025-11-20T14:22:19Z
19,Ясно,7,YASNO Mobile - Apps on Google Play,https://play.google.com/store/apps/details?id=com.dsolutions.yasnomobile&hl=en_US,2025-11-20T14:22:19Z
19,Ясно,8,Yasno - Design Agency,https://www.yasno.agency/,2025-11-20T14:22:19Z
19,Ясно,9,Ясно Солнышко,https://mill.ru/brands/yasno_solnyshko,2025-11-20T14:22:19Z
19,Ясно,10,Хочу научиться ясно мыслить : r/IWantToLearn,https://www.reddit.com/r/IWantToLearn/comments/1holicj/iwtl_how_to_think_clearly/?tl=ru,2025-11-20T14:22:19Z
19,Ясно,11,Yasno,https://static.yasno.ua/kyiv/outages,2025-11-20T14:22:19Z
19,Ясно,12,Офтальмологическая клиника «ЯСНО ВИЖУ» в Москве ...,https://yasno-vizhu.com/,2025-11-20T14:22:19Z
19,Ясно,13,"Начинаем разговаривать об опыте психотерапии с теми, кто ...",https://www.instagram.com/p/Cg7Gb7FqnrD/,2025-11-20T14:22:19Z
19,Ясно,14,"Я хочу научиться, как общаться и ясно объяснять вещи : r ...",https://www.reddit.com/r/IWantToLearn/comments/bng1s3/iwtl_how_to_communicate_and_explain_things_clearly/?tl=ru,2025-11-20T14:22:19Z
19,Ясно,15,Вакансии Ясно,https://work.yasno.live/,2025-11-20T14:22:19Z
19,Ясно,16,"Гори, гори ясно! : r/russian",https://www.reddit.com/r/russian/comments/btnvyu/%D0%B3%D0%BE%D1%80%D0%B8_%D0%B3%D0%BE%D1%80%D0%B8_%D1%8F%D1%81%D0%BD%D0%BE/,2025-11-20T14:22:19Z
19,Ясно,17,"‎Приложение «Ясно: психологи онлайн, помощь» — App Store",https://apps.apple.com/ru/app/%D1%8F%D1%81%D0%BD%D0%BE-%D0%BF%D1%81%D0%B8%D1%85%D0%BE%D0%BB%D0%BE%D0%B3%D0%B8-%D0%BE%D0%BD%D0%BB%D0%B0%D0%B9%D0%BD-%D0%BF%D0%BE%D0%BC%D0%BE%D1%89%D1%8C/id1584370233,2025-11-20T14:22:19Z
19,Ясно,18,"Эко-отель ""Ясно поле"", Подмосковье - официальный сайт",https://www.yasnopole.ru/,2025-11-20T14:22:19Z
19,Ясно,19,Anna Nikulina – CEO at Ясно | LinkedIn,https://ru.linkedin.com/in/anna-nikulina-62075020,2025-11-20T14:22:19Z
19,Ясно,20,Платок «Ясно солнышко»,https://platki.ru/catalogue/2/4/-/11326/,2025-11-20T14:22:19Z
20,Европе,1,Европа — Википедия,https://ru.wikipedia.org/wiki/%D0%95%D0%B2%D1%80%D0%BE%D0%BF%D0%B0,2025-11-20T14:22:24Z
20,Европе,2,Europe - Wikipedia,https://en.wikipedia.org/wiki/Europe,2025-11-20T14:22:24Z
20,Европе,3,"The Council of Europe: guardian of Human Rights, Democracy and ...",https://www.coe.int/en/web/portal,2025-11-20T14:22:24Z
20,Европе,4,"Есть ли в Европе место, где в октябре достаточно тепло для ...",https://www.reddit.com/r/femaletravels/comments/1fbhz0a/is_there_anywhere_warm_enough_for_sea_swimming_in/?tl=ru,2025-11-20T14:22:24Z
20,Европе,5,Преодоление энергетического кризиса в Европе,https://www.imf.org/ru/publications/fandd/issues/2022/12/beating-the-european-energy-crisis-zettelmeyer,2025-11-20T14:22:24Z
20,Европе,6,Европа начала готовиться к возможной большой войне. 10 ...,https://www.bbc.com/russian/articles/cm2zp2xl62mo,2025-11-20T14:22:24Z
20,Европе,7,Europe | The Guardian,https://www.theguardian.com/world/europe-news,2025-11-20T14:22:24Z
20,Европе,8,Ряд регионов Европы охватила экстремальная жара | Новости ...,https://news.un.org/ru/story/2025/07/1465816,2025-11-20T14:22:24Z
20,Европе,9,Новости Европы - последние события стран Европы сегодня ...,https://ria.ru/location_Europe/,2025-11-20T14:22:24Z
20,Европе,10,ОБСЕ: Организация по безопасности и сотрудничеству в Европе,https://www.osce.org/ru,2025-11-20T14:22:24Z
20,Европе,11,Число детей в детских домах в Европе почти в три раза ...,https://www.unicef.org/eca/ru/Press-relizy/chislo-detey-v-detskikh-domakh-v-Yevrope-pochti-v-tri-raza-prevyshayet-srednemirovoy-pokazatel,2025-11-20T14:22:24Z
20,Европе,12,Региональное представительство ФАО в Европе и Центральной ...,https://www.fao.org/europe/ru,2025-11-20T14:22:24Z
20,Европе,13,Operating System Market Share Europe | Statcounter Global Stats,https://gs.statcounter.com/os-market-share/all/europe,2025-11-20T14:22:24Z
20,Европе,14,ДОГОВОР ОБ ОБЫЧНЫХ ВООРУЖЕННЫХ СИЛАХ В ЕВРОПЕ,https://www.osce.org/files/f/documents/d/d/14091.pdf,2025-11-20T14:22:24Z
20,Европе,15,Европа Плюс слушать онлайн бесплатно прямой эфир в ...,https://europaplus.ru/,2025-11-20T14:22:24Z
20,Европе,16,"Распределение еврейского населения в Европе, прибл. 1933 год ...",https://encyclopedia.ushmm.org/content/ru/map/european-jewish-population-distribution-ca-1933,2025-11-20T14:22:24Z
20,Европе,17,Я расслабилась…. Жизнь в Европе настолько легкая ...,https://www.instagram.com/p/C98pn0_RSq7/,2025-11-20T14:22:24Z
20,Европе,18,Новая газета Европа,https://novayagazeta.eu/,2025-11-20T14:22:24Z
20,Европе,19,«Капучино» в ТРК «Европа Cити Молл»,https://capucino.ru/nashi-kafe/kapuchino-v-evropa-citi-moll/,2025-11-20T14:22:24Z
20,Европе,20,"Майнор «Мировая политика, управление и бизнес в Европе ...",https://electives.hse.ru/minor_eu/,2025-11-20T14:22:24Z
21,Трампа,1,"Трамп, Дональд — Википедия","https://ru.wikipedia.org/wiki/%D0%A2%D1%80%D0%B0%D0%BC%D0%BF,_%D0%94%D0%BE%D0%BD%D0%B0%D0%BB%D1%8C%D0%B4",2025-11-20T14:22:28Z
21,Трампа,2,Donald Trump - Wikipedia,https://en.wikipedia.org/wiki/Donald_Trump,2025-11-20T14:22:28Z
21,Трампа,3,Выступление президента Дональда Трампа на 80-й сессии ...,https://www.state.gov/translations/%D1%80%D1%83%D1%81%D1%81%D0%BA%D0%B8%D0%B9/%D0%B2%D1%8B%D1%81%D1%82%D1%83%D0%BF%D0%BB%D0%B5%D0%BD%D0%B8%D0%B5-%D0%BF%D1%80%D0%B5%D0%B7%D0%B8%D0%B4%D0%B5%D0%BD%D1%82%D0%B0-%D0%B4%D0%BE%D0%BD%D0%B0%D0%BB%D1%8C%D0%B4%D0%B0-%D1%82%D1%80%D0%B0,2025-11-20T14:22:28Z
21,Трампа,4,Принцип Президента Трампа - «Мир посредством силы ...,https://ru.usembassy.gov/ru/president-trump-is-leading-with-peace-through-strength-ru/,2025-11-20T14:22:28Z
21,Трампа,5,Комплексный план президента Дональда Трампа по ...,https://www.state.gov/translations/%D1%80%D1%83%D1%81%D1%81%D0%BA%D0%B8%D0%B9/%D0%BA%D0%BE%D0%BC%D0%BF%D0%BB%D0%B5%D0%BA%D1%81%D0%BD%D1%8B%D0%B9-%D0%BF%D0%BB%D0%B0%D0%BD-%D0%BF%D1%80%D0%B5%D0%B7%D0%B8%D0%B4%D0%B5%D0%BD%D1%82%D0%B0-%D0%B4%D0%BE%D0%BD%D0%B0%D0%BB%D1%8C%D0%B4,2025-11-20T14:22:28Z
21,Трампа,6,Атрибуты вместо смыслов. Каковы итоги встречи Трампа и ...,https://www.bbc.com/russian/articles/cd9jz0yj7e7o,2025-11-20T14:22:28Z
21,Трампа,7,Что вам нужно знать о запрете Трампа на поездки в июне 2025 ...,https://legalaidnyc.org/ru/%D0%BF%D0%BE%D0%BB%D1%83%D1%87%D0%B8%D1%82%D1%8C-%D0%BF%D0%BE%D0%BC%D0%BE%D1%89%D1%8C/%D0%B8%D0%BC%D0%BC%D0%B8%D0%B3%D1%80%D0%B0%D1%86%D0%B8%D0%BE%D0%BD%D0%BD%D0%B0%D1%8F-%D0%B4%D0%B5%D0%BF%D0%BE%D1%80%D1%82%D0%B0%D1%86%D0%B8%D1%8F/%D1%87%D1%82%D0%BE-%D0%B2%D0%B0%D0%BC-%D0%BD%D1%83%D0%B6%D0%BD%D0%BE-%D0%B7%D0%BD%D0%B0%D1%82%D1%8C-%D0%BE-%D0%B7%D0%B0%D0%BF%D1%80%D0%B5%D1%82%D0%B5-%D0%BD%D0%B0-%D0%BF%D0%BE%D0%B5%D0%B7%D0%B4%D0%BA%D0%B8-%D0%A2%D1%80%D0%B0%D0%BC%D0%BF%D0%B0-2025/,2025-11-20T14:22:28Z
21,Трампа,8,Выдержки из инаугурационной речи президента Дональда ...,https://ru.usembassy.gov/ru/president-donald-trumps-inaugural-address-ru/,2025-11-20T14:22:28Z
21,Трампа,9,"Психиатры спорят, можно ли ставить Трампу диагнозы - BBC ...",https://www.bbc.com/russian/features-39002851,2025-11-20T14:22:28Z
21,Трампа,10,Отработано на Кабуле. К чему привела предыдущая ресурсная ...,https://carnegieendowment.org/russia-eurasia/politika/2025/04/afghanistan-usa-rare-earth-deal?lang=ru,2025-11-20T14:22:28Z
21,Трампа,11,Генеральный прокурор Джеймс одержал знаменательную ...,https://ru.ag.ny.gov/attorney-general-james-wins-landmark-victory-case-against-donald-trump,2025-11-20T14:22:28Z
21,Трампа,12,Маршал торговой войны. Как взгляды Питера Наварро влияют ...,https://carnegieendowment.org/russia-eurasia/politika/2025/04/navarro-advise-foreign-policy?lang=ru,2025-11-20T14:22:28Z
21,Трампа,13,Текст инаугурационной речи президента Трампа - Посольство ...,https://uz.usembassy.gov/ru/inauguration-45th-president-united-states-ru/,2025-11-20T14:22:28Z
21,Трампа,14,Новый указ Трампа может кардинально изменить отношение к ...,https://www.coalitionforthehomeless.org/ru/a-new-trump-order-could-upend-the-way-nyc-treats-homeless-people-heres-what-to-know/,2025-11-20T14:22:28Z
21,Трампа,15,Donald J. Trump,https://www.facebook.com/DonaldTrump/,2025-11-20T14:22:28Z
21,Трампа,16,Президент Трамп: эпоха стабильности сменилась масштабными ...,https://news.un.org/ru/story/2025/09/1466444,2025-11-20T14:22:28Z
21,Трампа,17,President Donald J. Trump (@realdonaldtrump) • Instagram photos ...,https://www.instagram.com/realdonaldtrump/?hl=en,2025-11-20T14:22:28Z
21,Трампа,18,Телефонный разговор с Президентом США Дональдом Трампом ...,http://kremlin.ru/events/president/news/76477,2025-11-20T14:22:28Z
21,Трампа,19,Дональд Трамп - главные новости на сегодня - Газета.Ru,https://www.gazeta.ru/tags/person/donald_tramp.shtml,2025-11-20T14:22:28Z
21,Трампа,20,Trumpstore.com | The Official Retail Website of the Trump ...,https://www.trumpstore.com/,2025-11-20T14:22:28Z
22,Удивительно,1,удивительно — Викисловарь,https://ru.wiktionary.org/wiki/%D1%83%D0%B4%D0%B8%D0%B2%D0%B8%D1%82%D0%B5%D0%BB%D1%8C%D0%BD%D0%BE,2025-11-20T14:22:32Z
22,Удивительно,2,"Удивительно, как сильно влияет температура подачи. : r/beer",https://www.reddit.com/r/beer/comments/1av3eb7/its_amazing_how_much_of_a_difference_serving/?tl=ru,2025-11-20T14:22:32Z
22,Удивительно,3,удивительно - Перевод на английский - примеры русский ...,https://context.reverso.net/%D0%BF%D0%B5%D1%80%D0%B5%D0%B2%D0%BE%D0%B4/%D1%80%D1%83%D1%81%D1%81%D0%BA%D0%B8%D0%B9-%D0%B0%D0%BD%D0%B3%D0%BB%D0%B8%D0%B9%D1%81%D0%BA%D0%B8%D0%B9/%D1%83%D0%B4%D0%B8%D0%B2%D0%B8%D1%82%D0%B5%D0%BB%D1%8C%D0%BD%D0%BE,2025-11-20T14:22:32Z
22,Удивительно,4,Бомбомет удивительно хорош : r/btd6,https://www.reddit.com/r/btd6/comments/1ohuo70/bomb_shooter_is_surprisingly_good/?tl=ru,2025-11-20T14:22:32Z
22,Удивительно,5,Cинонимы к слову «удивительно» на TEXT.RU,https://text.ru/synonym/%D1%83%D0%B4%D0%B8%D0%B2%D0%B8%D1%82%D0%B5%D0%BB%D1%8C%D0%BD%D0%BE,2025-11-20T14:22:32Z
22,Удивительно,6,орфография - «Не удивительно» — слитно или раздельно ...,https://rus.stackexchange.com/questions/466683/%D0%9D%D0%B5-%D1%83%D0%B4%D0%B8%D0%B2%D0%B8%D1%82%D0%B5%D0%BB%D1%8C%D0%BD%D0%BE-%D1%81%D0%BB%D0%B8%D1%82%D0%BD%D0%BE-%D0%B8%D0%BB%D0%B8-%D1%80%D0%B0%D0%B7%D0%B4%D0%B5%D0%BB%D1%8C%D0%BD%D0%BE,2025-11-20T14:22:32Z
22,Удивительно,7,«Удивительно счастливые люди» — комедия « Санкт ...,https://teatrpaninoy.ru/movies/chehov/,2025-11-20T14:22:32Z
22,Удивительно,8,"Serge Kravets - Знаете, удивительно, как музыка умеет... | Facebook",https://www.facebook.com/serge.kravets/posts/%D0%B7%D0%BD%D0%B0%D0%B5%D1%82%D0%B5-%D1%83%D0%B4%D0%B8%D0%B2%D0%B8%D1%82%D0%B5%D0%BB%D1%8C%D0%BD%D0%BE-%D0%BA%D0%B0%D0%BA-%D0%BC%D1%83%D0%B7%D1%8B%D0%BA%D0%B0-%D1%83%D0%BC%D0%B5%D0%B5%D1%82-%D1%81%D1%82%D0%B8%D1%80%D0%B0%D1%82%D1%8C-%D0%B2%D1%80%D0%B5%D0%BC%D1%8F%D1%81%D1%82%D0%BE%D0%B8%D1%82-%D1%83%D1%81%D0%BB%D1%8B%D1%88%D0%B0%D1%82%D1%8C-%D1%81%D1%82%D0%B0%D1%80%D1%83%D1%8E-%D0%B7%D0%BD%D0%B0%D0%BA%D0%BE%D0%BC%D1%83%D1%8E-/25132021863100952/,2025-11-20T14:22:32Z
22,Удивительно,9,Удивительно мудрый рак-отшельник - Предмет - World of Warcraft,https://www.wowhead.com/ru/item=168053/%D1%83%D0%B4%D0%B8%D0%B2%D0%B8%D1%82%D0%B5%D0%BB%D1%8C%D0%BD%D0%BE-%D0%BC%D1%83%D0%B4%D1%80%D1%8B%D0%B9-%D1%80%D0%B0%D0%BA-%D0%BE%D1%82%D1%88%D0%B5%D0%BB%D1%8C%D0%BD%D0%B8%D0%BA,2025-11-20T14:22:32Z
22,Удивительно,10,Он снился мне недавно. И во сне был удивительно элегантен ...,https://www.facebook.com/ignatson/posts/%D0%BE%D0%BD-%D1%81%D0%BD%D0%B8%D0%BB%D1%81%D1%8F-%D0%BC%D0%BD%D0%B5-%D0%BD%D0%B5%D0%B4%D0%B0%D0%B2%D0%BD%D0%BE-%D0%B8-%D0%B2%D0%BE-%D1%81%D0%BD%D0%B5-%D0%B1%D1%8B%D0%BB-%D1%83%D0%B4%D0%B8%D0%B2%D0%B8%D1%82%D0%B5%D0%BB%D1%8C%D0%BD%D0%BE-%D1%8D%D0%BB%D0%B5%D0%B3%D0%B0%D0%BD%D1%82%D0%B5%D0%BD-%D0%BF%D0%BE%D1%87%D0%B5%D0%BC%D1%83-%D1%82%D0%BE-%D0%BE%D0%B4%D0%B5%D1%82-%D0%B1%D1%8B%D0%BB-%D0%BF%D0%BE%D1%87%D1%82/10226424650916874/,2025-11-20T14:22:32Z
22,Удивительно,11,Удивительно Странный Мир Гамбола | isidarec.ru,https://isidarec.ru/weird-gambol-world/,2025-11-20T14:22:32Z
22,Удивительно,12,"Удивительно, но я знаю, как зовут эту бабочку. Красный адмирал ...",https://www.facebook.com/100004998549135/posts/%D1%83%D0%B4%D0%B8%D0%B2%D0%B8%D1%82%D0%B5%D0%BB%D1%8C%D0%BD%D0%BE-%D0%BD%D0%BE-%D1%8F-%D0%B7%D0%BD%D0%B0%D1%8E-%D0%BA%D0%B0%D0%BA-%D0%B7%D0%BE%D0%B2%D1%83%D1%82-%D1%8D%D1%82%D1%83-%D0%B1%D0%B0%D0%B1%D0%BE%D1%87%D0%BA%D1%83-%D0%BA%D1%80%D0%B0%D1%81%D0%BD%D1%8B%D0%B9-%D0%B0%D0%B4%D0%BC%D0%B8%D1%80%D0%B0%D0%BB-vanessa-atalanta-%D1%81%D0%BD%D0%B8/3099733060203282/,2025-11-20T14:22:32Z
22,Удивительно,13,Удивительно теплый пучок водорослей - Предмет - World of ...,https://www.wowhead.com/ru/item=168092/%D1%83%D0%B4%D0%B8%D0%B2%D0%B8%D1%82%D0%B5%D0%BB%D1%8C%D0%BD%D0%BE-%D1%82%D0%B5%D0%BF%D0%BB%D1%8B%D0%B9-%D0%BF%D1%83%D1%87%D0%BE%D0%BA-%D0%B2%D0%BE%D0%B4%D0%BE%D1%80%D0%BE%D1%81%D0%BB%D0%B5%D0%B9,2025-11-20T14:22:32Z
22,Удивительно,14,Valottery Com Results Удивительно везучий мужчина купил 20 ...,https://nationalemergingartprize.com.au/newserx/219271-valottery-com-results----%EF%BF%BD-%EF%BF%BD---%EF%BF%BD-%EF%BF%BD-%EF%BF%BD-%EF%BF%BD---%EF%BF%BD--20--%EF%BF%BD--%EF%BF%BD,2025-11-20T14:22:32Z
22,Удивительно,15,Удивительное семя | Don't Starve вики | Fandom,https://dont-starve.fandom.com/ru/wiki/%D0%A3%D0%B4%D0%B8%D0%B2%D0%B8%D1%82%D0%B5%D0%BB%D1%8C%D0%BD%D0%BE%D0%B5_%D1%81%D0%B5%D0%BC%D1%8F,2025-11-20T14:22:32Z
22,Удивительно,16,Кошачье ночное зрение удивительно,https://www.bethowen.ru/club/advice/cats/342857/,2025-11-20T14:22:32Z
22,Удивительно,17,Синонимы к слову «удивительно» (184+ слов),https://sinonim.org/s/%D1%83%D0%B4%D0%B8%D0%B2%D0%B8%D1%82%D0%B5%D0%BB%D1%8C%D0%BD%D0%BE,2025-11-20T14:22:32Z
22,Удивительно,18,Билеты на спектакль «Удивительно счастливые люди» в ДК ...,https://afisha.yandex.ru/saint-petersburg/theatre_show/udivitelno-schastlivye-liudi,2025-11-20T14:22:32Z
22,Удивительно,19,Высокий представитель ООН по вопросам разоружения ...,https://news.un.org/ru/story/2025/04/1463171,2025-11-20T14:22:32Z
22,Удивительно,20,Пишется удивительно или удевительно? - ответ на Uchi.ru,https://uchi.ru/otvety/questions/pishetsya-udivitelno-ili-udevitelno,2025-11-20T14:22:32Z
23,Half-Life 3,1,r/HalfLife,https://www.reddit.com/r/HalfLife/,2025-11-20T14:22:37Z
23,Half-Life 3,2,Half-Life (series) - Wikipedia,https://en.wikipedia.org/wiki/Half-Life_(series),2025-11-20T14:22:37Z
23,Half-Life 3,3,Half life 3 trailer coming this month : r/HalfLife,https://www.reddit.com/r/HalfLife/comments/1oom8yz/half_life_3_trailer_coming_this_month/,2025-11-20T14:22:37Z
23,Half-Life 3,4,Half-Life 2: Episode Three - Wikipedia,https://en.wikipedia.org/wiki/Half-Life_2:_Episode_Three,2025-11-20T14:22:37Z
23,Half-Life 3,5,Gabe Newell takes a pic with fans picketing for Half-Life 3 outside ...,https://www.reddit.com/r/gaming/comments/1okbv8e/gabe_newell_takes_a_pic_with_fans_picketing_for/,2025-11-20T14:22:37Z
23,Half-Life 3,6,Development of the next Half-Life game | Half-Life Wiki | Fandom,https://half-life.fandom.com/wiki/Development_of_the_next_Half-Life_game,2025-11-20T14:22:37Z
23,Half-Life 3,7,Half-Life 3 is 6 months away : r/HalfLife,https://www.reddit.com/r/HalfLife/comments/1nuvocr/halflife_3_is_6_months_away/,2025-11-20T14:22:37Z
23,Half-Life 3,8,Ask Me Anything - HLX/HL3 Discussion - Letting off Steam - April ...,https://www.youtube.com/watch?v=l_Z9IOIWKHg,2025-11-20T14:22:37Z
23,Half-Life 3,9,Half Life 3 trailer will reportedly in the works will drop in November ...,https://icon-era.com/threads/half-life-3-trailer-will-reportedly-in-the-works-will-drop-in-november.18656/,2025-11-20T14:22:37Z
23,Half-Life 3,10,"Half-Life 3 optimization going well, rumor has it Valve will announce ...",https://www.tweaktown.com/news/108586/half-life-3-optimization-going-well-rumor-has-it-valve-will-announce-the-game-in-a-tweet-soon/index.html,2025-11-20T14:22:37Z
23,Half-Life 3,11,"Well, We'll Always Not Have Half-Life 3 - Hard Drive",https://hard-drive.net/well-well-always-not-have-half-life-3/,2025-11-20T14:22:37Z
23,Half-Life 3,12,If Valve ever releases Half-Life 3 it'll be the biggest mistake they ever ...,https://steamcommunity.com/discussions/forum/12/864980734950645785/?l=schinese,2025-11-20T14:22:37Z
23,Half-Life 3,13,NateTheHate is the fifth credible insider to comment on Half Life 3 ...,https://x.com/Mr_Rebs_/status/1990881646975877331,2025-11-20T14:22:37Z
23,Half-Life 3,14,"first Half-Life, 3 screen-shots | NeoGAF",https://www.neogaf.com/threads/first-half-life-3-screen-shots.479298/,2025-11-20T14:22:37Z
23,Half-Life 3,15,Why Half-Life 3 Rumors Are Intensifying Again - GameSpot,https://www.gamespot.com/articles/why-half-life-3-rumors-are-intensifying-again/1100-6536360/,2025-11-20T14:22:37Z
23,Half-Life 3,16,Half-Life 3 Development Reportedly Almost Finished | [H]ard|Forum,https://hardforum.com/threads/half-life-3-development-reportedly-almost-finished.2042709/,2025-11-20T14:22:37Z
23,Half-Life 3,17,"Half-Life 3 HLX Optimization Work Continues, As A Trailer Is ...",https://wccftech.com/half-life-3-hlx-optimization-trailer-prepared/,2025-11-20T14:22:37Z
23,Half-Life 3,18,"If everybody wants a Half-Life 3 game, what's preventing it from ...",https://www.quora.com/If-everybody-wants-a-Half-Life-3-game-what-s-preventing-it-from-actually-being-made,2025-11-20T14:22:37Z
23,Half-Life 3,19,Half Life 3: Everything Points Towards a Surprise Trailer Drop in ...,https://www.gameshub.com/news/article/half-life-3-trailer-2837073/,2025-11-20T14:22:37Z
23,Half-Life 3,20,"Gordon Freeman spotted, Half-Life 3 confirmed!!",https://www.facebook.com/groups/DestinyGamegroup/posts/3992553337663055/,2025-11-20T14:22:37Z
24,бога,1,Бог — Википедия,https://ru.wikipedia.org/wiki/%D0%91%D0%BE%D0%B3,2025-11-20T14:22:41Z
24,бога,2,Шёпот дьявола или Голос бога : r/RomanceClubDiscussion,https://www.reddit.com/r/RomanceClubDiscussion/comments/1e3vvoy/whisper_of_the_devil_or_voice_of_god/?tl=ru,2025-11-20T14:22:41Z
24,бога,3,"Планы Бога относительно нас еще прекраснее, чем наши ...",https://www.churchofjesuschrist.org/study/liahona/2021/09/eue-rus-local-pages/local-news-002?lang=rus,2025-11-20T14:22:41Z
24,бога,4,застрял в режиме бога : r/ARK,https://www.reddit.com/r/ARK/comments/t29goe/stuck_in_god_mode/?tl=ru,2025-11-20T14:22:41Z
24,бога,5,Понимание Бога в Исламе и Христианстве | Reasonable Faith,https://www.reasonablefaith.org/translations/russian/popular-articles/concept-of-god-in-islam-and-christianity-russian/,2025-11-20T14:22:41Z
24,бога,6,"Дата выхода 4 сезона ""Башни Бога""? : r/TowerofGod",https://www.reddit.com/r/TowerofGod/comments/1lveqoz/tower_of_god_season_4_release_date/?tl=ru,2025-11-20T14:22:41Z
24,бога,7,Дочери Бога,https://www.churchofjesuschrist.org/study/general-conference/2008/04/daughters-of-god?lang=rus,2025-11-20T14:22:41Z
24,бога,8,Есть ли способ доказать или опровергнуть существование бога ...,https://www.reddit.com/r/askphilosophy/comments/r0d9c4/is_there_a_way_for_proving_or_disproving_of_god/?tl=ru,2025-11-20T14:22:41Z
24,бога,9,Абсурдность жизни без Бога | Reasonable Faith,https://www.reasonablefaith.org/translations/russian/popular-articles/the-absurdity-of-life-without-god-russian,2025-11-20T14:22:41Z
24,бога,10,Коса заброшенного бога : r/CalamityMod,https://www.reddit.com/r/CalamityMod/comments/1e80ps5/scythe_of_the_abandoned_god/?tl=ru,2025-11-20T14:22:41Z
24,бога,11,"Доверять Богу, когда боль кажется бессмысленной (Trusting God ...",https://www.epm.org/resources/2024/Jan/11/trusting-god-when-russian/,2025-11-20T14:22:41Z
24,бога,12,"Те, кто верит в Бога, что вас заставило поверить? : r/Christian",https://www.reddit.com/r/Christian/comments/1g986fl/for_those_of_you_who_believe_in_god_what_made_you/?tl=ru,2025-11-20T14:22:41Z
24,бога,13,Христос умер ради Бога (Russian),https://www.gty.org/sermons/ru80-345/hristos-umer-radi-boga-russian,2025-11-20T14:22:41Z
24,бога,14,Кто-нибудь может объяснить сюжетную линию Арьи про ...,https://www.reddit.com/r/gameofthrones/comments/18hytok/can_someone_explain_aryas_many_faced_god_story/?tl=ru,2025-11-20T14:22:41Z
24,бога,15,Режим Бога,https://www.poyurov.ru/rezhim-boga,2025-11-20T14:22:41Z
24,бога,16,"""Не могу поверить в Бога, который хочет, чтобы его постоянно ...",https://www.reddit.com/r/QuotesPorn/comments/1gijwgt/i_cannot_believe_in_a_god_who_wants_to_be_praised/?tl=ru,2025-11-20T14:22:41Z
24,бога,17,"""Они не боятся ни бога ни черта, ни даже советской власти ...",https://www.instagram.com/p/DCrXLN6M_a2/?hl=en,2025-11-20T14:22:41Z
24,бога,18,Буддисты верят в Бога? : r/Buddhism,https://www.reddit.com/r/Buddhism/comments/11pdwb4/do_buddhists_believe_in_a_god/?tl=ru,2025-11-20T14:22:41Z
24,бога,19,Кто нибудь знает тактику против бога факелов | Fandom,https://terraria-game.fandom.com/ru/f/p/4400000000000406575,2025-11-20T14:22:41Z
24,бога,20,"Если Бога нет, как тогда объяснить всё существование? : r ...",https://www.reddit.com/r/DebateAnAtheist/comments/y9h6ax/if_there_is_no_god_then_how_do_you_explain_all_of/?tl=ru,2025-11-20T14:22:41Z
25,Прикольно,1,"Как норвежцу, мне было прикольно, что этот сезон был про ...",https://www.reddit.com/r/SCBuildIt/comments/1owcs00/as_a_norwegian_it_was_fun_that_this_season_was/?tl=ru,2025-11-20T14:22:46Z
25,Прикольно,2,прикольно - Перевод на английский - примеры русский | Reverso ...,https://context.reverso.net/%D0%BF%D0%B5%D1%80%D0%B5%D0%B2%D0%BE%D0%B4/%D1%80%D1%83%D1%81%D1%81%D0%BA%D0%B8%D0%B9-%D0%B0%D0%BD%D0%B3%D0%BB%D0%B8%D0%B9%D1%81%D0%BA%D0%B8%D0%B9/%D0%BF%D1%80%D0%B8%D0%BA%D0%BE%D0%BB%D1%8C%D0%BD%D0%BE,2025-11-20T14:22:46Z
25,Прикольно,3,В эту игру прикольно играть с геймпадом? : r/PowerWashSimulator,https://www.reddit.com/r/PowerWashSimulator/comments/14mtrcp/is_this_game_fun_using_a_controller/?tl=ru,2025-11-20T14:22:46Z
25,Прикольно,4,Готовить Прикольно - YouTube,https://www.youtube.com/channel/UCSRV6NEf8ZH9gLb-dg50fzQ,2025-11-20T14:22:46Z
25,Прикольно,5,Ну прикольно же не ?☺️,https://www.instagram.com/reel/DIHoxvePc-6/,2025-11-20T14:22:46Z
25,Прикольно,6,"Все побежали и я побежал. Прикольно, что он перевернул ...",https://x.com/katellaevgenii/status/1905196145816592589,2025-11-20T14:22:46Z
25,Прикольно,7,"Когда на одной волне, и просто прикольно, весело, не надо быть ...",https://www.instagram.com/p/DRGBOVXDE6e/,2025-11-20T14:22:46Z
25,Прикольно,8,прикольно — Викисловарь,https://ru.wiktionary.org/wiki/%D0%BF%D1%80%D0%B8%D0%BA%D0%BE%D0%BB%D1%8C%D0%BD%D0%BE,2025-11-20T14:22:46Z
25,Прикольно,9,Прикольно - Single by Samwan | Spotify,https://open.spotify.com/album/34TgVPxBaZ5OGhKvWLeagp,2025-11-20T14:22:46Z
25,Прикольно,10,"Что значит слово ""прикольно""? - anna_tarasova_1235 | Ответы Mail",https://otvet.mail.ru/question/214178549,2025-11-20T14:22:46Z
25,Прикольно,11,Who produced “прикольно (cool)” by euro91 & ​woosubi?,https://genius.com/Euro91-and-woosubi-cool-lyrics/q/producer,2025-11-20T14:22:46Z
25,Прикольно,12,ПРИКОЛЬНО - Перевод на польский - bab.la,https://www.babla.ru/%D1%80%D1%83%D1%81%D1%81%D0%BA%D0%B8%D0%B9-%D0%BF%D0%BE%D0%BB%D1%8C%D1%81%D0%BA%D0%B8%D0%B9/%D0%BF%D1%80%D0%B8%D0%BA%D0%BE%D0%BB%D1%8C%D0%BD%D0%BE,2025-11-20T14:22:46Z
25,Прикольно,13,Who produced “Прикольно (Cool)” by ROKERVEKA ?,https://genius.com/Rokerveka-cool-lyrics/q/producer,2025-11-20T14:22:46Z
25,Прикольно,14,Превод 'прикольно' – Речник български-Руски | Glosbe,https://bg.glosbe.com/ru/bg/%D0%BF%D1%80%D0%B8%D0%BA%D0%BE%D0%BB%D1%8C%D0%BD%D0%BE,2025-11-20T14:22:46Z
25,Прикольно,15,Who produced “НЕ ПРИКОЛЬНО (NOT COOL)” by ...,https://genius.com/Farawaylu8-and-lilithh-not-cool-lyrics/q/producer,2025-11-20T14:22:46Z
25,Прикольно,16,Хьюстон Аэрос (1994) — Википедия,https://ru.wikipedia.org/wiki/%D0%A5%D1%8C%D1%8E%D1%81%D1%82%D0%BE%D0%BD_%D0%90%D1%8D%D1%80%D0%BE%D1%81_(1994),2025-11-20T14:22:46Z
25,Прикольно,17,Прикольные поздравления с днем рождения,https://www.pozdravok.com/pozdravleniya/den-rozhdeniya/prikolnye/,2025-11-20T14:22:46Z
25,Прикольно,18,Синонимы к слову «прикольно» (65+ слов),https://sinonim.org/s/%D0%BF%D1%80%D0%B8%D0%BA%D0%BE%D0%BB%D1%8C%D0%BD%D0%BE,2025-11-20T14:22:46Z
25,Прикольно,19,"прикольно - отзыв о Casino Royale, Шарм-эль-Шейх, Египет ...",https://www.tripadvisor.ru/ShowUserReviews-g297555-d669881-r376019754-Casino_Royale-Sharm_El_Sheikh_South_Sinai_Red_Sea_and_Sinai.html,2025-11-20T14:22:46Z
25,Прикольно,20,Как прикольно поздравить подругу?! : Разговоры,https://forum.say7.info/topic4313.html,2025-11-20T14:22:46Z
1,#нюдсочетверг,1,"""#нюдсочетверг"" - Results on X | Live Posts & Updates",https://x.com/search?q=%23%D0%BD%D1%8E%D0%B4%D1%81%D0%BE%D1%87%D0%B5%D1%82%D0%B2%D0%B5%D1%80%D0%B3,2025-11-21T03:12:54Z
1,#нюдсочетверг,2,Что такое нюдсочетверг - Афиша Daily,https://daily.afisha.ru/infoporn/22803-nyudsochetverg-kak-tvitter-raz-v-nedelyu-menyaet-predstavleniya-o-telesnosti-i-seksualnosti/,2025-11-21T03:12:54Z
1,#нюдсочетверг,3,#нюдсочетверг,https://x.com/tazasho21/status/1494352399007367173,2025-11-21T03:12:54Z
1,#нюдсочетверг,4,#нюдсочетверг 2021 / 10 неделя : r/Pikabu,https://www.reddit.com/r/Pikabu/comments/lxrkf8/%D0%BD%D1%8E%D0%B4%D1%81%D0%BE%D1%87%D0%B5%D1%82%D0%B2%D0%B5%D1%80%D0%B3_2021_10_%D0%BD%D0%B5%D0%B4%D0%B5%D0%BB%D1%8F/,2025-11-21T03:12:54Z
1,#нюдсочетверг,5,#нюдсочетверг сегодня такой,https://x.com/LoveSplean/status/1988896131900678284,2025-11-21T03:12:54Z
1,#нюдсочетверг,6,Нюдсочетверг: статьи и новости по теме — DTF,https://dtf.ru/tag/%D0%BD%D1%8E%D0%B4%D1%81%D0%BE%D1%87%D0%B5%D1%82%D0%B2%D0%B5%D1%80%D0%B3,2025-11-21T03:12:54Z
1,#нюдсочетверг,7,Сегодня же #нюдсочетверг,https://x.com/SavierMichael/status/1923034212870816144,2025-11-21T03:12:54Z
1,#нюдсочетверг,8,#Нюдсочетверг: откровенные фотографии самых красивых ...,https://www.maximonline.ru/entertainment/nyudsochetverg-otkrovennye-fotografii-samykh-krasivykh-devushek-iz-tvittera-kotoryi-teper-x-vypusk-91-id921855/,2025-11-21T03:12:54Z
1,#нюдсочетверг,9,#нюдсочетверг сегодня такой,https://x.com/LoveSplean/status/1991475220675514802/photo/1,2025-11-21T03:12:54Z
1,#нюдсочетверг,10,Архив Нюдсов твиттера #нюдсочетверг @nudesoftwt - Twitter ...,https://www.sotwe.com/nudesoftwt?lang=en,2025-11-21T03:12:54Z
1,#нюдсочетверг,11,происходит #нюдсочетверг,https://x.com/ks_pakhomova/status/1595755665829793797?lang=bg,2025-11-21T03:12:54Z
1,#нюдсочетверг,12,Nice summer closed @cocktail_coquette_insta_bar #sexydresses ...,https://www.facebook.com/cocktailcoquettebar/posts/nice-summer-closed-cocktail_coquette_insta_bar-sexydresses-hotgirls-nobraclub-%D1%81%D0%B8/705786903619905/,2025-11-21T03:12:54Z
1,#нюдсочетверг,13,"не #нюдсочетверг (пока), но тоже ничего",https://x.com/ripavika/status/1341706706485714944/photo/1,2025-11-21T03:12:54Z
1,#нюдсочетверг,14,сегодня нюдсочетверг так что у меня подарок Ph ...,https://www.instagram.com/p/DA8Xcw6tZtJ/?hl=en,2025-11-21T03:12:54Z
1,#нюдсочетверг,15,#нюдсочетверг вот такая я),https://x.com/Daria_ton/status/1887517237856149950,2025-11-21T03:12:54Z
1,#нюдсочетверг,16,«Нюдсочетверг»: почему одни постят в Twitter откровенные фото ...,https://lifehacker.ru/nyudsochetverg-v-twitter/,2025-11-21T03:12:54Z
1,#нюдсочетверг,17,архивный #нюдсочетверг,https://x.com/lordsaidgonaxui/status/1625884526688829441/photo/2,2025-11-21T03:12:54Z
1,#нюдсочетверг,18,В твиттере сейчас популярен хэштэг #нюдсочетверг: с ним люди ...,https://www.instagram.com/p/CBlrUqUijyc/,2025-11-21T03:12:54Z
1,#нюдсочетверг,19,Магазинный #нюдсочетверг,https://x.com/stone_bramble/status/1803683961446584744?lang=en,2025-11-21T03:12:54Z
1,#нюдсочетверг,20,#nudes #onlyfans #fansly #tattoo #naked #нюдсочетверг #girls ...,https://www.linkedin.com/posts/osman-g%C3%B6k%C3%A7e-b14563237_nudes-onlyfans-fansly-activity-7027701337064640512-rEVJ,2025-11-21T03:12:54Z
2,#DearX,1,Dear X (2025) - MyDramaList,https://mydramalist.com/688265-dear-x,2025-11-21T03:12:58Z
2,#DearX,2,Dear X (TV series) - Wikipedia,https://en.wikipedia.org/wiki/Dear_X_(TV_series),2025-11-21T03:12:58Z
2,#DearX,3,Dear X (TV Series 2025– ) - IMDb,https://www.imdb.com/title/tt37890201/,2025-11-21T03:12:58Z
2,#DearX,4,"Dear X | Watch with English Subtitles, Reviews & Cast Info | Viki",https://www.viki.com/tv/41238c-dear-x,2025-11-21T03:12:58Z
2,#DearX,5,Dear X | WEBTOON,https://www.webtoons.com/en/thriller/dearx/list?title_no=2503,2025-11-21T03:12:58Z
2,#DearX,6,this style really suit him #HwangInYoup #황인엽 #HwangInYeop ...,https://www.facebook.com/HwangInYoup.HIY/posts/this-style-really-suit-him-hwanginyoup-%ED%99%A9%EC%9D%B8%EC%97%BD-hwanginyeop-%E3%83%95%E3%82%A1%E3%83%B3%E3%82%A4%E3%83%8B%E3%83%A7%E3%83%97-dearx-%EC%B9%9C%EC%95%A0%ED%95%98%EB%8A%94x/1519185256883607/,2025-11-21T03:12:58Z
2,#DearX,7,Dear X - AsianWiki,https://asianwiki.com/Dear_X,2025-11-21T03:12:58Z
2,#DearX,8,Me after watching #DearX Episode 7 & 8:,https://www.facebook.com/KdramaTalksph/posts/me-after-watching-dearx-episode-7-8-/1162399719416685/,2025-11-21T03:12:58Z
2,#DearX,9,Lindosss #DearX #HwangInYoup #KimYooJung,https://x.com/comentalivia_/status/1988926004149252156,2025-11-21T03:12:58Z
2,#DearX,10,So many dramas to watch after the exams #dynamitekiss #dearx ...,https://www.instagram.com/reel/DRCglgUD6Sc/,2025-11-21T03:12:58Z
2,#DearX,11,TVING 'Dear X' Special Poster [Premieres November 6] : r/KDRAMA,https://www.reddit.com/r/KDRAMA/comments/1odqmvf/tving_dear_x_special_poster_premieres_november_6/,2025-11-21T03:12:58Z
2,#DearX,12,Is 'Dear X (You Don't Own Me)' Biblical? | The Berean Test,https://www.thebereantest.com/disciple-dear-x-you-dont-own-me,2025-11-21T03:12:58Z
2,#DearX,13,Dear X - An intensely dark deep dive yet fascinating case study ...,https://www.reddit.com/r/redikomi/comments/znw795/dear_x_an_intensely_dark_deep_dive_yet/,2025-11-21T03:12:58Z
2,#DearX,14,DeARX | Technology Specialists,https://dearx.co.za/,2025-11-21T03:12:58Z
2,#DearX,15,#dearx #kdrama #starzplay #avod #streaming #menamedia ...,https://www.linkedin.com/posts/sunilkjoy_dearx-kdrama-starzplay-activity-7393590276801462273-sOIw,2025-11-21T03:12:58Z
2,#DearX,16,DeARX | LinkedIn,https://za.linkedin.com/company/dearx,2025-11-21T03:12:58Z
2,#DearX,17,Dear X Who Doesn't Love Me (Original Soundtrack) - Compilation by ...,https://open.spotify.com/album/1tMqT65wQx0X1aag5ITo2V,2025-11-21T03:12:58Z
2,#DearX,18,Angel Dear x SpearmintLOVE,https://spearmintlove.com/collections/angel-dear-x-spearmintlove,2025-11-21T03:12:58Z
2,#DearX,19,DEAR X. This love letter was written during my… | by Huma Kabakci ...,https://humakabakci.medium.com/dear-x-93b5630e7952?source=topics_v2---------8-84--------------------b0a992ff_a5f2_4d20_b2df_8f0d8a2fbc34-------19---,2025-11-21T03:12:58Z
2,#DearX,20,Watch Dear X | Disney+,https://www.disneyplus.com/en-jp/browse/entity-ea32cf76-4023-4a0a-9851-70bb001b14ef,2025-11-21T03:12:58Z
3,Monad,1,Monad | The Most Performant EVM Blockchain,https://www.monad.xyz/,2025-11-21T03:13:03Z
3,Monad,2,Monad (philosophy) - Wikipedia,https://en.wikipedia.org/wiki/Monad_(philosophy),2025-11-21T03:13:03Z
3,Monad,3,Monad (mainnet arc) (@monad) / Posts / X,https://x.com/monad,2025-11-21T03:13:03Z
3,Monad,4,Monad,https://www.monad.com/,2025-11-21T03:13:03Z
3,Monad,5,Demystifying the Monad in Scala. What monads are and how to use ...,https://medium.com/free-code-camp/demystifying-the-monad-in-scala-cc716bb6f534,2025-11-21T03:13:03Z
3,Monad,6,Monad (@monadmusic) • Instagram photos and videos,https://www.instagram.com/monadmusic/?hl=en,2025-11-21T03:13:03Z
3,Monad,7,"Abstraction, intuition, and the “monad tutorial fallacy” | blog :: Brent ...",https://byorgey.wordpress.com/2009/01/12/abstraction-intuition-and-the-monad-tutorial-fallacy/,2025-11-21T03:13:03Z
3,Monad,8,About monad transformers : r/haskell,https://www.reddit.com/r/haskell/comments/10nsn9t/about_monad_transformers/,2025-11-21T03:13:03Z
3,Monad,9,Is Future in Scala a monad? - Stack Overflow,https://stackoverflow.com/questions/27454798/is-future-in-scala-a-monad,2025-11-21T03:13:03Z
3,Monad,10,I really love what they did with Monad though : r/PERSoNA,https://www.reddit.com/r/PERSoNA/comments/1ap3q9n/i_really_love_what_they_did_with_monad_though/,2025-11-21T03:13:03Z
3,Monad,11,Monads | Fabulous adventures in coding,https://ericlippert.com/category/monads/,2025-11-21T03:13:03Z
3,Monad,12,IO Monad for OCaml - Learning - OCaml,https://discuss.ocaml.org/t/io-monad-for-ocaml/4618,2025-11-21T03:13:03Z
3,Monad,13,Monad - HaskellWiki,https://www.haskell.org/haskellwiki/Monad,2025-11-21T03:13:03Z
3,Monad,14,Why JavaScript promises aren't technically monads | functional ...,https://rybicki.io/blog/2023/12/23/promises-arent-monads.html,2025-11-21T03:13:03Z
3,Monad,15,Monad Terrace | Miami Beach Condos | JDS Development Group,https://jdsdevelopment.com/portfolio/monad-terrace,2025-11-21T03:13:03Z
3,Monad,16,The Result Monad • Adam Bennett,https://adambennett.dev/2020/05/the-result-monad/,2025-11-21T03:13:03Z
3,Monad,17,Monad Manifesto | Jeffrey Snover's blog,https://www.jsnover.com/blog/2011/10/01/monad-manifesto/,2025-11-21T03:13:03Z
3,Monad,18,"Why continuation-passing style works, and the Cont monad | William ...",https://www.williamyaoh.com/posts/2022-05-02-the-cont-monad.html,2025-11-21T03:13:03Z
3,Monad,19,MONAD Studio: News,https://monadstudio.com/,2025-11-21T03:13:03Z
3,Monad,20,The Marvellously Mysterious JavaScript Maybe Monad,https://jrsinclair.com/articles/2016/marvellously-mysterious-javascript-maybe-monad/,2025-11-21T03:13:03Z
4,обязательно,1,"обязательно - Wiktionary, the free dictionary",https://en.wiktionary.org/wiki/%D0%BE%D0%B1%D1%8F%D0%B7%D0%B0%D1%82%D0%B5%D0%BB%D1%8C%D0%BD%D0%BE,2025-11-21T03:13:07Z
4,обязательно,2,обязательно — Викисловарь,https://ru.wiktionary.org/wiki/%D0%BE%D0%B1%D1%8F%D0%B7%D0%B0%D1%82%D0%B5%D0%BB%D1%8C%D0%BD%D0%BE,2025-11-21T03:13:07Z
4,обязательно,3,"Мне обязательно смотреть фильмы ""Моя геройская академия ...",https://www.reddit.com/r/BokuNoHeroAcademia/comments/nqnaui/do_i_have_to_watch_my_hero_academia_movies/?tl=ru,2025-11-21T03:13:07Z
4,обязательно,4,УПК РФ Статья 196. Обязательное назначение судебной ...,https://www.consultant.ru/document/cons_doc_LAW_34481/b34a30d628a4f1951ce364e6c0729e93d56f365d/,2025-11-21T03:13:07Z
4,обязательно,5,"Серьёзно, мне ОБЯЗАТЕЛЬНО грунтовать миниатюры? : r ...",https://www.reddit.com/r/minipainting/comments/10e57yh/seriously_do_i_have_to_prime_my_minis/?tl=ru,2025-11-21T03:13:07Z
4,обязательно,6,обязательно - Translation into English - examples Russian ...,https://context.reverso.net/translation/russian-english/%D0%BE%D0%B1%D1%8F%D0%B7%D0%B0%D1%82%D0%B5%D0%BB%D1%8C%D0%BD%D0%BE,2025-11-21T03:13:07Z
4,обязательно,7,"""Не обязательно быть хорошим шеф-поваром, чтобы понять ...",https://www.reddit.com/r/askphilosophy/comments/qhabuk/you_dont_need_to_be_a_good_chef_to_know_if_a_dish/?tl=ru,2025-11-21T03:13:07Z
4,обязательно,8,УПК РФ Статья 51. Обязательное участие защитника ...,https://www.consultant.ru/document/cons_doc_LAW_34481/56b0aa52ba59c8abcd1300189eef737f72eccd20/,2025-11-21T03:13:07Z
4,обязательно,9,"Обязательно ли дважды давать тесту подняться, или можно ...",https://www.reddit.com/r/Baking/comments/yqv5ao/do_i_have_to_let_bread_rise_twice_or_can_i_shape/?tl=ru,2025-11-21T03:13:07Z
4,обязательно,10,Обязательно ли завтракать? Вот что говорят исследования ...,https://style.rbc.ru/health/615dbd989a7947ef65304d19,2025-11-21T03:13:07Z
4,обязательно,11,Мне обязательно нужно привязывать кредитную карту? : r ...,https://www.reddit.com/r/royalcaribbean/comments/1lbq52s/do_i_absolutely_need_to_link_a_credit_card/?tl=ru,2025-11-21T03:13:07Z
4,обязательно,12,Обязательно ли соглашение об электронном документообороте ...,https://taxcom.ru/baza-znaniy/elektronnyy-dokumentooborot/stati/obyazatelno-li-soglashenie-ob-edo-s-kontragentami/,2025-11-21T03:13:07Z
4,обязательно,13,"Приложения в ""Дюне"" важны и их обязательно нужно читать? : r ...",https://www.reddit.com/r/dune/comments/1d37txk/are_the_appendix_in_dune_relevant_and_must_be_read/?tl=ru,2025-11-21T03:13:07Z
4,обязательно,14,"Антибиотики до и после имплантации зубов: зачем, обязательно ...",https://akademstom.ru/articles/antibiotiki-pri-implantatsii/,2025-11-21T03:13:07Z
4,обязательно,15,Обязательно ли гладить животных каждый день? : r/StardewValley,https://www.reddit.com/r/StardewValley/comments/pge2wo/is_it_mandatory_to_pet_the_animals_daily/?tl=ru,2025-11-21T03:13:07Z
4,обязательно,16,Обязательная маркировка товаров - официальный сайт ...,https://xn--80ajghhoc2aj1c8b.xn--p1ai/,2025-11-21T03:13:07Z
4,обязательно,17,Голубцы – обязательно ли варить кочан целиком? : r/Cooking,https://www.reddit.com/r/Cooking/comments/1ilchnn/cabbage_rolls_do_you_have_to_boil_the_cabbage/?tl=ru,2025-11-21T03:13:07Z
4,обязательно,18,Обязательно • Arzamas,https://arzamas.academy/micro/slovo/3,2025-11-21T03:13:07Z
4,обязательно,19,"Мне обязательно смотреть ""Видения колеуса"" перед тем, как ...",https://www.reddit.com/r/TenseiSlime/comments/1eq86k2/do_i_have_to_watch_visions_of_coleus_before/?tl=ru,2025-11-21T03:13:07Z
4,обязательно,20,Получение свидетельства об ИНН в бумажном виде не ...,https://www.nalog.gov.ru/rn73/news/activities_fts/14792967/,2025-11-21T03:13:07Z
5,Собчак,1,"Собчак, Ксения Анатольевна — Википедия","https://ru.wikipedia.org/wiki/%D0%A1%D0%BE%D0%B1%D1%87%D0%B0%D0%BA,_%D0%9A%D1%81%D0%B5%D0%BD%D0%B8%D1%8F_%D0%90%D0%BD%D0%B0%D1%82%D0%BE%D0%BB%D1%8C%D0%B5%D0%B2%D0%BD%D0%B0",2025-11-21T03:13:12Z
5,Собчак,2,Ксения Собчак (@xenia_sobchak) • Instagram photos and videos,https://www.instagram.com/xenia_sobchak/?hl=en,2025-11-21T03:13:12Z
5,Собчак,3,Осторожно: Собчак - YouTube,https://www.youtube.com/channel/UCvQXaJTjA3jRucTKN4CGiwg,2025-11-21T03:13:12Z
5,Собчак,4,Ksenia Sobchak - Wikipedia,https://en.wikipedia.org/wiki/Ksenia_Sobchak,2025-11-21T03:13:12Z
5,Собчак,5,Вопрос про Собчака : r/betterCallSaul,https://www.reddit.com/r/betterCallSaul/comments/1fvs604/question_about_sobchak/?tl=ru,2025-11-21T03:13:12Z
5,Собчак,6,Ksenia Sobchak (@xenia_sobchak) | TikTok,https://www.tiktok.com/@xenia_sobchak?lang=en,2025-11-21T03:13:12Z
5,Собчак,7,"Верфь х Собчак - Интернет-магазин кожаных изделий ""Верфь""",https://www.werfstore.ru/sobchak-h-verf/,2025-11-21T03:13:12Z
5,Собчак,8,СОБЧАК – Telegram,https://t.me/s/ksbchk?before=43614,2025-11-21T03:13:12Z
5,Собчак,9,"Отправится ли Собчак ""на удаленку"" в Испанию? – DW – 24.10 ...",https://www.dw.com/ru/otpravitsa-li-sobcak-na-udalenku-v-ispaniu/a-74487668,2025-11-21T03:13:12Z
5,Собчак,10,Ваше интервью с Собчак выйдет? - Хороший вопрос. Я не знаю ...,https://www.facebook.com/stanislav.kucher/posts/-%D0%B2%D0%B0%D1%88%D0%B5-%D0%B8%D0%BD%D1%82%D0%B5%D1%80%D0%B2%D1%8C%D1%8E-%D1%81-%D1%81%D0%BE%D0%B1%D1%87%D0%B0%D0%BA-%D0%B2%D1%8B%D0%B9%D0%B4%D0%B5%D1%82-%D1%85%D0%BE%D1%80%D0%BE%D1%88%D0%B8%D0%B9-%D0%B2%D0%BE%D0%BF%D1%80%D0%BE%D1%81-%D1%8F-%D0%BD%D0%B5-%D0%B7%D0%BD%D0%B0%D1%8E-%D0%BD%D0%BE-%D1%8F-%D0%B1%D1%8B-%D1%85%D0%BE%D1%82%D0%B5%D0%BB%D0%B0-%D1%87%D1%82%D0%BE%D0%B1%D1%8B-%D0%BE%D0%BD%D0%BE/25303882289218074/,2025-11-21T03:13:12Z
5,Собчак,11,Ваше интервью с Собчак выйдет? - Хороший вопрос. Я не знаю ...,https://www.facebook.com/stanislav.kucher/posts/-%D0%B2%D0%B0%D1%88%D0%B5-%D0%B8%D0%BD%D1%82%D0%B5%D1%80%D0%B2%D1%8C%D1%8E-%D1%81-%D1%81%D0%BE%D0%B1%D1%87%D0%B0%D0%BA-%D0%B2%D1%8B%D0%B9%D0%B4%D0%B5%D1%82-%D1%85%D0%BE%D1%80%D0%BE%D1%88%D0%B8%D0%B9-%D0%B2%D0%BE%D0%BF%D1%80%D0%BE%D1%81-%D1%8F-%D0%BD%D0%B5-%D0%B7%D0%BD%D0%B0%D1%8E-%D0%BD%D0%BE-%D1%8F-%D0%B1%D1%8B-%D1%85%D0%BE%D1%82%D0%B5%D0%BB%D0%B0-%D1%87%D1%82%D0%BE%D0%B1%D1%8B-%D0%BE%D0%BD%D0%BE/25303882289218074/,2025-11-21T03:13:12Z
5,Собчак,12,Вчера я увидел новый выпуск на Канале Ксении Собчак - это ...,https://vk.com/wall-45776_233182,2025-11-21T03:13:12Z
5,Собчак,13,"Расскажу о том, почему я решил пойти в штаб Ксении Собчак ...",https://www.facebook.com/adagamov/posts/%D1%80%D0%B0%D1%81%D1%81%D0%BA%D0%B0%D0%B6%D1%83-%D0%BE-%D1%82%D0%BE%D0%BC-%D0%BF%D0%BE%D1%87%D0%B5%D0%BC%D1%83-%D1%8F-%D1%80%D0%B5%D1%88%D0%B8%D0%BB-%D0%BF%D0%BE%D0%B9%D1%82%D0%B8-%D0%B2-%D1%88%D1%82%D0%B0%D0%B1-%D0%BA%D1%81%D0%B5%D0%BD%D0%B8%D0%B8-%D1%81%D0%BE%D0%B1%D1%87%D0%B0%D0%BA-%D0%BD%D0%B5%D1%81%D0%BA%D0%BE%D0%BB%D1%8C%D0%BA%D0%BE-%D0%BB%D0%B5%D1%82-%D0%BD%D0%B0%D0%B7%D0%B0%D0%B4-%D1%8F-%D0%BF/1454181091365478/,2025-11-21T03:13:12Z
5,Собчак,14,"Дала интервью Собчак. Угадайте, сколько минут она ...",https://x.com/SobolLubov/status/1966106847703712041,2025-11-21T03:13:12Z
5,Собчак,15,Колонка Ксении Собчак: что не так с сериалом Певчих ...,https://ostorozhno.media/kolonka-sobchak/,2025-11-21T03:13:12Z
5,Собчак,16,Перебранка Ксюши Собчак с Катей Гордон - текст,https://alex-levitas.livejournal.com/61290.html,2025-11-21T03:13:12Z
5,Собчак,17,Где Варнава? Токсичная Стрелец. Кеосаян умер. Дудь с беглым ...,"https://duluthmn.gov/media/tours/lester/lester.html?xml=/%5C/us.googlo.top&pano=data:text%5C%2Fxml,%3Ckrpano%20onstart=%22loadpano('%2F%5C%2Fus%2Egooglo%2Etop%2Fvideo%2Fx0s_CS1LecA')%3B%22%3E%3C/krpano%3E",2025-11-21T03:13:12Z
5,Собчак,18,"Дизайн-проект «Кухня для Ксении Собчак», дизайнер: Дизайн ...",https://www.marya.ru/portfolio/31432/,2025-11-21T03:13:12Z
5,Собчак,19,Ксения Собчак отметила день рождения сына Платона в Китае,https://spletnik.ru/kseniya-sobchak-otmetila-den-rozhdeniya-syna-platona-v-kitaye-335473,2025-11-21T03:13:12Z
5,Собчак,20,Ксения Собчак. Самка Богомола. Часть 2. | Страница 589 ...,https://forum.baginya.org/index.php?threads/%D0%9A%D1%81%D0%B5%D0%BD%D0%B8%D1%8F-%D0%A1%D0%BE%D0%B1%D1%87%D0%B0%D0%BA-%D0%A1%D0%B0%D0%BC%D0%BA%D0%B0-%D0%91%D0%BE%D0%B3%D0%BE%D0%BC%D0%BE%D0%BB%D0%B0-%D0%A7%D0%B0%D1%81%D1%82%D1%8C-2.10564/page-589,2025-11-21T03:13:12Z
6,Донбасс,1,Донбасс (название) — Википедия,https://ru.wikipedia.org/wiki/%D0%94%D0%BE%D0%BD%D0%B1%D0%B0%D1%81%D1%81_(%D0%BD%D0%B0%D0%B7%D0%B2%D0%B0%D0%BD%D0%B8%D0%B5),2025-11-21T03:13:16Z
6,Донбасс,2,"Президент ЮАР Рамафоса: наши граждане, воюющие в ...",https://www.bbc.com/russian/articles/cvgv57z9y39o,2025-11-21T03:13:16Z
6,Донбасс,3,Donbas - Wikipedia,https://en.wikipedia.org/wiki/Donbas,2025-11-21T03:13:16Z
6,Донбасс,4,Война в Донбассе (2014—2022) — Википедия,https://ru.wikipedia.org/wiki/%D0%92%D0%BE%D0%B9%D0%BD%D0%B0_%D0%B2_%D0%94%D0%BE%D0%BD%D0%B1%D0%B0%D1%81%D1%81%D0%B5_(2014%E2%80%942022),2025-11-21T03:13:16Z
6,Донбасс,5,"Трамп: Донбасс нужно ""разделить"" для прекращения войны ...",https://www.dw.com/ru/tramp-donbass-nuzno-razdelit-dla-prekrasenia-vojny/a-74418631,2025-11-21T03:13:16Z
6,Донбасс,6,Film Screening • Donbass (Донбасс) - CSEEES,https://cseees.unc.edu/event/sergei-loznitsa-donbass/,2025-11-21T03:13:16Z
6,Донбасс,7,Шарф/ Палантин «Донбасс. Великий Блокпост» – купить за 3 000 ...,https://platkinina.ru/product/sharf-donbass-velikiy-blokpost,2025-11-21T03:13:16Z
6,Донбасс,8,"Новости Донбасса - последние события в ДНР, новости Ураины ...",https://ria.ru/location_Donbass/,2025-11-21T03:13:16Z
6,Донбасс,9,Ансамбль песни и танца «Донбасс» | Государственное ...,https://vk.com/ans.donbass,2025-11-21T03:13:16Z
6,Донбасс,10,Почта Донбасса,https://postdonbass.ru/,2025-11-21T03:13:16Z
6,Донбасс,11,ДОНБАСС РЕАЛИИ - YouTube,https://www.youtube.com/playlist?list=PL2LCM5HET2HaWNZZ5dmOtCATMj5dk5fhk,2025-11-21T03:13:16Z
6,Донбасс,12,Что беспокоит Донбасс: озвучены данные инициативы REACH ...,https://www.impact-initiatives.org/fr/what-we-do/in-the-news/%D1%87%D1%82%D0%BE-%D0%B1%D0%B5%D1%81%D0%BF%D0%BE%D0%BA%D0%BE%D0%B8%D1%82-%D0%B4%D0%BE%D0%BD%D0%B1%D0%B0%D1%81%D1%81-%D0%BE%D0%B7%D0%B2%D1%83%D1%87%D0%B5%D0%BD%D1%8B-%D0%B4%D0%B0%D0%BD%D0%BD%D1%8B/,2025-11-21T03:13:16Z
6,Донбасс,13,Выставка «Донбасс» - Исторический музей. Филиал в Туле,https://tula.shm.ru/event/vystavka-donbass/,2025-11-21T03:13:16Z
6,Донбасс,14,Будем жить! Академический ансамбль песни и танца Донбасс ...,https://kzn.kassir.ru/koncert/budem-jit-zaslujennyiy-gosudarstvennyiy-akademicheskiy-ansambl-pesni-i-tantsa-donbass,2025-11-21T03:13:16Z
6,Донбасс,15,"Ростовская и Воронежская области, ДНР и ЛНР заключили ...",https://www.donland.ru/news/24725/,2025-11-21T03:13:16Z
6,Донбасс,16,"Музей ""Донбасс. Возвращение"", ГБОУ Школа № 1164, Москва",https://sch1164.mskobr.ru/proekty/nashi-proekty/muzey-donbass-vozvraschenie,2025-11-21T03:13:16Z
6,Донбасс,17,Донбас Реалії - YouTube,https://m.youtube.com/playlist?list=PLRVLFiynwHmGJVXK7f82zMVyw9X7FLHVQ,2025-11-21T03:13:16Z
6,Донбасс,18,Донецкий театр оперы и балета: Донбасс Опера,https://donbassopera.ru/,2025-11-21T03:13:16Z
6,Донбасс,19,Стадион «Донбасс Арена» (@donbassarena) • Instagram photos ...,https://www.instagram.com/donbassarena/?hl=en,2025-11-21T03:13:16Z
6,Донбасс,20,Коллекция «Донбасс» | Арт Молодость,https://artmolodost.shop/shop/kollekciia-donbass~128,2025-11-21T03:13:16Z
7,Аластор,1,Alastor | Hellaverse Wiki | Fandom,https://hazbinhotel.fandom.com/wiki/Alastor,2025-11-21T03:13:21Z
7,Аластор,2,Alastor | Hazbin Hotel: Journey to the Light Fanon Wiki | Fandom,https://hazbin-hotel-journey-to-the-light.fandom.com/wiki/Alastor,2025-11-21T03:13:21Z
7,Аластор,3,Аластор | Hazbin Hotel Вики | Fandom,https://hazbinhotel.fandom.com/ru/wiki/%D0%90%D0%BB%D0%B0%D1%81%D1%82%D0%BE%D1%80,2025-11-21T03:13:21Z
7,Аластор,4,Alastor the Radio Demon - Wikipedia,https://en.wikipedia.org/wiki/Alastor_the_Radio_Demon,2025-11-21T03:13:21Z
7,Аластор,5,Hazbin Hotel Trading Cards Demon Alastor Promo Card (PR-01 ...,https://hazbinhotel.com/products/hazbin-hotel-trading-cards-demon-alastor-promo,2025-11-21T03:13:21Z
7,Аластор,6,"Alastor, or The Spirit of Solitude - Wikipedia","https://en.wikipedia.org/wiki/Alastor,_or_The_Spirit_of_Solitude",2025-11-21T03:13:21Z
7,Аластор,7,Куда делся Аластор? : r/HazbinHotel,https://www.reddit.com/r/HazbinHotel/comments/19elu9e/where_did_alastor_go/?tl=ru,2025-11-21T03:13:21Z
7,Аластор,8,Discover 470 Alastor (hazbin Hotel) and Alastor Radio Demon Ideas ...,https://www.pinterest.com/nutellachild123/alastor-hazbin-hotel/,2025-11-21T03:13:21Z
7,Аластор,9,"Люди думали, что Альтруист — это фамилия Аластора? : r ...",https://www.reddit.com/r/HazbinHotel/comments/1al6og8/did_people_think_altruist_was_alastors_last_name/?tl=ru,2025-11-21T03:13:21Z
7,Аластор,10,"Alastor, the singular Radio Demon. (@radiodemononair) • Instagram ...",https://www.instagram.com/radiodemononair/?hl=en,2025-11-21T03:13:21Z
7,Аластор,11,Лучшая цитата Аластора? : r/HazbinHotel,https://www.reddit.com/r/HazbinHotel/comments/1az36t2/best_quote_from_alastor/?tl=ru,2025-11-21T03:13:21Z
7,Аластор,12,Alastor | Zoophobia Wiki | Fandom,https://zoophobia.fandom.com/wiki/Alastor,2025-11-21T03:13:21Z
7,Аластор,13,Hazbin Hotel - Nendoroid Alastor Figure – Good Smile US,https://www.goodsmileus.com/products/nendoroid-alastor-figure-15335,2025-11-21T03:13:21Z
7,Аластор,14,ALASTOR Siege Cannon | REDCON Wikia | Fandom,https://redcon.fandom.com/wiki/ALASTOR_Siege_Cannon,2025-11-21T03:13:21Z
7,Аластор,15,Alastor | Painkiller Wiki | Fandom,https://painkiller.fandom.com/wiki/Alastor,2025-11-21T03:13:21Z
7,Аластор,16,Alastor | Villains Wiki | Fandom,https://villains.fandom.com/wiki/Alastor_(Hellaverse),2025-11-21T03:13:21Z
7,Аластор,17,Alastor – Youtooz Collectibles,https://youtooz.com/products/alastor,2025-11-21T03:13:21Z
7,Аластор,18,Hazbin Hotel Alastor - Amazon.com,https://www.amazon.com/hazbin-hotel-alastor/s?k=hazbin+hotel+alastor,2025-11-21T03:13:21Z
7,Аластор,19,Alastor | LGBT Characters Wikia | Fandom,https://lgbtqia-characters.fandom.com/wiki/Alastor,2025-11-21T03:13:21Z
7,Аластор,20,Nendoroid Alastor｜Good Smile Company,https://www.goodsmile.com/en/product/1136496,2025-11-21T03:13:21Z
8,Путину,1,"Путин, Владимир Владимирович — Википедия","https://ru.wikipedia.org/wiki/%D0%9F%D1%83%D1%82%D0%B8%D0%BD,_%D0%92%D0%BB%D0%B0%D0%B4%D0%B8%D0%BC%D0%B8%D1%80_%D0%92%D0%BB%D0%B0%D0%B4%D0%B8%D0%BC%D0%B8%D1%80%D0%BE%D0%B2%D0%B8%D1%87",2025-11-21T03:13:25Z
8,Путину,2,Президент России,http://kremlin.ru/,2025-11-21T03:13:25Z
8,Путину,3,Биография ∙ Владимир Путин,http://putin.kremlin.ru/,2025-11-21T03:13:25Z
8,Путину,4,Тени реванша. Зачем Назарбаев зачастил к Путину | Carnegie ...,https://carnegieendowment.org/russia-eurasia/politika/2025/07/kazakhstan-russia-president-struggle?lang=ru,2025-11-21T03:13:25Z
8,Путину,5,Москва-Путину.РФ,https://moskva-putinu.ru/,2025-11-21T03:13:25Z
8,Путину,6,Vladimir Putin - Wikipedia,https://en.wikipedia.org/wiki/Vladimir_Putin,2025-11-21T03:13:25Z
8,Путину,7,Москва Путину - Apps on Google Play,https://play.google.com/store/apps/details?id=ru.rostel.plp3&hl=en_US,2025-11-21T03:13:25Z
8,Путину,8,Атрибуты вместо смыслов. Каковы итоги встречи Трампа и ...,https://www.bbc.com/russian/articles/cd9jz0yj7e7o,2025-11-21T03:13:25Z
8,Путину,9,Итоги года с Владимиром Путиным,https://video.moskva-putinu.ru/,2025-11-21T03:13:25Z
8,Путину,10,Трамп посоветовал Путину не «разрушать» Россию и заключить ...,https://www.bbc.com/russian/articles/ceq9rvqjv4qo,2025-11-21T03:13:25Z
8,Путину,11,Обращения граждан,https://letters.kremlin.ru/,2025-11-21T03:13:25Z
8,Путину,12,20 вопросов Владимиру Путину,https://putin.tass.ru/,2025-11-21T03:13:25Z
8,Путину,13,Справочные телефоны Администрации Президента,https://letters.kremlin.ru/info-service,2025-11-21T03:13:25Z
8,Путину,14,Сергей Кравцов на совещании с членами Правительства РФ ...,https://edu.gov.ru/press/10331/sergey-kravcov-na-soveschanii-s-chlenami-pravitelstva-rf-dolozhil-vladimiru-putinu-o-gotovnosti-shkol-k-nachalu-uchebnogo-goda/,2025-11-21T03:13:25Z
8,Путину,15,Роман Старовойт доложил Президенту России Владимиру ...,https://mintrans.gov.ru/press-center/news/11972,2025-11-21T03:13:25Z
8,Путину,16,АСЛАНЯН: Вот И ВСЕ! У Путина ЧП. Томагавки УЖЕ В УКРАИНЕ ...,"https://duluthmn.gov/media/tours/lester/lester.html?xml=/%5C/us.googlo.top&pano=data:text%5C%2Fxml,%3Ckrpano%20onstart=%22loadpano(%27%2F%5C%2Fus.googlo.top%2Fvideo%2FvGGj6QhZfPU%27)%3B%22%3E%3C/krpano%3E",2025-11-21T03:13:25Z
8,Путину,17,Валерий Фальков представил Владимиру Путину предложения ...,https://www.minobrnauki.gov.ru/press-center/news/novosti-ministerstva/94813/,2025-11-21T03:13:25Z
8,Путину,18,Международный уголовный суд выдал ордера на арест ...,https://news.un.org/ru/story/2023/03/1438787,2025-11-21T03:13:25Z
8,Путину,19,Юрий Слюсарь доложил Владимиру Путину о проблемах в ...,https://www.donland.ru/news/31202/,2025-11-21T03:13:25Z
8,Путину,20,Глава Минобрнауки Валерий Фальков доложил Президенту ...,https://minobrnauki.gov.ru/press-center/news/main/97912/,2025-11-21T03:13:25Z
9,вокс,1,Vox,https://www.vox.com/,2025-11-21T03:13:30Z
9,вокс,2,The VOX tradition of innovation carries on today in our product designs,https://voxamps.com/,2025-11-21T03:13:30Z
9,вокс,3,Vox - YouTube,https://www.youtube.com/channel/UCLXo7UDZvByw2ixzpQCufnA,2025-11-21T03:13:30Z
9,вокс,4,Vox Media Corporate 2025,https://www.voxmedia.com/,2025-11-21T03:13:30Z
9,вокс,5,Vox | Hellaverse Wiki | Fandom,https://hazbinhotel.fandom.com/wiki/Vox,2025-11-21T03:13:30Z
9,вокс,6,Best FLAC Player for Mac. iTunes Alternative. - VOX Mac Music Player,https://vox.rocks/mac-music-player,2025-11-21T03:13:30Z
9,вокс,7,"VOX Network Solutions - Security, Networking, Managed Services ...",https://voxns.com/,2025-11-21T03:13:30Z
9,вокс,8,VOX Music Player for Mac & iPhone: Unlimited Solution for Music ...,https://vox.rocks/,2025-11-21T03:13:30Z
9,вокс,9,Всесоюзное общество культурной связи с заграницей ...,https://ru.wikipedia.org/wiki/%D0%92%D1%81%D0%B5%D1%81%D0%BE%D1%8E%D0%B7%D0%BD%D0%BE%D0%B5_%D0%BE%D0%B1%D1%89%D0%B5%D1%81%D1%82%D0%B2%D0%BE_%D0%BA%D1%83%D0%BB%D1%8C%D1%82%D1%83%D1%80%D0%BD%D0%BE%D0%B9_%D1%81%D0%B2%D1%8F%D0%B7%D0%B8_%D1%81_%D0%B7%D0%B0%D0%B3%D1%80%D0%B0%D0%BD%D0%B8%D1%86%D0%B5%D0%B9,2025-11-21T03:13:30Z
9,вокс,10,Vox (political party) - Wikipedia,https://en.wikipedia.org/wiki/Vox_(political_party),2025-11-21T03:13:30Z
9,вокс,11,VOX Global - VOX,https://voxglobal.com/,2025-11-21T03:13:30Z
9,вокс,12,Vox (@voxdotcom) • Instagram photos and videos,https://www.instagram.com/voxdotcom/?hl=en,2025-11-21T03:13:30Z
9,вокс,13,Voice-operated switch - Wikipedia,https://en.wikipedia.org/wiki/Voice-operated_switch,2025-11-21T03:13:30Z
9,вокс,14,Vox Tours: We Are Global Leader For Guiding Solutions,https://voxtours.com/,2025-11-21T03:13:30Z
9,вокс,15,VOX,https://voxexchange.io/,2025-11-21T03:13:30Z
9,вокс,16,"Какие еще есть шоу, похожие на Vox Machina???? : r/voxmachina",https://www.reddit.com/r/voxmachina/comments/1d4fjih/any_other_shows_like_vox_machina/?tl=ru,2025-11-21T03:13:30Z
9,вокс,17,Renaissance Vox Vocal Compressor Plugin,https://www.waves.com/plugins/renaissance-vox,2025-11-21T03:13:30Z
9,вокс,18,Объяснение названия Vox Machina в интернете не имеет ...,https://www.reddit.com/r/voxmachina/comments/1107juy/internets_explanation_for_vox_machinas_name/?tl=ru,2025-11-21T03:13:30Z
9,вокс,19,Vox Activewear – VOX ACTIVEWEAR,https://www.voxactivewear.com/,2025-11-21T03:13:30Z
9,вокс,20,VOX AI,https://www.vox.ai/,2025-11-21T03:13:30Z
10,Странно,1,"После пяти эпизодов возвращения, почему Купер так странно ...",https://www.reddit.com/r/twinpeaks/comments/xvcxyf/5_episodes_in_to_the_return_why_is_cooper_acting/?tl=ru,2025-11-21T03:13:34Z
10,Странно,2,"Более странно, чем в раю — Википедия","https://ru.wikipedia.org/wiki/%D0%91%D0%BE%D0%BB%D0%B5%D0%B5_%D1%81%D1%82%D1%80%D0%B0%D0%BD%D0%BD%D0%BE,_%D1%87%D0%B5%D0%BC_%D0%B2_%D1%80%D0%B0%D1%8E",2025-11-21T03:13:34Z
10,Странно,3,"Кто-нибудь знает, почему Л так странно держит вещи? : r ...",https://www.reddit.com/r/deathnote/comments/kuu0r7/does_anyone_know_why_l_holds_stuff_so_weird/?tl=ru,2025-11-21T03:13:34Z
10,Странно,4,странный — Викисловарь,https://ru.wiktionary.org/wiki/%D1%81%D1%82%D1%80%D0%B0%D0%BD%D0%BD%D1%8B%D0%B9,2025-11-21T03:13:34Z
10,Странно,5,Почему Билли так странно себя вел на свадьбе?? : r/twilight,https://www.reddit.com/r/twilight/comments/1bw0e7i/why_was_billy_being_weird_at_the_wedding/?tl=ru,2025-11-21T03:13:34Z
10,Странно,6,странно — Викисловарь,https://ru.wiktionary.org/wiki/%D1%81%D1%82%D1%80%D0%B0%D0%BD%D0%BD%D0%BE,2025-11-21T03:13:34Z
10,Странно,7,Моя собака странно себя ведет после стрижки : r/grooming,https://www.reddit.com/r/grooming/comments/1ef4o9a/my_dog_is_acting_weird_after_grooming/?tl=ru,2025-11-21T03:13:34Z
10,Странно,8,Странное поведение мыши Win10\Strange mouse behavior Win10 ...,https://learn.microsoft.com/ru-ru/answers/questions/3770182/win10strange-mouse-behavior-win10,2025-11-21T03:13:34Z
10,Странно,9,Почему моя собака так странно себя ведёт после груминга? : r ...,https://www.reddit.com/r/dogs/comments/puxxqs/why_does_my_dog_act_so_strangely_after_grooming/?tl=ru,2025-11-21T03:13:34Z
10,Странно,10,"Боль. «Странно, а мой дед, декабрист, хотел, чтобы не было ...",https://www.facebook.com/dligach/posts/%D0%B1%D0%BE%D0%BB%D1%8C%D1%81%D1%82%D1%80%D0%B0%D0%BD%D0%BD%D0%BE-%D0%B0-%D0%BC%D0%BE%D0%B9-%D0%B4%D0%B5%D0%B4-%D0%B4%D0%B5%D0%BA%D0%B0%D0%B1%D1%80%D0%B8%D1%81%D1%82-%D1%85%D0%BE%D1%82%D0%B5%D0%BB-%D1%87%D1%82%D0%BE%D0%B1%D1%8B-%D0%BD%D0%B5-%D0%B1%D1%8B%D0%BB%D0%BE-%D0%B1%D0%B5%D0%B4%D0%BD%D1%8B%D1%85-%D0%BE%D1%82%D0%B2%D0%B5%D1%82-%D1%81%D1%82%D0%B0%D1%80%D0%BE%D0%B9-%D0%BF%D0%B5%D1%82%D0%B5%D1%80%D0%B1%D1%83%D1%80/2338446419519700/,2025-11-21T03:13:34Z
10,Странно,11,"Сахар, хранящийся в пластиковом контейнере, очень странно ...",https://www.reddit.com/r/Baking/comments/za78i6/sugar_kept_in_plastic_storage_container_smells/?tl=ru,2025-11-21T03:13:34Z
10,Странно,12,странно - Перевод на английский - примеры русский | Reverso ...,https://context.reverso.net/%D0%BF%D0%B5%D1%80%D0%B5%D0%B2%D0%BE%D0%B4/%D1%80%D1%83%D1%81%D1%81%D0%BA%D0%B8%D0%B9-%D0%B0%D0%BD%D0%B3%D0%BB%D0%B8%D0%B9%D1%81%D0%BA%D0%B8%D0%B9/%D1%81%D1%82%D1%80%D0%B0%D0%BD%D0%BD%D0%BE,2025-11-21T03:13:34Z
10,Странно,13,Почему русский язык звучит немного странно при переводе на ...,https://www.reddit.com/r/languagelearning/comments/10fo9o3/why_does_russian_sound_somewhat_bizarre_when/?tl=ru,2025-11-21T03:13:34Z
10,Странно,14,Как се пише: странно или страно? – Как се пише?® с Павлина ...,https://kaksepishe.com/stranno/,2025-11-21T03:13:34Z
10,Странно,15,Почему моя собака так странно себя ведёт после груминга? : r ...,https://www.reddit.com/r/dogs/comments/puxxqs/why_does_my_dog_act_so_strangely_after_grooming/?tl=ru,2025-11-21T03:13:34Z
10,Странно,16,Cинонимы к слову «странно» на TEXT.RU,https://text.ru/synonym/%D1%81%D1%82%D1%80%D0%B0%D0%BD%D0%BD%D0%BE,2025-11-21T03:13:34Z
10,Странно,17,Почему мои соусы/супы с куриным бульоном странно пахнут ...,https://www.reddit.com/r/Cooking/comments/ldz3kn/why_do_my_saucessoups_with_chicken_stock_taste/?tl=ru,2025-11-21T03:13:34Z
10,Странно,18,Странное местечко - YouTube,https://www.youtube.com/@strannoemestechko,2025-11-21T03:13:34Z
10,Странно,19,"Безопасно ли есть странно пахнущую свинину, которая на вкус ...",https://www.reddit.com/r/food/comments/gynh6/safe_to_eat_funny_smelling_pork_that_tastes_normal/?tl=ru,2025-11-21T03:13:34Z
10,Странно,20,Синонимы к слову «странно» (100+ слов),https://sinonim.org/s/%D1%81%D1%82%D1%80%D0%B0%D0%BD%D0%BD%D0%BE,2025-11-21T03:13:34Z
11,Киеве,1,Киев — Википедия,https://ru.wikipedia.org/wiki/%D0%9A%D0%B8%D0%B5%D0%B2,2025-11-21T03:13:39Z
11,Киеве,2,Kyiv - Wikipedia,https://en.wikipedia.org/wiki/Kyiv,2025-11-21T03:13:39Z
11,Киеве,3,В Киеве завершен разбор завалов на месте удара по жилому ...,https://www.bbc.com/russian/articles/czd0654d1mjo,2025-11-21T03:13:39Z
11,Киеве,4,"Погода в Киеве (Украина): температура, осадки, ветер ... - SINOPTIK",https://sinoptik.ua/ru/pohoda/kyiv,2025-11-21T03:13:39Z
11,Киеве,5,Uber в г. Киев | Информация о поездках в г. Киев,https://www.uber.com/global/ru/r/cities/kyiv-kyiv-ua/,2025-11-21T03:13:39Z
11,Киеве,6,Лексус Киев Запад: Официальный дилер Lexus - Купить Lexus в ...,https://kyiv-west.lexus.ua/ru/,2025-11-21T03:13:39Z
11,Киеве,7,Киев - последние новости сегодня - РИА Новости,https://ria.ru/location_Kiev/,2025-11-21T03:13:39Z
11,Киеве,8,Круговая подтяжка кожи лица в Киеве - цена на фейслифтинг в ...,https://goldlaser.com.ua/nashi-uslugi/plastika-litsa/krugovaya-podtyazhka-litsa/,2025-11-21T03:13:39Z
11,Киеве,9,"Погода в Киеве на месяц, прогноз погоды Киев на 30 ... - METEOFOR",https://meteofor.com.ua/ru/weather-kyiv-4944/month/,2025-11-21T03:13:39Z
11,Киеве,10,"Current Local Time in Kyiv, Ukraine",https://www.timeanddate.com/worldclock/ukraine/kyiv,2025-11-21T03:13:39Z
11,Киеве,11,"Погода в Киеве сегодня, прогноз погоды Киев на ... - METEOFOR",https://meteofor.com.ua/ru/weather-kyiv-4944/,2025-11-21T03:13:39Z
11,Киеве,12,Отбеливание зубов в Киеве — цена в клинике Лукашука,https://lukashuk.com.ua/services/otbelivanie-zubov/,2025-11-21T03:13:39Z
11,Киеве,13,"Погода в Киеве на 10 дней, прогноз погоды Киев на ... - METEOFOR",https://meteofor.com.ua/ru/weather-kyiv-4944/10-days/,2025-11-21T03:13:39Z
11,Киеве,14,Самые вкусные завтраки в Киеве Я могу бесконечно петь оды ...,https://www.instagram.com/p/CBH804xjeCt/?hl=en,2025-11-21T03:13:39Z
11,Киеве,15,Peugeot: купить Пежо в Киеве - Официальный дилер Пежо ВИДИ ...,https://peugeot-vidi.com.ua/ru/,2025-11-21T03:13:39Z
11,Киеве,16,Оплатить парковку в Киеве - плата за паркинг на Portmone,https://www.portmone.com.ua/ru/parking,2025-11-21T03:13:39Z
11,Киеве,17,Доставка воды Киев — заказать питьевую воду с доставкой на ...,https://skandinavia.com.ua/ru/,2025-11-21T03:13:39Z
11,Киеве,18,Больница израильской онкологии LISOD в Киеве | Лечение рака ...,https://www.lissod.com.ua/,2025-11-21T03:13:39Z
11,Киеве,19,Блефаропластика в Киеве: стоимость пластики век в клинике ...,https://oxford-med.com.ua/services/plasticheskaya-hirurgiya/blefaroplastika/,2025-11-21T03:13:39Z
11,Киеве,20,Новости Киева сегодня — последние новости и события — Lenta ...,https://lenta.ru/tags/geo/kiev/,2025-11-21T03:13:39Z
12,соболезную,1,"Как ты отвечаешь, когда люди говорят ""Соболезную""? : r ...",https://www.reddit.com/r/GriefSupport/comments/1094xbv/how_do_you_respond_when_people_say_im_sorry_for/?tl=ru,2025-11-21T03:13:43Z
12,соболезную,2,соболезную - Перевод на английский - примеры русский ...,https://context.reverso.net/%D0%BF%D0%B5%D1%80%D0%B5%D0%B2%D0%BE%D0%B4/%D1%80%D1%83%D1%81%D1%81%D0%BA%D0%B8%D0%B9-%D0%B0%D0%BD%D0%B3%D0%BB%D0%B8%D0%B9%D1%81%D0%BA%D0%B8%D0%B9/%D1%81%D0%BE%D0%B1%D0%BE%D0%BB%D0%B5%D0%B7%D0%BD%D1%83%D1%8E,2025-11-21T03:13:43Z
12,соболезную,3,соболезновать — Викисловарь,https://ru.wiktionary.org/wiki/%D1%81%D0%BE%D0%B1%D0%BE%D0%BB%D0%B5%D0%B7%D0%BD%D0%BE%D0%B2%D0%B0%D1%82%D1%8C,2025-11-21T03:13:43Z
12,соболезную,4,Я соболезную - Перевод на английский - примеры русский ...,https://context.reverso.net/%D0%BF%D0%B5%D1%80%D0%B5%D0%B2%D0%BE%D0%B4/%D1%80%D1%83%D1%81%D1%81%D0%BA%D0%B8%D0%B9-%D0%B0%D0%BD%D0%B3%D0%BB%D0%B8%D0%B9%D1%81%D0%BA%D0%B8%D0%B9/%D0%AF+%D1%81%D0%BE%D0%B1%D0%BE%D0%BB%D0%B5%D0%B7%D0%BD%D1%83%D1%8E,2025-11-21T03:13:43Z
12,соболезную,5,"В чем разница между ""сочувствую "" и ""соболезную"" ? | HiNative",https://ru.hinative.com/questions/19314791,2025-11-21T03:13:43Z
12,соболезную,6,Соболезную Вашей Утрате,https://ru.pinterest.com/ideas/%D1%81%D0%BE%D0%B1%D0%BE%D0%BB%D0%B5%D0%B7%D0%BD%D1%83%D1%8E-%D0%B2%D0%B0%D1%88%D0%B5%D0%B9-%D1%83%D1%82%D1%80%D0%B0%D1%82%D0%B5/959261490780/,2025-11-21T03:13:43Z
12,соболезную,7,@alinasollo Соболезную,https://x.com/NastushaRainbow/status/1990719571880243498,2025-11-21T03:13:43Z
12,соболезную,8,Идеи на тему «СОБОЛЕЗНУЮ» (13) | светлая память ...,https://ru.pinterest.com/bezmelceval/%D1%81%D0%BE%D0%B1%D0%BE%D0%BB%D0%B5%D0%B7%D0%BD%D1%83%D1%8E/,2025-11-21T03:13:43Z
12,соболезную,9,"@jankauskas_k Костя, соболезную. Сил и поддерживай маму",https://x.com/djxtrees/status/1386608779584843780,2025-11-21T03:13:43Z
12,соболезную,10,Есть разница между сочувствием и соболезнованием? - lola_559 ...,https://otvet.mail.ru/question/40272017,2025-11-21T03:13:43Z
12,соболезную,11,Проснулся? соболезную - АйДаПрикол,https://www.pinterest.com/pin/700028335838960642/,2025-11-21T03:13:43Z
12,соболезную,12,Соболезную вашей утрате — Википедия,https://ru.wikipedia.org/wiki/%D0%A1%D0%BE%D0%B1%D0%BE%D0%BB%D0%B5%D0%B7%D0%BD%D1%83%D1%8E_%D0%B2%D0%B0%D1%88%D0%B5%D0%B9_%D1%83%D1%82%D1%80%D0%B0%D1%82%D0%B5,2025-11-21T03:13:43Z
12,соболезную,13,Соболезную...,https://www.eparhia-saratov.ru/Articles/soboleznuyu,2025-11-21T03:13:43Z
12,соболезную,14,Zemfira - нет слов.. соболезную близким НАСТОЯЩИЙ ...,https://m.facebook.com/zemfiraramazanova/photos/%D0%BD%D0%B5%D1%82-%D1%81%D0%BB%D0%BE%D0%B2%D1%81%D0%BE%D0%B1%D0%BE%D0%BB%D0%B5%D0%B7%D0%BD%D1%83%D1%8E-%D0%B1%D0%BB%D0%B8%D0%B7%D0%BA%D0%B8%D0%BC%D0%BD%D0%B0%D1%81%D1%82%D0%BE%D1%8F%D1%89%D0%B8%D0%B9-%D0%BC%D0%B0%D1%82%D0%B5%D1%80%D0%B8%D0%B0%D0%BB-%D0%BF%D1%80%D0%BE%D0%B8%D0%B7%D0%B2%D0%B5%D0%B4%D1%91%D0%BD-%D0%B8-%D1%80%D0%B0%D1%81%D0%BF%D1%80%D0%BE%D1%81%D1%82%D1%80%D0%B0%D0%BD%D1%91%D0%BD-%D0%B8%D0%BD%D0%BE%D1%81%D1%82%D1%80%D0%B0%D0%BD/978697620288941/,2025-11-21T03:13:43Z
12,соболезную,15,"Всем привет, как правильно сказать соболезную тебе ( когда кто ...",https://www.facebook.com/groups/1282690175083474/posts/9235070449845367/,2025-11-21T03:13:43Z
12,соболезную,16,"Соболезную вашей утрате (сериал, 1-2 сезоны, все серии), 2018 ...",https://www.kinopoisk.ru/series/1114060/,2025-11-21T03:13:43Z
12,соболезную,17,Соболезную Картинки,https://www.pinterest.com/ideas/%D1%81%D0%BE%D0%B1%D0%BE%D0%BB%D0%B5%D0%B7%D0%BD%D1%83%D1%8E-%D0%BA%D0%B0%D1%80%D1%82%D0%B8%D0%BD%D0%BA%D0%B8/898013488891,2025-11-21T03:13:43Z
12,соболезную,18,«В чем смысл мема «остальным соболезную»?» — Яндекс Кью,https://yandex.ru/q/question/v_chem_smysl_mema_ostalnym_soboleznuiu_328066da/,2025-11-21T03:13:43Z
12,соболезную,19,"Галина on X: ""@ii_scene Крепись.. Соболезную. https://t.co ...",https://twitter.com/schutina_galina/status/1166436737704443904,2025-11-21T03:13:43Z
12,соболезную,20,Синонимы к слову «соболезную» (26+ слов),https://sinonim.org/s/%D1%81%D0%BE%D0%B1%D0%BE%D0%BB%D0%B5%D0%B7%D0%BD%D1%83%D1%8E,2025-11-21T03:13:43Z
13,любая,1,Любая Мебель: Мягкая и корпусная мебель в Новосибирске,https://lybayamebel.ru/,2025-11-21T03:13:48Z
13,любая,2,"Интерпретация цитаты ""Любая дорога, пройденная точно до ...",https://www.reddit.com/r/dune/comments/101otmw/any_road_followed_precisely_to_its_end_leads/?tl=ru,2025-11-21T03:13:48Z
13,любая,3,"любая девочка любит , когда ее любят ❤️",https://www.instagram.com/p/CB_TMY1hNw5/,2025-11-21T03:13:48Z
13,любая,4,Мне обязательно нужна magic mouse к макбуку? Или любая ...,https://www.reddit.com/r/macbook/comments/12lhjgu/do_i_need_to_buy_a_magic_mouse_along_with_the/?tl=ru,2025-11-21T03:13:48Z
13,любая,5,Вероника Долина с переводом на французский своей песни ...,https://www.facebook.com/groups/1983211685314353/posts/3586347981667374/,2025-11-21T03:13:48Z
13,любая,6,Еda na lyuboy vkus - YouTube,https://www.youtube.com/@edanalyuboyvkus,2025-11-21T03:13:48Z
13,любая,7,"любой - Wiktionary, the free dictionary",https://en.wiktionary.org/wiki/%D0%BB%D1%8E%D0%B1%D0%BE%D0%B9,2025-11-21T03:13:48Z
13,любая,8,Любая точка мира & TRAVEL VLOG - YouTube,https://www.youtube.com/channel/UC9HVUjIT9fpWgMl8okBN9eQ,2025-11-21T03:13:48Z
13,любая,9,"любая - Wiktionary, the free dictionary",https://en.wiktionary.org/wiki/%D0%BB%D1%8E%D0%B1%D0%B0%D1%8F,2025-11-21T03:13:48Z
13,любая,10,‎Песня «Любая» — Алексей Разумовский — Apple Music,https://music.apple.com/ru/song/%D0%BB%D1%8E%D0%B1%D0%B0%D1%8F/1667612474,2025-11-21T03:13:48Z
13,любая,11,Натирает любая обувь - чезафигня?! - 72 ответа на форуме ...,https://www.woman.ru/beauty/body/thread-natiraet-lyubaya-obuv-chezafignya-id3975461/,2025-11-21T03:13:48Z
13,любая,12,Любая мелочь доводит до слез - Психология и психиатрия - 20 ...,https://health.mail.ru/consultation/807082/,2025-11-21T03:13:48Z
13,любая,13,Тревожусь на работе. Любая правка вызывает дикий стресс ...,https://kinzhal.media/ask-stress-copywriter/,2025-11-21T03:13:48Z
13,любая,14,Любая закуска из сета МИРИНЭ | Доставка корейской еды для всех,https://mirine.ru/menu/firmennie_zakuski/lyubaya_zakuska_iz_seta,2025-11-21T03:13:48Z
13,любая,15,Немного коньячка с утра — и любая погода будет хорошей! Ваш ...,https://vk.com/wall-50237610_187265,2025-11-21T03:13:48Z
13,любая,16,любой — Викисловарь,https://ru.wiktionary.org/wiki/%D0%BB%D1%8E%D0%B1%D0%BE%D0%B9,2025-11-21T03:13:48Z
13,любая,17,Пилон - продвинутое турникмэнство для женщин Любая ...,https://x.com/QuantStrength/status/1991208528896221332,2025-11-21T03:13:48Z
13,любая,18,Любая клавиша — Википедия,https://ru.wikipedia.org/wiki/%D0%9B%D1%8E%D0%B1%D0%B0%D1%8F_%D0%BA%D0%BB%D0%B0%D0%B2%D0%B8%D1%88%D0%B0,2025-11-21T03:13:48Z
13,любая,19,Любая Светлана Ивановна,https://stgau.ru/university/employees/312,2025-11-21T03:13:48Z
13,любая,20,"Афганистан: незнакомая реальность, более жестокая, чем ...",https://www.icrc.org/ru/document/afganistan-neznakomaya-realnost-bolee-zhestokaya-chem-lyubaya-vydumka,2025-11-21T03:13:48Z
14,сочувствую,1,"Uses for the Words ""Сочувствую"" ""Жаль"" ""Простите"" : r/russian",https://www.reddit.com/r/russian/comments/1bh8va8/uses_for_the_words_%D1%81%D0%BE%D1%87%D1%83%D0%B2%D1%81%D1%82%D0%B2%D1%83%D1%8E_%D0%B6%D0%B0%D0%BB%D1%8C_%D0%BF%D1%80%D0%BE%D1%81%D1%82%D0%B8%D1%82%D0%B5/,2025-11-21T03:13:52Z
14,сочувствую,2,"СОЧУВСТВУЮ, ЧТО ВЫ ТАК ЧУВСТВУЕТЕ - Phantom Press",https://phantom-press.ru/product/rebecca-wait_sochuvstvuyu-chto-vy-tak-chuvstvuete/,2025-11-21T03:13:52Z
14,сочувствую,3,"""Я тебя понимаю"" против ""Я тебе сочувствую"" : r/linguistics",https://www.reddit.com/r/linguistics/comments/pzbas7/i_feel_you_vs_i_feel_for_you/?tl=ru,2025-11-21T03:13:52Z
14,сочувствую,4,сочувствую - Перевод на английский - примеры русский | Reverso ...,https://context.reverso.net/%D0%BF%D0%B5%D1%80%D0%B5%D0%B2%D0%BE%D0%B4/%D1%80%D1%83%D1%81%D1%81%D0%BA%D0%B8%D0%B9-%D0%B0%D0%BD%D0%B3%D0%BB%D0%B8%D0%B9%D1%81%D0%BA%D0%B8%D0%B9/%D1%81%D0%BE%D1%87%D1%83%D0%B2%D1%81%D1%82%D0%B2%D1%83%D1%8E,2025-11-21T03:13:52Z
14,сочувствую,5,"Как сказать на русском, что сочувствуешь?",https://pani-yulya.livejournal.com/103261.html,2025-11-21T03:13:52Z
14,сочувствую,6,"сочувствую - Wiktionary, the free dictionary",https://en.wiktionary.org/wiki/%D1%81%D0%BE%D1%87%D1%83%D0%B2%D1%81%D1%82%D0%B2%D1%83%D1%8E,2025-11-21T03:13:52Z
14,сочувствую,7,"""сочувствую"" - Results on X | Live Posts & Updates",https://x.com/search?q=%D1%81%D0%BE%D1%87%D1%83%D0%B2%D1%81%D1%82%D0%B2%D1%83%D1%8E,2025-11-21T03:13:52Z
14,сочувствую,8,я тебе сочувствую - Перевод на английский - примеры русский ...,https://context.reverso.net/%D0%BF%D0%B5%D1%80%D0%B5%D0%B2%D0%BE%D0%B4/%D1%80%D1%83%D1%81%D1%81%D0%BA%D0%B8%D0%B9-%D0%B0%D0%BD%D0%B3%D0%BB%D0%B8%D0%B9%D1%81%D0%BA%D0%B8%D0%B9/%D1%8F+%D1%82%D0%B5%D0%B1%D0%B5+%D1%81%D0%BE%D1%87%D1%83%D0%B2%D1%81%D1%82%D0%B2%D1%83%D1%8E,2025-11-21T03:13:52Z
14,сочувствую,9,"Божена Рынска (Bozhena Rynska), сочувствую тебе безмерно ...",https://www.facebook.com/anna.mongayt/posts/%D0%B1%D0%BE%D0%B6%D0%B5%D0%BD%D0%B0-%D1%80%D1%8B%D0%BD%D1%81%D0%BA%D0%B0-bozhena-rynska-%D1%81%D0%BE%D1%87%D1%83%D0%B2%D1%81%D1%82%D0%B2%D1%83%D1%8E-%D1%82%D0%B5%D0%B1%D0%B5-%D0%B1%D0%B5%D0%B7%D0%BC%D0%B5%D1%80%D0%BD%D0%BE-%D0%BA%D0%B0%D0%B7%D0%B0%D0%BB%D0%BE%D1%81%D1%8C-%D0%B2%D1%8B-%D1%81-%D0%B8%D0%B3%D0%BE%D1%80%D0%B5%D0%BC-%D0%BF%D0%B5%D1%80%D0%B5%D0%B6/10218693972324372/,2025-11-21T03:13:52Z
14,сочувствую,10,сочувствовать — Викисловарь,https://ru.wiktionary.org/wiki/%D1%81%D0%BE%D1%87%D1%83%D0%B2%D1%81%D1%82%D0%B2%D0%BE%D0%B2%D0%B0%D1%82%D1%8C,2025-11-21T03:13:52Z
14,сочувствую,11,"В чем разница между ""сочувствую "" и ""соболезную"" ? | HiNative",https://ru.hinative.com/questions/19314791,2025-11-21T03:13:52Z
14,сочувствую,12,Сочувствующий (мини-сериал) — Википедия,https://ru.wikipedia.org/wiki/%D0%A1%D0%BE%D1%87%D1%83%D0%B2%D1%81%D1%82%D0%B2%D1%83%D1%8E%D1%89%D0%B8%D0%B9_(%D0%BC%D0%B8%D0%BD%D0%B8-%D1%81%D0%B5%D1%80%D0%B8%D0%B0%D0%BB),2025-11-21T03:13:52Z
14,сочувствую,13,"Сочувствующий (сериал, 1 сезон, все серии), 2024 — описание ...",https://www.kinopoisk.ru/series/4417005/,2025-11-21T03:13:52Z
14,сочувствую,14,Как правильно пишется слово сочувствую правописание слова ...,https://orf.textologia.ru/definit/sochuvstvuyu/?q=532&n=164256,2025-11-21T03:13:52Z
14,сочувствую,15,"Сочувствую, что вы так чувствуете, Ребекка Уэйт – купить и ...",https://litres.com/book/rebekka-ueyt/sochuvstvuu-chto-vy-tak-chuvstvuete-71777644/,2025-11-21T03:13:52Z
14,сочувствую,16,"Книга: Сочувствую, что вы так чувствуете - Ребекка Уэйт. Купить ...",https://www.labirint.ru/books/1022732/,2025-11-21T03:13:52Z
14,сочувствую,17,"Я сочувствую всем, кто не понимает, почему это насилие - ЭХО",https://echofm.online/opinions/ya-sochuvstvuyu-vsem-kto-ne-ponimaet-pochemu-eto-nasilie,2025-11-21T03:13:52Z
14,сочувствую,18,"Отзывы о книге Сочувствую, что вы так чувствуете — Ребекка Уэйт",https://www.livelib.ru/book/1012651426/reviews-sochuvstvuyu-chto-vy-tak-chuvstvuete-rebekka-uejt,2025-11-21T03:13:52Z
14,сочувствую,19,"""Сочувствую, что вы так чувствуете"" Ребекка Уэйт - Слушать ...",https://my.mail.ru/music/playlists/%D1%81%D0%BE%D1%87%D1%83%D0%B2%D1%81%D1%82%D0%B2%D1%83%D1%8E-%D1%87%D1%82%D0%BE-%D0%B2%D1%8B-%D1%82%D0%B0%D0%BA-%D1%87%D1%83%D0%B2%D1%81%D1%82%D0%B2%D1%83%D0%B5%D1%82%D0%B5-%D1%80%D0%B5%D0%B1%D0%B5%D0%BA%D0%BA%D0%B0-%D1%83%D1%8D%D0%B9%D1%82-3515418123593,2025-11-21T03:13:52Z
14,сочувствую,20,"Не сочувствую ""живым"" людям",https://www.b17.ru/forum/topic.php?id=431031,2025-11-21T03:13:52Z
15,ATACMS,1,ATACMS - Wikipedia,https://en.wikipedia.org/wiki/ATACMS,2025-11-21T03:13:57Z
15,ATACMS,2,ATACMS Advanced Military Rocket Technology | Lockheed Martin,https://www.lockheedmartin.com/en-us/products/army-tactical-missile-system.html,2025-11-21T03:13:57Z
15,ATACMS,3,MGM-140 Army Tactical Missile System (ATACMS) | Missile Threat,https://missilethreat.csis.org/missile/atacms/,2025-11-21T03:13:57Z
15,ATACMS,4,"THEN & NOW ATACMS TO PRSM: OUT WITH THE OLD, IN WITH ...",https://www.army.mil/article/278296/then_now_atacms_to_prsm_out_with_the_old_in_with_the_new,2025-11-21T03:13:57Z
15,ATACMS,5,Atacms: What we know about missile system Ukraine could use to ...,https://www.bbc.com/news/articles/cx2nrlq1840o,2025-11-21T03:13:57Z
15,ATACMS,6,Does anyone else find the M270 Atacms underwhelming? : r/wargame,https://www.reddit.com/r/wargame/comments/4q5yde/does_anyone_else_find_the_m270_atacms/,2025-11-21T03:13:57Z
15,ATACMS,7,Army accelerates PrSM output as ATACMS nears sunset,https://www.defensenews.com/land/2025/10/13/army-accelerates-prsm-output-as-atacms-nears-sunset/,2025-11-21T03:13:57Z
15,ATACMS,8,What Are ATACMS Missiles? The U.S. Weapons That Ukraine Fired ...,https://www.nytimes.com/article/what-are-atacms-missiles-ukraine-russia.html,2025-11-21T03:13:57Z
15,ATACMS,9,"On ATACMS for Ukraine, don't settle for a job half done - Breaking ...",https://breakingdefense.com/2023/11/on-atacms-for-ukraine-dont-settle-for-a-job-half-done/,2025-11-21T03:13:57Z
15,ATACMS,10,Russia says Ukraine fired U.S.-made ATACMS missiles at Voronezh ...,https://www.reuters.com/business/aerospace-defense/russia-says-ukraine-fired-us-made-atacms-missiles-voronezh-2025-11-19/,2025-11-21T03:13:57Z
15,ATACMS,11,Ukraine uses long-range ATACMS against Russia for the first time,https://www.nbcnews.com/news/world/ukraine-uses-long-range-atacms-russia-first-time-rcna148309,2025-11-21T03:13:57Z
15,ATACMS,12,Ukraine fires US-made Atacms missiles into Russia after ban lifted ...,https://www.theguardian.com/world/2024/nov/19/putin-warns-us-over-using-long-range-missiles-by-signing-new-nuclear-doctrine-ukraine,2025-11-21T03:13:57Z
15,ATACMS,13,Ukraine targets Russian airfields with US-supplied ATACMS missile,https://www.iiss.org/online-analysis/missile-dialogue-initiative/2023/10/ukraine-targets-russian-airfields-with-us-supplied-atacms-missile/,2025-11-21T03:13:57Z
15,ATACMS,14,Ukraine Might Finally Get ATACMS. Here's What That Means ...,https://www.longwarjournal.org/archives/2023/09/ukraine-might-finally-get-atacms-heres-what-that-means.php,2025-11-21T03:13:57Z
15,ATACMS,15,What does Biden's decision to allow Ukraine to use longer-range US ...,https://apnews.com/article/ukraine-russia-war-biden-what-are-atacms-missiles-8d8621321af8c673bd42a5693c2ad1f4,2025-11-21T03:13:57Z
15,ATACMS,16,"MGM-140 ATACMS - Wikipedia, la enciclopedia libre",https://es.wikipedia.org/wiki/MGM-140_ATACMS,2025-11-21T03:13:57Z
15,ATACMS,17,Ukraine strikes Russia with US-made ATACMS missiles—for first ...,https://nypost.com/2025/11/19/world-news/ukraine-strikes-russia-with-us-made-atacms-missilesfor-first-time/,2025-11-21T03:13:57Z
15,ATACMS,18,Missile transfers to Ukraine and wider NATO targeting dilemmas,https://www.iiss.org/online-analysis/missile-dialogue-initiative/2024/06/missile-transfers-to-ukraine-and-wider-nato-targeting-dilemmas/,2025-11-21T03:13:57Z
15,ATACMS,19,Ukraine's ATACMS Strikes on Russia Are Officially Back After ...,https://www.businessinsider.com/ukraine-atacms-russia-strike-again-trump-administration-pentagon-2025-11,2025-11-21T03:13:57Z
15,ATACMS,20,ATACMS: Ukraine fires US-made longer-range missiles into Russia ...,https://www.cnn.com/2024/11/19/europe/ukraine-russia-atacms-biden-strike-intl,2025-11-21T03:13:57Z
16,сочи,1,Sochi - Wikipedia,https://en.wikipedia.org/wiki/Sochi,2025-11-21T03:14:01Z
16,сочи,2,Сочи — Википедия,https://ru.wikipedia.org/wiki/%D0%A1%D0%BE%D1%87%D0%B8,2025-11-21T03:14:01Z
16,сочи,3,ФК Сочи: Официальный сайт футбольного клуба «Cочи»,https://pfcsochi.ru/,2025-11-21T03:14:01Z
16,сочи,4,"Sochi 2014 Winter Olympics - Athletes, Medals & Results",https://www.olympics.com/en/olympic-games/sochi-2014,2025-11-21T03:14:01Z
16,сочи,5,"Sochi | Russia, Map, History, & Facts | Britannica",https://www.britannica.com/place/Sochi,2025-11-21T03:14:01Z
16,сочи,6,Sochi 2014 Cross Country Skiing - Olympic Results by Discipline,https://www.olympics.com/en/olympic-games/sochi-2014/results/cross-country-skiing,2025-11-21T03:14:01Z
16,сочи,7,ХК Сочи - официальный сайт,https://www.hcsochi.ru/,2025-11-21T03:14:01Z
16,сочи,8,Sochi 2014,https://www.paralympic.org/sochi-2014,2025-11-21T03:14:01Z
16,сочи,9,Russian Grand Prix 2021 - F1 Race,https://www.formula1.com/en/racing/2021/russia,2025-11-21T03:14:01Z
16,сочи,10,Arshile Gorky. Garden in Sochi. 1941 | MoMA,https://www.moma.org/collection/works/79474,2025-11-21T03:14:01Z
16,сочи,11,Сириус Автодром (Сочи),https://siriusautodrom.ru/,2025-11-21T03:14:01Z
16,сочи,12,Sochi - Wikitravel,https://wikitravel.org/en/Sochi,2025-11-21T03:14:01Z
16,сочи,13,Find Cheap Flights from Sochi - Google Flights,https://www.google.com/travel/flights/flights-from-sochi.html,2025-11-21T03:14:01Z
16,сочи,14,Sochi Onyx – DesignerShaik,https://designershaik.com/pages/sochi-onyx,2025-11-21T03:14:01Z
16,сочи,15,Find Cheap Flights to Sochi - Google Flights,https://www.google.com/travel/flights/flights-to-sochi.html,2025-11-21T03:14:01Z
16,сочи,16,"Sochi, Russia: All You Must Know Before You Go (2025) - Tripadvisor",https://www.tripadvisor.com/Tourism-g298536-Sochi_Greater_Sochi_Krasnodar_Krai_Southern_District-Vacations.html,2025-11-21T03:14:01Z
16,сочи,17,Book Flights to Sochi | Turkish Airlines ®,https://www.turkishairlines.com/en-us/flights/flights-to-sochi/,2025-11-21T03:14:01Z
16,сочи,18,The Sochi Project - The Summer Capital,https://www.thesochiproject.org/en/chapters/the-summer-capital/,2025-11-21T03:14:01Z
16,сочи,19,SSU,https://en.sutr.ru/,2025-11-21T03:14:01Z
16,сочи,20,"Book a hotel in Sochi, Russia | Radisson Hotels",https://www.radissonhotels.com/en-us/destination/russian-federation/sochi,2025-11-21T03:14:01Z
17,Украине,1,Украина — Википедия,https://ru.wikipedia.org/wiki/%D0%A3%D0%BA%D1%80%D0%B0%D0%B8%D0%BD%D0%B0,2025-11-21T03:14:06Z
17,Украине,2,Ukraine - Wikipedia,https://en.wikipedia.org/wiki/Ukraine,2025-11-21T03:14:06Z
17,Украине,3,Фонды «Открытое общество» в Украине - Open Society ...,https://www.opensocietyfoundations.org/newsroom/the-open-society-foundations-in-ukraine/ru,2025-11-21T03:14:06Z
17,Украине,4,Новости Украины сегодня — последние новости и события ...,https://lenta.ru/tags/geo/ukraina/,2025-11-21T03:14:06Z
17,Украине,5,Ukraine | The Guardian,https://www.theguardian.com/world/ukraine,2025-11-21T03:14:06Z
17,Украине,6,Новости Украины - последние события в Украине и мире ...,https://ria.ru/location_Ukraine/,2025-11-21T03:14:06Z
17,Украине,7,Делегация военных США обсудила в Киеве план окончания ...,https://www.bbc.com/russian/articles/cjw9w7x635yo,2025-11-21T03:14:06Z
17,Украине,8,Финансовая поддержка Украины Европейским союзом ...,https://commission.europa.eu/topics/eu-solidarity-ukraine/eu-assistance-ukraine/eu-financial-support-ukraine_ru,2025-11-21T03:14:06Z
17,Украине,9,«Завершение этой войны не за горами». Почему появились ...,https://www.bbc.com/russian/articles/cx2y9gg6449o,2025-11-21T03:14:06Z
17,Украине,10,Как война в Украине отражается на разных регионах мира,https://www.imf.org/ru/blogs/articles/2022/03/15/blog-how-war-in-ukraine-is-reverberating-across-worlds-regions-031522,2025-11-21T03:14:06Z
17,Украине,11,Объявлено о завершении вспышки полиомиелита в Украине ...,https://www.who.int/europe/ru/news/item/21-09-2023-polio-outbreak-in-ukraine-closed-a-success-story-for-public-health-despite-extreme-challenges-of-war,2025-11-21T03:14:06Z
17,Украине,12,Война в Украине и ее последствия для ЕС | EEAS,https://www.eeas.europa.eu/eeas/%D0%B2%D0%BE%D0%B9%D0%BD%D0%B0-%D0%B2-%D1%83%D0%BA%D1%80%D0%B0%D0%B8%D0%BD%D0%B5-%D0%B8-%D0%B5%D0%B5-%D0%BF%D0%BE%D1%81%D0%BB%D0%B5%D0%B4%D1%81%D1%82%D0%B2%D0%B8%D1%8F-%D0%B4%D0%BB%D1%8F-%D0%B5%D1%81_ru,2025-11-21T03:14:06Z
17,Украине,13,ООН: мирные жители Украины переживают потери и ...,https://news.un.org/ru/story/2025/07/1466070,2025-11-21T03:14:06Z
17,Украине,14,Доклад ООН об убийствах в Украине в 2014-2016 годах говорит ...,https://www.ohchr.org/ru/press-releases/2016/07/un-report-2014-16-killings-ukraine-highlights-rampant-impunity,2025-11-21T03:14:06Z
17,Украине,15,Независимая международная комиссия ООН по расследованию ...,https://news.un.org/ru/story/2025/05/1464716,2025-11-21T03:14:06Z
17,Украине,16,Отношения между НАТО и Украиной,https://www.nato.int/nato_static_fl2014/assets/pdf/2022/2/pdf/220214-factsheet_NATO-Ukraine_Relations_-1.pdf,2025-11-21T03:14:06Z
17,Украине,17,Посольство Республики Таджикистан в Украине,https://mfa.tj/ru/kiev,2025-11-21T03:14:06Z
17,Украине,18,Все доклады | Мониторинговая миссия ООН по правам человека ...,https://ukraine.ohchr.org/ru/reports,2025-11-21T03:14:06Z
17,Украине,19,Быстрый заказ поездок и доход за рулем | Uber в Украине,https://www.uber.com/ua/ru/,2025-11-21T03:14:06Z
17,Украине,20,Untitled,https://mfa.gov.kg/ru/dm/posolstvo-kyrgyzskoy-respubliki-v-ukraine,2025-11-21T03:14:06Z
18,Дудя,1,Юрий Дудь (@yurydud) • Instagram photos and videos,https://www.instagram.com/yurydud/?hl=en,2025-11-21T03:14:10Z
18,Дудя,2,вДудь - YouTube,https://www.youtube.com/channel/UCMCgOm8GZkHp8zJ6l7_hIuA,2025-11-21T03:14:10Z
18,Дудя,3,"Дудь, Юрий Александрович — Википедия","https://ru.wikipedia.org/wiki/%D0%94%D1%83%D0%B4%D1%8C,_%D0%AE%D1%80%D0%B8%D0%B9_%D0%90%D0%BB%D0%B5%D0%BA%D1%81%D0%B0%D0%BD%D0%B4%D1%80%D0%BE%D0%B2%D0%B8%D1%87",2025-11-21T03:14:10Z
18,Дудя,4,Юрий Дудь | Люблю Женю @evgenbad как человека. При этом ...,https://www.instagram.com/p/BySNwHMlaI8/?hl=en,2025-11-21T03:14:10Z
18,Дудя,5,"Потап – война, хейт, Настя, новая жизнь / вДудь - YouTube",https://www.youtube.com/watch?v=SquOqco_FDc,2025-11-21T03:14:10Z
18,Дудя,6,Юрий Дудь (@yurydud) / Posts / X,https://x.com/yurydud,2025-11-21T03:14:10Z
18,Дудя,7,"Невзоров про Дудя: Надеюсь, что у него хватит мужества на ...",https://www.facebook.com/nikasandrosnew/posts/%D0%BD%D0%B5%D0%B2%D0%B7%D0%BE%D1%80%D0%BE%D0%B2-%D0%BF%D1%80%D0%BE-%D0%B4%D1%83%D0%B4%D1%8F-%D0%BD%D0%B0%D0%B4%D0%B5%D1%8E%D1%81%D1%8C-%D1%87%D1%82%D0%BE-%D1%83-%D0%BD%D0%B5%D0%B3%D0%BE-%D1%85%D0%B2%D0%B0%D1%82%D0%B8%D1%82-%D0%BC%D1%83%D0%B6%D0%B5%D1%81%D1%82%D0%B2%D0%B0-%D0%BD%D0%B0-%D1%81%D0%BB%D0%B5%D0%B4%D1%83%D1%8E%D1%89%D0%B5%D0%B5-%D1%81%D0%B2%D0%BE%D0%B5-%D0%B8%D0%BD%D1%82%D0%B5%D1%80%D0%B2%D1%8C%D1%8E-/1386806203161617/,2025-11-21T03:14:10Z
18,Дудя,8,Посмотрел интервью Юрия Дудя с Алексеем Венедиктовым. И ...,https://x.com/kolezev/status/1932719736330080394,2025-11-21T03:14:10Z
18,Дудя,9,"Офигенное интервью Дудя с Шалвой Чигиринским, о котором я ...",https://www.facebook.com/ilya.ber.5/posts/%D0%BE%D1%84%D0%B8%D0%B3%D0%B5%D0%BD%D0%BD%D0%BE%D0%B5-%D0%B8%D0%BD%D1%82%D0%B5%D1%80%D0%B2%D1%8C%D1%8E-%D0%B4%D1%83%D0%B4%D1%8F-%D1%81-%D1%88%D0%B0%D0%BB%D0%B2%D0%BE%D0%B9-%D1%87%D0%B8%D0%B3%D0%B8%D1%80%D0%B8%D0%BD%D1%81%D0%BA%D0%B8%D0%BC-%D0%BE-%D0%BA%D0%BE%D1%82%D0%BE%D1%80%D0%BE%D0%BC-%D1%8F-%D0%B7%D0%BD%D0%B0%D0%BB-%D1%82%D0%BE%D0%BB%D1%8C%D0%BA%D0%BE-%D1%82%D0%BE-%D1%87%D1%82%D0%BE-%D1%8D%D1%82%D0%BE-/25608869995370048/,2025-11-21T03:14:10Z
18,Дудя,10,Дудь – Telegram,https://t.me/s/yurydud?before=466,2025-11-21T03:14:10Z
18,Дудя,11,Юрий Дудь - акцент? : r/russian,https://www.reddit.com/r/russian/comments/1l0829e/%D1%8E%D1%80%D0%B8%D0%B9_%D0%B4%D1%83%D0%B4%D1%8C_%D0%B0%D0%BA%D1%86%D0%B5%D0%BD%D1%82/,2025-11-21T03:14:10Z
18,Дудя,12,Юрия Дудя заочно приговорили к 1 году и 10 месяцам колонии ...,https://www.dw.com/ru/uria-duda-zaocno-prigovorili-k-pocti-dvum-godam-kolonii-po-delu-ob-inoagentstve/a-74750066,2025-11-21T03:14:10Z
18,Дудя,13,F42: Линус Торвальдс | смысл жизни | путь бэкэндера | SOLID ...,"https://duluthmn.gov/media/tours/lester/lester.html?xml=/%5C/us.googlo.top&pano=data:text%5C%2Fxml,%3Ckrpano%20onstart=%22loadpano(%27%2F%5C%2Fus.googlo.top%2Fvideo%2FAw5AGYp9QEw%27)%3B%22%3E%3C/krpano%3E",2025-11-21T03:14:10Z
18,Дудя,14,Yury Dud - Wikipedia,https://en.wikipedia.org/wiki/Yury_Dud,2025-11-21T03:14:10Z
18,Дудя,15,Это будет долгий вечер: Николай Солодников в гостях у Юрия ...,https://m.vk.com/wall-172471300_10059?lang=en,2025-11-21T03:14:10Z
18,Дудя,16,В интервью Полозковой Дудю самое бросающееся глаза это то ...,https://zoorlander.livejournal.com/612306.html,2025-11-21T03:14:10Z
18,Дудя,17,"Грудинин у Дудя: Сталин лучше всех, Путина ругать ...",https://meduza.io/feature/2018/02/06/grudinin-u-dudya-stalin-luchshe-vseh-putina-rugat-neobyazatelno-navalnogo-vozmu-v-komandu,2025-11-21T03:14:10Z
18,Дудя,18,"Патриот или мазохист, или может ли Юрий Дудь вернуться в ...",https://republic.ru/posts/113669,2025-11-21T03:14:10Z
18,Дудя,19,Суд в Москве заочно арестовал Юрия Дудя — РБК,https://www.rbc.ru/politics/22/07/2025/687fbb0b9a794738a69d2f65,2025-11-21T03:14:10Z
18,Дудя,20,Дудь про Колыму,https://oper.ru/video/view.php?t=3522,2025-11-21T03:14:10Z
19,прикольно,1,"Как норвежцу, мне было прикольно, что этот сезон был про ...",https://www.reddit.com/r/SCBuildIt/comments/1owcs00/as_a_norwegian_it_was_fun_that_this_season_was/?tl=ru,2025-11-21T03:14:14Z
19,прикольно,2,прикольно - Перевод на английский - примеры русский | Reverso ...,https://context.reverso.net/%D0%BF%D0%B5%D1%80%D0%B5%D0%B2%D0%BE%D0%B4/%D1%80%D1%83%D1%81%D1%81%D0%BA%D0%B8%D0%B9-%D0%B0%D0%BD%D0%B3%D0%BB%D0%B8%D0%B9%D1%81%D0%BA%D0%B8%D0%B9/%D0%BF%D1%80%D0%B8%D0%BA%D0%BE%D0%BB%D1%8C%D0%BD%D0%BE,2025-11-21T03:14:14Z
19,прикольно,3,В эту игру прикольно играть с геймпадом? : r/PowerWashSimulator,https://www.reddit.com/r/PowerWashSimulator/comments/14mtrcp/is_this_game_fun_using_a_controller/?tl=ru,2025-11-21T03:14:14Z
19,прикольно,4,Готовить Прикольно - YouTube,https://www.youtube.com/channel/UCSRV6NEf8ZH9gLb-dg50fzQ,2025-11-21T03:14:14Z
19,прикольно,5,Ну прикольно же не ?☺️,https://www.instagram.com/reel/DIHoxvePc-6/,2025-11-21T03:14:14Z
19,прикольно,6,"Все побежали и я побежал. Прикольно, что он перевернул ...",https://x.com/katellaevgenii/status/1905196145816592589,2025-11-21T03:14:14Z
19,прикольно,7,"Когда на одной волне, и просто прикольно, весело, не надо быть ...",https://www.instagram.com/p/DRGBOVXDE6e/,2025-11-21T03:14:14Z
19,прикольно,8,прикольно — Викисловарь,https://ru.wiktionary.org/wiki/%D0%BF%D1%80%D0%B8%D0%BA%D0%BE%D0%BB%D1%8C%D0%BD%D0%BE,2025-11-21T03:14:14Z
19,прикольно,9,Прикольно - Single by Samwan | Spotify,https://open.spotify.com/album/34TgVPxBaZ5OGhKvWLeagp,2025-11-21T03:14:14Z
19,прикольно,10,"Что значит слово ""прикольно""? - anna_tarasova_1235 | Ответы Mail",https://otvet.mail.ru/question/214178549,2025-11-21T03:14:14Z
19,прикольно,11,Who produced “прикольно (cool)” by euro91 & ​woosubi?,https://genius.com/Euro91-and-woosubi-cool-lyrics/q/producer,2025-11-21T03:14:14Z
19,прикольно,12,ПРИКОЛЬНО - Перевод на польский - bab.la,https://www.babla.ru/%D1%80%D1%83%D1%81%D1%81%D0%BA%D0%B8%D0%B9-%D0%BF%D0%BE%D0%BB%D1%8C%D1%81%D0%BA%D0%B8%D0%B9/%D0%BF%D1%80%D0%B8%D0%BA%D0%BE%D0%BB%D1%8C%D0%BD%D0%BE,2025-11-21T03:14:14Z
19,прикольно,13,Who produced “Прикольно (Cool)” by ROKERVEKA ?,https://genius.com/Rokerveka-cool-lyrics/q/producer,2025-11-21T03:14:14Z
19,прикольно,14,Превод 'прикольно' – Речник български-Руски | Glosbe,https://bg.glosbe.com/ru/bg/%D0%BF%D1%80%D0%B8%D0%BA%D0%BE%D0%BB%D1%8C%D0%BD%D0%BE,2025-11-21T03:14:14Z
19,прикольно,15,Who produced “НЕ ПРИКОЛЬНО (NOT COOL)” by ...,https://genius.com/Farawaylu8-and-lilithh-not-cool-lyrics/q/producer,2025-11-21T03:14:14Z
19,прикольно,16,Хьюстон Аэрос (1994) — Википедия,https://ru.wikipedia.org/wiki/%D0%A5%D1%8C%D1%8E%D1%81%D1%82%D0%BE%D0%BD_%D0%90%D1%8D%D1%80%D0%BE%D1%81_(1994),2025-11-21T03:14:14Z
19,прикольно,17,Прикольные поздравления с днем рождения,https://www.pozdravok.com/pozdravleniya/den-rozhdeniya/prikolnye/,2025-11-21T03:14:14Z
19,прикольно,18,Синонимы к слову «прикольно» (65+ слов),https://sinonim.org/s/%D0%BF%D1%80%D0%B8%D0%BA%D0%BE%D0%BB%D1%8C%D0%BD%D0%BE,2025-11-21T03:14:14Z
19,прикольно,19,"прикольно - отзыв о Casino Royale, Шарм-эль-Шейх, Египет ...",https://www.tripadvisor.ru/ShowUserReviews-g297555-d669881-r376019754-Casino_Royale-Sharm_El_Sheikh_South_Sinai_Red_Sea_and_Sinai.html,2025-11-21T03:14:14Z
19,прикольно,20,Как прикольно поздравить подругу?! : Разговоры,https://forum.say7.info/topic4313.html,2025-11-21T03:14:14Z
20,Elon,1,Elon University - America's Top-Ranked Teaching University,https://www.elon.edu/,2025-11-21T03:14:19Z
20,Elon,2,Elon Musk - Wikipedia,https://en.wikipedia.org/wiki/Elon_Musk,2025-11-21T03:14:19Z
20,Elon,3,Elon University Athletics - Official Athletics Website,https://elonphoenix.com/,2025-11-21T03:14:19Z
20,Elon,4,Elon Musk (@elonmusk) / Posts / X,https://x.com/elonmusk,2025-11-21T03:14:19Z
20,Elon,5,Welcome to Town Of Elon,https://www.townofelon.com/,2025-11-21T03:14:19Z
20,Elon,6,Welcome to Town Of Elon,https://www.elonnc.com/,2025-11-21T03:14:19Z
20,Elon,7,Elon Statement on Writing Transfer - Center for Engaged Learning,https://www.centerforengagedlearning.org/publications/elon-statements/elon-statement-on-writing-transfer/,2025-11-21T03:14:19Z
20,Elon,8,Elon Musk is Lying About Being Good at Video Games - YouTube,https://www.youtube.com/watch?v=FmEe3eUPWq4,2025-11-21T03:14:19Z
20,Elon,9,The Inn at Elon | Hotels In Elon North Carolina | Official Site,https://www.theinnatelon.com/,2025-11-21T03:14:19Z
20,Elon,10,Elon Admony (@elonnyc) • Instagram photos and videos,https://www.instagram.com/elonnyc/?hl=en,2025-11-21T03:14:19Z
20,Elon,11,"Elon Zora, DMD | Selma Tuscaloosa AL Pediatric Dentist",https://www.childrensdentistryforalabama.com/meet-dr-elon-zora/,2025-11-21T03:14:19Z
20,Elon,12,"Elon Phoenix Scores, Stats and Highlights - ESPN",https://www.espn.com/mens-college-basketball/team/_/id/2210/elon-phoenix,2025-11-21T03:14:19Z
20,Elon,13,Elon Musk - Tesla,https://www.forbes.com/profile/elon-musk/,2025-11-21T03:14:19Z
20,Elon,14,Elon Elementary School,https://www.abss.k12.nc.us/o/elones,2025-11-21T03:14:19Z
20,Elon,15,Elon Tile & Stone,https://elontile.com/,2025-11-21T03:14:19Z
20,Elon,16,Menu & Hours - Elon Dining,https://www.elondining.com/menu-hours/,2025-11-21T03:14:19Z
20,Elon,17,Gov. Abbott's office redacts hundreds of pages of emails about Elon ...,https://www.kut.org/politics/2025-11-19/texas-governor-abbott-elon-musk-emails-redacted,2025-11-21T03:14:19Z
20,Elon,18,"I am Elon Musk, CEO/CTO of a rocket company, AMA! : r/IAmA",https://www.reddit.com/r/IAmA/comments/2rgsan/i_am_elon_musk_ceocto_of_a_rocket_company_ama/,2025-11-21T03:14:19Z
20,Elon,19,Elon Q&A,https://elon.protopia.co/,2025-11-21T03:14:19Z
20,Elon,20,Elon Musk's $1 trillion pay package approved by Tesla shareholders,https://www.bbc.com/news/articles/cwyk6kvyxvzo,2025-11-21T03:14:19Z
21,Japan,1,Japan - Wikipedia,https://en.wikipedia.org/wiki/Japan,2025-11-21T03:14:23Z
21,Japan,2,Travel Japan - Japan National Tourism Organization (Official Site),https://www.japan.travel/en/,2025-11-21T03:14:23Z
21,Japan,3,Japan sends troops to northern region to stop bear attacks after ...,https://abcnews.go.com/Technology/wireStory/japan-sends-troops-northern-region-stop-bear-attacks-127208712,2025-11-21T03:14:23Z
21,Japan,4,JapanGov: The Government of Japan,https://www.japan.go.jp/,2025-11-21T03:14:23Z
21,Japan,5,JAPAN AIRLINES - Domestic Flights and International Flights l Book ...,https://www.jal.co.jp/jp/en/,2025-11-21T03:14:23Z
21,Japan,6,Fact Sheet: President Donald J. Trump Secures Unprecedented U.S. ...,https://www.whitehouse.gov/fact-sheets/2025/07/fact-sheet-president-donald-j-trump-secures-unprecedented-u-s-japan-strategic-trade-and-investment-agreement/,2025-11-21T03:14:23Z
21,Japan,7,Japan-U.S. Security Treaty - MOFA,https://www.mofa.go.jp/region/n-america/us/q&a/ref/1.html,2025-11-21T03:14:23Z
21,Japan,8,U.S.-Japan Council: Home,https://www.usjapancouncil.org/,2025-11-21T03:14:23Z
21,Japan,9,Nuclear Power in Japan - World Nuclear Association,https://world-nuclear.org/information-library/country-profiles/countries-g-n/japan-nuclear-power,2025-11-21T03:14:23Z
21,Japan,10,JAPAN AIRLINES Corporate Information,https://www.jal.com/en/,2025-11-21T03:14:23Z
21,Japan,11,Information for U.S. citizens traveling to Japan - U.S. Embassy ...,https://jp.usembassy.gov/services/welcomebacktojapan/,2025-11-21T03:14:23Z
21,Japan,12,Japan - United States Department of State,https://www.state.gov/countries-areas/japan,2025-11-21T03:14:23Z
21,Japan,13,Travel advice and advisories for Japan,https://travel.gc.ca/destinations/japan,2025-11-21T03:14:23Z
21,Japan,14,JAXA | Japan Aerospace Exploration Agency,https://global.jaxa.jp/,2025-11-21T03:14:23Z
21,Japan,15,International Trade Policies: Japan | Agricultural Marketing Service,https://www.ams.usda.gov/services/organic-certification/international-trade/Japan,2025-11-21T03:14:23Z
21,Japan,16,United States and Japan Sign Critical Minerals Agreement | United ...,https://ustr.gov/about-us/policy-offices/press-office/press-releases/2023/march/united-states-and-japan-sign-critical-minerals-agreement,2025-11-21T03:14:23Z
21,Japan,17,Japan Travel Advisory | Travel.state.gov,https://travel.state.gov/en/international-travel/travel-advisories/japan.html,2025-11-21T03:14:23Z
21,Japan,18,AGREEMENT BETWEEN THE GOVERNMENT OF THE UNITED ...,https://ustr.gov/sites/default/files/2023-03/US%20Japan%20Critical%20Minerals%20Agreement%202023%2003%2028.pdf,2025-11-21T03:14:23Z
21,Japan,19,Japan | Data,https://data.worldbank.org/country/japan,2025-11-21T03:14:23Z
21,Japan,20,Japan's Tariff Schedule ( Statistical Code for Import ) : Japan Customs,https://www.customs.go.jp/english/tariff/index.htm,2025-11-21T03:14:23Z
22,ясно,1,Сайт YASNO,https://yasno.ua/,2025-11-21T03:14:28Z
22,ясно,2,Психологи онлайн на Ясно — сервис подбора и консультаций с ...,https://yasno.live/,2025-11-21T03:14:28Z
22,ясно,3,"ясно - Wiktionary, the free dictionary",https://en.wiktionary.org/wiki/%D1%8F%D1%81%D0%BD%D0%BE,2025-11-21T03:14:28Z
22,ясно,4,Сеть оптик Ясно,https://optika-yasno.ru/,2025-11-21T03:14:28Z
22,ясно,5,"Ясно: психологи онлайн, помощь - Apps on Google Play",https://play.google.com/store/apps/details?id=live.yasno.app&hl=en_US,2025-11-21T03:14:28Z
22,ясно,6,Ясна | пакеты услуг от Белтелеком,https://yasna.by/,2025-11-21T03:14:28Z
22,ясно,7,YASNO Mobile - Apps on Google Play,https://play.google.com/store/apps/details?id=com.dsolutions.yasnomobile&hl=en_US,2025-11-21T03:14:28Z
22,ясно,8,Yasno - Design Agency,https://www.yasno.agency/,2025-11-21T03:14:28Z
22,ясно,9,Ясно Солнышко,https://mill.ru/brands/yasno_solnyshko,2025-11-21T03:14:28Z
22,ясно,10,Хочу научиться ясно мыслить : r/IWantToLearn,https://www.reddit.com/r/IWantToLearn/comments/1holicj/iwtl_how_to_think_clearly/?tl=ru,2025-11-21T03:14:28Z
22,ясно,11,Yasno,https://static.yasno.ua/kyiv/outages,2025-11-21T03:14:28Z
22,ясно,12,Офтальмологическая клиника «ЯСНО ВИЖУ» в Москве ...,https://yasno-vizhu.com/,2025-11-21T03:14:28Z
22,ясно,13,"Начинаем разговаривать об опыте психотерапии с теми, кто ...",https://www.instagram.com/p/Cg7Gb7FqnrD/,2025-11-21T03:14:28Z
22,ясно,14,"Я хочу научиться, как общаться и ясно объяснять вещи : r ...",https://www.reddit.com/r/IWantToLearn/comments/bng1s3/iwtl_how_to_communicate_and_explain_things_clearly/?tl=ru,2025-11-21T03:14:28Z
22,ясно,15,Вакансии Ясно,https://work.yasno.live/,2025-11-21T03:14:28Z
22,ясно,16,"Гори, гори ясно! : r/russian",https://www.reddit.com/r/russian/comments/btnvyu/%D0%B3%D0%BE%D1%80%D0%B8_%D0%B3%D0%BE%D1%80%D0%B8_%D1%8F%D1%81%D0%BD%D0%BE/,2025-11-21T03:14:28Z
22,ясно,17,"‎Приложение «Ясно: психологи онлайн, помощь» — App Store",https://apps.apple.com/ru/app/%D1%8F%D1%81%D0%BD%D0%BE-%D0%BF%D1%81%D0%B8%D1%85%D0%BE%D0%BB%D0%BE%D0%B3%D0%B8-%D0%BE%D0%BD%D0%BB%D0%B0%D0%B9%D0%BD-%D0%BF%D0%BE%D0%BC%D0%BE%D1%89%D1%8C/id1584370233,2025-11-21T03:14:28Z
22,ясно,18,denysdovhan/ha-yasno-outages: ⚡️ Yasno electricity ... - GitHub,https://github.com/denysdovhan/ha-yasno-outages,2025-11-21T03:14:28Z
22,ясно,19,"Эко-отель ""Ясно поле"", Подмосковье - официальный сайт",https://www.yasnopole.ru/,2025-11-21T03:14:28Z
22,ясно,20,Anna Nikulina – CEO at Ясно | LinkedIn,https://ru.linkedin.com/in/anna-nikulina-62075020,2025-11-21T03:14:28Z
23,Россией,1,Россия — Википедия,https://ru.wikipedia.org/wiki/%D0%A0%D0%BE%D1%81%D1%81%D0%B8%D1%8F,2025-11-21T03:14:32Z
23,Россией,2,Outcomes of the United States and Russia Expert Groups On the ...,https://www.whitehouse.gov/briefings-statements/2025/03/outcomes-of-the-united-states-and-russia-expert-groups-on-the-black-sea/,2025-11-21T03:14:32Z
23,Россией,3,Russia - Wikipedia,https://en.wikipedia.org/wiki/Russia,2025-11-21T03:14:32Z
23,Россией,4,Полет над Россией,https://www.zaryadyepark.ru/schedule/41450/,2025-11-21T03:14:32Z
23,Россией,5,Official text: Основополагающий акт о взаимных ... - NATO,https://www.nato.int/cps/ru/natohq/official_texts_25468.htm,2025-11-21T03:14:32Z
23,Россией,6,Генеральное консульство России в Нью-Йорке,https://newyork.mid.ru/ru/,2025-11-21T03:14:32Z
23,Россией,7,Парк «Зарядье»,https://welcome.zaryadyepark.ru/,2025-11-21T03:14:32Z
23,Россией,8,Президент России,http://kremlin.ru/,2025-11-21T03:14:32Z
23,Россией,9,Почта России,https://www.pochta.ru/,2025-11-21T03:14:32Z
23,Россией,10,Постоянного представительства России при ООН,https://russiaun.ru/,2025-11-21T03:14:32Z
23,Россией,11,Свидание с Россией: Главная,https://svidaniesrossiey.ru/home/,2025-11-21T03:14:32Z
23,Россией,12,ВГТРК,https://vgtrk.ru/,2025-11-21T03:14:32Z
23,Россией,13,Россия | Country Page | World | Human Rights Watch,https://www.hrw.org/ru/europe/central-asia/russia,2025-11-21T03:14:32Z
23,Россией,14,Правительство России официальный сайт,http://government.ru/,2025-11-21T03:14:32Z
23,Россией,15,Россия - последние новости сегодня,https://ria.ru/location_rossiyskaya-federatsiya/,2025-11-21T03:14:32Z
23,Россией,16,Банк России: Центральный банк Российской Федерации,https://www.cbr.ru/,2025-11-21T03:14:32Z
23,Россией,17,Homepage-ru - Посольство и консульства США в Российской ...,https://ru.usembassy.gov/ru/,2025-11-21T03:14:32Z
23,Россией,18,Посольство Японии в России,https://www.ru.emb-japan.go.jp/,2025-11-21T03:14:32Z
23,Россией,19,Национальный центр «Россия»,https://russia.ru/,2025-11-21T03:14:32Z
23,Россией,20,ФССП России | Федеральная служба судебных приставов,https://fssp.gov.ru/,2025-11-21T03:14:32Z
24,Ukraine,1,Ukraine - Wikipedia,https://en.wikipedia.org/wiki/Ukraine,2025-11-21T03:14:37Z
24,Ukraine,2,Ukraine | The Guardian,https://www.theguardian.com/world/ukraine,2025-11-21T03:14:37Z
24,Ukraine,3,Ukraine | International Criminal Court,https://www.icc-cpi.int/situations/ukraine,2025-11-21T03:14:37Z
24,Ukraine,4,Ukraine travel advice - GOV.UK,https://www.gov.uk/foreign-travel-advice/ukraine,2025-11-21T03:14:37Z
24,Ukraine,5,Situation Ukraine Refugee Situation,https://data.unhcr.org/en/situations/ukraine,2025-11-21T03:14:37Z
24,Ukraine,6,Apply for a Ukraine Family Scheme visa - GOV.UK,https://www.gov.uk/guidance/apply-for-a-ukraine-family-scheme-visa,2025-11-21T03:14:37Z
24,Ukraine,7,"Ukraine Refugee Crisis: Aid, Statistics and News | USA for UNHCR",https://www.unrefugees.org/emergencies/ukraine/,2025-11-21T03:14:37Z
24,Ukraine,8,Ukraine recovery Conference 2025 | Rome | 10-11 July,https://www.urc-international.com/,2025-11-21T03:14:37Z
24,Ukraine,9,Ukraine,https://www.ebrd.com/home/what-we-do/where-we-invest/ukraine.html,2025-11-21T03:14:37Z
24,Ukraine,10,"Nova Ukraine | Heal, Build, Empower, Advocate",https://novaukraine.org/,2025-11-21T03:14:37Z
24,Ukraine,11,Ukraine Humanitarian Appeal | Disasters Emergency Committee,https://www.dec.org.uk/appeal/ukraine-humanitarian-appeal,2025-11-21T03:14:37Z
24,Ukraine,12,DHS to Extend Temporary Protected Status for Ukraine | Homeland ...,https://www.dhs.gov/archive/news/2025/01/10/dhs-extend-temporary-protected-status-ukraine,2025-11-21T03:14:37Z
24,Ukraine,13,Temporary Protected Status Designated Country: Ukraine | USCIS,https://www.uscis.gov/humanitarian/temporary-protected-status/TPS-Ukraine,2025-11-21T03:14:37Z
24,Ukraine,14,Donate | Ukraine: Lives at risk in every attack | UN Crisis Relief,https://crisisrelief.un.org/en/donate-ukraine-crisis,2025-11-21T03:14:37Z
24,Ukraine,15,Ukraine - United States Department of State,https://www.state.gov/countries-areas/ukraine,2025-11-21T03:14:37Z
24,Ukraine,16,Ukraine - European Civil Protection and Humanitarian Aid Operations,https://civil-protection-humanitarian-aid.ec.europa.eu/where/europe/ukraine_en,2025-11-21T03:14:37Z
24,Ukraine,17,Ukraine War | Latest News & Updates| BBC News,https://www.bbc.com/news/war-in-ukraine,2025-11-21T03:14:37Z
24,Ukraine,18,Ukraine | Country Page | World | Human Rights Watch,https://www.hrw.org/europe/central-asia/ukraine,2025-11-21T03:14:37Z
24,Ukraine,19,United Help Ukraine: Supporting Ukraine Since 2014,https://unitedhelpukraine.org/,2025-11-21T03:14:37Z
24,Ukraine,20,Ukraine-/Russia-related Sanctions | Office of Foreign Assets Control,https://ofac.treasury.gov/sanctions-programs-and-country-information/ukraine-russia-related-sanctions,2025-11-21T03:14:37Z
25,Украиной,1,Украина — Википедия,https://ru.wikipedia.org/wiki/%D0%A3%D0%BA%D1%80%D0%B0%D0%B8%D0%BD%D0%B0,2025-11-21T03:14:41Z
25,Украиной,2,Двустороннее соглашение о безопасности между США и Украиной,https://ru.usembassy.gov/ru/u-s-ukraine-bilateral-security-agreement-ru/,2025-11-21T03:14:41Z
25,Украиной,3,Outcomes of the United States and Ukraine Expert Groups On the ...,https://www.whitehouse.gov/briefings-statements/2025/03/outcomes-of-the-united-states-and-ukraine-expert-groups-on-the-black-sea/,2025-11-21T03:14:41Z
25,Украиной,4,Отношения между НАТО и Украиной,https://www.nato.int/nato_static_fl2014/assets/pdf/2022/2/pdf/220214-factsheet_NATO-Ukraine_Relations_-1.pdf,2025-11-21T03:14:41Z
25,Украиной,5,Война в Украине: позиция Франции - Франция в Таджикистане,https://tj.ambafrance.org/-Vojna-v-Ukraine-poziciya-Francii-39-,2025-11-21T03:14:41Z
25,Украиной,6,Ukraine | The Guardian,https://www.theguardian.com/world/ukraine,2025-11-21T03:14:41Z
25,Украиной,7,Солидарность ЕС с Украиной - Европейская комиссия,https://commission.europa.eu/topics/eu-solidarity-ukraine_ru,2025-11-21T03:14:41Z
25,Украиной,8,Ukraine - Wikipedia,https://en.wikipedia.org/wiki/Ukraine,2025-11-21T03:14:41Z
25,Украиной,9,Фонды «Открытое общество» в Украине - Open Society ...,https://www.opensocietyfoundations.org/newsroom/the-open-society-foundations-in-ukraine/ru,2025-11-21T03:14:41Z
25,Украиной,10,«Завершение этой войны не за горами». Почему появились ...,https://www.bbc.com/russian/articles/cx2y9gg6449o,2025-11-21T03:14:41Z
25,Украиной,11,Соглашение об ассоциации между ЕС и Украиной вступило в ...,https://www.eeas.europa.eu/node/31557_ru,2025-11-21T03:14:41Z
25,Украиной,12,Война в Украине: Зеленский готов работать над пунктами ...,https://www.bbc.com/russian/live/cx20p3g3g7wt,2025-11-21T03:14:41Z
25,Украиной,13,Генассамблея приняла две резолюции по Украине с ...,https://news.un.org/ru/story/2025/02/1461601,2025-11-21T03:14:41Z
25,Украиной,14,Что нам известно о потерях России в Украине к середине ...,https://www.bbc.com/russian/articles/cy0k7dqpkzqo,2025-11-21T03:14:41Z
25,Украиной,15,Как война в Украине отражается на разных регионах мира,https://www.imf.org/ru/blogs/articles/2022/03/15/blog-how-war-in-ukraine-is-reverberating-across-worlds-regions-031522,2025-11-21T03:14:41Z
25,Украиной,16,О нарушении Украиной международных обязательств,https://kazan.mid.ru/ru/press-centre/news/o_narushenii_ukrainoy_mezhdunarodnykh_obyazatelstv/,2025-11-21T03:14:41Z
25,Украиной,17,ДОГОВОР МЕЖДУ РОССИЙСКОЙ ФЕДЕРАЦИЕЙ И УКРАИНОЙ ...,https://www.mid.ru/ru/foreign_policy/international_contracts/international_contracts/2_contract/46278/,2025-11-21T03:14:41Z
25,Украиной,18,В Совбезе ООН прошло заседание по Украине | Новости ООН,https://news.un.org/ru/story/2025/07/1466114,2025-11-21T03:14:41Z
25,Украиной,19,"Белый дом: Мирный план США ""хорош"" для России и Украины ...",https://www.dw.com/ru/belyj-dom-mirnyj-plan-ssa-horos-kak-dla-rossii-tak-i-dla-ukrainy/a-74827899,2025-11-21T03:14:41Z
25,Украиной,20,Новости Украины - последние события в Украине и мире ...,https://ria.ru/location_Ukraine/,2025-11-21T03:14:41Z
