Rank,Term,ResultIndex,Title,URL,Timestamp
1,The BBC,1,"BBC Home - Breaking News, World News, US News, Sports ...",https://www.bbc.com/,2025-11-11T00:49:38Z
1,The BBC,2,BBC - Home,https://www.bbc.co.uk/,2025-11-11T00:49:38Z
1,The BBC,3,"BBC News - Breaking news, video and the latest top stories from the ...",https://www.bbc.com/news,2025-11-11T00:49:38Z
1,The BBC,4,BBC - Wikipedia,https://en.wikipedia.org/wiki/BBC,2025-11-11T00:49:38Z
1,The BBC,5,Home - BBC News,https://www.bbc.co.uk/news,2025-11-11T00:49:38Z
1,The BBC,6,BBC - YouTube,https://www.youtube.com/@BBC,2025-11-11T00:49:38Z
1,The BBC,7,Trump-proof the BBC - Liberal Democrats,https://www.libdems.org.uk/bbc,2025-11-11T00:49:38Z
1,The BBC,8,Micro:bit Educational Foundation | micro:bit,https://microbit.org/,2025-11-11T00:49:38Z
1,The BBC,9,The BBC's Civil War Over Gaza - by Owen Jones,https://www.dropsitenews.com/p/bbc-civil-war-gaza-israel-biased-coverage,2025-11-11T00:49:38Z
1,The BBC,10,Home | BBC Early Careers,https://careers.bbc.co.uk/content/EC_Home/?locale=en_GB,2025-11-11T00:49:38Z
1,The BBC,11,Update on access to BBC Sounds outside the UK – BBC Help,https://help.bbc.com/hc/en-us/articles/42652680528659-Update-on-access-to-BBC-Sounds-outside-the-UK,2025-11-11T00:49:38Z
1,The BBC,12,The Natural History Unit | BBC Studios Productions,https://productions.bbcstudios.com/our-production-brands/the-natural-history-unit/,2025-11-11T00:49:38Z
1,The BBC,13,Cm 9365 Broadcasting Royal Charter,https://assets.publishing.service.gov.uk/media/5a80c6d740f0b6230269570c/57964_CM_9365_Charter_Accessible.pdf,2025-11-11T00:49:38Z
1,The BBC,14,Statement: Modernising the BBC's Operating Licence,https://www.ofcom.org.uk/tv-radio-and-on-demand/bbc/modernising-bbc-operating-licence,2025-11-11T00:49:38Z
1,The BBC,15,Pair your TV - BBC iPlayer sign-in - BBC account,https://account.bbc.com/tvcode,2025-11-11T00:49:38Z
1,The BBC,16,BBC Sound Effects,https://sound-effects.bbcrewind.co.uk/,2025-11-11T00:49:38Z
1,The BBC,17,Ways of Seeing Based on the BBC Television Series By John Berger,https://shop.nelson-atkins.org/products/ways-of-seeing-based-on-the-bbc-television-series-by-john-berger,2025-11-11T00:49:38Z
1,The BBC,18,"BBC Shop | Official BBC & Doctor Who Merch, Collectibles and More!",https://shop.bbc.com/,2025-11-11T00:49:38Z
1,The BBC,19,Ezzedine Fishere talks Gaza with the BBC - Dickey Center for ...,https://dickey.dartmouth.edu/ezzedine-fishere-talks-gaza-with-the-bbc/,2025-11-11T00:49:38Z
1,The BBC,20,BBC News (UK) (@BBCNews) / Posts / X,https://x.com/BBCNews,2025-11-11T00:49:38Z
2,Trump,1,Donald Trump - Wikipedia,https://en.wikipedia.org/wiki/Donald_Trump,2025-11-11T00:49:43Z
2,Trump,2,The Trump Organization | Luxury Real Estate Portfolio,https://www.trump.com/,2025-11-11T00:49:43Z
2,Trump,3,President Donald J. Trump,https://www.whitehouse.gov/administration/donald-j-trump/,2025-11-11T00:49:43Z
2,Trump,4,Donald J. Trump (@realDonaldTrump) / Posts / X,https://x.com/realDonaldTrump,2025-11-11T00:49:43Z
2,Trump,5,Trump Winery,https://www.trumpwinery.com/,2025-11-11T00:49:43Z
2,Trump,6,Luxury Hotels | Trump Hotels - Official Website | 5 Star Hotels,https://www.trumphotels.com/,2025-11-11T00:49:43Z
2,Trump,7,Donald J. Trump news | CNN Politics,https://www.cnn.com/politics/president-donald-trump-47,2025-11-11T00:49:43Z
2,Trump,8,Donald Trump | Breaking News & Latest Updates | AP News,https://apnews.com/hub/donald-trump,2025-11-11T00:49:43Z
2,Trump,9,23-939 Trump v. United States (07/01/2024),https://www.supremecourt.gov/opinions/23pdf/23-939_e2pg.pdf,2025-11-11T00:49:43Z
2,Trump,10,President Donald J. Trump's Call with President Vladimir Putin - U.S. ...,https://ru.usembassy.gov/president-donald-j-trumps-call-with-president-vladimir-putin/,2025-11-11T00:49:43Z
2,Trump,11,Donald J. Trump,https://www.facebook.com/DonaldTrump/,2025-11-11T00:49:43Z
2,Trump,12,President Donald J. Trump (@realdonaldtrump) • Instagram photos ...,https://www.instagram.com/realdonaldtrump/?hl=en,2025-11-11T00:49:43Z
2,Trump,13,Office of the Pardon Attorney | Clemency Grants by President ...,https://www.justice.gov/pardon/clemency-grants-president-donald-j-trump-2025-present,2025-11-11T00:49:43Z
2,Trump,14,Latest Donald Trump News | Top Headlines on Donald Trump ...,https://www.reuters.com/world/us/donald-trump/,2025-11-11T00:49:43Z
2,Trump,15,Trump administration | The Guardian,https://www.theguardian.com/us-news/trump-administration,2025-11-11T00:49:43Z
2,Trump,16,Donald J. Trump – The White House,https://trumpwhitehouse.archives.gov/people/donald-j-trump/,2025-11-11T00:49:43Z
2,Trump,17,Donald Trump - CNBC,https://www.cnbc.com/donald-trump/,2025-11-11T00:49:43Z
2,Trump,18,"V.O.S. SELECTIONS, INC. v. TRUMP [OPINION]",https://www.cafc.uscourts.gov/opinions-orders/25-1812.OPINION.8-29-2025_2566151.pdf,2025-11-11T00:49:43Z
2,Trump,19,"Trump National Golf Club | Los Angeles, CA | Luxury Public Golf",https://www.trumpnationallosangeles.com/,2025-11-11T00:49:43Z
2,Trump,20,Listen To The Jeffrey Epstein Tapes: 'I Was Donald Trump's Closest ...,https://docs.house.gov/meetings/JU/JU08/20250227/117951/HHRG-119-JU08-20250227-SD006-U6.pdf,2025-11-11T00:49:43Z
3,#visitegypt,1,Visit Egypt | Cairo,https://www.facebook.com/Visit.Egypt.Page/,2025-11-11T00:49:48Z
3,#visitegypt,2,The sunsets are very enjoyable here #visitegypt #visitegypt ...,https://www.instagram.com/reel/DNFfy2_o2ZT/,2025-11-11T00:49:48Z
3,#visitegypt,3,#egypt #ancientegypt #egyptology #history #experienceegypt ...,https://www.linkedin.com/posts/ashraf-mohie-el-din-98b664129_egypt-ancientegypt-egyptology-activity-7191496246090461184-JhCm,2025-11-11T00:49:48Z
3,#visitegypt,4,Urban Cowboy Lodge has become our favorite home away from ...,https://www.instagram.com/p/DMWGYyCy6Zv/,2025-11-11T00:49:48Z
3,#visitegypt,5,#visitegypt #grandegyptianmuseum | Dina Sharobeem,https://www.linkedin.com/posts/dina-sharobeem-365bb1a_visitegypt-grandegyptianmuseum-activity-7390344296320634880-RtxP,2025-11-11T00:49:48Z
3,#visitegypt,6,#sharmelsheikh #egypt #visitegypt #farsha #selflove,https://www.instagram.com/p/DCC0Mh9TrGY/,2025-11-11T00:49:48Z
3,#visitegypt,7,#visitegypt | TikTok,https://www.tiktok.com/tag/visitegypt?lang=en,2025-11-11T00:49:48Z
3,#visitegypt,8,#ancientegypt #egyptology #history #experienceegypt #visitegypt ...,https://www.linkedin.com/posts/ashraf-mohie-el-din-98b664129_ancientegypt-egyptology-history-activity-7302603835536007169-nJT3,2025-11-11T00:49:48Z
3,#visitegypt,9,#riseupsummit #tourism #culture #history #experienece #visitegypt ...,https://mu.linkedin.com/posts/lamia-kamel-a8747a13_riseupsummit-tourism-culture-activity-7042370938251677696-rJLl,2025-11-11T00:49:48Z
3,#visitegypt,10,"""#visitEgypt"" - Results on X | Live Posts & Updates",https://x.com/search?q=%23visitEgypt&src=hashtag_click&f=user,2025-11-11T00:49:48Z
3,#visitegypt,11,Tourist Guide Services to explore Egypt itineraries #visitegypt ...,https://www.youtube.com/shorts/h2-UUt3Tnik,2025-11-11T00:49:48Z
3,#visitegypt,12,‏#myegypt #visitegypt #gem #opening‏ | ‏Sherif Shahin‏,https://ae.linkedin.com/posts/sherif-shahin_myegypt-visitegypt-gem-activity-7390869964859146240-ZePa,2025-11-11T00:49:48Z
3,#visitegypt,13,Egyptian - Cairo ICT 2024 witnessed a significant milestone as ...,https://m.facebook.com/egyptian.engineering.projects/photos/cairo-ict-2024-witnessed-a-significant-milestone-as-quality-egypt-and-edwards-so/1087232626744591/,2025-11-11T00:49:48Z
4,Panorama,1,"Panorama Education | MTSS, Surveys, and AI Platform for K-12 ...",https://www.panoramaed.com/,2025-11-11T00:49:52Z
4,Panorama,2,Panorama Mountain Resort - British Columbia Ski-in / Ski-out ...,https://www.panoramaresort.com/,2025-11-11T00:49:52Z
4,Panorama,3,Panorama - BI & Data Analytics,https://panorama.com/,2025-11-11T00:49:52Z
4,Panorama,4,Panorama – Non-Invasive Prenatal Testing (NIPT) | Natera,https://www.natera.com/womens-health/panorama-nipt-prenatal-screening/,2025-11-11T00:49:52Z
4,Panorama,5,Panorama - Fine Dining Italian Restaurant Philadelphia at the ...,https://www.pennsviewhotel.com/panorama/,2025-11-11T00:49:52Z
4,Panorama,6,Panorama Global: Home,https://panoramaglobal.org/,2025-11-11T00:49:52Z
4,Panorama,7,PANORAMA | Solutions for a healthy planet,https://panorama.solutions/en,2025-11-11T00:49:52Z
4,Panorama,8,Panorama - Wikipedia,https://en.wikipedia.org/wiki/Panorama,2025-11-11T00:49:52Z
4,Panorama,9,"Panorama – A Fine Dining Restaurants Philadelphia, Best ...",https://www.panoramawinebar.com/,2025-11-11T00:49:52Z
4,Panorama,10,Panorama Antennas | Making the Connection,https://panorama-antennas.com/,2025-11-11T00:49:52Z
4,Panorama,11,Panorama - BBC One,https://www.bbc.co.uk/programmes/b006t14n,2025-11-11T00:49:52Z
4,Panorama,12,Panorama | Arborite Premium Collection,https://www.arborite.com/premium-collection/panorama,2025-11-11T00:49:52Z
4,Panorama,13,Panorama Tower,https://panoramatower.com/,2025-11-11T00:49:52Z
4,Panorama,14,Panorama Consulting,https://www.panorama-consulting.com/,2025-11-11T00:49:52Z
4,Panorama,15,Panorama Firewall Management - Palo Alto Networks,https://www.paloaltonetworks.com/network-security/panorama,2025-11-11T00:49:52Z
4,Panorama,16,Dining - Saint Louis Art Museum,https://www.slam.org/dining/,2025-11-11T00:49:52Z
4,Panorama,17,Panorama | Maston,https://maston.bandcamp.com/album/panorama,2025-11-11T00:49:52Z
4,Panorama,18,Panorama - BBC iPlayer,https://www.bbc.co.uk/iplayer/episodes/b006t14n/panorama,2025-11-11T00:49:52Z
4,Panorama,19,PANORAMA Design Group,https://panoramahk.com/,2025-11-11T00:49:52Z
4,Panorama,20,Home | Pergamonmuseum. Das Panorama,https://www.smb.museum/en/museums-institutions/pergamonmuseum-das-panorama/home/,2025-11-11T00:49:52Z
5,#BBUK,1,Big Brother UK (@bbuk) / Posts / X,https://x.com/bbuk?lang=en,2025-11-11T00:49:56Z
5,#BBUK,2,Big Brother UK (@bbuk) • Instagram photos and videos,https://www.instagram.com/bbuk/?hl=en,2025-11-11T00:49:56Z
5,#BBUK,3,Big Brother UK,https://www.reddit.com/r/bigbrotheruk/,2025-11-11T00:49:56Z
5,#BBUK,4,BB on Blast: Big Brother Podcast #BBUK (@BBonblast) / Posts / X,https://x.com/BBonblast,2025-11-11T00:49:56Z
5,#BBUK,5,Why did BBUS never have the same cultural impact that BBUK did ...,https://www.reddit.com/r/BigBrother/comments/fu89rn/why_did_bbus_never_have_the_same_cultural_impact/,2025-11-11T00:49:56Z
5,#BBUK,6,"Big Brother UK on Instagram: ""George and Teja debate politics ...",https://www.linkedin.com/posts/aisha-thomas-b9786946_big-brother-uk-on-instagram-george-and-activity-7379276482239545345-CnF4,2025-11-11T00:49:56Z
5,#BBUK,7,"2024 is the first year where BBCAN, BBUS, BBUK were all won by ...",https://www.reddit.com/r/BigBrother/comments/1gt49kr/2024_is_the_first_year_where_bbcan_bbus_bbuk_were/,2025-11-11T00:49:56Z
5,#BBUK,8,ITV - Meet the housemates… and non-housemates 👁️ #bbuk ...,https://www.facebook.com/photo.php?fbid=1073596404126517&id=100044285026961&set=a.804516587701168,2025-11-11T00:49:56Z
5,#BBUK,9,Alliances in BBUK: what's the general perception? : r/bigbrotheruk,https://www.reddit.com/r/bigbrotheruk/comments/1g1t0gb/alliances_in_bbuk_whats_the_general_perception/,2025-11-11T00:49:56Z
5,#BBUK,10,"Big - First WAP now slay, Richard is learning so much #BBUK ...",https://www.facebook.com/photo.php?fbid=1372556870897722&id=100044302665512&set=a.817024016451013,2025-11-11T00:49:56Z
5,#BBUK,11,Why was BBUK Cancelled? : r/BigBrother,https://www.reddit.com/r/BigBrother/comments/l9nyuo/why_was_bbuk_cancelled/,2025-11-11T00:49:56Z
5,#BBUK,12,Advice on Bladder and Bowel Problems in Children and Young ...,https://www.bbuk.org.uk/children-young-people/,2025-11-11T00:49:56Z
5,#BBUK,13,Big Brother (British TV series) - Wikipedia,https://en.wikipedia.org/wiki/Big_Brother_(British_TV_series),2025-11-11T00:49:56Z
5,#BBUK,14,Bladder & Bowel UK,https://www.bbuk.org.uk/,2025-11-11T00:49:56Z
5,#BBUK,15,BBUK Studio | BBUK,https://www.bbukstudio.com/,2025-11-11T00:49:56Z
5,#BBUK,16,BBUK LIMITED overview - Find and update company information ...,https://find-and-update.company-information.service.gov.uk/company/10871685,2025-11-11T00:49:56Z
5,#BBUK,17,BBUK Heritage Days 2025,https://www.bnaibrithuk.org/bbuk-heritage-days-2025,2025-11-11T00:49:56Z
5,#BBUK,18,BBUK CARS LIMITED overview - Find and update company ...,https://find-and-update.company-information.service.gov.uk/company/09948542,2025-11-11T00:49:56Z
5,#BBUK,19,'BBUK' Live Launch Shocks With Night 1 Twist That Puts ...,https://deadline.com/2025/09/bbuk-live-launch-shocks-eviction-night-1-1236563531/,2025-11-11T00:49:56Z
5,#BBUK,20,BBUK Plc pro forma,https://home.barclays/content/dam/home-barclays/documents/investor-relations/annualreports/ar2017/22%2002%2018%20Barclays%20Bank%20UK%20PLC%20Pro%20forma.pdf,2025-11-11T00:49:56Z
6,GB News,1,GB News: Home,https://www.gbnews.com/,2025-11-11T00:50:01Z
6,GB News,2,GB News - Wikipedia,https://en.wikipedia.org/wiki/GB_News,2025-11-11T00:50:01Z
6,GB News,3,GB News (@GBNEWS) / Posts / X,https://x.com/GBNEWS,2025-11-11T00:50:01Z
6,GB News,4,GBNews - YouTube,https://www.youtube.com/@GBNewsOnline,2025-11-11T00:50:01Z
6,GB News,5,GB News - Apps on Google Play,https://play.google.com/store/apps/details?id=uk.gbnews.app&hl=en_US,2025-11-11T00:50:01Z
6,GB News,6,GB News,https://www.facebook.com/GBNewsOnline/,2025-11-11T00:50:01Z
6,GB News,7,UK | Latest News & Updates | BBC News,https://www.bbc.com/news/uk,2025-11-11T00:50:01Z
6,GB News,8,GB News | LinkedIn,https://uk.linkedin.com/company/gb-news,2025-11-11T00:50:01Z
6,GB News,9,Brown Rudnick Advises GB News in Its Successful Judicial Review ...,https://brownrudnick.com/client_news/brown-rudnick-advises-gb-news-in-its-successful-judicial-review-of-two-ofcom-breach-decisions/,2025-11-11T00:50:01Z
6,GB News,10,Is GB News the Fox News of the U.K.? : NPR,https://www.npr.org/2025/09/17/nx-s1-5542217/is-gb-news-the-fox-news-of-the-u-k,2025-11-11T00:50:01Z
6,GB News,11,"GB News announces major shareholder investment,… – The ...",https://www.legatum.com/news/article/gb-news-announces-major-shareholder-investment-new-talent-and-programmes/,2025-11-11T00:50:01Z
6,GB News,12,GB News faces second Ofcom inquiry into Covid vaccine coverage ...,https://www.theguardian.com/media/2022/oct/12/gb-news-second-ofcom-investigation-covid-vaccine-coverage-naomi-wolf-mark-steyn-show,2025-11-11T00:50:01Z
6,GB News,13,GB News launches in Britain to take on 'woke warriors' | CNN Business,https://www.cnn.com/2021/06/12/media/gb-news-launch-uk,2025-11-11T00:50:01Z
6,GB News,14,Why can't I get gb news on my Alexa,https://uk.amazonforum.com/s/question/0D56Q00009X1Xf5SAF/why-cant-i-get-gb-news-on-my-alexa?language=en_US,2025-11-11T00:50:01Z
6,GB News,15,GB News must take action on antisemitic rhetoric - HIAS+JCORE,https://hiasjcore.org/gb-news-must-take-action-antisemitic-rhetoric/,2025-11-11T00:50:01Z
6,GB News,16,Ai-Media Launches Live Subtitling with GB News in UK Broadcast First,https://www.ai-media.tv/knowledge-hub/insights/ai-media-subtitling-gb-news/,2025-11-11T00:50:01Z
6,GB News,17,GB News broke Ofcom rules with presenter's Covid vaccine claims ...,https://www.theguardian.com/media/2023/mar/06/gb-news-broke-ofcom-rules-presenter-covid-vaccine-claims-mark-steyn,2025-11-11T00:50:01Z
6,GB News,18,News | Team GB,https://www.teamgb.com/news/news-listing/5OXi8CHeucGxapHCg5kstV,2025-11-11T00:50:01Z
6,GB News,19,"GB News breached impartiality rules, says Ofcom, but will face no ...",https://www.theguardian.com/media/2024/mar/18/gb-news-breached-impartiality-rules-says-ofcom-but-will-face-no-sanctions,2025-11-11T00:50:01Z
6,GB News,20,UK's GB News sacks activist Laurence Fox over sexist comments ...,https://www.reuters.com/world/uk/uks-gb-news-sacks-activist-laurence-fox-over-sexist-comments-2023-10-04/,2025-11-11T00:50:01Z
1,The BBC,1,"BBC Home - Breaking News, World News, US News, Sports ...",https://www.bbc.com/,2025-11-11T14:13:16Z
1,The BBC,2,BBC - Home,https://www.bbc.co.uk/,2025-11-11T14:13:16Z
1,The BBC,3,"BBC News - Breaking news, video and the latest top stories from the ...",https://www.bbc.com/news,2025-11-11T14:13:16Z
1,The BBC,4,BBC - Wikipedia,https://en.wikipedia.org/wiki/BBC,2025-11-11T14:13:16Z
1,The BBC,5,Home - BBC News,https://www.bbc.co.uk/news,2025-11-11T14:13:16Z
1,The BBC,6,BBC - YouTube,https://www.youtube.com/@BBC,2025-11-11T14:13:16Z
1,The BBC,7,Trump-proof the BBC - Liberal Democrats,https://www.libdems.org.uk/bbc,2025-11-11T14:13:16Z
1,The BBC,8,Micro:bit Educational Foundation | micro:bit,https://microbit.org/,2025-11-11T14:13:16Z
1,The BBC,9,BBC | The Guardian,https://www.theguardian.com/media/bbc,2025-11-11T14:13:16Z
1,The BBC,10,Trump's threat of a billion-dollar lawsuit adds to the BBC's existential ...,https://www.cbc.ca/news/world/bbc-trump-speech-9.6973686,2025-11-11T14:13:16Z
1,The BBC,11,Home | Jobs and Careers with the BBC,https://careers.bbc.co.uk/,2025-11-11T14:13:16Z
1,The BBC,12,Update on access to BBC Sounds outside the UK – BBC Help,https://help.bbc.com/hc/en-us/articles/42652680528659-Update-on-access-to-BBC-Sounds-outside-the-UK,2025-11-11T14:13:16Z
1,The BBC,13,Statement: Modernising the BBC's Operating Licence,https://www.ofcom.org.uk/tv-radio-and-on-demand/bbc/modernising-bbc-operating-licence,2025-11-11T14:13:16Z
1,The BBC,14,The Natural History Unit | BBC Studios Productions,https://productions.bbcstudios.com/our-production-brands/the-natural-history-unit/,2025-11-11T14:13:16Z
1,The BBC,15,Cm 9365 Broadcasting Royal Charter,https://assets.publishing.service.gov.uk/media/5a80c6d740f0b6230269570c/57964_CM_9365_Charter_Accessible.pdf,2025-11-11T14:13:16Z
1,The BBC,16,BBC Sound Effects,https://sound-effects.bbcrewind.co.uk/,2025-11-11T14:13:16Z
1,The BBC,17,"BBC Shop | Official BBC & Doctor Who Merch, Collectibles and More!",https://shop.bbc.com/,2025-11-11T14:13:16Z
1,The BBC,18,Pair your TV - BBC iPlayer sign-in - BBC account,https://account.bbc.com/tvcode,2025-11-11T14:13:16Z
1,The BBC,19,BBC News (UK) (@BBCNews) / Posts / X,https://x.com/BBCNews,2025-11-11T14:13:16Z
1,The BBC,20,Ezzedine Fishere talks Gaza with the BBC - Dickey Center for ...,https://dickey.dartmouth.edu/ezzedine-fishere-talks-gaza-with-the-bbc/,2025-11-11T14:13:16Z
2,Trump,1,Donald Trump - Wikipedia,https://en.wikipedia.org/wiki/Donald_Trump,2025-11-11T14:13:20Z
2,Trump,2,The Trump Organization | Luxury Real Estate Portfolio,https://www.trump.com/,2025-11-11T14:13:20Z
2,Trump,3,President Donald J. Trump,https://www.whitehouse.gov/administration/donald-j-trump/,2025-11-11T14:13:20Z
2,Trump,4,Donald J. Trump (@realDonaldTrump) / Posts / X,https://x.com/realDonaldTrump,2025-11-11T14:13:20Z
2,Trump,5,Trump Winery,https://www.trumpwinery.com/,2025-11-11T14:13:20Z
2,Trump,6,Luxury Hotels | Trump Hotels - Official Website | 5 Star Hotels,https://www.trumphotels.com/,2025-11-11T14:13:20Z
2,Trump,7,Donald J. Trump news | CNN Politics,https://www.cnn.com/politics/president-donald-trump-47,2025-11-11T14:13:20Z
2,Trump,8,Donald Trump | Breaking News & Latest Updates | AP News,https://apnews.com/hub/donald-trump,2025-11-11T14:13:20Z
2,Trump,9,23-939 Trump v. United States (07/01/2024),https://www.supremecourt.gov/opinions/23pdf/23-939_e2pg.pdf,2025-11-11T14:13:20Z
2,Trump,10,President Donald J. Trump's Call with President Vladimir Putin - U.S. ...,https://ru.usembassy.gov/president-donald-j-trumps-call-with-president-vladimir-putin/,2025-11-11T14:13:20Z
2,Trump,11,President Donald J. Trump (@realdonaldtrump) • Instagram photos ...,https://www.instagram.com/realdonaldtrump/?hl=en,2025-11-11T14:13:20Z
2,Trump,12,Office of the Pardon Attorney | Clemency Grants by President ...,https://www.justice.gov/pardon/clemency-grants-president-donald-j-trump-2025-present,2025-11-11T14:13:20Z
2,Trump,13,Latest Donald Trump News | Top Headlines on Donald Trump ...,https://www.reuters.com/world/us/donald-trump/,2025-11-11T14:13:20Z
2,Trump,14,Donald J. Trump – The White House,https://trumpwhitehouse.archives.gov/people/donald-j-trump/,2025-11-11T14:13:20Z
2,Trump,15,Trump administration | The Guardian,https://www.theguardian.com/us-news/trump-administration,2025-11-11T14:13:20Z
2,Trump,16,Donald Trump - CNBC,https://www.cnbc.com/donald-trump/,2025-11-11T14:13:20Z
2,Trump,17,Listen To The Jeffrey Epstein Tapes: 'I Was Donald Trump's Closest ...,https://docs.house.gov/meetings/JU/JU08/20250227/117951/HHRG-119-JU08-20250227-SD006-U6.pdf,2025-11-11T14:13:20Z
2,Trump,18,"V.O.S. SELECTIONS, INC. v. TRUMP [OPINION]",https://www.cafc.uscourts.gov/opinions-orders/25-1812.OPINION.8-29-2025_2566151.pdf,2025-11-11T14:13:20Z
2,Trump,19,"Trump National Golf Club | Los Angeles, CA | Luxury Public Golf",https://www.trumpnationallosangeles.com/,2025-11-11T14:13:20Z
2,Trump,20,Trump National Golf Club Colts Neck | Premier New Jersey Golf Club,https://www.trumpcoltsneck.com/,2025-11-11T14:13:20Z
3,#ArmisticeDay,1,Armistice Day - Wikipedia,https://en.wikipedia.org/wiki/Armistice_Day,2025-11-11T14:13:25Z
3,#ArmisticeDay,2,History of Veterans Day - U.S. Department of Veterans Affairs,https://department.va.gov/veterans-day/history-of-veterans-day/,2025-11-11T14:13:25Z
3,#ArmisticeDay,3,Armistice Day | About Remembrance | Royal British Legion,https://www.britishlegion.org.uk/get-involved/remembrance/armistice-day,2025-11-11T14:13:25Z
3,#ArmisticeDay,4,"Armistice Day | Meaning, 1918, & World War I | Britannica",https://www.britannica.com/topic/Armistice-Day,2025-11-11T14:13:25Z
3,#ArmisticeDay,5,The Origins of Veterans Day,https://www.va.gov/opa/publications/celebrate/vetday.pdf,2025-11-11T14:13:25Z
3,#ArmisticeDay,6,"Armistice Day: World War I ends | November 11, 1918 | HISTORY",https://www.history.com/this-day-in-history/november-11/world-war-i-ends,2025-11-11T14:13:25Z
3,#ArmisticeDay,7,#remembrancesunday #armisticeday #lestweforget ...,https://www.linkedin.com/posts/lee-stockwell-727889190_remembrancesunday-armisticeday-lestweforget-activity-7393358691707547648-w72K,2025-11-11T14:13:25Z
3,#ArmisticeDay,8,"Armistice Day Storm - November 11, 1940",https://www.weather.gov/arx/nov111940,2025-11-11T14:13:25Z
3,#ArmisticeDay,9,75th Anniversary of the Armistice Day Blizzard | Minnesota DNR,https://www.dnr.state.mn.us/climate/journal/armistice_day_blizzard.html,2025-11-11T14:13:25Z
3,#ArmisticeDay,10,Armistice Day: Queen Camilla and Princess of Wales among those ...,https://www.bbc.com/news/articles/cj41g5w0vgno,2025-11-11T14:13:25Z
3,#ArmisticeDay,11,Armistice Day - The Paul Simon Official Site,https://www.paulsimon.com/track/armistice-day-2/,2025-11-11T14:13:25Z
3,#ArmisticeDay,12,"When Is Armistice Day, What Does It Commemorate & Why We ...",https://www.historyextra.com/period/first-world-war/ww1-armistice-day-remembrance-sunday-poppies-silence-commemoration/,2025-11-11T14:13:25Z
3,#ArmisticeDay,13,Kurt Vonnegut on Armisitce Day... It's 11:11 somewhere ...,https://www.instagram.com/p/DCPochlT6Ma/,2025-11-11T14:13:25Z
3,#ArmisticeDay,14,Jamstack Conf 2022: Armistice Day for the Framework Wars ...,https://redmonk.com/kholterhoff/2022/11/16/jamstack-conf-2022-armistice-day-for-the-framework-wars/,2025-11-11T14:13:25Z
3,#ArmisticeDay,15,Armistice Day : r/Vonnegut,https://www.reddit.com/r/Vonnegut/comments/17sxzxn/armistice_day/,2025-11-11T14:13:25Z
3,#ArmisticeDay,16,Lest We Forget #ArmisticeDay,https://www.instagram.com/p/DQ6c3ssjcev/,2025-11-11T14:13:25Z
3,#ArmisticeDay,17,Traveling on Armistice Day in Western Europe - what's open? : r ...,https://www.reddit.com/r/TravelNoPics/comments/q2b8tq/traveling_on_armistice_day_in_western_europe/,2025-11-11T14:13:25Z
3,#ArmisticeDay,18,"On #ArmisticeDay, we remember the... - The Royal Family | Facebook",https://www.facebook.com/TheBritishMonarchy/posts/on-armisticeday-we-remember-the-service-and-sacrifice-of-all-those-who-have-died/1128230368861381/,2025-11-11T14:13:25Z
3,#ArmisticeDay,19,Armistice Day — Google Arts & Culture,https://artsandculture.google.com/project/first-world-war,2025-11-11T14:13:25Z
3,#ArmisticeDay,20,The true meaning of 'Armistice Day' — a commitment to peace,https://today.usc.edu/the-true-meaning-of-armistice-day-a-commitment-to-peace/,2025-11-11T14:13:25Z
4,#RemembranceDay,1,Remembrance Day - Wikipedia,https://en.wikipedia.org/wiki/Remembrance_Day,2025-11-11T14:13:29Z
4,#RemembranceDay,2,holocaust remembrance day | Ekko Astral,https://ekkoastral.bandcamp.com/track/holocaust-remembrance-day,2025-11-11T14:13:29Z
4,#RemembranceDay,3,Remembrance Day,https://www.facebook.com/remembrancedayeveryday/,2025-11-11T14:13:29Z
4,#RemembranceDay,4,Remembrance Day,https://www.legion.ca/remembrance/remembrance-day,2025-11-11T14:13:29Z
4,#RemembranceDay,5,. . . #remembrance #remembranceday #fblifestyle #remembrances ...,https://www.facebook.com/FamilyDaysTriedAndTested/posts/remembrance-remembranceday-fblifestyle-remembrances-remembrancesunday/1388520242630166/,2025-11-11T14:13:29Z
4,#RemembranceDay,6,#freedom #tyranny #remembranceday #donate #lestweforget ...,https://www.linkedin.com/posts/brady-aarssen-30189418_freedom-tyranny-remembranceday-activity-7261804730857717760-6XNT,2025-11-11T14:13:29Z
4,#RemembranceDay,7,Saluki Remembrance Day | Events and Outreach | SIU,https://universityevents.siu.edu/saluki-remembrance/,2025-11-11T14:13:29Z
4,#RemembranceDay,8,International Holocaust Remembrance Day - United States ...,https://www.ushmm.org/remember/international-holocaust-remembrance-day,2025-11-11T14:13:29Z
4,#RemembranceDay,9,Donor Remembrance Day - Donor Hero Garden,https://aopo.org/donor-remembrance-day/donor-hero-garden/,2025-11-11T14:13:29Z
4,#RemembranceDay,10,HB 251 (2025) - Holocaust Remembrance Day | Florida House of ...,https://www.flhouse.gov/Sections/Bills/billsdetail.aspx?BillId=80843,2025-11-11T14:13:29Z
4,#RemembranceDay,11,Remembrance Day | Australian War Memorial,https://www.awm.gov.au/commemoration/remembrance-day,2025-11-11T14:13:29Z
4,#RemembranceDay,12,Remembrance Day 11 November - Anzac Portal,https://anzacportal.dva.gov.au/commemoration/days/remembrance-day,2025-11-11T14:13:29Z
4,#RemembranceDay,13,Remembrance Day – 1 oz. Fine Silver Coin (2025) | The Royal ...,https://www.mint.ca/en/shop/coins/2025/remembrance-day-2025-1-oz-fine-silver-coin,2025-11-11T14:13:29Z
4,#RemembranceDay,14,International Holocaust Remembrance Day - Holocaust Museum ...,https://hmh.org/event/international-holocaust-remembrance-day-5/,2025-11-11T14:13:29Z
4,#RemembranceDay,15,Remembrance Day | RSL | Remember to Remember,https://remembertoremember.com.au/,2025-11-11T14:13:29Z
4,#RemembranceDay,16,Employment Standards | Employment Standards | Remembrance Day,"https://www.gov.mb.ca/labour/standards/doc,remembrance-day,factsheet.html",2025-11-11T14:13:29Z
4,#RemembranceDay,17,Remembrance - Remembrance Day | Canada and the First World War,https://www.warmuseum.ca/firstworldwar/history/after-the-war/remembrance/remembrance-day/,2025-11-11T14:13:29Z
4,#RemembranceDay,18,Holocaust Martyrs' and Heroes' Remembrance Day 2025,https://www.yadvashem.org/remembrance/remembrance-day.html,2025-11-11T14:13:29Z
4,#RemembranceDay,19,National Pearl Harbor Remembrance Day - Pearl Harbor National ...,https://www.nps.gov/valr/learn/historyculture/national-pearl-harbor-remembrance-day.htm,2025-11-11T14:13:29Z
4,#RemembranceDay,20,Flowers of Remembrance Day,https://www.arlingtoncemetery.mil/Memorial-Day/Flowers-of-Remembrance,2025-11-11T14:13:29Z
5,Panorama,1,"Panorama Education | MTSS, Surveys, and AI Platform for K-12 ...",https://www.panoramaed.com/,2025-11-11T14:13:34Z
5,Panorama,2,Panorama Mountain Resort - British Columbia Ski-in / Ski-out ...,https://www.panoramaresort.com/,2025-11-11T14:13:34Z
5,Panorama,3,Panorama - BI & Data Analytics,https://panorama.com/,2025-11-11T14:13:34Z
5,Panorama,4,Panorama – Non-Invasive Prenatal Testing (NIPT) | Natera,https://www.natera.com/womens-health/panorama-nipt-prenatal-screening/,2025-11-11T14:13:34Z
5,Panorama,5,Panorama - Fine Dining Italian Restaurant Philadelphia at the ...,https://www.pennsviewhotel.com/panorama/,2025-11-11T14:13:34Z
5,Panorama,6,Panorama Global: Home,https://panoramaglobal.org/,2025-11-11T14:13:34Z
5,Panorama,7,PANORAMA | Solutions for a healthy planet,https://panorama.solutions/en,2025-11-11T14:13:34Z
5,Panorama,8,Panorama - Wikipedia,https://en.wikipedia.org/wiki/Panorama,2025-11-11T14:13:34Z
5,Panorama,9,"Panorama – A Fine Dining Restaurants Philadelphia, Best ...",https://www.panoramawinebar.com/,2025-11-11T14:13:34Z
5,Panorama,10,Panorama Antennas | Making the Connection,https://panorama-antennas.com/,2025-11-11T14:13:34Z
5,Panorama,11,Panorama - BBC One,https://www.bbc.co.uk/programmes/b006t14n,2025-11-11T14:13:34Z
5,Panorama,12,Panorama | Arborite Premium Collection,https://www.arborite.com/premium-collection/panorama,2025-11-11T14:13:34Z
5,Panorama,13,Panorama Tower,https://panoramatower.com/,2025-11-11T14:13:34Z
5,Panorama,14,Panorama Consulting,https://www.panorama-consulting.com/,2025-11-11T14:13:34Z
5,Panorama,15,Dining - Saint Louis Art Museum,https://www.slam.org/dining/,2025-11-11T14:13:34Z
5,Panorama,16,Panorama Firewall Management - Palo Alto Networks,https://www.paloaltonetworks.com/network-security/panorama,2025-11-11T14:13:34Z
5,Panorama,17,Panorama | Maston,https://maston.bandcamp.com/album/panorama,2025-11-11T14:13:34Z
5,Panorama,18,Panorama - BBC iPlayer,https://www.bbc.co.uk/iplayer/episodes/b006t14n/panorama,2025-11-11T14:13:34Z
5,Panorama,19,PANORAMA Design Group,https://panoramahk.com/,2025-11-11T14:13:34Z
5,Panorama,20,Panorama High School & Magnets,https://panoramahs.lausd.org/,2025-11-11T14:13:34Z
6,#WWERaw,1,Thrilled to have Pat McAfee every week on #WWERaw. Welcome ...,https://www.facebook.com/tripleh/posts/thrilled-to-have-pat-mcafee-every-week-on-wweraw-welcome-home-pat/930663708421888/,2025-11-11T14:13:39Z
6,#WWERaw,2,"face facts, 'cause your opinion don't matter #WWERaw",https://www.instagram.com/p/C8nkFh9OgK6/,2025-11-11T14:13:39Z
6,#WWERaw,3,CM Punk is a class act. #WWE #CMPunk #WWERAW,https://www.facebook.com/83Weeks/posts/cm-punk-is-a-class-actwwe-cmpunk-wweraw/1343931004400492/,2025-11-11T14:13:39Z
6,#WWERaw,4,Unfortunately I will not be at #WWERaw tonight. Not only did Bianca ...,https://www.instagram.com/p/Ca0l44aM8RO/?hl=en,2025-11-11T14:13:39Z
6,#WWERaw,5,WWE Raw (TV Series 1993– ) - IMDb,https://www.imdb.com/title/tt0185103/,2025-11-11T14:13:39Z
6,#WWERaw,6,ALWAYS stand-up to a bully. #WWERaw,https://www.instagram.com/p/DKI0wdTKnMW/,2025-11-11T14:13:39Z
6,#WWERaw,7,WWE Raw - Wikipedia,https://en.wikipedia.org/wiki/WWE_Raw,2025-11-11T14:13:39Z
6,#WWERaw,8,#wweraw #kairisane,https://www.instagram.com/p/DDYtBCJu-iL/?hl=en,2025-11-11T14:13:39Z
6,#WWERaw,9,Cory Hays on X: YCLBYCT #WWERAW : r/SquaredCircle,https://www.reddit.com/r/SquaredCircle/comments/1l60hd6/cory_hays_on_x_yclbyct_wweraw/,2025-11-11T14:13:39Z
6,#WWERaw,10,Boots making an appearance on #wweraw ! . . @wwe #raw ...,https://www.instagram.com/p/DGMaF4cMv8M/?hl=en,2025-11-11T14:13:39Z
6,#WWERaw,11,WWE RAW Discussion (22 September 2025) : r/WWE,https://www.reddit.com/r/WWE/comments/1nnym6e/wwe_raw_discussion_22_september_2025/,2025-11-11T14:13:39Z
6,#WWERaw,12,Watch Raw | Netflix Official Site,https://www.netflix.com/title/81788927,2025-11-11T14:13:39Z
6,#WWERaw,13,#wweraw #aewdynamite | Jack Farmer,https://www.linkedin.com/posts/jackcfarmer_wweraw-aewdynamite-activity-7262894195328131073-h1ey,2025-11-11T14:13:39Z
6,#WWERaw,14,WWE Raw on Netflix: Everything to Know About The Action-Packed ...,https://www.netflix.com/tudum/articles/wwe-raw-netflix-release-date-news,2025-11-11T14:13:39Z
6,#WWERaw,15,WWE (@WWE) / Posts / X,https://x.com/WWE,2025-11-11T14:13:39Z
6,#WWERaw,16,Maxxine Dupri is MOTIVATED #WWEonFOX #WWERaw ...,https://www.youtube.com/shorts/KGdEsNdZYLk,2025-11-11T14:13:39Z
6,#WWERaw,17,"WWE Australia on X: ""Tomorrow on #WWERaw John Cena will be in ...",https://twitter.com/WWEAustralia/status/1967486814450856048,2025-11-11T14:13:39Z
6,#WWERaw,18,"""They should be worried about us"" #WWEraw #wrestling | TikTok",https://www.tiktok.com/@kellyclarksonshow/video/7480277182204366123,2025-11-11T14:13:39Z
1,The BBC,1,"BBC Home - Breaking News, World News, US News, Sports ...",https://www.bbc.com/,2025-11-12T03:09:44Z
1,The BBC,2,BBC - Home,https://www.bbc.co.uk/,2025-11-12T03:09:44Z
1,The BBC,3,"BBC News - Breaking news, video and the latest top stories from the ...",https://www.bbc.com/news,2025-11-12T03:09:44Z
1,The BBC,4,Home - BBC News,https://www.bbc.co.uk/news,2025-11-12T03:09:44Z
1,The BBC,5,BBC - Wikipedia,https://en.wikipedia.org/wiki/BBC,2025-11-12T03:09:44Z
1,The BBC,6,BBC - YouTube,https://www.youtube.com/@BBC,2025-11-12T03:09:44Z
1,The BBC,7,Trump-proof the BBC - Liberal Democrats,https://www.libdems.org.uk/bbc,2025-11-12T03:09:44Z
1,The BBC,8,Micro:bit Educational Foundation | micro:bit,https://microbit.org/,2025-11-12T03:09:44Z
1,The BBC,9,Trump's threat of a billion-dollar lawsuit adds to the BBC's existential ...,https://www.cbc.ca/news/world/bbc-trump-speech-9.6973686,2025-11-12T03:09:44Z
1,The BBC,10,The BBC's Civil War Over Gaza - by Owen Jones,https://www.dropsitenews.com/p/bbc-civil-war-gaza-israel-biased-coverage,2025-11-12T03:09:44Z
1,The BBC,11,Home | Jobs and Careers with the BBC,https://careers.bbc.co.uk/,2025-11-12T03:09:44Z
1,The BBC,12,"BBC Shop | Official BBC & Doctor Who Merch, Collectibles and More!",https://shop.bbc.com/,2025-11-12T03:09:44Z
1,The BBC,13,Pair your TV - BBC iPlayer sign-in - BBC account,https://account.bbc.com/tvcode,2025-11-12T03:09:44Z
1,The BBC,14,Update on access to BBC Sounds outside the UK – BBC Help,https://help.bbc.com/hc/en-us/articles/42652680528659-Update-on-access-to-BBC-Sounds-outside-the-UK,2025-11-12T03:09:44Z
1,The BBC,15,Statement: Modernising the BBC's Operating Licence,https://www.ofcom.org.uk/tv-radio-and-on-demand/bbc/modernising-bbc-operating-licence,2025-11-12T03:09:44Z
1,The BBC,16,The Natural History Unit | BBC Studios Productions,https://productions.bbcstudios.com/our-production-brands/the-natural-history-unit/,2025-11-12T03:09:44Z
1,The BBC,17,Cm 9365 Broadcasting Royal Charter,https://assets.publishing.service.gov.uk/media/5a80c6d740f0b6230269570c/57964_CM_9365_Charter_Accessible.pdf,2025-11-12T03:09:44Z
1,The BBC,18,BBC Sound Effects,https://sound-effects.bbcrewind.co.uk/,2025-11-12T03:09:44Z
1,The BBC,19,Ezzedine Fishere talks Gaza with the BBC - Dickey Center for ...,https://dickey.dartmouth.edu/ezzedine-fishere-talks-gaza-with-the-bbc/,2025-11-12T03:09:44Z
1,The BBC,20,BBC News (UK) (@BBCNews) / Posts / X,https://x.com/BBCNews,2025-11-12T03:09:44Z
2,Trump,1,Donald Trump - Wikipedia,https://en.wikipedia.org/wiki/Donald_Trump,2025-11-12T03:09:49Z
2,Trump,2,The Trump Organization | Luxury Real Estate Portfolio,https://www.trump.com/,2025-11-12T03:09:49Z
2,Trump,3,President Donald J. Trump,https://www.whitehouse.gov/administration/donald-j-trump/,2025-11-12T03:09:49Z
2,Trump,4,Donald J. Trump (@realDonaldTrump) / Posts / X,https://x.com/realDonaldTrump,2025-11-12T03:09:49Z
2,Trump,5,Donald Trump | Breaking News & Latest Updates | AP News,https://apnews.com/hub/donald-trump,2025-11-12T03:09:49Z
2,Trump,6,Trump Winery,https://www.trumpwinery.com/,2025-11-12T03:09:49Z
2,Trump,7,Donald J. Trump news | CNN Politics,https://www.cnn.com/politics/president-donald-trump-47,2025-11-12T03:09:49Z
2,Trump,8,Luxury Hotels | Trump Hotels - Official Website | 5 Star Hotels,https://www.trumphotels.com/,2025-11-12T03:09:49Z
2,Trump,9,23-939 Trump v. United States (07/01/2024),https://www.supremecourt.gov/opinions/23pdf/23-939_e2pg.pdf,2025-11-12T03:09:49Z
2,Trump,10,President Donald J. Trump's Call with President Vladimir Putin - U.S. ...,https://ru.usembassy.gov/president-donald-j-trumps-call-with-president-vladimir-putin/,2025-11-12T03:09:49Z
2,Trump,11,President Donald J. Trump (@realdonaldtrump) • Instagram photos ...,https://www.instagram.com/realdonaldtrump/?hl=en,2025-11-12T03:09:49Z
2,Trump,12,Office of the Pardon Attorney | Clemency Grants by President ...,https://www.justice.gov/pardon/clemency-grants-president-donald-j-trump-2025-present,2025-11-12T03:09:49Z
2,Trump,13,Latest Donald Trump News | Top Headlines on Donald Trump ...,https://www.reuters.com/world/us/donald-trump/,2025-11-12T03:09:49Z
2,Trump,14,"Donald Trump - Breaking News, Photos and Videos | The Hill",https://thehill.com/people/donald-trump/,2025-11-12T03:09:49Z
2,Trump,15,Donald J. Trump – The White House,https://trumpwhitehouse.archives.gov/people/donald-j-trump/,2025-11-12T03:09:49Z
2,Trump,16,Donald Trump - CNBC,https://www.cnbc.com/donald-trump/,2025-11-12T03:09:49Z
2,Trump,17,"V.O.S. SELECTIONS, INC. v. TRUMP [OPINION]",https://www.cafc.uscourts.gov/opinions-orders/25-1812.OPINION.8-29-2025_2566151.pdf,2025-11-12T03:09:49Z
2,Trump,18,Trump administration | The Guardian,https://www.theguardian.com/us-news/trump-administration,2025-11-12T03:09:49Z
2,Trump,19,Listen To The Jeffrey Epstein Tapes: 'I Was Donald Trump's Closest ...,https://docs.house.gov/meetings/JU/JU08/20250227/117951/HHRG-119-JU08-20250227-SD006-U6.pdf,2025-11-12T03:09:49Z
2,Trump,20,"Trump National Golf Club | Los Angeles, CA | Luxury Public Golf",https://www.trumpnationallosangeles.com/,2025-11-12T03:09:49Z
3,Wike,1,Wike Inc,https://wikeinc.com/,2025-11-12T03:09:53Z
3,Wike,2,Nyesom Wike - Wikipedia,https://en.wikipedia.org/wiki/Nyesom_Wike,2025-11-12T03:09:53Z
3,Wike,3,"Candice Wike, Ph.D.",https://www.tgen.org/faculty-profiles/candice-wike-ph-d/,2025-11-12T03:09:53Z
3,Wike,4,"Samuel ""Hunter"" H. Wike | UNC Health",https://www.unchealth.org/care-services/doctors/w/samuel-hunter-h-wike-md,2025-11-12T03:09:53Z
3,Wike,5,Andrew Wike - Men's Soccer - Boston University Athletics,https://goterriers.com/sports/mens-soccer/roster/andrew-wike/25699,2025-11-12T03:09:53Z
3,Wike,6,Traci L. Wike - Social Work - Virginia Commonwealth University,https://socialwork.vcu.edu/directory/people/traci-l-wike.html,2025-11-12T03:09:53Z
3,Wike,7,Where Safety and Adventure Meet - Wike Europe,https://www.wikeeurope.com/nl,2025-11-12T03:09:53Z
3,Wike,8,"William M. Wike | CarolinaEast Health System - New Bern, North ...",http://www.carolinaeasthealth.com/provider-directory/providers/william-m-wike/,2025-11-12T03:09:53Z
3,Wike,9,Richard Wike | Pew Research Center,https://www.pewresearch.org/staff/richard-wike/,2025-11-12T03:09:53Z
3,Wike,10,Karleigh Wike - Women's Basketball - University of Richmond Athletics,https://richmondspiders.com/sports/womens-basketball/roster/karleigh-wike/1574,2025-11-12T03:09:53Z
3,Wike,11,hugolabe/Wike: Wikipedia Reader for the GNOME Desktop - GitHub,https://github.com/hugolabe/Wike,2025-11-12T03:09:53Z
3,Wike,12,Joe Wike - Baseball - Barry University Athletics,https://gobarrybucs.com/sports/baseball/roster/joe-wike/6702,2025-11-12T03:09:53Z
3,Wike,13,Noah Wike - Men's Soccer - Grand Canyon University Athletics,https://gculopes.com/sports/mens-soccer/roster/noah-wike/13190,2025-11-12T03:09:53Z
3,Wike,14,Taylor Wike - Assistant Coach - Softball Coaches - Duke University,https://goduke.com/sports/softball/roster/coaches/taylor-wike/4709,2025-11-12T03:09:53Z
3,Wike,15,Karleigh Wike | People | Ropes & Gray LLP,https://www.ropesgray.com/en/people/w/karleigh-wike,2025-11-12T03:09:53Z
3,Wike,16,Lori Wike - Utah Symphony,https://utahsymphony.org/bio/lori-wike/,2025-11-12T03:09:53Z
3,Wike,17,Nyesom Ezenwo Wike (@GovWike) / Posts / X,https://x.com/GovWike,2025-11-12T03:09:53Z
3,Wike,18,Joe Wike - Baseball - Eckerd College Athletics,https://eckerdtritons.com/sports/baseball/roster/joe-wike/5003,2025-11-12T03:09:53Z
3,Wike,19,Taylor Wike - Softball - University of North Carolina Athletics,https://goheels.com/roster.aspx?rp_id=10732,2025-11-12T03:09:53Z
3,Wike,20,Joelle Wike - Softball - Eckerd College Athletics,https://eckerdtritons.com/sports/softball/roster/joelle-wike/5627,2025-11-12T03:09:53Z
4,#armisticeday,1,Armistice Day - Wikipedia,https://en.wikipedia.org/wiki/Armistice_Day,2025-11-12T03:09:58Z
4,#armisticeday,2,History of Veterans Day - U.S. Department of Veterans Affairs,https://department.va.gov/veterans-day/history-of-veterans-day/,2025-11-12T03:09:58Z
4,#armisticeday,3,"Armistice Day | Meaning, 1918, & World War I | Britannica",https://www.britannica.com/topic/Armistice-Day,2025-11-12T03:09:58Z
4,#armisticeday,4,The Origins of Veterans Day,https://www.va.gov/opa/publications/celebrate/vetday.pdf,2025-11-12T03:09:58Z
4,#armisticeday,5,Armistice Day | About Remembrance | Royal British Legion,https://www.britishlegion.org.uk/get-involved/remembrance/armistice-day,2025-11-12T03:09:58Z
4,#armisticeday,6,"Armistice Day: World War I ends | November 11, 1918 | HISTORY",https://www.history.com/this-day-in-history/november-11/world-war-i-ends,2025-11-12T03:09:58Z
4,#armisticeday,7,#armisticeday #serviceandsacrifice,https://www.instagram.com/p/Ck5s2KCqhLJ/?hl=en,2025-11-12T03:09:58Z
4,#armisticeday,8,#remembrancesunday #armisticeday #lestweforget ...,https://www.linkedin.com/posts/lee-stockwell-727889190_remembrancesunday-armisticeday-lestweforget-activity-7393358691707547648-w72K,2025-11-12T03:09:58Z
4,#armisticeday,9,Today is the 11th November - Armistice Day - 11/11 At 11.11am ...,https://www.instagram.com/p/DQ7SdfqCqC8/,2025-11-12T03:09:58Z
4,#armisticeday,10,"Armistice Day Storm - November 11, 1940",https://www.weather.gov/arx/nov111940,2025-11-12T03:09:58Z
4,#armisticeday,11,75th Anniversary of the Armistice Day Blizzard | Minnesota DNR,https://www.dnr.state.mn.us/climate/journal/armistice_day_blizzard.html,2025-11-12T03:09:58Z
4,#armisticeday,12,Armistice Day Blizzard of 1940 Remembered,https://www.weather.gov/dvn/armistice_day_blizzard,2025-11-12T03:09:58Z
4,#armisticeday,13,"When Is Armistice Day, What Does It Commemorate & Why We ...",https://www.historyextra.com/period/first-world-war/ww1-armistice-day-remembrance-sunday-poppies-silence-commemoration/,2025-11-12T03:09:58Z
4,#armisticeday,14,Armistice Day - The Paul Simon Official Site,https://www.paulsimon.com/track/armistice-day-2/,2025-11-12T03:09:58Z
4,#armisticeday,15,Jamstack Conf 2022: Armistice Day for the Framework Wars ...,https://redmonk.com/kholterhoff/2022/11/16/jamstack-conf-2022-armistice-day-for-the-framework-wars/,2025-11-12T03:09:58Z
4,#armisticeday,16,Armistice Day : r/Vonnegut,https://www.reddit.com/r/Vonnegut/comments/17sxzxn/armistice_day/,2025-11-12T03:09:58Z
4,#armisticeday,17,"Armistice Day Storm - November 11, 1940 - Marine",https://www.weather.gov/arx/nov111940marine,2025-11-12T03:09:58Z
4,#armisticeday,18,On #ArmisticeDay we remember the service and sacrifice of all ...,https://www.facebook.com/TheBritishMonarchy/posts/on-armisticeday-we-remember-the-service-and-sacrifice-of-all-those-who-lost-thei/1404270791257336/,2025-11-12T03:09:58Z
4,#armisticeday,19,Traveling on Armistice Day in Western Europe - what's open? : r ...,https://www.reddit.com/r/TravelNoPics/comments/q2b8tq/traveling_on_armistice_day_in_western_europe/,2025-11-12T03:09:58Z
4,#armisticeday,20,Armistice Day — Google Arts & Culture,https://artsandculture.google.com/project/first-world-war,2025-11-12T03:09:58Z
5,#RemembranceDay,1,Remembrance Day - Wikipedia,https://en.wikipedia.org/wiki/Remembrance_Day,2025-11-12T03:10:02Z
5,#RemembranceDay,2,holocaust remembrance day | Ekko Astral,https://ekkoastral.bandcamp.com/track/holocaust-remembrance-day,2025-11-12T03:10:02Z
5,#RemembranceDay,3,Remembrance Day,https://www.facebook.com/remembrancedayeveryday/,2025-11-12T03:10:02Z
5,#RemembranceDay,4,Lest we forget #remembranceday #poppies,https://www.instagram.com/p/DQ7U4uYkmyZ/,2025-11-12T03:10:02Z
5,#RemembranceDay,5,. . . #remembrance #remembranceday #fblifestyle #remembrances ...,https://www.facebook.com/FamilyDaysTriedAndTested/posts/remembrance-remembranceday-fblifestyle-remembrances-remembrancesunday/1388520242630166/,2025-11-12T03:10:02Z
5,#RemembranceDay,6,Remembrance Day,https://www.legion.ca/remembrance/remembrance-day,2025-11-12T03:10:02Z
5,#RemembranceDay,7,#freedom #tyranny #remembranceday #donate #lestweforget ...,https://www.linkedin.com/posts/brady-aarssen-30189418_freedom-tyranny-remembranceday-activity-7261804730857717760-6XNT,2025-11-12T03:10:02Z
5,#RemembranceDay,8,Remembrance Day | novascotia.ca,https://novascotia.ca/lae/employmentrights/remembrance.asp,2025-11-12T03:10:02Z
5,#RemembranceDay,9,Saluki Remembrance Day | Events and Outreach | SIU,https://universityevents.siu.edu/saluki-remembrance/,2025-11-12T03:10:02Z
5,#RemembranceDay,10,International Holocaust Remembrance Day - United States ...,https://www.ushmm.org/remember/international-holocaust-remembrance-day,2025-11-12T03:10:02Z
5,#RemembranceDay,11,Donor Remembrance Day - Donor Hero Garden,https://aopo.org/donor-remembrance-day/donor-hero-garden/,2025-11-12T03:10:02Z
5,#RemembranceDay,12,Remembrance Day Calendar - United States Holocaust Memorial ...,https://www.ushmm.org/remember/days-of-remembrance/resources/calendar,2025-11-12T03:10:02Z
5,#RemembranceDay,13,Remembrance Day | Australian War Memorial,https://www.awm.gov.au/commemoration/remembrance-day,2025-11-12T03:10:02Z
5,#RemembranceDay,14,Remembrance Day | RSL | Remember to Remember,https://remembertoremember.com.au/,2025-11-12T03:10:02Z
5,#RemembranceDay,15,International Holocaust Remembrance Day - Holocaust Museum ...,https://hmh.org/event/international-holocaust-remembrance-day-5/,2025-11-12T03:10:02Z
5,#RemembranceDay,16,Remembrance Day – 1 oz. Fine Silver Coin (2025) | The Royal ...,https://www.mint.ca/en/shop/coins/2025/remembrance-day-2025-1-oz-fine-silver-coin,2025-11-12T03:10:02Z
5,#RemembranceDay,17,Employment Standards | Employment Standards | Remembrance Day,"https://www.gov.mb.ca/labour/standards/doc,remembrance-day,factsheet.html",2025-11-12T03:10:02Z
5,#RemembranceDay,18,Holocaust Martyrs' and Heroes' Remembrance Day 2025,https://www.yadvashem.org/remembrance/remembrance-day.html,2025-11-12T03:10:02Z
5,#RemembranceDay,19,National Pearl Harbor Remembrance Day - Pearl Harbor National ...,https://www.nps.gov/valr/learn/historyculture/national-pearl-harbor-remembrance-day.htm,2025-11-12T03:10:02Z
5,#RemembranceDay,20,Flowers of Remembrance Day,https://www.arlingtoncemetery.mil/Memorial-Day/Flowers-of-Remembrance,2025-11-12T03:10:02Z
6,Bond,1,James Bond 007: Home,https://www.007.com/,2025-11-12T03:10:07Z
6,Bond,2,Home | BOND,https://www.bondcap.com/,2025-11-12T03:10:07Z
6,Bond,3,"Bond, Schoeneck & King PLLC: Multi-Practice Law Firm",https://www.bsk.com/,2025-11-12T03:10:07Z
6,Bond,4,Bond No. 9 New York,https://www.bondno9.com/,2025-11-12T03:10:07Z
6,Bond,5,James Bond - Wikipedia,https://en.wikipedia.org/wiki/James_Bond,2025-11-12T03:10:07Z
6,Bond,6,I bonds — TreasuryDirect,https://www.treasurydirect.gov/savings-bonds/i-bonds/,2025-11-12T03:10:07Z
6,Bond,7,Bond: Home,https://bondhome.io/,2025-11-12T03:10:07Z
6,Bond,8,Green Bond Principles » ICMA,https://www.icmagroup.org/sustainable-finance/the-principles-guidelines-and-handbooks/green-bond-principles-gbp/,2025-11-12T03:10:07Z
6,Bond,9,Bond | The enterprise-grade platform for embedded finance,https://www.bond.tech/,2025-11-12T03:10:07Z
6,Bond,10,Bond Pet Foods: Meat makers for the pet food world.,https://www.bondpets.com/,2025-11-12T03:10:07Z
6,Bond,11,BOND | Napa Valley Red Wine | Cabernet Sauvignon,https://www.bond.wine/,2025-11-12T03:10:07Z
6,Bond,12,"2025 Bond Election | Prosper, TX",https://www.prospertx.gov/783/2025-Bond-Election,2025-11-12T03:10:07Z
6,Bond,13,CDFI Bond Guarantee Program | Community Development Financial ...,https://www.cdfifund.gov/programs-training/programs/cdfi-bond,2025-11-12T03:10:07Z
6,Bond,14,"Bond County, Illinois",https://bondcountyil.gov/,2025-11-12T03:10:07Z
6,Bond,15,2022-2027 Bond,https://www.sanantonio.gov/2022Bond,2025-11-12T03:10:07Z
6,Bond,16,BOND - Entertainment Marketing Agency,https://www.wearebond.com/,2025-11-12T03:10:07Z
6,Bond,17,2017 Dallas Bond Program,https://dallascityhall.com/departments/public-works/dallasbondprogram/Pages/default.aspx,2025-11-12T03:10:07Z
6,Bond,18,Senate Bill 200,https://legis.delaware.gov/BillDetail?LegislationId=142633,2025-11-12T03:10:07Z
6,Bond,19,Bond Agency,https://bond-agency.com/,2025-11-12T03:10:07Z
6,Bond,20,2017-2022 Bond,https://www.sanantonio.gov/2017Bond,2025-11-12T03:10:07Z
1,The BBC,1,"BBC Home - Breaking News, World News, US News, Sports ...",https://www.bbc.com/,2025-11-12T14:13:56Z
1,The BBC,2,BBC - Home,https://www.bbc.co.uk/,2025-11-12T14:13:56Z
1,The BBC,3,"BBC News - Breaking news, video and the latest top stories from the ...",https://www.bbc.com/news,2025-11-12T14:13:56Z
1,The BBC,4,Home - BBC News,https://www.bbc.co.uk/news,2025-11-12T14:13:56Z
1,The BBC,5,BBC - Wikipedia,https://en.wikipedia.org/wiki/BBC,2025-11-12T14:13:56Z
1,The BBC,6,BBC - YouTube,https://www.youtube.com/@BBC,2025-11-12T14:13:56Z
1,The BBC,7,Trump-proof the BBC - Liberal Democrats,https://www.libdems.org.uk/bbc,2025-11-12T14:13:56Z
1,The BBC,8,Micro:bit Educational Foundation | micro:bit,https://microbit.org/,2025-11-12T14:13:56Z
1,The BBC,9,Home | Jobs and Careers with the BBC,https://careers.bbc.co.uk/,2025-11-12T14:13:56Z
1,The BBC,10,Update on access to BBC Sounds outside the UK – BBC Help,https://help.bbc.com/hc/en-us/articles/42652680528659-Update-on-access-to-BBC-Sounds-outside-the-UK,2025-11-12T14:13:56Z
1,The BBC,11,"BBC Shop | Official BBC & Doctor Who Merch, Collectibles and More!",https://shop.bbc.com/,2025-11-12T14:13:56Z
1,The BBC,12,The BBC's Civil War Over Gaza - by Owen Jones,https://www.dropsitenews.com/p/bbc-civil-war-gaza-israel-biased-coverage,2025-11-12T14:13:56Z
1,The BBC,13,Pair your TV - BBC iPlayer sign-in - BBC account,https://account.bbc.com/tvcode,2025-11-12T14:13:56Z
1,The BBC,14,Statement: Modernising the BBC's Operating Licence,https://www.ofcom.org.uk/tv-radio-and-on-demand/bbc/modernising-bbc-operating-licence,2025-11-12T14:13:56Z
1,The BBC,15,The Natural History Unit | BBC Studios Productions,https://productions.bbcstudios.com/our-production-brands/the-natural-history-unit/,2025-11-12T14:13:56Z
1,The BBC,16,BBC Sound Effects,https://sound-effects.bbcrewind.co.uk/,2025-11-12T14:13:56Z
1,The BBC,17,Cm 9365 Broadcasting Royal Charter,https://assets.publishing.service.gov.uk/media/5a80c6d740f0b6230269570c/57964_CM_9365_Charter_Accessible.pdf,2025-11-12T14:13:56Z
1,The BBC,18,Ezzedine Fishere talks Gaza with the BBC - Dickey Center for ...,https://dickey.dartmouth.edu/ezzedine-fishere-talks-gaza-with-the-bbc/,2025-11-12T14:13:56Z
1,The BBC,19,BBC Children in Need: We're there for you,https://www.bbcchildreninneed.co.uk/,2025-11-12T14:13:56Z
1,The BBC,20,Live At The BBC (Remastered) - Album by The Beatles | Spotify,https://open.spotify.com/album/2EowTulHWqSY6QZfTDf5vW,2025-11-12T14:13:56Z
2,Wike,1,Wike Inc,https://wikeinc.com/,2025-11-12T14:14:00Z
2,Wike,2,Nyesom Wike - Wikipedia,https://en.wikipedia.org/wiki/Nyesom_Wike,2025-11-12T14:14:00Z
2,Wike,3,"Candice Wike, Ph.D.",https://www.tgen.org/faculty-profiles/candice-wike-ph-d/,2025-11-12T14:14:00Z
2,Wike,4,Andrew Wike - Men's Soccer - Boston University Athletics,https://goterriers.com/sports/mens-soccer/roster/andrew-wike/25699,2025-11-12T14:14:00Z
2,Wike,5,"Samuel ""Hunter"" H. Wike | UNC Health",https://www.unchealth.org/care-services/doctors/w/samuel-hunter-h-wike-md,2025-11-12T14:14:00Z
2,Wike,6,Traci L. Wike - Social Work - Virginia Commonwealth University,https://socialwork.vcu.edu/directory/people/traci-l-wike.html,2025-11-12T14:14:00Z
2,Wike,7,Nyesom Ezenwo Wike (@GovWike) / Posts / X,https://x.com/GovWike,2025-11-12T14:14:00Z
2,Wike,8,Where Safety and Adventure Meet - Wike Europe,https://www.wikeeurope.com/nl,2025-11-12T14:14:00Z
2,Wike,9,"William M. Wike | CarolinaEast Health System - New Bern, North ...",http://www.carolinaeasthealth.com/provider-directory/providers/william-m-wike/,2025-11-12T14:14:00Z
2,Wike,10,Karleigh Wike - Women's Basketball - University of Richmond Athletics,https://richmondspiders.com/sports/womens-basketball/roster/karleigh-wike/1574,2025-11-12T14:14:00Z
2,Wike,11,Richard Wike | Pew Research Center,https://www.pewresearch.org/staff/richard-wike/,2025-11-12T14:14:00Z
2,Wike,12,hugolabe/Wike: Wikipedia Reader for the GNOME Desktop - GitHub,https://github.com/hugolabe/Wike,2025-11-12T14:14:00Z
2,Wike,13,Joe Wike - Baseball - Barry University Athletics,https://gobarrybucs.com/sports/baseball/roster/joe-wike/6702,2025-11-12T14:14:00Z
2,Wike,14,Noah Wike - Men's Soccer - Grand Canyon University Athletics,https://gculopes.com/sports/mens-soccer/roster/noah-wike/13190,2025-11-12T14:14:00Z
2,Wike,15,Taylor Wike - Assistant Coach - Softball Coaches - Duke University,https://goduke.com/sports/softball/roster/coaches/taylor-wike/4709,2025-11-12T14:14:00Z
2,Wike,16,Lori Wike - Utah Symphony,https://utahsymphony.org/bio/lori-wike/,2025-11-12T14:14:00Z
2,Wike,17,Karleigh Wike | People | Ropes & Gray LLP,https://www.ropesgray.com/en/people/w/karleigh-wike,2025-11-12T14:14:00Z
2,Wike,18,Joe Wike - Baseball - Eckerd College Athletics,https://eckerdtritons.com/sports/baseball/roster/joe-wike/5003,2025-11-12T14:14:00Z
2,Wike,19,Taylor Wike - Softball - University of North Carolina Athletics,https://goheels.com/roster.aspx?rp_id=10732,2025-11-12T14:14:00Z
2,Wike,20,Joelle Wike - Softball - Eckerd College Athletics,https://eckerdtritons.com/sports/softball/roster/joelle-wike/5627,2025-11-12T14:14:00Z
3,#PMQs,1,PMQs (Prime Minister's Questions) - YouTube,https://www.youtube.com/playlist?list=PL40441042C458B62B,2025-11-12T14:14:05Z
3,#PMQs,2,PMQs LIVE: Prime Minister's Questions - 15 October 2025 - YouTube,https://www.youtube.com/watch?v=FTU1ExId7O4,2025-11-12T14:14:05Z
3,#PMQs,3,Prime Minister's Questions - UK Parliament,https://www.parliament.uk/visiting/visiting-and-tours/watch-committees-and-debates/prime-ministers-questions/,2025-11-12T14:14:05Z
3,#PMQs,4,Prime Minister's Questions (PMQs) - 8 December 2021 - YouTube,https://www.youtube.com/watch?v=pzj_wGSg4s8,2025-11-12T14:14:05Z
3,#PMQs,5,RIP Mum ✝️ 1936-2025 Parliament #PMQs seems a long way ...,https://www.facebook.com/GeorgeFreemanMidNorfolk/posts/rip-mum-%EF%B8%8F1936-2025-parliament-pmqs-seems-a-long-way-away-rather-less-important-t/1159027452711929/,2025-11-12T14:14:05Z
3,#PMQs,6,SHRM People Manager Qualification (PMQ),https://store.shrm.org/SHRM-People-Manager-Qualification-PMQ,2025-11-12T14:14:05Z
3,#PMQs,7,PMQ Pizza: Home,https://www.pmq.com/,2025-11-12T14:14:05Z
3,#PMQs,8,Post-MCAT Questionnaire (PMQ) | AAMC,https://www.aamc.org/data-reports/students-residents/report/post-mcat-questionnaire-pmq,2025-11-12T14:14:05Z
3,#PMQs,9,Ariel - PMQ for two (@pmqfortwo) • Instagram photos and videos,https://www.instagram.com/pmqfortwo/?hl=en,2025-11-12T14:14:05Z
3,#PMQs,10,Why the French parliament tried to introduce Prime Minister's ...,https://constitution-unit.com/2025/02/26/why-the-french-parliament-tried-to-introduce-prime-ministers-questions/,2025-11-12T14:14:05Z
3,#PMQs,11,Prime Minister's Questions - Wikipedia,https://en.wikipedia.org/wiki/Prime_Minister%27s_Questions,2025-11-12T14:14:05Z
3,#PMQs,12,"""#PMQs"" - Results on X | Live Posts & Updates",https://x.com/search?src=hashtag_click&q=%23PMQs,2025-11-12T14:14:05Z
3,#PMQs,13,Prime minister's questions (PMQs) | Institute for Government,https://www.instituteforgovernment.org.uk/explainer/prime-ministers-questions-pmqs,2025-11-12T14:14:05Z
3,#PMQs,14,Prime Minister's Questions: Westminster's weekly gladiatorial ...,https://www.hansardsociety.org.uk/news/parliament-matters-podcast-e104,2025-11-12T14:14:05Z
3,#PMQs,15,Prime Minister's Questions,https://researchbriefings.files.parliament.uk/documents/SN05183/SN05183.pdf,2025-11-12T14:14:05Z
3,#PMQs,16,Prime Minister's Questions: 50 years on | Institute for Government,https://www.instituteforgovernment.org.uk/comment/prime-ministers-questions-50-years,2025-11-12T14:14:05Z
3,#PMQs,17,SHRM People Manager Qualification (PMQ),https://www.shrm.org/credentials/qualifications/people-manager-qualification,2025-11-12T14:14:05Z
3,#PMQs,18,PMQs Poll | Ipsos,https://www.ipsos.com/en-uk/pmqs-poll,2025-11-12T14:14:05Z
3,#PMQs,19,Attendance of the Prime Minister at Prime Minister's Questions since ...,https://commonslibrary.parliament.uk/research-briefings/sn04401/,2025-11-12T14:14:05Z
3,#PMQs,20,Adversarial Interaction in Prime Minister's Questions in the UK ...,https://jspp.psychopen.eu/index.php/jspp/article/view/8099,2025-11-12T14:14:05Z
4,Trump,1,Donald Trump - Wikipedia,https://en.wikipedia.org/wiki/Donald_Trump,2025-11-12T14:14:09Z
4,Trump,2,The Trump Organization | Luxury Real Estate Portfolio,https://www.trump.com/,2025-11-12T14:14:09Z
4,Trump,3,President Donald J. Trump,https://www.whitehouse.gov/administration/donald-j-trump/,2025-11-12T14:14:09Z
4,Trump,4,Donald J. Trump (@realDonaldTrump) / Posts / X,https://x.com/realDonaldTrump,2025-11-12T14:14:09Z
4,Trump,5,Donald Trump | Breaking News & Latest Updates | AP News,https://apnews.com/hub/donald-trump,2025-11-12T14:14:09Z
4,Trump,6,Trump Winery,https://www.trumpwinery.com/,2025-11-12T14:14:09Z
4,Trump,7,Donald J. Trump news | CNN Politics,https://www.cnn.com/politics/president-donald-trump-47,2025-11-12T14:14:09Z
4,Trump,8,Luxury Hotels | Trump Hotels - Official Website | 5 Star Hotels,https://www.trumphotels.com/,2025-11-12T14:14:09Z
4,Trump,9,23-939 Trump v. United States (07/01/2024),https://www.supremecourt.gov/opinions/23pdf/23-939_e2pg.pdf,2025-11-12T14:14:09Z
4,Trump,10,President Donald J. Trump's Call with President Vladimir Putin - U.S. ...,https://ru.usembassy.gov/president-donald-j-trumps-call-with-president-vladimir-putin/,2025-11-12T14:14:09Z
4,Trump,11,President Donald J. Trump (@realdonaldtrump) • Instagram photos ...,https://www.instagram.com/realdonaldtrump/?hl=en,2025-11-12T14:14:09Z
4,Trump,12,Latest Donald Trump News | Top Headlines on Donald Trump ...,https://www.reuters.com/world/us/donald-trump/,2025-11-12T14:14:09Z
4,Trump,13,"Donald Trump - Breaking News, Photos and Videos | The Hill",https://thehill.com/people/donald-trump/,2025-11-12T14:14:09Z
4,Trump,14,Donald J. Trump – The White House,https://trumpwhitehouse.archives.gov/people/donald-j-trump/,2025-11-12T14:14:09Z
4,Trump,15,Donald J. Trump,https://www.facebook.com/DonaldTrump/,2025-11-12T14:14:09Z
4,Trump,16,Donald Trump - CNBC,https://www.cnbc.com/donald-trump/,2025-11-12T14:14:09Z
4,Trump,17,Office of the Pardon Attorney | Clemency Grants by President ...,https://www.justice.gov/pardon/clemency-grants-president-donald-j-trump-2025-present,2025-11-12T14:14:09Z
4,Trump,18,"V.O.S. SELECTIONS, INC. v. TRUMP [OPINION]",https://www.cafc.uscourts.gov/opinions-orders/25-1812.OPINION.8-29-2025_2566151.pdf,2025-11-12T14:14:09Z
4,Trump,19,Trump administration | The Guardian,https://www.theguardian.com/us-news/trump-administration,2025-11-12T14:14:09Z
4,Trump,20,Listen To The Jeffrey Epstein Tapes: 'I Was Donald Trump's Closest ...,https://docs.house.gov/meetings/JU/JU08/20250227/117951/HHRG-119-JU08-20250227-SD006-U6.pdf,2025-11-12T14:14:09Z
5,Wes Streeting,1,Wes Streeting - Wikipedia,https://en.wikipedia.org/wiki/Wes_Streeting,2025-11-12T14:14:14Z
5,Wes Streeting,2,Wes Streeting (@wesstreeting) / Posts / X,https://x.com/wesstreeting?lang=en,2025-11-12T14:14:14Z
5,Wes Streeting,3,Contact information for Wes Streeting - MPs and Lords - UK Parliament,https://members.parliament.uk/member/4504/contact,2025-11-12T14:14:14Z
5,Wes Streeting,4,Wes Streeting MP (@wesstreeting) • Instagram photos and videos,https://www.instagram.com/wesstreeting/?hl=en,2025-11-12T14:14:14Z
5,Wes Streeting,5,The Rt Hon Wes Streeting MP - GOV.UK,https://www.gov.uk/government/people/wes-streeting,2025-11-12T14:14:14Z
5,Wes Streeting,6,Contributions for Wes Streeting - Hansard - UK Parliament,https://hansard.parliament.uk/search/MemberContributions?house=Commons&memberId=4504,2025-11-12T14:14:14Z
5,Wes Streeting,7,Wes Streeting,https://www.facebook.com/wesstreetingmp/,2025-11-12T14:14:14Z
5,Wes Streeting,8,Wes Streeting MP on Growing Up in a Council Flat and Why Politics ...,https://www.theosthinktank.co.uk/comment/2023/06/28/wes-streeting-mp-on-growing-up-in-a-council-flat-and-why-politics-matters,2025-11-12T14:14:14Z
5,Wes Streeting,9,About me - Wes Streeting - Wes Streeting for Ilford North,https://www.wesstreeting.org/about/,2025-11-12T14:14:14Z
5,Wes Streeting,10,Labour's Wes Streeting among victims of deepfake smear network ...,https://www.bbc.com/news/articles/cg33x9jm02ko,2025-11-12T14:14:14Z
5,Wes Streeting,11,"Wes Streeting: Labour, privati…–The Rest Is Politics: Leading ...",https://podcasts.apple.com/ph/podcast/wes-streeting-labour-privatisation-and-the-nhs/id1665265193?i=1000660458691,2025-11-12T14:14:14Z
5,Wes Streeting,12,Wes Streeting - BBC News,https://www.bbc.com/news/topics/cp8420zjek3t,2025-11-12T14:14:14Z
5,Wes Streeting,13,Streeting denies plot to oust Starmer and condemns briefings from ...,https://www.theguardian.com/politics/2025/nov/12/wes-streeting-denies-plotting-oust-keir-starmer-prime-minister,2025-11-12T14:14:14Z
5,Wes Streeting,14,Why Wes Streeting won't be able to ignore UK graduate prioritisation ...,https://www.reddit.com/r/doctorsUK/comments/1juzz9w/why_wes_streeting_wont_be_able_to_ignore_uk/,2025-11-12T14:14:14Z
5,Wes Streeting,15,Wes Streeting's speech at Labour Conference – The Labour Party,https://labour.org.uk/updates/press-releases/wes-streetings-speech-at-labour-conference/,2025-11-12T14:14:14Z
5,Wes Streeting,16,Wes Streeting MP: 'My faith made it very difficult to accept my ...,https://www.premierchristianity.com/interviews/wes-streeting-mp-my-faith-made-it-very-difficult-to-accept-my-sexuality/15973.article,2025-11-12T14:14:14Z
5,Wes Streeting,17,ABPI respond to Wes Streeting's commitment to boosting the ...,https://www.abpi.org.uk/media/news/2024/july/abpi-respond-to-wes-streeting-s-commitment-to-boosting-the-economy-through-the-life-sciences-sector/,2025-11-12T14:14:14Z
5,Wes Streeting,18,Exclusive: Why Wes Streeting changed his mind on cross-sex ...,https://segm.org/UK-cross-sex-hormones-restriction,2025-11-12T14:14:14Z
5,Wes Streeting,19,Wes Streeting popularity & fame | YouGov,https://yougov.co.uk/topics/politics/explore/public_figure/Wes_Streeting,2025-11-12T14:14:14Z
5,Wes Streeting,20,Wes Streeting - The Sutton Trust,https://www.suttontrust.com/alumni/alumni-stories/wes-streeting/,2025-11-12T14:14:14Z
6,WASPI,1,Women Against State Pension Inequality - Wikipedia,https://en.wikipedia.org/wiki/Women_Against_State_Pension_Inequality,2025-11-12T14:14:18Z
6,WASPI,2,Government to rethink rejection of Waspi compensation,https://www.bbc.com/news/articles/c709y7ln5zro,2025-11-12T14:14:18Z
6,WASPI,3,Is the WASPI issue really an issue? : r/TheRestIsPolitics,https://www.reddit.com/r/TheRestIsPolitics/comments/1hh87go/is_the_waspi_issue_really_an_issue/,2025-11-12T14:14:18Z
6,WASPI,4,Betty J. Waspi Obituary - Visitation & Funeral Information,https://www.ehornadams.com/m/obituaries/betty-waspi/,2025-11-12T14:14:18Z
6,WASPI,5,Water- and fat-suppressed proton projection MRI (WASPI) of rat ...,https://pubmed.ncbi.nlm.nih.gov/17326184/,2025-11-12T14:14:18Z
6,WASPI,6,WASPI Home - Welsh Accord on Sharing of Personal Information,https://www.waspi.gov.wales/,2025-11-12T14:14:18Z
6,WASPI,7,Taylor Waspi - Roadrunners Soccer Club,https://roadrunnersc.com/club/taylorwaspi,2025-11-12T14:14:18Z
6,WASPI,8,December hearing date set for WASPI legal challenge - Pensions ...,https://www.pensionsage.com/pa/December-hearing-date-set-for-WASPI-legal-challenge-over-SPA-changes.php,2025-11-12T14:14:18Z
6,WASPI,9,Wales accord on the sharing of personal information (WASPI) | GOV ...,https://www.gov.wales/wales-accord-sharing-personal-information-waspi,2025-11-12T14:14:18Z
6,WASPI,10,Government to rethink rejection of Waspi compensation - BBC News,https://www.bbc.co.uk/news/articles/c709y7ln5zro,2025-11-12T14:14:18Z
6,WASPI,11,"Hannah Waspi | Lutz, Alexander Nutrition Therapy",https://lutzandalexander.com/the-team/hannah-waspi/,2025-11-12T14:14:18Z
6,WASPI,12,"Nancy Ann (Golden) Waspi Obituary May 6, 2024 - Derrick Funeral ...",https://www.derrickfuneralhome.com/obituaries/nancy-golden-waspi,2025-11-12T14:14:18Z
6,WASPI,13,Women Against State Pension Inequality: Home,https://waspi.co.uk/,2025-11-12T14:14:18Z
6,WASPI,14,Warning: Women impacted by the State Pension change (eg Waspi ...,https://www.facebook.com/mrmartinlewis/posts/warning-women-impacted-by-the-state-pension-change-eg-waspi-dont-fall-for-compen/10160511689086540/,2025-11-12T14:14:18Z
6,WASPI,15,UK to reconsider decision to deny Waspi women pension payouts ...,https://www.theguardian.com/money/2025/nov/11/uk-to-reconsider-decision-to-deny-waspi-women-pension-payouts,2025-11-12T14:14:18Z
6,WASPI,16,Maggie Waspi | Westmont High School,https://www.cusd201.org/whs/people/2062940/maggie-waspi-wiles,2025-11-12T14:14:18Z
6,WASPI,17,"Pemberton, H. (2017). WASPI's is (mostly) a campaign for inequality ...",https://research-information.bris.ac.uk/files/105835842/WASPI_article_PQ_.pdf,2025-11-12T14:14:18Z
6,WASPI,18,The WASPI pension row has highlighted important lessons for policy ...,https://www.instituteforgovernment.org.uk/comment/waspi-pension-row-lessons-policy-makers,2025-11-12T14:14:18Z
6,WASPI,19,"Jess Phillips on X: ""It is this that makes the WASPI women so ...",https://x.com/jessphillips/status/1198556844651888640,2025-11-12T14:14:18Z
6,WASPI,20,Background Information - Women Against State Pension Inequality,https://waspi.co.uk/information/background-information/,2025-11-12T14:14:18Z
1,Trump,1,Donald Trump - Wikipedia,https://en.wikipedia.org/wiki/Donald_Trump,2025-11-13T03:12:03Z
1,Trump,2,The Trump Organization | Luxury Real Estate Portfolio,https://www.trump.com/,2025-11-13T03:12:03Z
1,Trump,3,President Donald J. Trump,https://www.whitehouse.gov/administration/donald-j-trump/,2025-11-13T03:12:03Z
1,Trump,4,Donald J. Trump (@realDonaldTrump) / Posts / X,https://x.com/realDonaldTrump,2025-11-13T03:12:03Z
1,Trump,5,Trump Winery,https://www.trumpwinery.com/,2025-11-13T03:12:03Z
1,Trump,6,Donald J. Trump news | CNN Politics,https://www.cnn.com/politics/president-donald-trump-47,2025-11-13T03:12:03Z
1,Trump,7,Donald Trump | Breaking News & Latest Updates | AP News,https://apnews.com/hub/donald-trump,2025-11-13T03:12:03Z
1,Trump,8,Luxury Hotels | Trump Hotels - Official Website | 5 Star Hotels,https://www.trumphotels.com/,2025-11-13T03:12:03Z
1,Trump,9,23-939 Trump v. United States (07/01/2024),https://www.supremecourt.gov/opinions/23pdf/23-939_e2pg.pdf,2025-11-13T03:12:03Z
1,Trump,10,President Donald J. Trump's Call with President Vladimir Putin - U.S. ...,https://ru.usembassy.gov/president-donald-j-trumps-call-with-president-vladimir-putin/,2025-11-13T03:12:03Z
1,Trump,11,President Donald J. Trump (@realdonaldtrump) • Instagram photos ...,https://www.instagram.com/realdonaldtrump/?hl=en,2025-11-13T03:12:03Z
1,Trump,12,Latest Donald Trump News | Top Headlines on Donald Trump ...,https://www.reuters.com/world/us/donald-trump/,2025-11-13T03:12:03Z
1,Trump,13,"Donald Trump - Breaking News, Photos and Videos | The Hill",https://thehill.com/people/donald-trump/,2025-11-13T03:12:03Z
1,Trump,14,Listen To The Jeffrey Epstein Tapes: 'I Was Donald Trump's Closest ...,https://docs.house.gov/meetings/JU/JU08/20250227/117951/HHRG-119-JU08-20250227-SD006-U6.pdf,2025-11-13T03:12:03Z
1,Trump,15,Donald J. Trump – The White House,https://trumpwhitehouse.archives.gov/people/donald-j-trump/,2025-11-13T03:12:03Z
1,Trump,16,Donald J. Trump,https://www.facebook.com/DonaldTrump/,2025-11-13T03:12:03Z
1,Trump,17,Donald Trump - CNBC,https://www.cnbc.com/donald-trump/,2025-11-13T03:12:03Z
1,Trump,18,Office of the Pardon Attorney | Clemency Grants by President ...,https://www.justice.gov/pardon/clemency-grants-president-donald-j-trump-2025-present,2025-11-13T03:12:03Z
1,Trump,19,"V.O.S. SELECTIONS, INC. v. TRUMP [OPINION]",https://www.cafc.uscourts.gov/opinions-orders/25-1812.OPINION.8-29-2025_2566151.pdf,2025-11-13T03:12:03Z
1,Trump,20,Trump administration | The Guardian,https://www.theguardian.com/us-news/trump-administration,2025-11-13T03:12:03Z
2,The BBC,1,"BBC Home - Breaking News, World News, US News, Sports ...",https://www.bbc.com/,2025-11-13T03:12:08Z
2,The BBC,2,BBC - Home,https://www.bbc.co.uk/,2025-11-13T03:12:08Z
2,The BBC,3,"BBC News - Breaking news, video and the latest top stories from the ...",https://www.bbc.com/news,2025-11-13T03:12:08Z
2,The BBC,4,Home - BBC News,https://www.bbc.co.uk/news,2025-11-13T03:12:08Z
2,The BBC,5,BBC - Wikipedia,https://en.wikipedia.org/wiki/BBC,2025-11-13T03:12:08Z
2,The BBC,6,Micro:bit Educational Foundation | micro:bit,https://microbit.org/,2025-11-13T03:12:08Z
2,The BBC,7,Trump-proof the BBC - Liberal Democrats,https://www.libdems.org.uk/bbc,2025-11-13T03:12:08Z
2,The BBC,8,Home | Jobs and Careers with the BBC,https://careers.bbc.co.uk/,2025-11-13T03:12:08Z
2,The BBC,9,Update on access to BBC Sounds outside the UK – BBC Help,https://help.bbc.com/hc/en-us/articles/42652680528659-Update-on-access-to-BBC-Sounds-outside-the-UK,2025-11-13T03:12:08Z
2,The BBC,10,"BBC Shop | Official BBC & Doctor Who Merch, Collectibles and More!",https://shop.bbc.com/,2025-11-13T03:12:08Z
2,The BBC,11,The BBC's Civil War Over Gaza - by Owen Jones,https://www.dropsitenews.com/p/bbc-civil-war-gaza-israel-biased-coverage,2025-11-13T03:12:08Z
2,The BBC,12,Pair your TV - BBC iPlayer sign-in - BBC account,https://account.bbc.com/tvcode,2025-11-13T03:12:08Z
2,The BBC,13,Prince Harry tells BBC he wants 'reconciliation' with Royal Family ...,https://www.youtube.com/watch?v=m1eUXtSbJUE,2025-11-13T03:12:08Z
2,The BBC,14,Statement: Modernising the BBC's Operating Licence,https://www.ofcom.org.uk/tv-radio-and-on-demand/bbc/modernising-bbc-operating-licence,2025-11-13T03:12:08Z
2,The BBC,15,The Natural History Unit | BBC Studios Productions,https://productions.bbcstudios.com/our-production-brands/the-natural-history-unit/,2025-11-13T03:12:08Z
2,The BBC,16,BBC Sound Effects,https://sound-effects.bbcrewind.co.uk/,2025-11-13T03:12:08Z
2,The BBC,17,Cm 9365 Broadcasting Royal Charter,https://assets.publishing.service.gov.uk/media/5a80c6d740f0b6230269570c/57964_CM_9365_Charter_Accessible.pdf,2025-11-13T03:12:08Z
2,The BBC,18,Ezzedine Fishere talks Gaza with the BBC - Dickey Center for ...,https://dickey.dartmouth.edu/ezzedine-fishere-talks-gaza-with-the-bbc/,2025-11-13T03:12:08Z
2,The BBC,19,BBC Children in Need: We're there for you,https://www.bbcchildreninneed.co.uk/,2025-11-13T03:12:08Z
2,The BBC,20,Live At The BBC (Remastered) - Album by The Beatles | Spotify,https://open.spotify.com/album/2EowTulHWqSY6QZfTDf5vW,2025-11-13T03:12:08Z
3,#AEWDynamite,1,"AEW | All Elite Wrestling News, Videos & Events | Official Website",https://www.allelitewrestling.com/,2025-11-13T03:12:13Z
3,#AEWDynamite,2,"TONIGHT, Blood runs cold… @aew_kota_ibushi returns to @aew ...",https://www.instagram.com/p/DLV02abhVu1/,2025-11-13T03:12:13Z
3,#AEWDynamite,3,All Elite Wrestling (@AEW) / Posts / X,https://x.com/AEW,2025-11-13T03:12:13Z
3,#AEWDynamite,4,Last Wednesday on #aewdynamite I was left handcuffed and ...,https://www.instagram.com/p/C5CWZBPLYAW/,2025-11-13T03:12:13Z
3,#AEWDynamite,5,My first single match debut on #AEWDynamite @aew @aewontv ...,https://www.facebook.com/officialsatnam/posts/my-first-single-match-debut-on-aewdynamite-aew-aewontv-oneinabillion-aew-singhin/998943354928975/,2025-11-13T03:12:13Z
3,#AEWDynamite,6,I apologize for the persistent issues at @TBSNetwork tonight with ...,https://www.reddit.com/r/AEWOfficial/comments/16u3ljc/i_apologize_for_the_persistent_issues_at/,2025-11-13T03:12:13Z
3,#AEWDynamite,7,Beware the #Painmaker…. #AEWDynamite @aew,https://www.facebook.com/ChrisJericho/posts/beware-the-painmaker-aewdynamite-aew/820590646097856/,2025-11-13T03:12:13Z
3,#AEWDynamite,8,Tony Khan: “Thank you all who made Wednesday Night ...,https://www.reddit.com/r/SquaredCircle/comments/1mqdhpp/tony_khan_thank_you_all_who_made_wednesday_night/,2025-11-13T03:12:13Z
3,#AEWDynamite,9,Throwback to the most Orange Cassidy moment ever on ...,https://www.facebook.com/AEW/posts/throwback-to-the-most-orange-cassidy-moment-ever-on-aewdynamite-2019-/1266070672226576/,2025-11-13T03:12:13Z
3,#AEWDynamite,10,AEW Dynamite - Wikipedia,https://en.wikipedia.org/wiki/AEW_Dynamite,2025-11-13T03:12:13Z
3,#AEWDynamite,11,"All - #AEWDynamite This Wednesday, October 16 8pm ET / 7pm CT ...",https://m.facebook.com/AEW/photos/aewdynamite-this-wednesday-october-168pm-et-7pm-ct-on-tbs-network/958689796298000/,2025-11-13T03:12:13Z
3,#AEWDynamite,12,#wweraw #aewdynamite | Jack Farmer,https://www.linkedin.com/posts/jackcfarmer_wweraw-aewdynamite-activity-7262894195328131073-h1ey,2025-11-13T03:12:13Z
3,#AEWDynamite,13,The Elite swarm Kenny Omega like vultures #AEWDynamite | TBS ...,https://www.youtube.com/shorts/IVlBk9lqxFY,2025-11-13T03:12:13Z
3,#AEWDynamite,14,Getting Over: AEW Dynamite Review (2/12/20),https://thetailgatesociety.com/2020/02/getting-over-aew-dynamite-review-2-12-20/,2025-11-13T03:12:13Z
3,#AEWDynamite,15,"MelColemanArt on X: ""Schiavone Spice #aew #AEWDynamite ...",https://twitter.com/MelColemanArt/status/1651442380476760066,2025-11-13T03:12:13Z
4,Wike,1,Wike Inc,https://wikeinc.com/,2025-11-13T03:12:18Z
4,Wike,2,Nyesom Wike - Wikipedia,https://en.wikipedia.org/wiki/Nyesom_Wike,2025-11-13T03:12:18Z
4,Wike,3,Nyesom Ezenwo Wike (@GovWike) / Posts / X,https://x.com/GovWike,2025-11-13T03:12:18Z
4,Wike,4,"Candice Wike, Ph.D.",https://www.tgen.org/faculty-profiles/candice-wike-ph-d/,2025-11-13T03:12:18Z
4,Wike,5,"Samuel ""Hunter"" H. Wike | UNC Health",https://www.unchealth.org/care-services/doctors/w/samuel-hunter-h-wike-md,2025-11-13T03:12:18Z
4,Wike,6,Andrew Wike - Men's Soccer - Boston University Athletics,https://goterriers.com/sports/mens-soccer/roster/andrew-wike/25699,2025-11-13T03:12:18Z
4,Wike,7,Traci L. Wike - Social Work - Virginia Commonwealth University,https://socialwork.vcu.edu/directory/people/traci-l-wike.html,2025-11-13T03:12:18Z
4,Wike,8,Where Safety and Adventure Meet - Wike Europe,https://www.wikeeurope.com/nl,2025-11-13T03:12:18Z
4,Wike,9,"William M. Wike | CarolinaEast Health System - New Bern, North ...",http://www.carolinaeasthealth.com/provider-directory/providers/william-m-wike/,2025-11-13T03:12:18Z
4,Wike,10,Karleigh Wike - Women's Basketball - University of Richmond Athletics,https://richmondspiders.com/sports/womens-basketball/roster/karleigh-wike/1574,2025-11-13T03:12:18Z
4,Wike,11,Richard Wike | Pew Research Center,https://www.pewresearch.org/staff/richard-wike/,2025-11-13T03:12:18Z
4,Wike,12,hugolabe/Wike: Wikipedia Reader for the GNOME Desktop - GitHub,https://github.com/hugolabe/Wike,2025-11-13T03:12:18Z
4,Wike,13,Joe Wike - Baseball - Barry University Athletics,https://gobarrybucs.com/sports/baseball/roster/joe-wike/6702,2025-11-13T03:12:18Z
4,Wike,14,Noah Wike - Men's Soccer - Grand Canyon University Athletics,https://gculopes.com/sports/mens-soccer/roster/noah-wike/13190,2025-11-13T03:12:18Z
4,Wike,15,Taylor Wike - Assistant Coach - Softball Coaches - Duke University,https://goduke.com/sports/softball/roster/coaches/taylor-wike/4709,2025-11-13T03:12:18Z
4,Wike,16,Lori Wike - Utah Symphony,https://utahsymphony.org/bio/lori-wike/,2025-11-13T03:12:18Z
4,Wike,17,Karleigh Wike | People | Ropes & Gray LLP,https://www.ropesgray.com/en/people/w/karleigh-wike,2025-11-13T03:12:18Z
4,Wike,18,Joe Wike - Baseball - Eckerd College Athletics,https://eckerdtritons.com/sports/baseball/roster/joe-wike/5003,2025-11-13T03:12:18Z
4,Wike,19,Taylor Wike - Softball - University of North Carolina Athletics,https://goheels.com/roster.aspx?rp_id=10732,2025-11-13T03:12:18Z
4,Wike,20,Joelle Wike - Softball - Eckerd College Athletics,https://eckerdtritons.com/sports/softball/roster/joelle-wike/5627,2025-11-13T03:12:18Z
5,Wes Streeting,1,Wes Streeting - Wikipedia,https://en.wikipedia.org/wiki/Wes_Streeting,2025-11-13T03:12:22Z
5,Wes Streeting,2,Wes Streeting (@wesstreeting) / Posts / X,https://x.com/wesstreeting?lang=en,2025-11-13T03:12:22Z
5,Wes Streeting,3,Contact information for Wes Streeting - MPs and Lords - UK Parliament,https://members.parliament.uk/member/4504/contact,2025-11-13T03:12:22Z
5,Wes Streeting,4,Wes Streeting MP (@wesstreeting) • Instagram photos and videos,https://www.instagram.com/wesstreeting/?hl=en,2025-11-13T03:12:22Z
5,Wes Streeting,5,The Rt Hon Wes Streeting MP - GOV.UK,https://www.gov.uk/government/people/wes-streeting,2025-11-13T03:12:22Z
5,Wes Streeting,6,Wes Streeting,https://www.facebook.com/wesstreetingmp/,2025-11-13T03:12:22Z
5,Wes Streeting,7,Contributions for Wes Streeting - Hansard - UK Parliament,https://hansard.parliament.uk/search/MemberContributions?house=Commons&memberId=4504,2025-11-13T03:12:22Z
5,Wes Streeting,8,Wes Streeting MP on Growing Up in a Council Flat and Why Politics ...,https://www.theosthinktank.co.uk/comment/2023/06/28/wes-streeting-mp-on-growing-up-in-a-council-flat-and-why-politics-matters,2025-11-13T03:12:22Z
5,Wes Streeting,9,About me - Wes Streeting - Wes Streeting for Ilford North,https://www.wesstreeting.org/about/,2025-11-13T03:12:22Z
5,Wes Streeting,10,Labour's Wes Streeting among victims of deepfake smear network ...,https://www.bbc.com/news/articles/cg33x9jm02ko,2025-11-13T03:12:22Z
5,Wes Streeting,11,Streeting denies plot to oust Starmer and condemns briefings from ...,https://www.theguardian.com/politics/2025/nov/12/wes-streeting-denies-plotting-oust-keir-starmer-prime-minister,2025-11-13T03:12:22Z
5,Wes Streeting,12,Wes Streeting - BBC News,https://www.bbc.com/news/topics/cp8420zjek3t,2025-11-13T03:12:22Z
5,Wes Streeting,13,"Wes Streeting: Labour, privati…–The Rest Is Politics: Leading ...",https://podcasts.apple.com/ph/podcast/wes-streeting-labour-privatisation-and-the-nhs/id1665265193?i=1000660458691,2025-11-13T03:12:22Z
5,Wes Streeting,14,Streeting denies plotting against PM after leadership claims,https://www.bbc.com/news/articles/c9v124znrgmo,2025-11-13T03:12:22Z
5,Wes Streeting,15,Why Wes Streeting won't be able to ignore UK graduate prioritisation ...,https://www.reddit.com/r/doctorsUK/comments/1juzz9w/why_wes_streeting_wont_be_able_to_ignore_uk/,2025-11-13T03:12:22Z
5,Wes Streeting,16,Wes Streeting's speech at Labour Conference – The Labour Party,https://labour.org.uk/updates/press-releases/wes-streetings-speech-at-labour-conference/,2025-11-13T03:12:22Z
5,Wes Streeting,17,Wes Streeting MP: 'My faith made it very difficult to accept my ...,https://www.premierchristianity.com/interviews/wes-streeting-mp-my-faith-made-it-very-difficult-to-accept-my-sexuality/15973.article,2025-11-13T03:12:22Z
5,Wes Streeting,18,ABPI respond to Wes Streeting's commitment to boosting the ...,https://www.abpi.org.uk/media/news/2024/july/abpi-respond-to-wes-streeting-s-commitment-to-boosting-the-economy-through-the-life-sciences-sector/,2025-11-13T03:12:22Z
5,Wes Streeting,19,Exclusive: Why Wes Streeting changed his mind on cross-sex ...,https://segm.org/UK-cross-sex-hormones-restriction,2025-11-13T03:12:22Z
5,Wes Streeting,20,Wes Streeting popularity & fame | YouGov,https://yougov.co.uk/topics/politics/explore/public_figure/Wes_Streeting,2025-11-13T03:12:22Z
6,Starmer,1,Keir Starmer - Wikipedia,https://en.wikipedia.org/wiki/Keir_Starmer,2025-11-13T03:12:26Z
6,Starmer,2,Keir Starmer (@keirstarmer) • Instagram photos and videos,https://www.instagram.com/keirstarmer/?hl=en,2025-11-13T03:12:26Z
6,Starmer,3,Keir Starmer (@Keir_Starmer) / Posts / X,https://x.com/Keir_Starmer,2025-11-13T03:12:26Z
6,Starmer,4,StatQuest with Josh Starmer - YouTube,https://www.youtube.com/channel/UCtYLUTtgS3k1Fg4y5tAhLbw,2025-11-13T03:12:26Z
6,Starmer,5,Prime Minister Keir Starmer will fight any attempt to replace him ...,https://www.bbc.com/news/articles/c5y0z2q2g2ro,2025-11-13T03:12:26Z
6,Starmer,6,"Amy J. Starmer, MD",https://www.baystatehealth.org/providers/amy-j-starmer,2025-11-13T03:12:26Z
6,Starmer,7,Efforts to shore up Starmer's leadership may have backfired,https://www.bbc.com/news/articles/cz7p5zdlny5o,2025-11-13T03:12:26Z
6,Starmer,8,Changes in Medical Errors after Implementation of a Handoff ...,https://www.nejm.org/doi/full/10.1056/NEJMsa1405556,2025-11-13T03:12:26Z
6,Starmer,9,"I-pass, a mnemonic to standardize verbal handoffs",https://pubmed.ncbi.nlm.nih.gov/22232313/,2025-11-13T03:12:26Z
6,Starmer,10,Keir Starmer | AP News,https://apnews.com/hub/keir-starmer,2025-11-13T03:12:26Z
6,Starmer,11,The Rt Hon Sir Keir Starmer KCB KC MP - GOV.UK,https://www.gov.uk/government/people/keir-starmer,2025-11-13T03:12:26Z
6,Starmer,12,Keir Starmer becomes UK prime minister with a sensational victory ...,https://apnews.com/article/uk-election-keir-starmer-profile-labour-e98d16e0810273f6041b61747e084aae,2025-11-13T03:12:26Z
6,Starmer,13,"Heather Starmer, PhD CCC-SLP, BCS-S | Stanford Medicine",https://med.stanford.edu/profiles/heather-starmer,2025-11-13T03:12:26Z
6,Starmer,14,"Heather Starmer, PhD CCC-SLP, BCS-S's Profile | Stanford Profiles",https://profiles.stanford.edu/heather-starmer,2025-11-13T03:12:26Z
6,Starmer,15,"Luka Starmer | University of Nevada, Reno",https://www.unr.edu/journalism/faculty-and-staff/directory/starmer-luka,2025-11-13T03:12:26Z
6,Starmer,16,Brea Starmer - Lions & Tigers | LinkedIn,https://www.linkedin.com/in/breastarmer,2025-11-13T03:12:26Z
6,Starmer,17,Keir Starmer | The Guardian,https://www.theguardian.com/politics/keir-starmer,2025-11-13T03:12:26Z
6,Starmer,18,Xi Jinping Speaks with U.K. Prime Minister Keir Starmer on the ...,https://www.fmprc.gov.cn/eng/xw/zyxw/202408/t20240823_11478871.html,2025-11-13T03:12:26Z
6,Starmer,19,Cat Tate Starmer,https://www.masongross.rutgers.edu/bio/Cat-Tate-Starmer/,2025-11-13T03:12:26Z
6,Starmer,20,William T. Starmer - College of Arts & Sciences at Syracuse University,https://artsandsciences.syracuse.edu/people/faculty/starmer-william-t/,2025-11-13T03:12:26Z
1,Epstein,1,Jeffrey Epstein - Wikipedia,https://en.wikipedia.org/wiki/Jeffrey_Epstein,2025-11-13T14:13:16Z
1,Epstein,2,Multi-disciplinary Design and Construction | Epstein,https://www.epsteinglobal.com/,2025-11-13T14:13:16Z
1,Epstein,3,Jeffrey Epstein cultivated celebrity relationships for years. Many ...,https://www.cbsnews.com/news/jeffrey-epstein-celebrity-relationships-documents/,2025-11-13T14:13:16Z
1,Epstein,4,"Indictment, JEFFREY EPSTEIN",https://www.justice.gov/usao-sdny/press-release/file/1180481/dl,2025-11-13T14:13:16Z
1,Epstein,5,Who was Jeffrey Epstein? The disgraced financier with powerful ...,https://www.bbc.com/news/world-us-canada-48913377,2025-11-13T14:13:16Z
1,Epstein,6,Oversight Committee Releases Additional Epstein Estate ...,https://oversight.house.gov/release/oversight-committee-releases-additional-epstein-estate-documents/,2025-11-13T14:13:16Z
1,Epstein,7,Text - H.Res.581 - 119th Congress (2025-2026): Providing for ...,https://www.congress.gov/bill/119th-congress/house-resolution/581/text,2025-11-13T14:13:16Z
1,Epstein,8,Listen To The Jeffrey Epstein Tapes: 'I Was Donald Trump's Closest ...,https://docs.house.gov/meetings/JU/JU08/20250227/117951/HHRG-119-JU08-20250227-SD006-U6.pdf,2025-11-13T14:13:16Z
1,Epstein,9,Jeffrey Epstein | AP News,https://apnews.com/hub/jeffrey-epstein,2025-11-13T14:13:16Z
1,Epstein,10,Harvey Epstein - Assembly District 74 |Assembly Member Directory ...,https://nyassembly.gov/mem/Harvey-Epstein/contact/,2025-11-13T14:13:16Z
1,Epstein,11,Jason I. Epstein - Nelson Mullins,https://www.nelsonmullins.com/professionals/jason-epstein,2025-11-13T14:13:16Z
1,Epstein,12,Harvey Epstein - Assembly District 74 |Assembly Member Directory ...,https://nyassembly.gov/mem/Harvey-Epstein,2025-11-13T14:13:16Z
1,Epstein,13,House Oversight Committee Releases Jeffrey Epstein Email ...,https://oversightdemocrats.house.gov/news/press-releases/house-oversight-committee-releases-jeffrey-epstein-email-correspondence-raising,2025-11-13T14:13:16Z
1,Epstein,14,"Laurence Mark Epstein, MD | Northwell Health",https://www.northwell.edu/find-care/find-a-doctor/dr-laurence-mark-epstein-md-1457318859,2025-11-13T14:13:16Z
1,Epstein,15,Watch Jeffrey Epstein: Filthy Rich | Netflix Official Site,https://www.netflix.com/title/80224905,2025-11-13T14:13:16Z
1,Epstein,16,Richard Epstein - Overview | NYU School of Law,https://its.law.nyu.edu/facultyprofiles/index.cfm?fuseaction=profile.overview&personid=26355,2025-11-13T14:13:16Z
1,Epstein,17,Shira Eve Epstein | The City College of New York,https://www.ccny.cuny.edu/profiles/shira-eve-epstein,2025-11-13T14:13:16Z
1,Epstein,18,Dr. Marc E. Epstein,https://www.cdfa.ca.gov/plant/ppd/staff/mepstein.html,2025-11-13T14:13:16Z
1,Epstein,19,Epstein-Barr viral DNA in tissues of Hodgkin's disease,https://pubmed.ncbi.nlm.nih.gov/2821817/,2025-11-13T14:13:16Z
1,Epstein,20,House Member,https://www.azleg.gov/House/House-member/?legislature=55&session=125&legislator=2022,2025-11-13T14:13:16Z
2,#WorldKindnessDay,1,World Kindness Day - Wikipedia,https://en.wikipedia.org/wiki/World_Kindness_Day,2025-11-13T14:13:20Z
2,#WorldKindnessDay,2,The Random Acts of Kindness Foundation: Welcome to ...,https://www.randomactsofkindness.org/,2025-11-13T14:13:20Z
2,#WorldKindnessDay,3,WORLD KINDNESS DAY | November 13 - National Day Calendar,https://www.nationaldaycalendar.com/international/world-kindness-day-november-13,2025-11-13T14:13:20Z
2,#WorldKindnessDay,4,'Treat people with kindness' - Harry Styles #WorldKindnessDay ...,https://www.instagram.com/p/DQ_OktVjKbo/,2025-11-13T14:13:20Z
2,#WorldKindnessDay,5,Today is World Kindness Day. What an excellent idea ...,https://www.facebook.com/sandraboynton/posts/today-is-world-kindness-day-what-an-excellent-idea-worldkindnessday/695676408586459/,2025-11-13T14:13:20Z
2,#WorldKindnessDay,6,Self-Kindness to Kick off World Kindness Day #WorldKindnessDay,https://patricia-weber.com/self-kindness-to-kick-off-world-kindness-day-worldkindnessday/,2025-11-13T14:13:20Z
2,#WorldKindnessDay,7,"On #WorldKindnessDay, I'm reminded of the profound impact that ...",https://www.facebook.com/larabloomeds/posts/on-worldkindnessday-im-reminded-of-the-profound-impact-that-even-the-smallest-ac/1179766366960150/,2025-11-13T14:13:20Z
2,#WorldKindnessDay,8,World Kindness Day - The Be Kind People Project,https://thebekindpeopleproject.org/world-kindness-day/,2025-11-13T14:13:20Z
2,#WorldKindnessDay,9,"World Kindness Day 2025 | November 13, 2025 | Awareness Days",https://www.awarenessdays.com/awareness-days-calendar/world-kindness-day/,2025-11-13T14:13:20Z
2,#WorldKindnessDay,10,"On #WorldKindnessDay, A Mango Thief Tells How Kindness Saved ...",https://www.npr.org/sections/goatsandsoda/2015/11/13/455776904/on-worldkindnessday-a-onetime-mango-thief-tells-why-kindness-counts,2025-11-13T14:13:20Z
2,#WorldKindnessDay,11,#worldkindnessday #bekind #actsofkindness #mediator | Emma ...,https://www.linkedin.com/posts/emma-jenkings_worldkindnessday-bekind-actsofkindness-activity-7262369860070912000-xIPZ,2025-11-13T14:13:20Z
2,#WorldKindnessDay,12,World Kindness Day 2022: Your Complete Guide | Inspire Kindness,https://inspirekindness.com/blog/world-kindness-day-your-complete-guide,2025-11-13T14:13:20Z
2,#WorldKindnessDay,13,#davidclutterbuck #worldkindnessday #bekind #kindness ...,https://mu.linkedin.com/posts/prof-david-clutterbuck_davidclutterbuck-worldkindnessday-bekind-activity-6997475671362916352-KMyd,2025-11-13T14:13:20Z
2,#WorldKindnessDay,14,#masonchooseskindness #leadership #communityengagement ...,https://www.linkedin.com/posts/philipwilkersoniii_masonchooseskindness-leadership-communityengagement-activity-7389107060359057408-9Cq7,2025-11-13T14:13:20Z
2,#WorldKindnessDay,15,World Kindness Day,https://www.shapeamerica.org/MemberPortal/events/World_Kindness_Day.aspx,2025-11-13T14:13:20Z
2,#WorldKindnessDay,16,Four Seasons Celebrates World Kindness Day with Food at the Heart,https://press.fourseasons.com/news-releases/2024/world-kindness-day/,2025-11-13T14:13:20Z
2,#WorldKindnessDay,17,Share a little love on World Kindness Day ❣️ #WorldKindnessDay,https://x.com/FloatMyBoat__/status/1988866410408235088,2025-11-13T14:13:20Z
2,#WorldKindnessDay,18,World Kindness Day 2022. What is it exactly? How is it observed?,https://nationaltoday.com/world-kindness-day/,2025-11-13T14:13:20Z
2,#WorldKindnessDay,19,World Kindness Day (@kindnessday13) / X,https://x.com/kindnessday13?lang=en,2025-11-13T14:13:20Z
2,#WorldKindnessDay,20,Coca-Cola: #WorldKindnessDay Toast - The Shorty Awards,https://shortyawards.com/13th/coca-cola-world-kindness-day,2025-11-13T14:13:20Z
3,Wike,1,Wike Inc,https://wikeinc.com/,2025-11-13T14:13:24Z
3,Wike,2,Nyesom Wike - Wikipedia,https://en.wikipedia.org/wiki/Nyesom_Wike,2025-11-13T14:13:24Z
3,Wike,3,Nyesom Ezenwo Wike (@GovWike) / Posts / X,https://x.com/GovWike,2025-11-13T14:13:24Z
3,Wike,4,"Candice Wike, Ph.D.",https://www.tgen.org/faculty-profiles/candice-wike-ph-d/,2025-11-13T14:13:24Z
3,Wike,5,"Samuel ""Hunter"" H. Wike | UNC Health",https://www.unchealth.org/care-services/doctors/w/samuel-hunter-h-wike-md,2025-11-13T14:13:24Z
3,Wike,6,Andrew Wike - Men's Soccer - Boston University Athletics,https://goterriers.com/sports/mens-soccer/roster/andrew-wike/25699,2025-11-13T14:13:24Z
3,Wike,7,Traci L. Wike - Social Work - Virginia Commonwealth University,https://socialwork.vcu.edu/directory/people/traci-l-wike.html,2025-11-13T14:13:24Z
3,Wike,8,Where Safety and Adventure Meet - Wike Europe,https://www.wikeeurope.com/nl,2025-11-13T14:13:24Z
3,Wike,9,"William M. Wike | CarolinaEast Health System - New Bern, North ...",http://www.carolinaeasthealth.com/provider-directory/providers/william-m-wike/,2025-11-13T14:13:24Z
3,Wike,10,Karleigh Wike - Women's Basketball - University of Richmond Athletics,https://richmondspiders.com/sports/womens-basketball/roster/karleigh-wike/1574,2025-11-13T14:13:24Z
3,Wike,11,Richard Wike | Pew Research Center,https://www.pewresearch.org/staff/richard-wike/,2025-11-13T14:13:24Z
3,Wike,12,hugolabe/Wike: Wikipedia Reader for the GNOME Desktop - GitHub,https://github.com/hugolabe/Wike,2025-11-13T14:13:24Z
3,Wike,13,Joe Wike - Baseball - Barry University Athletics,https://gobarrybucs.com/sports/baseball/roster/joe-wike/6702,2025-11-13T14:13:24Z
3,Wike,14,Noah Wike - Men's Soccer - Grand Canyon University Athletics,https://gculopes.com/sports/mens-soccer/roster/noah-wike/13190,2025-11-13T14:13:24Z
3,Wike,15,Taylor Wike - Assistant Coach - Softball Coaches - Duke University,https://goduke.com/sports/softball/roster/coaches/taylor-wike/4709,2025-11-13T14:13:24Z
3,Wike,16,Lori Wike - Utah Symphony,https://utahsymphony.org/bio/lori-wike/,2025-11-13T14:13:24Z
3,Wike,17,Karleigh Wike | People | Ropes & Gray LLP,https://www.ropesgray.com/en/people/w/karleigh-wike,2025-11-13T14:13:24Z
3,Wike,18,Joe Wike - Baseball - Eckerd College Athletics,https://eckerdtritons.com/sports/baseball/roster/joe-wike/5003,2025-11-13T14:13:24Z
3,Wike,19,Taylor Wike - Softball - University of North Carolina Athletics,https://goheels.com/roster.aspx?rp_id=10732,2025-11-13T14:13:24Z
3,Wike,20,Joelle Wike - Softball - Eckerd College Athletics,https://eckerdtritons.com/sports/softball/roster/joelle-wike/5627,2025-11-13T14:13:24Z
4,Starmer,1,Keir Starmer - Wikipedia,https://en.wikipedia.org/wiki/Keir_Starmer,2025-11-13T14:13:29Z
4,Starmer,2,Keir Starmer (@keirstarmer) • Instagram photos and videos,https://www.instagram.com/keirstarmer/?hl=en,2025-11-13T14:13:29Z
4,Starmer,3,Keir Starmer (@Keir_Starmer) / Posts / X,https://x.com/Keir_Starmer,2025-11-13T14:13:29Z
4,Starmer,4,StatQuest with Josh Starmer - YouTube,https://www.youtube.com/channel/UCtYLUTtgS3k1Fg4y5tAhLbw,2025-11-13T14:13:29Z
4,Starmer,5,Efforts to shore up Starmer's leadership may have backfired,https://www.bbc.com/news/articles/cz7p5zdlny5o,2025-11-13T14:13:29Z
4,Starmer,6,Keir Starmer | AP News,https://apnews.com/hub/keir-starmer,2025-11-13T14:13:29Z
4,Starmer,7,"Amy J. Starmer, MD",https://www.baystatehealth.org/providers/amy-j-starmer,2025-11-13T14:13:29Z
4,Starmer,8,Changes in Medical Errors after Implementation of a Handoff ...,https://www.nejm.org/doi/full/10.1056/NEJMsa1405556,2025-11-13T14:13:29Z
4,Starmer,9,Keir Starmer becomes UK prime minister with a sensational victory ...,https://apnews.com/article/uk-election-keir-starmer-profile-labour-e98d16e0810273f6041b61747e084aae,2025-11-13T14:13:29Z
4,Starmer,10,Prime Minister Keir Starmer will fight any attempt to replace him ...,https://www.bbc.com/news/articles/c5y0z2q2g2ro,2025-11-13T14:13:29Z
4,Starmer,11,"I-pass, a mnemonic to standardize verbal handoffs",https://pubmed.ncbi.nlm.nih.gov/22232313/,2025-11-13T14:13:29Z
4,Starmer,12,The Rt Hon Sir Keir Starmer KCB KC MP - GOV.UK,https://www.gov.uk/government/people/keir-starmer,2025-11-13T14:13:29Z
4,Starmer,13,"Development, implementation, and dissemination of the I-PASS ...",https://pubmed.ncbi.nlm.nih.gov/24871238/,2025-11-13T14:13:29Z
4,Starmer,14,"Heather Starmer, PhD CCC-SLP, BCS-S | Stanford Medicine",https://med.stanford.edu/profiles/heather-starmer,2025-11-13T14:13:29Z
4,Starmer,15,"Heather Starmer, PhD CCC-SLP, BCS-S's Profile | Stanford Profiles",https://profiles.stanford.edu/heather-starmer,2025-11-13T14:13:29Z
4,Starmer,16,"Luka Starmer | University of Nevada, Reno",https://www.unr.edu/journalism/faculty-and-staff/directory/starmer-luka,2025-11-13T14:13:29Z
4,Starmer,17,Brea Starmer - Lions & Tigers | LinkedIn,https://www.linkedin.com/in/breastarmer,2025-11-13T14:13:29Z
4,Starmer,18,Keir Starmer | The Guardian,https://www.theguardian.com/politics/keir-starmer,2025-11-13T14:13:29Z
4,Starmer,19,Xi Jinping Speaks with U.K. Prime Minister Keir Starmer on the ...,https://www.fmprc.gov.cn/eng/xw/zyxw/202408/t20240823_11478871.html,2025-11-13T14:13:29Z
4,Starmer,20,Cat Tate Starmer,https://www.masongross.rutgers.edu/bio/Cat-Tate-Starmer/,2025-11-13T14:13:29Z
5,The BBC,1,"BBC Home - Breaking News, World News, US News, Sports ...",https://www.bbc.com/,2025-11-13T14:13:33Z
5,The BBC,2,BBC - Home,https://www.bbc.co.uk/,2025-11-13T14:13:33Z
5,The BBC,3,"Breaking news, video and the latest top stories from the ... - BBC News",https://www.bbc.com/news,2025-11-13T14:13:33Z
5,The BBC,4,BBC News: Home,https://news.bbc.co.uk/,2025-11-13T14:13:33Z
5,The BBC,5,Home - BBC News,https://www.bbc.co.uk/news,2025-11-13T14:13:33Z
5,The BBC,6,BBC - Wikipedia,https://en.wikipedia.org/wiki/BBC,2025-11-13T14:13:33Z
5,The BBC,7,BBC - YouTube,https://www.youtube.com/@BBC,2025-11-13T14:13:33Z
5,The BBC,8,Micro:bit Educational Foundation | micro:bit,https://microbit.org/,2025-11-13T14:13:33Z
5,The BBC,9,Home | Jobs and Careers with the BBC,https://careers.bbc.co.uk/,2025-11-13T14:13:33Z
5,The BBC,10,Update on access to BBC Sounds outside the UK – BBC Help,https://help.bbc.com/hc/en-us/articles/42652680528659-Update-on-access-to-BBC-Sounds-outside-the-UK,2025-11-13T14:13:33Z
5,The BBC,11,The BBC's Civil War Over Gaza - by Owen Jones,https://www.dropsitenews.com/p/bbc-civil-war-gaza-israel-biased-coverage,2025-11-13T14:13:33Z
5,The BBC,12,Pair your TV - BBC iPlayer sign-in - BBC account,https://account.bbc.com/tvcode,2025-11-13T14:13:33Z
5,The BBC,13,The Natural History Unit | BBC Studios Productions,https://productions.bbcstudios.com/our-production-brands/the-natural-history-unit/,2025-11-13T14:13:33Z
5,The BBC,14,Statement: Modernising the BBC's Operating Licence,https://www.ofcom.org.uk/tv-radio-and-on-demand/bbc/modernising-bbc-operating-licence,2025-11-13T14:13:33Z
5,The BBC,15,BBC Sound Effects,https://sound-effects.bbcrewind.co.uk/,2025-11-13T14:13:33Z
5,The BBC,16,Cm 9365 Broadcasting Royal Charter,https://assets.publishing.service.gov.uk/media/5a80c6d740f0b6230269570c/57964_CM_9365_Charter_Accessible.pdf,2025-11-13T14:13:33Z
5,The BBC,17,Ezzedine Fishere talks Gaza with the BBC - Dickey Center for ...,https://dickey.dartmouth.edu/ezzedine-fishere-talks-gaza-with-the-bbc/,2025-11-13T14:13:33Z
5,The BBC,18,BBC Children in Need: We're there for you,https://www.bbcchildreninneed.co.uk/,2025-11-13T14:13:33Z
5,The BBC,19,Live At The BBC (Remastered) - Album by The Beatles | Spotify,https://open.spotify.com/album/2EowTulHWqSY6QZfTDf5vW,2025-11-13T14:13:33Z
5,The BBC,20,Country Profiles - BBC NEWS,http://news.bbc.co.uk/2/hi/country_profiles/default.stm,2025-11-13T14:13:33Z
6,Streeting,1,Wes Streeting - Wikipedia,https://en.wikipedia.org/wiki/Wes_Streeting,2025-11-13T14:13:38Z
6,Streeting,2,Wes Streeting (@wesstreeting) / Posts / X,https://x.com/wesstreeting?lang=en,2025-11-13T14:13:38Z
6,Streeting,3,Streeting denies plotting against PM after leadership claims,https://www.bbc.com/news/articles/c9v124znrgmo,2025-11-13T14:13:38Z
6,Streeting,4,Contact information for Wes Streeting - MPs and Lords - UK Parliament,https://members.parliament.uk/member/4504/contact,2025-11-13T14:13:38Z
6,Streeting,5,Wes Streeting,https://www.facebook.com/wesstreetingmp/,2025-11-13T14:13:38Z
6,Streeting,6,Mark Streeting | L.E.K. Consulting,https://www.lek.com/leadership/mark-streeting,2025-11-13T14:13:38Z
6,Streeting,7,Wes Streeting MP (@wesstreeting) • Instagram photos and videos,https://www.instagram.com/wesstreeting/?hl=en,2025-11-13T14:13:38Z
6,Streeting,8,Contributions for Wes Streeting - Hansard - UK Parliament,https://hansard.parliament.uk/search/MemberContributions?house=Commons&memberId=4504,2025-11-13T14:13:38Z
6,Streeting,9,Obituary | Jean Elaine Streeting of Fruitland Township | Beacon ...,https://www.beaconfh.com/obituary/jean-streeting,2025-11-13T14:13:38Z
6,Streeting,10,Wes Streeting MP on Growing Up in a Council Flat and Why Politics ...,https://www.theosthinktank.co.uk/comment/2023/06/28/wes-streeting-mp-on-growing-up-in-a-council-flat-and-why-politics-matters,2025-11-13T14:13:38Z
6,Streeting,11,The Rt Hon Wes Streeting MP - GOV.UK,https://www.gov.uk/government/people/wes-streeting,2025-11-13T14:13:38Z
6,Streeting,12,Streeting denies plot to oust Starmer and condemns briefings from ...,https://www.theguardian.com/politics/2025/nov/12/wes-streeting-denies-plotting-oust-keir-starmer-prime-minister,2025-11-13T14:13:38Z
6,Streeting,13,"Wes Streeting: Labour, privati…–The Rest Is Politics: Leading ...",https://podcasts.apple.com/ph/podcast/wes-streeting-labour-privatisation-and-the-nhs/id1665265193?i=1000660458691,2025-11-13T14:13:38Z
6,Streeting,14,ABPI respond to Wes Streeting's commitment to boosting the ...,https://www.abpi.org.uk/media/news/2024/july/abpi-respond-to-wes-streeting-s-commitment-to-boosting-the-economy-through-the-life-sciences-sector/,2025-11-13T14:13:38Z
6,Streeting,15,"streeting, n. meanings, etymology and more | Oxford English ...",https://www.oed.com/dictionary/streeting_n,2025-11-13T14:13:38Z
6,Streeting,16,Exclusive: Why Wes Streeting changed his mind on cross-sex ...,https://segm.org/UK-cross-sex-hormones-restriction,2025-11-13T14:13:38Z
6,Streeting,17,Wes Streeting's speech at Labour Conference – The Labour Party,https://labour.org.uk/updates/press-releases/wes-streetings-speech-at-labour-conference/,2025-11-13T14:13:38Z
6,Streeting,18,Secretary of State Wes Streeting to face questions on NHS England ...,https://committees.parliament.uk/committee/81/health-and-social-care-committee/news/206291/secretary-of-state-wes-streeting-to-face-questions-on-nhs-england-reorganisation/,2025-11-13T14:13:38Z
6,Streeting,19,Streeting: GP “laggards” need to “get with the 21st century” instead ...,https://www.bmj.com/content/390/bmj.r1937,2025-11-13T14:13:38Z
6,Streeting,20,Wes Streeting popularity & fame | YouGov,https://yougov.co.uk/topics/politics/explore/public_figure/Wes_Streeting,2025-11-13T14:13:38Z
1,Epstein,1,Jeffrey Epstein - Wikipedia,https://en.wikipedia.org/wiki/Jeffrey_Epstein,2025-11-13T14:21:39Z
1,Epstein,2,Multi-disciplinary Design and Construction | Epstein,https://www.epsteinglobal.com/,2025-11-13T14:21:39Z
1,Epstein,3,Jeffrey Epstein cultivated celebrity relationships for years. Many ...,https://www.cbsnews.com/news/jeffrey-epstein-celebrity-relationships-documents/,2025-11-13T14:21:39Z
1,Epstein,4,"Indictment, JEFFREY EPSTEIN",https://www.justice.gov/usao-sdny/press-release/file/1180481/dl,2025-11-13T14:21:39Z
1,Epstein,5,Who was Jeffrey Epstein? The disgraced financier with powerful ...,https://www.bbc.com/news/world-us-canada-48913377,2025-11-13T14:21:39Z
1,Epstein,6,Oversight Committee Releases Additional Epstein Estate ...,https://oversight.house.gov/release/oversight-committee-releases-additional-epstein-estate-documents/,2025-11-13T14:21:39Z
1,Epstein,7,Listen To The Jeffrey Epstein Tapes: 'I Was Donald Trump's Closest ...,https://docs.house.gov/meetings/JU/JU08/20250227/117951/HHRG-119-JU08-20250227-SD006-U6.pdf,2025-11-13T14:21:39Z
1,Epstein,8,Text - H.Res.581 - 119th Congress (2025-2026): Providing for ...,https://www.congress.gov/bill/119th-congress/house-resolution/581/text,2025-11-13T14:21:39Z
1,Epstein,9,Harvey Epstein - Assembly District 74 |Assembly Member Directory ...,https://nyassembly.gov/mem/Harvey-Epstein/contact/,2025-11-13T14:21:39Z
1,Epstein,10,House Oversight Committee Releases Jeffrey Epstein Email ...,https://oversightdemocrats.house.gov/news/press-releases/house-oversight-committee-releases-jeffrey-epstein-email-correspondence-raising,2025-11-13T14:21:39Z
1,Epstein,11,House Oversight Committee Releases Jeffrey Epstein Email ...,https://oversightdemocrats.house.gov/news/press-releases/house-oversight-committee-releases-jeffrey-epstein-email-correspondence-raising,2025-11-13T14:21:39Z
1,Epstein,12,Harvey Epstein - Assembly District 74 |Assembly Member Directory ...,https://nyassembly.gov/mem/Harvey-Epstein,2025-11-13T14:21:39Z
1,Epstein,13,Jason I. Epstein - Nelson Mullins,https://www.nelsonmullins.com/professionals/jason-epstein,2025-11-13T14:21:39Z
1,Epstein,14,"Laurence Mark Epstein, MD | Northwell Health",https://www.northwell.edu/find-care/find-a-doctor/dr-laurence-mark-epstein-md-1457318859,2025-11-13T14:21:39Z
1,Epstein,15,Watch Jeffrey Epstein: Filthy Rich | Netflix Official Site,https://www.netflix.com/title/80224905,2025-11-13T14:21:39Z
1,Epstein,16,Richard Epstein - Overview | NYU School of Law,https://its.law.nyu.edu/facultyprofiles/index.cfm?fuseaction=profile.overview&personid=26355,2025-11-13T14:21:39Z
1,Epstein,17,Shira Eve Epstein | The City College of New York,https://www.ccny.cuny.edu/profiles/shira-eve-epstein,2025-11-13T14:21:39Z
1,Epstein,18,Dr. Marc E. Epstein,https://www.cdfa.ca.gov/plant/ppd/staff/mepstein.html,2025-11-13T14:21:39Z
1,Epstein,19,Epstein-Barr viral DNA in tissues of Hodgkin's disease,https://pubmed.ncbi.nlm.nih.gov/2821817/,2025-11-13T14:21:39Z
1,Epstein,20,House Member,https://www.azleg.gov/House/House-member/?legislature=55&session=125&legislator=2022,2025-11-13T14:21:39Z
2,#WorldKindnessDay,1,World Kindness Day - Wikipedia,https://en.wikipedia.org/wiki/World_Kindness_Day,2025-11-13T14:21:44Z
2,#WorldKindnessDay,2,The Random Acts of Kindness Foundation: Welcome to ...,https://www.randomactsofkindness.org/,2025-11-13T14:21:44Z
2,#WorldKindnessDay,3,WORLD KINDNESS DAY | November 13 - National Day Calendar,https://www.nationaldaycalendar.com/international/world-kindness-day-november-13,2025-11-13T14:21:44Z
2,#WorldKindnessDay,4,'Treat people with kindness' - Harry Styles #WorldKindnessDay ...,https://www.instagram.com/p/DQ_OktVjKbo/,2025-11-13T14:21:44Z
2,#WorldKindnessDay,5,Today is World Kindness Day. What an excellent idea ...,https://www.facebook.com/sandraboynton/posts/today-is-world-kindness-day-what-an-excellent-idea-worldkindnessday/695676408586459/,2025-11-13T14:21:44Z
2,#WorldKindnessDay,6,Self-Kindness to Kick off World Kindness Day #WorldKindnessDay,https://patricia-weber.com/self-kindness-to-kick-off-world-kindness-day-worldkindnessday/,2025-11-13T14:21:44Z
2,#WorldKindnessDay,7,"On #WorldKindnessDay, I'm reminded of the profound impact that ...",https://www.facebook.com/larabloomeds/posts/on-worldkindnessday-im-reminded-of-the-profound-impact-that-even-the-smallest-ac/1179766366960150/,2025-11-13T14:21:44Z
2,#WorldKindnessDay,8,World Kindness Day - The Be Kind People Project,https://thebekindpeopleproject.org/world-kindness-day/,2025-11-13T14:21:44Z
2,#WorldKindnessDay,9,"World Kindness Day 2025 | November 13, 2025 | Awareness Days",https://www.awarenessdays.com/awareness-days-calendar/world-kindness-day/,2025-11-13T14:21:44Z
2,#WorldKindnessDay,10,"On #WorldKindnessDay, A Mango Thief Tells How Kindness Saved ...",https://www.npr.org/sections/goatsandsoda/2015/11/13/455776904/on-worldkindnessday-a-onetime-mango-thief-tells-why-kindness-counts,2025-11-13T14:21:44Z
2,#WorldKindnessDay,11,#worldkindnessday #bekind #actsofkindness #mediator | Emma ...,https://www.linkedin.com/posts/emma-jenkings_worldkindnessday-bekind-actsofkindness-activity-7262369860070912000-xIPZ,2025-11-13T14:21:44Z
2,#WorldKindnessDay,12,World Kindness Day 2022: Your Complete Guide | Inspire Kindness,https://inspirekindness.com/blog/world-kindness-day-your-complete-guide,2025-11-13T14:21:44Z
2,#WorldKindnessDay,13,#davidclutterbuck #worldkindnessday #bekind #kindness ...,https://mu.linkedin.com/posts/prof-david-clutterbuck_davidclutterbuck-worldkindnessday-bekind-activity-6997475671362916352-KMyd,2025-11-13T14:21:44Z
2,#WorldKindnessDay,14,World Kindness Day,https://www.shapeamerica.org/MemberPortal/events/World_Kindness_Day.aspx,2025-11-13T14:21:44Z
2,#WorldKindnessDay,15,Four Seasons Celebrates World Kindness Day with Food at the Heart,https://press.fourseasons.com/news-releases/2024/world-kindness-day/,2025-11-13T14:21:44Z
2,#WorldKindnessDay,16,Share a little love on World Kindness Day ❣️ #WorldKindnessDay,https://x.com/FloatMyBoat__/status/1988866410408235088,2025-11-13T14:21:44Z
2,#WorldKindnessDay,17,World Kindness Day 2022. What is it exactly? How is it observed?,https://nationaltoday.com/world-kindness-day/,2025-11-13T14:21:44Z
2,#WorldKindnessDay,18,World Kindness Day (@kindnessday13) / X,https://x.com/kindnessday13?lang=en,2025-11-13T14:21:44Z
2,#WorldKindnessDay,19,Coca-Cola: #WorldKindnessDay Toast - The Shorty Awards,https://shortyawards.com/13th/coca-cola-world-kindness-day,2025-11-13T14:21:44Z
2,#WorldKindnessDay,20,"Emer Halpenny on X: ""#worldkindnessday This man very kind ...",https://twitter.com/emerhalpenny/status/665287695120384000,2025-11-13T14:21:44Z
3,Wike,1,Wike Inc,https://wikeinc.com/,2025-11-13T14:21:49Z
3,Wike,2,Nyesom Wike - Wikipedia,https://en.wikipedia.org/wiki/Nyesom_Wike,2025-11-13T14:21:49Z
3,Wike,3,Nyesom Ezenwo Wike (@GovWike) / Posts / X,https://x.com/GovWike,2025-11-13T14:21:49Z
3,Wike,4,"Candice Wike, Ph.D.",https://www.tgen.org/faculty-profiles/candice-wike-ph-d/,2025-11-13T14:21:49Z
3,Wike,5,"Samuel ""Hunter"" H. Wike | UNC Health",https://www.unchealth.org/care-services/doctors/w/samuel-hunter-h-wike-md,2025-11-13T14:21:49Z
3,Wike,6,Andrew Wike - Men's Soccer - Boston University Athletics,https://goterriers.com/sports/mens-soccer/roster/andrew-wike/25699,2025-11-13T14:21:49Z
3,Wike,7,Traci L. Wike - Social Work - Virginia Commonwealth University,https://socialwork.vcu.edu/directory/people/traci-l-wike.html,2025-11-13T14:21:49Z
3,Wike,8,Where Safety and Adventure Meet - Wike Europe,https://www.wikeeurope.com/nl,2025-11-13T14:21:49Z
3,Wike,9,"William M. Wike | CarolinaEast Health System - New Bern, North ...",http://www.carolinaeasthealth.com/provider-directory/providers/william-m-wike/,2025-11-13T14:21:49Z
3,Wike,10,Karleigh Wike - Women's Basketball - University of Richmond Athletics,https://richmondspiders.com/sports/womens-basketball/roster/karleigh-wike/1574,2025-11-13T14:21:49Z
3,Wike,11,Richard Wike | Pew Research Center,https://www.pewresearch.org/staff/richard-wike/,2025-11-13T14:21:49Z
3,Wike,12,hugolabe/Wike: Wikipedia Reader for the GNOME Desktop - GitHub,https://github.com/hugolabe/Wike,2025-11-13T14:21:49Z
3,Wike,13,Joe Wike - Baseball - Barry University Athletics,https://gobarrybucs.com/sports/baseball/roster/joe-wike/6702,2025-11-13T14:21:49Z
3,Wike,14,Noah Wike - Men's Soccer - Grand Canyon University Athletics,https://gculopes.com/sports/mens-soccer/roster/noah-wike/13190,2025-11-13T14:21:49Z
3,Wike,15,Taylor Wike - Assistant Coach - Softball Coaches - Duke University,https://goduke.com/sports/softball/roster/coaches/taylor-wike/4709,2025-11-13T14:21:49Z
3,Wike,16,Lori Wike - Utah Symphony,https://utahsymphony.org/bio/lori-wike/,2025-11-13T14:21:49Z
3,Wike,17,Karleigh Wike | People | Ropes & Gray LLP,https://www.ropesgray.com/en/people/w/karleigh-wike,2025-11-13T14:21:49Z
3,Wike,18,Joe Wike - Baseball - Eckerd College Athletics,https://eckerdtritons.com/sports/baseball/roster/joe-wike/5003,2025-11-13T14:21:49Z
3,Wike,19,Taylor Wike - Softball - University of North Carolina Athletics,https://goheels.com/roster.aspx?rp_id=10732,2025-11-13T14:21:49Z
3,Wike,20,Joelle Wike - Softball - Eckerd College Athletics,https://eckerdtritons.com/sports/softball/roster/joelle-wike/5627,2025-11-13T14:21:49Z
4,Starmer,1,Keir Starmer - Wikipedia,https://en.wikipedia.org/wiki/Keir_Starmer,2025-11-13T14:21:53Z
4,Starmer,2,Keir Starmer (@keirstarmer) • Instagram photos and videos,https://www.instagram.com/keirstarmer/?hl=en,2025-11-13T14:21:53Z
4,Starmer,3,Keir Starmer (@Keir_Starmer) / Posts / X,https://x.com/Keir_Starmer,2025-11-13T14:21:53Z
4,Starmer,4,Efforts to shore up Starmer's leadership may have backfired,https://www.bbc.com/news/articles/cz7p5zdlny5o,2025-11-13T14:21:53Z
4,Starmer,5,StatQuest with Josh Starmer - YouTube,https://www.youtube.com/channel/UCtYLUTtgS3k1Fg4y5tAhLbw,2025-11-13T14:21:53Z
4,Starmer,6,Keir Starmer | AP News,https://apnews.com/hub/keir-starmer,2025-11-13T14:21:53Z
4,Starmer,7,"Amy J. Starmer, MD",https://www.baystatehealth.org/providers/amy-j-starmer,2025-11-13T14:21:53Z
4,Starmer,8,Changes in Medical Errors after Implementation of a Handoff ...,https://www.nejm.org/doi/full/10.1056/NEJMsa1405556,2025-11-13T14:21:53Z
4,Starmer,9,Keir Starmer becomes UK prime minister with a sensational victory ...,https://apnews.com/article/uk-election-keir-starmer-profile-labour-e98d16e0810273f6041b61747e084aae,2025-11-13T14:21:53Z
4,Starmer,10,"I-pass, a mnemonic to standardize verbal handoffs",https://pubmed.ncbi.nlm.nih.gov/22232313/,2025-11-13T14:21:53Z
4,Starmer,11,The Rt Hon Sir Keir Starmer KCB KC MP - GOV.UK,https://www.gov.uk/government/people/keir-starmer,2025-11-13T14:21:53Z
4,Starmer,12,"Development, implementation, and dissemination of the I-PASS ...",https://pubmed.ncbi.nlm.nih.gov/24871238/,2025-11-13T14:21:53Z
4,Starmer,13,"Heather Starmer, PhD CCC-SLP, BCS-S | Stanford Medicine",https://med.stanford.edu/profiles/heather-starmer,2025-11-13T14:21:53Z
4,Starmer,14,"Heather Starmer, PhD CCC-SLP, BCS-S's Profile | Stanford Profiles",https://profiles.stanford.edu/heather-starmer,2025-11-13T14:21:53Z
4,Starmer,15,"Luka Starmer | University of Nevada, Reno",https://www.unr.edu/journalism/faculty-and-staff/directory/starmer-luka,2025-11-13T14:21:53Z
4,Starmer,16,Brea Starmer - Lions & Tigers | LinkedIn,https://www.linkedin.com/in/breastarmer,2025-11-13T14:21:53Z
4,Starmer,17,Keir Starmer | The Guardian,https://www.theguardian.com/politics/keir-starmer,2025-11-13T14:21:53Z
4,Starmer,18,Xi Jinping Speaks with U.K. Prime Minister Keir Starmer on the ...,https://www.fmprc.gov.cn/eng/xw/zyxw/202408/t20240823_11478871.html,2025-11-13T14:21:53Z
4,Starmer,19,Cat Tate Starmer,https://www.masongross.rutgers.edu/bio/Cat-Tate-Starmer/,2025-11-13T14:21:53Z
4,Starmer,20,William T. Starmer - College of Arts & Sciences at Syracuse University,https://artsandsciences.syracuse.edu/people/faculty/starmer-william-t/,2025-11-13T14:21:53Z
5,The BBC,1,"BBC Home - Breaking News, World News, US News, Sports ...",https://www.bbc.com/,2025-11-13T14:21:58Z
5,The BBC,2,BBC - Home,https://www.bbc.co.uk/,2025-11-13T14:21:58Z
5,The BBC,3,"Breaking news, video and the latest top stories from the ... - BBC News",https://www.bbc.com/news,2025-11-13T14:21:58Z
5,The BBC,4,Home - BBC News,https://www.bbc.co.uk/news,2025-11-13T14:21:58Z
5,The BBC,5,World | Latest News & Updates | BBC News,https://www.bbc.com/news/world,2025-11-13T14:21:58Z
5,The BBC,6,BBC - Wikipedia,https://en.wikipedia.org/wiki/BBC,2025-11-13T14:21:58Z
5,The BBC,7,Micro:bit Educational Foundation | micro:bit,https://microbit.org/,2025-11-13T14:21:58Z
5,The BBC,8,Home | Jobs and Careers with the BBC,https://careers.bbc.co.uk/,2025-11-13T14:21:58Z
5,The BBC,9,Update on access to BBC Sounds outside the UK – BBC Help,https://help.bbc.com/hc/en-us/articles/42652680528659-Update-on-access-to-BBC-Sounds-outside-the-UK,2025-11-13T14:21:58Z
5,The BBC,10,"BBC Shop | Official BBC & Doctor Who Merch, Collectibles and More!",https://shop.bbc.com/,2025-11-13T14:21:58Z
5,The BBC,11,The BBC's Civil War Over Gaza - by Owen Jones,https://www.dropsitenews.com/p/bbc-civil-war-gaza-israel-biased-coverage,2025-11-13T14:21:58Z
5,The BBC,12,Pair your TV - BBC iPlayer sign-in - BBC account,https://account.bbc.com/tvcode,2025-11-13T14:21:58Z
5,The BBC,13,The Natural History Unit | BBC Studios Productions,https://productions.bbcstudios.com/our-production-brands/the-natural-history-unit/,2025-11-13T14:21:58Z
5,The BBC,14,Statement: Modernising the BBC's Operating Licence,https://www.ofcom.org.uk/tv-radio-and-on-demand/bbc/modernising-bbc-operating-licence,2025-11-13T14:21:58Z
5,The BBC,15,BBC Sound Effects,https://sound-effects.bbcrewind.co.uk/,2025-11-13T14:21:58Z
5,The BBC,16,Cm 9365 Broadcasting Royal Charter,https://assets.publishing.service.gov.uk/media/5a80c6d740f0b6230269570c/57964_CM_9365_Charter_Accessible.pdf,2025-11-13T14:21:58Z
5,The BBC,17,Ezzedine Fishere talks Gaza with the BBC - Dickey Center for ...,https://dickey.dartmouth.edu/ezzedine-fishere-talks-gaza-with-the-bbc/,2025-11-13T14:21:58Z
5,The BBC,18,BBC Children in Need: We're there for you,https://www.bbcchildreninneed.co.uk/,2025-11-13T14:21:58Z
5,The BBC,19,Live At The BBC (Remastered) - Album by The Beatles | Spotify,https://open.spotify.com/album/2EowTulHWqSY6QZfTDf5vW,2025-11-13T14:21:58Z
5,The BBC,20,Country Profiles - BBC NEWS,http://news.bbc.co.uk/2/hi/country_profiles/default.stm,2025-11-13T14:21:58Z
6,Streeting,1,Wes Streeting - Wikipedia,https://en.wikipedia.org/wiki/Wes_Streeting,2025-11-13T14:22:03Z
6,Streeting,2,Wes Streeting (@wesstreeting) / Posts / X,https://x.com/wesstreeting?lang=en,2025-11-13T14:22:03Z
6,Streeting,3,Streeting denies plotting against PM after leadership claims,https://www.bbc.com/news/articles/c9v124znrgmo,2025-11-13T14:22:03Z
6,Streeting,4,Contact information for Wes Streeting - MPs and Lords - UK Parliament,https://members.parliament.uk/member/4504/contact,2025-11-13T14:22:03Z
6,Streeting,5,Wes Streeting,https://www.facebook.com/wesstreetingmp/,2025-11-13T14:22:03Z
6,Streeting,6,Mark Streeting | L.E.K. Consulting,https://www.lek.com/leadership/mark-streeting,2025-11-13T14:22:03Z
6,Streeting,7,Wes Streeting MP (@wesstreeting) • Instagram photos and videos,https://www.instagram.com/wesstreeting/?hl=en,2025-11-13T14:22:03Z
6,Streeting,8,Contributions for Wes Streeting - Hansard - UK Parliament,https://hansard.parliament.uk/search/MemberContributions?house=Commons&memberId=4504,2025-11-13T14:22:03Z
6,Streeting,9,Obituary | Jean Elaine Streeting of Fruitland Township | Beacon ...,https://www.beaconfh.com/obituary/jean-streeting,2025-11-13T14:22:03Z
6,Streeting,10,Wes Streeting MP on Growing Up in a Council Flat and Why Politics ...,https://www.theosthinktank.co.uk/comment/2023/06/28/wes-streeting-mp-on-growing-up-in-a-council-flat-and-why-politics-matters,2025-11-13T14:22:03Z
6,Streeting,11,The Rt Hon Wes Streeting MP - GOV.UK,https://www.gov.uk/government/people/wes-streeting,2025-11-13T14:22:03Z
6,Streeting,12,"Wes Streeting: Labour, privati…–The Rest Is Politics: Leading ...",https://podcasts.apple.com/ph/podcast/wes-streeting-labour-privatisation-and-the-nhs/id1665265193?i=1000660458691,2025-11-13T14:22:03Z
6,Streeting,13,ABPI respond to Wes Streeting's commitment to boosting the ...,https://www.abpi.org.uk/media/news/2024/july/abpi-respond-to-wes-streeting-s-commitment-to-boosting-the-economy-through-the-life-sciences-sector/,2025-11-13T14:22:03Z
6,Streeting,14,"streeting, n. meanings, etymology and more | Oxford English ...",https://www.oed.com/dictionary/streeting_n,2025-11-13T14:22:03Z
6,Streeting,15,Streeting denies plot to oust Starmer and condemns briefings from ...,https://www.theguardian.com/politics/2025/nov/12/wes-streeting-denies-plotting-oust-keir-starmer-prime-minister,2025-11-13T14:22:03Z
6,Streeting,16,Exclusive: Why Wes Streeting changed his mind on cross-sex ...,https://segm.org/UK-cross-sex-hormones-restriction,2025-11-13T14:22:03Z
6,Streeting,17,Wes Streeting's speech at Labour Conference – The Labour Party,https://labour.org.uk/updates/press-releases/wes-streetings-speech-at-labour-conference/,2025-11-13T14:22:03Z
6,Streeting,18,Secretary of State Wes Streeting to face questions on NHS England ...,https://committees.parliament.uk/committee/81/health-and-social-care-committee/news/206291/secretary-of-state-wes-streeting-to-face-questions-on-nhs-england-reorganisation/,2025-11-13T14:22:03Z
6,Streeting,19,Streeting: GP “laggards” need to “get with the 21st century” instead ...,https://www.bmj.com/content/390/bmj.r1937,2025-11-13T14:22:03Z
6,Streeting,20,Wes Streeting popularity & fame | YouGov,https://yougov.co.uk/topics/politics/explore/public_figure/Wes_Streeting,2025-11-13T14:22:03Z
1,Epstein,1,Jeffrey Epstein - Wikipedia,https://en.wikipedia.org/wiki/Jeffrey_Epstein,2025-11-14T14:12:50Z
1,Epstein,2,Multi-disciplinary Design and Construction | Epstein,https://www.epsteinglobal.com/,2025-11-14T14:12:50Z
1,Epstein,3,"Indictment, JEFFREY EPSTEIN",https://www.justice.gov/usao-sdny/press-release/file/1180481/dl,2025-11-14T14:12:50Z
1,Epstein,4,Jeffrey Epstein cultivated celebrity relationships for years. Many ...,https://www.cbsnews.com/news/jeffrey-epstein-celebrity-relationships-documents/,2025-11-14T14:12:50Z
1,Epstein,5,Who was Jeffrey Epstein? The disgraced financier with powerful ...,https://www.bbc.com/news/world-us-canada-48913377,2025-11-14T14:12:50Z
1,Epstein,6,Oversight Committee Releases Additional Epstein Estate Documents,https://oversight.house.gov/release/oversight-committee-releases-additional-epstein-estate-documents/,2025-11-14T14:12:50Z
1,Epstein,7,Listen To The Jeffrey Epstein Tapes: 'I Was Donald Trump's Closest ...,https://docs.house.gov/meetings/JU/JU08/20250227/117951/HHRG-119-JU08-20250227-SD006-U6.pdf,2025-11-14T14:12:50Z
1,Epstein,8,Harvey Epstein - Assembly District 74 |Assembly Member Directory ...,https://nyassembly.gov/mem/Harvey-Epstein/contact/,2025-11-14T14:12:50Z
1,Epstein,9,Text - H.Res.581 - 119th Congress (2025-2026): Providing for ...,https://www.congress.gov/bill/119th-congress/house-resolution/581/text,2025-11-14T14:12:50Z
1,Epstein,10,Jason I. Epstein - Nelson Mullins,https://www.nelsonmullins.com/professionals/jason-epstein,2025-11-14T14:12:50Z
1,Epstein,11,Text - H.R.4405 - 119th Congress (2025-2026): Epstein Files ...,https://www.congress.gov/bill/119th-congress/house-bill/4405/text,2025-11-14T14:12:50Z
1,Epstein,12,Watch Jeffrey Epstein: Filthy Rich | Netflix Official Site,https://www.netflix.com/title/80224905,2025-11-14T14:12:50Z
1,Epstein,13,Richard Epstein - Overview | NYU School of Law,https://its.law.nyu.edu/facultyprofiles/index.cfm?fuseaction=profile.overview&personid=26355,2025-11-14T14:12:50Z
1,Epstein,14,Shira Eve Epstein | The City College of New York,https://www.ccny.cuny.edu/profiles/shira-eve-epstein,2025-11-14T14:12:50Z
1,Epstein,15,Dr. Marc E. Epstein,https://www.cdfa.ca.gov/plant/ppd/staff/mepstein.html,2025-11-14T14:12:50Z
1,Epstein,16,House Oversight Committee Releases Jeffrey Epstein Email ...,https://oversightdemocrats.house.gov/news/press-releases/house-oversight-committee-releases-jeffrey-epstein-email-correspondence-raising,2025-11-14T14:12:50Z
1,Epstein,17,Epstein-Barr viral DNA in tissues of Hodgkin's disease,https://pubmed.ncbi.nlm.nih.gov/2821817/,2025-11-14T14:12:50Z
1,Epstein,18,House Member,https://www.azleg.gov/House/House-member/?legislature=55&session=125&legislator=2022,2025-11-14T14:12:50Z
1,Epstein,19,Epstein Becker Green - Law Firm,https://www.ebglaw.com/,2025-11-14T14:12:50Z
1,Epstein,20,"Alan L Epstein, MD, PhD - Keck School of Medicine of USC",https://keck.usc.edu/faculty-search/alan-l-epstein/,2025-11-14T14:12:50Z
2,Foden,1,Phil Foden - Wikipedia,https://en.wikipedia.org/wiki/Phil_Foden,2025-11-14T14:12:55Z
2,Foden,2,Timothy Foden - Boies Schiller Flexner LLP,https://www.bsfllp.com/people/timothy-foden.html,2025-11-14T14:12:55Z
2,Foden,3,Phil Foden - Manchester City Midfielder - ESPN,https://www.espn.com/soccer/player/_/id/250787/phil-foden,2025-11-14T14:12:55Z
2,Foden,4,Ben Foden (@ben_foden) • Instagram photos and videos,https://www.instagram.com/ben_foden/?hl=en,2025-11-14T14:12:55Z
2,Foden,5,Is Foden gonna wear 47 as long as he's here? : r/MCFC,https://www.reddit.com/r/MCFC/comments/1f4dtws/is_foden_gonna_wear_47_as_long_as_hes_here/,2025-11-14T14:12:55Z
2,Foden,6,Phil Foden (@philfoden) • Instagram photos and videos,https://www.instagram.com/philfoden/?hl=en,2025-11-14T14:12:55Z
2,Foden,7,What has happened to Foden : r/PremierLeague,https://www.reddit.com/r/PremierLeague/comments/1hezkhn/what_has_happened_to_foden/,2025-11-14T14:12:55Z
2,Foden,8,Cambria Foden (@cambriafoden) • Instagram photos and videos,https://www.instagram.com/cambriafoden/?hl=en,2025-11-14T14:12:55Z
2,Foden,9,Phil Foden v Saka : r/ArsenalFC,https://www.reddit.com/r/ArsenalFC/comments/1aqzy0u/phil_foden_v_saka/,2025-11-14T14:12:55Z
2,Foden,10,Phil Foden - Player profile 25/26 | Transfermarkt,https://www.transfermarkt.com/phil-foden/profil/spieler/406635,2025-11-14T14:12:55Z
2,Foden,11,Phil Foden : r/MCFC,https://www.reddit.com/r/MCFC/comments/1cecz7t/phil_foden/,2025-11-14T14:12:55Z
2,Foden,12,Lee A. Foden - Drummond Woodsum,https://dwmlaw.com/profile/lee-foden/,2025-11-14T14:12:55Z
2,Foden,13,What will it take to drop Foden in your league? : r/DraftEPL,https://www.reddit.com/r/DraftEPL/comments/1gz7tb0/what_will_it_take_to_drop_foden_in_your_league/,2025-11-14T14:12:55Z
2,Foden,14,"Philip Foden - Profile, News & Videos | Manchester City F.C.",https://www.mancity.com/players/phil-foden,2025-11-14T14:12:55Z
2,Foden,15,Who's better Bukayo Saka or Phil Foden? I know the obvious ...,https://www.reddit.com/r/PremierLeague/comments/m4g7w9/whos_better_bukayo_saka_or_phil_foden_i_know_the/,2025-11-14T14:12:55Z
2,Foden,16,Man City news: How Phil Foden has to prove himself for England ...,https://www.bbc.com/sport/football/articles/c4gwlw4lgeko,2025-11-14T14:12:55Z
2,Foden,17,Phil Foden value? : r/PremierLeague,https://www.reddit.com/r/PremierLeague/comments/15w67fy/phil_foden_value/,2025-11-14T14:12:55Z
2,Foden,18,Lynn Foden | Middlebury Institute of International Studies at Monterey,https://www.middlebury.edu/institute/people/lynn-foden,2025-11-14T14:12:55Z
2,Foden,19,Would Phil Foden be better suited on the left wing instead of the ...,https://www.reddit.com/r/ThreeLions/comments/xr7uc5/would_phil_foden_be_better_suited_on_the_left/,2025-11-14T14:12:55Z
2,Foden,20,Harry G. Foden Obituary | Keefe Funeral Homes | 1924 - 2021,https://www.keefefuneralhome.com/memorials/harry-g-foden/4643623/obit.php?&printable=true,2025-11-14T14:12:55Z
3,Eldorado Allen,1,"Allen Company 46 Inch Eldorado Firearm Case, Black - Walmart.com",https://www.walmart.com/ip/Allen-Company-46-Inch-Eldorado-Firearm-Case-Black/682195195,2025-11-14T14:12:59Z
3,Eldorado Allen,2,Eldorado | The Poetry Foundation,https://www.poetryfoundation.org/poems/48634/eldorado-56d22a0920778,2025-11-14T14:12:59Z
3,Eldorado Allen,3,Eldorado Allen | Race Record & Form | Racing Post,https://www.racingpost.com/profile/horse/1875006/eldorado-allen,2025-11-14T14:12:59Z
3,Eldorado Allen,4,Library | Harry Allen to Eldorado 500 kV transmission line project ...,https://www.caiso.com/library/harry-allen-to-eldorado-500-kv-transmission-line-project,2025-11-14T14:12:59Z
3,Eldorado Allen,5,Eldorado Allen (FR) | Horse Profile | Sky Sports Horse Racing,https://www.skysports.com/racing/form-profiles/horse/1000899/eldorado-allen-fr,2025-11-14T14:12:59Z
3,Eldorado Allen,6,[POEM] Eldorado by Edgar Allan Poe : r/Poetry,https://www.reddit.com/r/Poetry/comments/120fc76/poem_eldorado_by_edgar_allan_poe/,2025-11-14T14:12:59Z
3,Eldorado Allen,7,Susan B. Allen Memorial Hospital,https://www.sbamh.com/,2025-11-14T14:12:59Z
3,Eldorado Allen,8,"Obituary | Jeremy Allen Southard of El Dorado, Kansas | Heritage ...",https://www.heritageofandover.com/obituary/jeremy-southard,2025-11-14T14:12:59Z
3,Eldorado Allen,9,[POEM] Eldorado by Edgar Allan Poe : r/Poetry,https://www.reddit.com/r/Poetry/comments/111izef/poem_eldorado_by_edgar_allan_poe/,2025-11-14T14:12:59Z
3,Eldorado Allen,10,Eldorado Allen - Race Record & Horse Form | Sporting Life,https://www.sportinglife.com/racing/profiles/horse/910683,2025-11-14T14:12:59Z
3,Eldorado Allen,11,DesertLink - LS Power Grid,https://www.lspowergrid.com/utilities/desertlink/,2025-11-14T14:12:59Z
3,Eldorado Allen,12,"Orthopedic Care in Allen, McKinney & Richardson, TX",https://www.totalorthoss.com/,2025-11-14T14:12:59Z
3,Eldorado Allen,13,Allan Sleeper w/Right Chaise | El Dorado Furniture,https://www.eldoradofurniture.com/allan-sleeper-with-right-chaise.html,2025-11-14T14:12:59Z
3,Eldorado Allen,14,Harry Allen to El Dorado 500kV Transmission Line - Sturgeon Electric,https://sturgeonelectric.com/projects/harry-allen-to-el-dorado-500kv-transmission-line/,2025-11-14T14:12:59Z
3,Eldorado Allen,15,"MYR Group's Subsidiary, Sturgeon Electric, Completes Harry Allen ...",https://myrgroup.com/news/myr-groups-subsidiary-sturgeon-electric-completes-harry-allen-to-eldorado-line/,2025-11-14T14:12:59Z
3,Eldorado Allen,16,El Dorado - Susan B. Allen Memorial Hospital - Cancer Center of ...,https://cancercenterofkansas.com/location/el-dorado-susan-b-allen-memorial-hospital/,2025-11-14T14:12:59Z
3,Eldorado Allen,17,Form and Entries for Horse Eldorado Allen (FR) | irishracing.com,https://www.irishracing.com/horse/Eldorado-Allen-FR/580107,2025-11-14T14:12:59Z
3,Eldorado Allen,18,El Dorado by Edgar Allan Poe - Poems | Academy of American Poets,https://poets.org/poem/el-dorado,2025-11-14T14:12:59Z
3,Eldorado Allen,19,Eldorado Allen Horse Pedigree,https://www.pedigreequery.com/eldorado+allen,2025-11-14T14:12:59Z
3,Eldorado Allen,20,Eldorado (from Three Songs From Edgar Allen Poe) | Jonathan Adams,https://www.jandbmusicsales.com/shop/c/p/Eldorado-from-Three-Songs-From-Edgar-Allen-Poe-Jonathan-Adams-x61394053.htm,2025-11-14T14:12:59Z
4,Storm Claudia,1,List of storms named Claudia - Wikipedia,https://en.wikipedia.org/wiki/List_of_storms_named_Claudia,2025-11-14T14:13:03Z
4,Storm Claudia,2,Obituary information for Claudia Marie (Turco) Storm,https://www.sheehanhilbornbreen.com/obituaries/Claudia-Marie-Turco-Storm?obId=34294843,2025-11-14T14:13:03Z
4,Storm Claudia,3,UK weather: Met Office amber rainfall warnings ahead of Storm ...,https://www.bbc.com/weather/articles/cj0e3y6yy99o,2025-11-14T14:13:03Z
4,Storm Claudia,4,Tropical Storm Claudia (1962) - Wikipedia,https://en.wikipedia.org/wiki/Tropical_Storm_Claudia_(1962),2025-11-14T14:13:03Z
4,Storm Claudia,5,Weather warnings as Spain's Storm Claudia reaches UK on Friday ...,https://www.theguardian.com/uk-news/2025/nov/13/weather-warnings-storm-claudia-flood-rain-wind,2025-11-14T14:13:03Z
4,Storm Claudia,6,'Do not travel' warning issued for rail passengers as Storm Claudia ...,https://www.independent.co.uk/travel/news-and-advice/storm-claudia-train-cancellations-delays-b2865184.html,2025-11-14T14:13:03Z
4,Storm Claudia,7,Storm Claudia: torrential rain expected in parts of England and ...,https://www.theguardian.com/uk-news/2025/nov/14/storm-claudia-torrential-rain-england-wales-weather,2025-11-14T14:13:03Z
4,Storm Claudia,8,Storm Claudia is on its way,https://www.facebook.com/groups/1038886113887135/posts/1479439803165095/,2025-11-14T14:13:03Z
4,Storm Claudia,9,Storm Claudia map: Where 150mm of rain could fall today as flood ...,https://www.the-independent.com/news/uk/home-news/storm-claudia-map-uk-weather-warnings-b2865146.html,2025-11-14T14:13:03Z
4,Storm Claudia,10,Storm Claudia to bring heavy and disruptive rain for many - Met Office,https://www.metoffice.gov.uk/about-us/news-and-media/media-centre/weather-and-climate-news/2025/storm-claudia-to-bring-heavy-and-disruptive-rain-for-many,2025-11-14T14:13:03Z
4,Storm Claudia,11,Heavy rain affecting Ireland on Friday 14th November 2025 ...,https://www.met.ie/meteorologists-commentary/heavy-rain-affecting-ireland-on-friday-14th-november-2025-associated-with-storm-claudia/,2025-11-14T14:13:03Z
4,Storm Claudia,12,Amber weather warning issued for parts of UK - as Storm Claudia ...,https://news.sky.com/story/amber-weather-warning-issued-for-parts-of-uk-as-storm-claudia-brings-heavy-rain-13469515,2025-11-14T14:13:03Z
4,Storm Claudia,13,Herefordshire and Worcestershire braced as Storm Claudia arrives ...,https://www.bbc.co.uk/news/articles/cq6zd61ez74o,2025-11-14T14:13:03Z
4,Storm Claudia,14,UK weather: Flood and 'do not travel' warnings issued as Storm ...,https://news.sky.com/story/uk-weather-flood-and-do-not-travel-warnings-issued-as-storm-claudia-arrives-13469515,2025-11-14T14:13:03Z
4,Storm Claudia,15,What's your plan for Storm Claudia? : r/UKWeather,https://www.reddit.com/r/UKWeather/comments/1owqv5o/whats_your_plan_for_storm_claudia/,2025-11-14T14:13:03Z
4,Storm Claudia,16,Rail passengers told 'avoid travelling' as services cancelled ahead ...,https://www.manchestereveningnews.co.uk/news/greater-manchester-news/rail-passengers-warned-do-not-32871697,2025-11-14T14:13:03Z
4,Storm Claudia,17,Storm Claudia warning as horror 90mm rain batters UK with danger ...,https://www.mirror.co.uk/news/uk-news/storm-claudia-warning-horror-90mm-36244092,2025-11-14T14:13:03Z
4,Storm Claudia,18,Storm Claudia: Amber warning issued for rain and flooding to sweep ...,https://www.itv.com/news/2025-11-13/amber-warning-issued-for-storm-claudia-ahead-of-washout-weekend,2025-11-14T14:13:03Z
4,Storm Claudia,19,Indoor Air Quality Alert: Storm Claudia Flooding,https://www.iqair.com/newsroom/indoor-air-quality-alert-storm-claudia-flooding,2025-11-14T14:13:03Z
4,Storm Claudia,20,Storm Claudia map: Where 150mm of rain could fall today as Met ...,https://uk.news.yahoo.com/storm-claudia-map-met-office-110144826.html,2025-11-14T14:13:03Z
5,Children in Need,1,BBC Children in Need: We're there for you,https://www.bbcchildreninneed.co.uk/,2025-11-14T14:13:08Z
5,Children in Need,2,Children In Need Washington County | Caring for our future - our ...,https://childreninneedwashingtoncounty.org/,2025-11-14T14:13:08Z
5,Children in Need,3,Children in Need - Wikipedia,https://en.wikipedia.org/wiki/Children_in_Need,2025-11-14T14:13:08Z
5,Children in Need,4,BBC Children in Need - BBC,https://www.bbc.co.uk/programmes/b008dk4b,2025-11-14T14:13:08Z
5,Children in Need,5,Donate to BBC Children in Need,https://donate.bbcchildreninneed.co.uk/,2025-11-14T14:13:08Z
5,Children in Need,6,BBC Children in Need - BBC iPlayer,https://www.bbc.co.uk/iplayer/episodes/b008dk4b/bbc-children-in-need,2025-11-14T14:13:08Z
5,Children in Need,7,"Children In Need, Inc.",https://www.sandiegocounty.gov/content/sdc/hhsa/programs/cs/children_in_need.html,2025-11-14T14:13:08Z
5,Children in Need,8,"Children in need, Reporting year 2023 - Explore education statistics ...",https://explore-education-statistics.service.gov.uk/find-statistics/children-in-need/2023,2025-11-14T14:13:08Z
5,Children in Need,9,CHILDREN IN NEED OF SERVICES: - A Guide to Cases under ...,https://www.law.uga.edu/sites/default/files/Guide%20to%20Children%20In%20Need%20of%20Services%20Procedures%20in%20Georgia's%20New%20Juvenile%20Code.pdf,2025-11-14T14:13:08Z
5,Children in Need,10,Children in Need of Supervision (CINS) Program | Prince George's ...,https://www.princegeorgescountymd.gov/departments-offices/boards-commissions/children-youth-families-division-local-management-board/children-need-support-cins-program,2025-11-14T14:13:08Z
5,Children in Need,11,Children in Need of Supervision (CINS) | The Maryland People's ...,https://www.peoples-law.org/children-need-supervision-cins,2025-11-14T14:13:08Z
5,Children in Need,12,"Children In Need, Inc. | Hagerstown MD",https://www.facebook.com/CINwashco/,2025-11-14T14:13:08Z
5,Children in Need,13,Children in Need of Assistance (CINA) | The Maryland People's Law ...,https://www.peoples-law.org/children-need-assistance-cina,2025-11-14T14:13:08Z
5,Children in Need,14,Review of children in need - GOV.UK,https://www.gov.uk/government/publications/review-of-children-in-need/review-of-children-in-need,2025-11-14T14:13:08Z
5,Children in Need,15,New York Children in Need,https://www.osc.ny.gov/files/reports/pdf/nys-children-in-need.pdf,2025-11-14T14:13:08Z
5,Children in Need,16,Children in Need of Services,https://www.jud11.flcourts.org/Children-in-Need-of-Services,2025-11-14T14:13:08Z
5,Children in Need,17,Children in Need of Supervision (CINS) Complaint Process,https://djs.maryland.gov/Documents/JJRC/Children-in-Need-of-Supervision-Complaint-Process.pdf,2025-11-14T14:13:08Z
5,Children in Need,18,BBC Children in Need (@bbccin) • Instagram photos and videos,https://www.instagram.com/bbccin/?hl=en,2025-11-14T14:13:08Z
5,Children in Need,19,Assisting Children in Need,https://www.assistingchildreninneed.org/,2025-11-14T14:13:08Z
5,Children in Need,20,FACE for Children in Need: Home,https://www.facechildren.org/,2025-11-14T14:13:08Z
1,Epstein,1,Jeffrey Epstein - Wikipedia,https://en.wikipedia.org/wiki/Jeffrey_Epstein,2025-11-15T14:11:46Z
1,Epstein,2,Multi-disciplinary Design and Construction | Epstein,https://www.epsteinglobal.com/,2025-11-15T14:11:46Z
1,Epstein,3,"Indictment, JEFFREY EPSTEIN",https://www.justice.gov/usao-sdny/press-release/file/1180481/dl,2025-11-15T14:11:46Z
1,Epstein,4,Jeffrey Epstein cultivated celebrity relationships for years. Many ...,https://www.cbsnews.com/news/jeffrey-epstein-celebrity-relationships-documents/,2025-11-15T14:11:46Z
1,Epstein,5,Who was Jeffrey Epstein? The disgraced financier with powerful ...,https://www.bbc.com/news/world-us-canada-48913377,2025-11-15T14:11:46Z
1,Epstein,6,Listen To The Jeffrey Epstein Tapes: 'I Was Donald Trump's Closest ...,https://docs.house.gov/meetings/JU/JU08/20250227/117951/HHRG-119-JU08-20250227-SD006-U6.pdf,2025-11-15T14:11:46Z
1,Epstein,7,Oversight Committee Releases Additional Epstein Estate Documents,https://oversight.house.gov/release/oversight-committee-releases-additional-epstein-estate-documents/,2025-11-15T14:11:46Z
1,Epstein,8,What do we know about the Jeffrey Epstein files?,https://www.bbc.com/news/articles/c20r07dg6kro,2025-11-15T14:11:46Z
1,Epstein,9,Epstein Becker Green - Law Firm,https://www.ebglaw.com/,2025-11-15T14:11:46Z
1,Epstein,10,Harvey Epstein - Assembly District 74 |Assembly Member Directory ...,https://nyassembly.gov/mem/Harvey-Epstein/contact/,2025-11-15T14:11:46Z
1,Epstein,11,Watch Jeffrey Epstein: Filthy Rich | Netflix Official Site,https://www.netflix.com/title/80224905,2025-11-15T14:11:46Z
1,Epstein,12,Text - H.R.4405 - 119th Congress (2025-2026): Epstein Files ...,https://www.congress.gov/bill/119th-congress/house-bill/4405/text,2025-11-15T14:11:46Z
1,Epstein,13,Harvey Epstein - Assembly District 74 |Assembly Member Directory ...,https://nyassembly.gov/mem/Harvey-Epstein,2025-11-15T14:11:46Z
1,Epstein,14,Text - H.Res.581 - 119th Congress (2025-2026): Providing for ...,https://www.congress.gov/bill/119th-congress/house-resolution/581/text,2025-11-15T14:11:46Z
1,Epstein,15,Jason I. Epstein - Nelson Mullins,https://www.nelsonmullins.com/professionals/jason-epstein,2025-11-15T14:11:46Z
1,Epstein,16,Right-wing media downplays latest Epstein documents : NPR,https://www.npr.org/2025/11/15/nx-s1-5608227/epstein-emails-qanon-influencers,2025-11-15T14:11:46Z
1,Epstein,17,Richard Epstein - Overview | NYU School of Law,https://its.law.nyu.edu/facultyprofiles/index.cfm?fuseaction=profile.overview&personid=26355,2025-11-15T14:11:46Z
1,Epstein,18,Shira Eve Epstein | The City College of New York,https://www.ccny.cuny.edu/profiles/shira-eve-epstein,2025-11-15T14:11:46Z
1,Epstein,19,Dr. Marc E. Epstein,https://www.cdfa.ca.gov/plant/ppd/staff/mepstein.html,2025-11-15T14:11:46Z
1,Epstein,20,House Oversight Committee Releases Jeffrey Epstein Email ...,https://oversightdemocrats.house.gov/news/press-releases/house-oversight-committee-releases-jeffrey-epstein-email-correspondence-raising,2025-11-15T14:11:46Z
2,#ITAvRSA,1,Chemistry off the charts ‍ #RWC2025 #ITAvRSA,https://www.facebook.com/rugbyworldcup/posts/chemistry-off-the-charts-rwc2025-itavrsa/1209155277917656/,2025-11-15T14:11:51Z
2,#ITAvRSA,2,Handre Pollard gets the game underway in Turin #Springboks ...,https://x.com/Springboks/status/1989675182491840833/photo/1,2025-11-15T14:11:51Z
2,#ITAvRSA,3,"Next up, the Italian Job. #ITAvRSA",https://www.facebook.com/RugbyMadsa/posts/%EF%B8%8F-next-up-the-italian-job-itavrsa/1306424998165482/,2025-11-15T14:11:51Z
2,#ITAvRSA,4,Italy announce their team to take on Springboks! #ITAvRSA,https://x.com/PlanetRugby/status/1988950634117374002,2025-11-15T14:11:51Z
2,#ITAvRSA,5,A Sunday to remember in South African history ‍ Congratulations to ...,https://www.instagram.com/p/DOBsBoqCJib/?hl=en,2025-11-15T14:11:51Z
2,#ITAvRSA,6,Handre Pollard starts in much-changed Springboks side! #ITAvRSA,https://x.com/PlanetRugby/status/1988946033838330092,2025-11-15T14:11:51Z
2,#ITAvRSA,7,This is a golden opportunity for Italy to beat the Springboks as they ...,https://www.instagram.com/p/DQ_xvVGlhAm/,2025-11-15T14:11:51Z
2,#ITAvRSA,8,Post by #RugbyItaly on X: #ITAvRSA,https://x.com/RugbyIta/status/1989367988076818640,2025-11-15T14:11:51Z
2,#ITAvRSA,9,Post by #RugbyItaly on X: #ITAvRSA,https://x.com/RugbyIta/status/1989083268306841962,2025-11-15T14:11:51Z
2,#ITAvRSA,10,#ITAvRSA That is support cool @elementofuoco #RugbyItaly,https://x.com/RugbyIta/status/1989420193995788680,2025-11-15T14:11:51Z
2,#ITAvRSA,11,#ITAvRSA Preview Pod We talk Hookers The Hoodie Potential Our ...,https://x.com/RugbyBits/status/1989042826156351586,2025-11-15T14:11:51Z
2,#ITAvRSA,12,#ITAvRSA Fresh Springboks lineup! Kolisi captains a new-look side ...,https://x.com/RugbyIta/status/1989015551000092980/photo/1,2025-11-15T14:11:51Z
2,#ITAvRSA,13,#ITAvRSA caps vs bulls ?,https://x.com/RugbyIta/status/1989079756630008115,2025-11-15T14:11:51Z
2,#ITAvRSA,14,"Ange Capuozzo stuns South Africa, just like Australia last week ...",https://x.com/RugbyPass/status/1593956532215062532?ref_src=twsrc%5Etfw,2025-11-15T14:11:51Z
2,#ITAvRSA,15,#ITAvRSA MATCH DAY! Italy vs South Africa in Turin. After beating ...,https://x.com/RugbyIta/status/1989591169622241646/photo/1,2025-11-15T14:11:51Z
2,#ITAvRSA,16,Kickoff day! Your prediction? #BringingPeopleTogether #Springboks ...,https://x.com/SpurRestaurant/status/1989666145339900285,2025-11-15T14:11:51Z
2,#ITAvRSA,17,"TEAM: Unsurprisingly, Italy have been reluctant to make any ...",https://x.com/RugbyPass/status/1988938378201690336,2025-11-15T14:11:51Z
2,#ITAvRSA,18,Springboks Squad that will face Italy today. #ITAvRSA #QuilterNS ...,https://x.com/sin_bin_rugby/status/1989541716475457849,2025-11-15T14:11:51Z
2,#ITAvRSA,19,Post by #RugbyItaly on X: #ITAvRSA,https://x.com/RugbyIta/status/1989083080297267629,2025-11-15T14:11:51Z
2,#ITAvRSA,20,Someone please stop laba bafana baseSouth Africa #ITAvRSA ...,https://x.com/SiboMaputi/status/1989007175382131190,2025-11-15T14:11:51Z
3,#totp,1,"""#TOTP"" - Results on X | Live Posts & Updates",https://x.com/search?q=%23TOTP,2025-11-15T14:11:55Z
3,#totp,2,On using bitwarden for TOTP: : r/Bitwarden,https://www.reddit.com/r/Bitwarden/comments/10qfts6/on_using_bitwarden_for_totp/,2025-11-15T14:11:55Z
3,#totp,3,Online one-time password generator / TOTP (Google Authenticator ...,https://totp.app/,2025-11-15T14:11:55Z
3,#totp,4,Why doesn't Bitwarden auto-fill TOTP codes? : r/Bitwarden,https://www.reddit.com/r/Bitwarden/comments/1ildptt/why_doesnt_bitwarden_autofill_totp_codes/,2025-11-15T14:11:55Z
3,#totp,5,I lost my TOTP key and recovery code - How to Use GitLab - GitLab ...,https://forum.gitlab.com/t/i-lost-my-totp-key-and-recovery-code/42320,2025-11-15T14:11:55Z
3,#totp,6,Support Microsoft TOTP for office 365 (business) - Password ...,https://community.bitwarden.com/t/support-microsoft-totp-for-office-365-business/372,2025-11-15T14:11:55Z
3,#totp,7,TOTP tokens on my wrist with the smartest dumb watch. // flurries of ...,https://blog.singleton.io/posts/2022-10-17-otp-on-wrist/,2025-11-15T14:11:55Z
3,#totp,8,Getting TOTP to work on PC is a nightmare with Bitwarden ...,https://community.bitwarden.com/t/getting-totp-to-work-on-pc-is-a-nightmare-with-bitwarden/78554,2025-11-15T14:11:55Z
3,#totp,9,How can I change my TOTP? - Auth0 Community,https://community.auth0.com/t/how-can-i-change-my-totp/99746,2025-11-15T14:11:55Z
3,#totp,10,TOTP verification code incorrect in desktop app - Password ...,https://community.bitwarden.com/t/totp-verification-code-incorrect-in-desktop-app/86559,2025-11-15T14:11:55Z
3,#totp,11,My #TOTP debut solo performance for 'Love Train' Those green ...,https://www.instagram.com/reel/CoaPZDjI7mo/,2025-11-15T14:11:55Z
3,#totp,12,TOTP for 2 users sharing plan - Password Manager - Bitwarden ...,https://community.bitwarden.com/t/totp-for-2-users-sharing-plan/35895,2025-11-15T14:11:55Z
3,#totp,13,TOTP context menu greyed out. Cannot add a new TOTP to every ...,https://github.com/keepassxreboot/keepassxc/discussions/11043,2025-11-15T14:11:55Z
3,#totp,14,Can I Create QR from TOTP? - Password Manager - Bitwarden ...,https://community.bitwarden.com/t/can-i-create-qr-from-totp/15060,2025-11-15T14:11:55Z
3,#totp,15,Feature request: Support for TOTP with custom encoders - Like ...,https://www.1password.community/discussions/1password/feature-request-support-for-totp-with-custom-encoders---like-steam/142973,2025-11-15T14:11:55Z
3,#totp,16,Bitwarden TOTP not working - Password Manager - Bitwarden ...,https://community.bitwarden.com/t/bitwarden-totp-not-working/61941,2025-11-15T14:11:55Z
3,#totp,17,TOTP suddenly not working - ℹ️ Support - Nextcloud community,https://help.nextcloud.com/t/totp-suddenly-not-working/10771,2025-11-15T14:11:55Z
3,#totp,18,Handling TOTP - Questions / Help - Elixir Programming Language ...,https://elixirforum.com/t/handling-totp/38516,2025-11-15T14:11:55Z
3,#totp,19,TOTP autocopy - Kee browser extension - Kee community forum,https://forum.kee.pm/t/totp-autocopy/3317,2025-11-15T14:11:55Z
3,#totp,20,protocol design - Security concern with TOTP - Cryptography Stack ...,https://crypto.stackexchange.com/questions/51287/security-concern-with-totp,2025-11-15T14:11:55Z
4,Storm Claudia,1,List of storms named Claudia - Wikipedia,https://en.wikipedia.org/wiki/List_of_storms_named_Claudia,2025-11-15T14:11:59Z
4,Storm Claudia,2,Storm Claudia : r/Dublin,https://www.reddit.com/r/Dublin/comments/1owr97y/storm_claudia/,2025-11-15T14:11:59Z
4,Storm Claudia,3,Storm Claudia: More rain forecast for Saturday before cold snap hits ...,https://www.bbc.com/news/articles/c4gw5xxej04o,2025-11-15T14:11:59Z
4,Storm Claudia,4,Obituary information for Claudia Marie (Turco) Storm,https://www.sheehanhilbornbreen.com/obituaries/Claudia-Marie-Turco-Storm?obId=34294843,2025-11-15T14:11:59Z
4,Storm Claudia,5,What's your plan for Storm Claudia? : r/UKWeather,https://www.reddit.com/r/UKWeather/comments/1owqv5o/whats_your_plan_for_storm_claudia/,2025-11-15T14:11:59Z
4,Storm Claudia,6,Storm Claudia: major incident declared after severe flooding in UK ...,https://www.theguardian.com/uk-news/2025/nov/15/maybe-storm-claudia-england-weather-major-incident-flooding,2025-11-15T14:11:59Z
4,Storm Claudia,7,Further flooding in England likely from Storm Claudia - GOV.UK,https://www.gov.uk/government/news/further-flooding-in-england-likely-from-storm-claudia,2025-11-15T14:11:59Z
4,Storm Claudia,8,Weather warnings as Spain's Storm Claudia reaches UK on Friday ...,https://www.theguardian.com/uk-news/2025/nov/13/weather-warnings-storm-claudia-flood-rain-wind,2025-11-15T14:11:59Z
4,Storm Claudia,9,Storm Claudia Updates - Monmouthshire,https://www.monmouthshire.gov.uk/storm-claudia/,2025-11-15T14:11:59Z
4,Storm Claudia,10,'Do not travel' warning issued for rail passengers as Storm Claudia ...,https://www.the-independent.com/travel/news-and-advice/storm-claudia-train-cancellations-delays-b2865184.html,2025-11-15T14:11:59Z
4,Storm Claudia,11,Storm Claudia: More rain forecast for Saturday before cold snap hits ...,https://www.bbc.co.uk/news/articles/c4gw5xxej04o,2025-11-15T14:11:59Z
4,Storm Claudia,12,Storm Claudia - Tram and Bus Disruption | Bee Network | Powered ...,https://tfgm.com/storm-claudia,2025-11-15T14:11:59Z
4,Storm Claudia,13,Storm Claudia to bring heavy and disruptive rain for many - Met Office,https://www.metoffice.gov.uk/about-us/news-and-media/media-centre/weather-and-climate-news/2025/storm-claudia-to-bring-heavy-and-disruptive-rain-for-many,2025-11-15T14:11:59Z
4,Storm Claudia,14,Heavy rain affecting Ireland on Friday 14th November 2025 ...,https://www.met.ie/meteorologists-commentary/heavy-rain-affecting-ireland-on-friday-14th-november-2025-associated-with-storm-claudia/,2025-11-15T14:11:59Z
4,Storm Claudia,15,Portugal remains on alert as Storm Claudia moves towards UK ...,https://www.euronews.com/2025/11/14/portugal-remains-on-alert-as-storm-claudia-moves-towards-uk,2025-11-15T14:11:59Z
4,Storm Claudia,16,Storm Claudia map: Where 150mm of rain could fall today as flood ...,https://www.the-independent.com/news/uk/home-news/storm-claudia-map-uk-weather-warnings-b2865146.html,2025-11-15T14:11:59Z
4,Storm Claudia,17,"Storm Claudia, named by the Spanish Met Service, will affect the UK ...",https://www.facebook.com/metoffice/posts/storm-claudia-named-by-the-spanish-met-service-will-affect-the-uk-on-friday-heav/1266216802207048/,2025-11-15T14:11:59Z
4,Storm Claudia,18,Storm Claudia: Several counties still under rain alert with flood risk ...,https://www.irishtimes.com/ireland/2025/11/15/weather-ireland-storm-claudia-triggers-significant-flooding-and-impassible-roads/,2025-11-15T14:11:59Z
4,Storm Claudia,19,Storm Claudia: Major incident is declared with 90 flood warnings in ...,https://www.dailymail.co.uk/news/article-15293587/Storm-Claudia-Major-incident-declared-90-flood-warnings-place-authorities-warn-significant-risk-life-cold-snap-snow-way.html,2025-11-15T14:11:59Z
4,Storm Claudia,20,Storm Claudia: Reduced service on Friday 14 November 2025 ...,https://www.chilternrailways.co.uk/stormclaudia,2025-11-15T14:11:59Z
5,#SmackDown,1,SmackDown | WWE,https://www.wwe.com/shows/smackdown,2025-11-15T14:12:04Z
5,#SmackDown,2,How to deal with Treebranch Smackdown? : r/darkestdungeon,https://www.reddit.com/r/darkestdungeon/comments/s7qvb4/how_to_deal_with_treebranch_smackdown/,2025-11-15T14:12:04Z
5,#SmackDown,3,No Credentials? No entry! #Smackdown,https://www.instagram.com/p/DKBJtoKOp4u/?hl=en,2025-11-15T14:12:04Z
5,#SmackDown,4,Why was Smackdown only 1 hour and 20 minutes?,https://www.facebook.com/groups/ManiaClub/posts/4196745473935676/,2025-11-15T14:12:04Z
5,#SmackDown,5,The Blue Crew! #wwe #smackdown,https://www.instagram.com/p/CeosvqvJ8je/,2025-11-15T14:12:04Z
5,#SmackDown,6,#LAKnight #Smackdown,https://www.facebook.com/LAKnightWWE/posts/laknight-smackdown/764919089025008/,2025-11-15T14:12:04Z
5,#SmackDown,7,Inanimate Smackdown/Transcript | Inanimate Insanity Wiki | Fandom,https://inanimateinsanity.fandom.com/wiki/Inanimate_Smackdown/Transcript,2025-11-15T14:12:04Z
5,#SmackDown,8,For the Toledo/LowerMichigan Peeps #SmackDown #toledo,https://www.facebook.com/groups/ManiaClub/posts/4215895712020652/,2025-11-15T14:12:04Z
5,#SmackDown,9,WWE SmackDown - Wikipedia,https://en.wikipedia.org/wiki/WWE_SmackDown,2025-11-15T14:12:04Z
5,#SmackDown,10,Why does it take a month for Smackdown episodes to replay on ...,https://www.facebook.com/groups/ManiaClub/posts/4143651085911782/,2025-11-15T14:12:04Z
5,#SmackDown,11,WWE SmackDown | MVP Arena,https://www.mvparena.com/events/detail/wwe-smackdown-nov-14,2025-11-15T14:12:04Z
5,#SmackDown,12,This was very easily the BEST episode of SmackDown this year so ...,https://www.facebook.com/WWEHeelYARD/posts/this-was-very-easily-the-best-episode-of-smackdown-this-year-so-farsmackdown-is-/1280329153880108/,2025-11-15T14:12:04Z
5,#SmackDown,13,WWE SmackDown,https://www.vanandelarena.com/events/2025/wwe-smackdown2,2025-11-15T14:12:04Z
5,#SmackDown,14,Steam Workshop::Undead Smackdown,https://steamcommunity.com/sharedfiles/filedetails/?id=424063762,2025-11-15T14:12:04Z
5,#SmackDown,15,Foodie Tasting Events in New Mexico | Let the smackdown begin!,https://ediblesmackdown.com/,2025-11-15T14:12:04Z
5,#SmackDown,16,WWE Friday Night SmackDown | Bon Secours Wellness Arena,https://www.bonsecoursarena.com/events/detail/wwe-friday-night-smackdown-greenville-tickets,2025-11-15T14:12:04Z
5,#SmackDown,17,WWE® & Big 12 Conference to Bring Friday Night Smackdown to ...,https://big12sports.com/news/2025/7/8/wwe-big-12-conference-to-bring-friday-night-smackdown-to-big-12-markets-during-2025-college-football-season.aspx,2025-11-15T14:12:04Z
5,#SmackDown,18,"""#smackdown"" - Results on X | Live Posts & Updates",https://x.com/hashtag/smackdown,2025-11-15T14:12:04Z
5,#SmackDown,19,WWE Friday Night SmackDown | T-Mobile Arena,https://www.t-mobilearena.com/events/detail/wwe-friday-night-smackdown-1,2025-11-15T14:12:04Z
5,#SmackDown,20,Smackdown Cancer | Riley Children's Foundation,https://rileykids.org/get-involved/events/smackdown-cancer-2,2025-11-15T14:12:04Z
6,July Flower,1,July Birth Flowers: Larkspur and Water Lily | The Old Farmer's ...,https://www.almanac.com/content/july-birth-flowers,2025-11-15T14:12:08Z
6,July Flower,2,July Birth Flower: What is my Birth Flower?,https://www.gardenia.net/guide/july-birth-flower-what-is-my-birth-flower,2025-11-15T14:12:08Z
6,July Flower,3,"Independence Fest 2026 | Flower Mound, TX - Official Website",https://www.flower-mound.com/festival,2025-11-15T14:12:08Z
6,July Flower,4,July Birth Flower Meanings: Larkspur & Water Lily | Floraly,https://www.floraly.com.au/blogs/news/july-birth-flowers-water-lily-larkspur,2025-11-15T14:12:08Z
6,July Flower,5,4th of July Flowers | Patriotic Flowers for Independence Day | Teleflora,https://www.teleflora.com/independence-day-flowers?catID=cat210083,2025-11-15T14:12:08Z
6,July Flower,6,Fourth of July Flowers | Kroger,https://flowers.kroger.com/collections/independenceday,2025-11-15T14:12:08Z
6,July Flower,7,"4th of July Flower Arrangements | Ridge, NY - National Floral Design",https://nationalfloraldesign.com/july-4th/,2025-11-15T14:12:08Z
6,July Flower,8,"Fourth of July Flowers in Philadelphia, PA | Same Day Fourth of July ...",https://www.pflorist.com/fourth-of-july/de-100244,2025-11-15T14:12:08Z
6,July Flower,9,4th of July Flowers | Patriotic Flowers | 1800Flowers,https://www.1800flowers.com/fourth-of-july,2025-11-15T14:12:08Z
6,July Flower,10,Early July Blooms in My Flower Garden - The Martha Stewart Blog,https://www.themarthablog.com/2018/07/early-july-blooms-in-my-flower-garden.html,2025-11-15T14:12:08Z
6,July Flower,11,4th of July Flowers : r/flowers,https://www.reddit.com/r/flowers/comments/14qg6gj/4th_of_july_flowers/,2025-11-15T14:12:08Z
6,July Flower,12,Late July Blooms in My Flower Garden - The Martha Stewart Blog,https://www.themarthablog.com/2019/07/late-july-blooms-in-my-flower-garden.html,2025-11-15T14:12:08Z
6,July Flower,13,Fourth of July Feature in Boston MA - Winston Flowers,https://www.winstonflowers.com/flower-arrangement/fourth-of-july-feature/prod7690134,2025-11-15T14:12:08Z
6,July Flower,14,4th of July Flower Delivery | Flower Shopping,https://www.flowershopping.com/upcoming-holidays/4th-of-july,2025-11-15T14:12:08Z
6,July Flower,15,Homeyer: July flowers worth growing - Concord Monitor,https://www.concordmonitor.com/2025/07/05/homeyer-july-flowers-worth-growing-62139826/,2025-11-15T14:12:08Z
6,July Flower,16,"4+ Hundred July Birth Flower Royalty-Free Images, Stock Photos ...",https://www.shutterstock.com/search/july-birth-flower,2025-11-15T14:12:08Z
6,July Flower,17,"July 4th Flowers in Cedar Rapids, IA - Pierson's Flower Shop ...",https://www.piersonsflowershop.com/july-4th,2025-11-15T14:12:08Z
6,July Flower,18,4th of July Flowers | St Augustine FL | Flower Works | 904-824-7806,https://www.thenaturalflorist.com/product-category/holidays-flower-gifts/4th-of-july-flowers/,2025-11-15T14:12:08Z
6,July Flower,19,Fourth of July Hawaiian Flower Shower - Kaanapali Resort,https://kaanapaliresort.com/fourth-of-july-hawaiian-flower-shower/,2025-11-15T14:12:08Z
6,July Flower,20,Hi Flower Friends! What did you spend your July Dollars on?,https://www.facebook.com/woldhuisfarms/posts/hi-flower-friendswhat-did-you-spend-your-july-dollars-on-/1206714981480318/,2025-11-15T14:12:08Z
7,Children in Need,1,BBC Children in Need: We're there for you,https://www.bbcchildreninneed.co.uk/,2025-11-15T14:12:12Z
7,Children in Need,2,Children In Need Washington County | Caring for our future - our ...,https://childreninneedwashingtoncounty.org/,2025-11-15T14:12:12Z
7,Children in Need,3,Children in Need - Wikipedia,https://en.wikipedia.org/wiki/Children_in_Need,2025-11-15T14:12:12Z
7,Children in Need,4,BBC Children in Need - BBC,https://www.bbc.co.uk/programmes/b008dk4b,2025-11-15T14:12:12Z
7,Children in Need,5,Donate to BBC Children in Need,https://donate.bbcchildreninneed.co.uk/,2025-11-15T14:12:12Z
7,Children in Need,6,BBC Children in Need - BBC iPlayer,https://www.bbc.co.uk/iplayer/episodes/b008dk4b/bbc-children-in-need,2025-11-15T14:12:12Z
7,Children in Need,7,"Children In Need, Inc.",https://www.sandiegocounty.gov/content/sdc/hhsa/programs/cs/children_in_need.html,2025-11-15T14:12:12Z
7,Children in Need,8,Children in Need 2025 raises more than £45m,https://www.bbc.com/news/articles/c3vn0np7pewo,2025-11-15T14:12:12Z
7,Children in Need,9,"BBC Children in Need, 2025, Live Show - BBC",https://www.bbc.co.uk/programmes/m002m4d4,2025-11-15T14:12:12Z
7,Children in Need,10,"Children in need, Reporting year 2023 - Explore education statistics ...",https://explore-education-statistics.service.gov.uk/find-statistics/children-in-need/2023,2025-11-15T14:12:12Z
7,Children in Need,11,Children in Need of Supervision (CINS) Program | Prince George's ...,https://www.princegeorgescountymd.gov/departments-offices/boards-commissions/children-youth-families-division-local-management-board/children-need-support-cins-program,2025-11-15T14:12:12Z
7,Children in Need,12,CHILDREN IN NEED OF SERVICES: - A Guide to Cases under ...,https://www.law.uga.edu/sites/default/files/Guide%20to%20Children%20In%20Need%20of%20Services%20Procedures%20in%20Georgia's%20New%20Juvenile%20Code.pdf,2025-11-15T14:12:12Z
7,Children in Need,13,Children in Need of Supervision (CINS) | The Maryland People's ...,https://www.peoples-law.org/children-need-supervision-cins,2025-11-15T14:12:12Z
7,Children in Need,14,BBC Children in Need (@bbccin) • Instagram photos and videos,https://www.instagram.com/bbccin/?hl=en,2025-11-15T14:12:12Z
7,Children in Need,15,Children in Need of Assistance (CINA) | The Maryland People's Law ...,https://www.peoples-law.org/children-need-assistance-cina,2025-11-15T14:12:12Z
7,Children in Need,16,"Children In Need, Inc. | Hagerstown MD",https://www.facebook.com/CINwashco/,2025-11-15T14:12:12Z
7,Children in Need,17,Review of children in need - GOV.UK,https://www.gov.uk/government/publications/review-of-children-in-need/review-of-children-in-need,2025-11-15T14:12:12Z
7,Children in Need,18,New York Children in Need,https://www.osc.ny.gov/files/reports/pdf/nys-children-in-need.pdf,2025-11-15T14:12:12Z
7,Children in Need,19,Children in Need of Services,https://www.jud11.flcourts.org/Children-in-Need-of-Services,2025-11-15T14:12:12Z
7,Children in Need,20,Children in Need of Supervision (CINS) Complaint Process,https://djs.maryland.gov/Documents/JJRC/Children-in-Need-of-Supervision-Complaint-Process.pdf,2025-11-15T14:12:12Z
8,#BBUK,1,Big Brother UK (@bbuk) / Posts / X,https://x.com/bbuk?lang=en,2025-11-15T14:12:17Z
8,#BBUK,2,Big Brother UK (@bbuk) • Instagram photos and videos,https://www.instagram.com/bbuk/?hl=en,2025-11-15T14:12:17Z
8,#BBUK,3,Big Brother UK,https://www.reddit.com/r/bigbrotheruk/,2025-11-15T14:12:17Z
8,#BBUK,4,BB on Blast: Big Brother Podcast #BBUK (@BBonblast) / Posts / X,https://x.com/BBonblast,2025-11-15T14:12:17Z
8,#BBUK,5,Why did BBUS never have the same cultural impact that BBUK did ...,https://www.reddit.com/r/BigBrother/comments/fu89rn/why_did_bbus_never_have_the_same_cultural_impact/,2025-11-15T14:12:17Z
8,#BBUK,6,"Big Brother UK on Instagram: ""George and Teja debate politics ...",https://www.linkedin.com/posts/aisha-thomas-b9786946_big-brother-uk-on-instagram-george-and-activity-7379276482239545345-CnF4,2025-11-15T14:12:17Z
8,#BBUK,7,"2024 is the first year where BBCAN, BBUS, BBUK were all won by ...",https://www.reddit.com/r/BigBrother/comments/1gt49kr/2024_is_the_first_year_where_bbcan_bbus_bbuk_were/,2025-11-15T14:12:17Z
8,#BBUK,8,ITV - Meet the housemates… and non-housemates 👁️ #bbuk ...,https://www.facebook.com/photo.php?fbid=1073596404126517&id=100044285026961&set=a.804516587701168,2025-11-15T14:12:17Z
8,#BBUK,9,Big Brother UK (franchise) | Big Brother Wiki | Fandom,https://bigbrother.fandom.com/wiki/Big_Brother_UK_(franchise),2025-11-15T14:12:17Z
8,#BBUK,10,Demons can't keep a diva down x #BBUK,https://www.facebook.com/story.php?story_fbid=1368282971325112&id=100044302665512,2025-11-15T14:12:17Z
8,#BBUK,11,Bladder & Bowel UK,https://www.bbuk.org.uk/,2025-11-15T14:12:17Z
8,#BBUK,12,Big Brother (British TV series) - Wikipedia,https://en.wikipedia.org/wiki/Big_Brother_(British_TV_series),2025-11-15T14:12:17Z
8,#BBUK,13,BBUK LIMITED overview - Find and update company information ...,https://find-and-update.company-information.service.gov.uk/company/10871685,2025-11-15T14:12:17Z
8,#BBUK,14,BBUK Studio | BBUK,https://www.bbukstudio.com/,2025-11-15T14:12:17Z
8,#BBUK,15,BBUK CARS LIMITED overview - Find and update company ...,https://find-and-update.company-information.service.gov.uk/company/09948542,2025-11-15T14:12:17Z
8,#BBUK,16,BBUK Heritage Days 2025,https://www.bnaibrithuk.org/bbuk-heritage-days-2025,2025-11-15T14:12:17Z
8,#BBUK,17,'BBUK' Live Launch Shocks With Night 1 Twist That Puts ...,https://deadline.com/2025/09/bbuk-live-launch-shocks-eviction-night-1-1236563531/,2025-11-15T14:12:17Z
8,#BBUK,18,BBUK Plc pro forma,https://home.barclays/content/dam/home-barclays/documents/investor-relations/annualreports/ar2017/22%2002%2018%20Barclays%20Bank%20UK%20PLC%20Pro%20forma.pdf,2025-11-15T14:12:17Z
8,#BBUK,19,ITV2 Reveals 'Big Brother UK' Eye Logo For 2026,https://deadline.com/gallery/big-brother-uk-2025-eye-logo-itv2/,2025-11-15T14:12:17Z
8,#BBUK,20,ELEKTRONIK - SCHWARZBECK MESS,http://schwarzbeck.de/Datenblatt/91149139.pdf,2025-11-15T14:12:17Z
9,Northern Soul,1,Northern soul - Wikipedia,https://en.wikipedia.org/wiki/Northern_soul,2025-11-15T14:12:21Z
9,Northern Soul,2,Northern Soul Grilled Cheese: Northern Soul Manchester,https://www.northernsoulmcr.com/,2025-11-15T14:12:21Z
9,Northern Soul,3,Northern Soul (2014) - IMDb,https://www.imdb.com/title/tt1837613/,2025-11-15T14:12:21Z
9,Northern Soul,4,Northern Soul | MSP Airport,https://www.mspairport.com/airport/eat-shop-relax/northern-soul,2025-11-15T14:12:21Z
9,Northern Soul,5,Northern Soul: Southern-Inspired Home Cooking from a Northern ...,https://www.amazon.com/Northern-Soul-Southern-Inspired-Cooking-Kitchen/dp/0760375321,2025-11-15T14:12:21Z
9,Northern Soul,6,What do Americans make of Northern Soul? : r/AskAnAmerican,https://www.reddit.com/r/AskAnAmerican/comments/9y1a6m/what_do_americans_make_of_northern_soul/,2025-11-15T14:12:21Z
9,Northern Soul,7,THE SHAGS / SG Northern Soul | kymo | contemporary rugs,https://www.kymo.de/en/collections/the-shags/sg-northern-soul,2025-11-15T14:12:21Z
9,Northern Soul,8,Northern Soul : r/AboveandBeyond,https://www.reddit.com/r/AboveandBeyond/comments/718ho1/northern_soul/,2025-11-15T14:12:21Z
9,Northern Soul,9,Uncanny AI-generated Northern Soul music sounds like 1966 ...,https://www.facebook.com/groups/343992616065078/posts/1980271592437164/,2025-11-15T14:12:21Z
9,Northern Soul,10,Northern Soul - The Northern Irish Reality TV Series! Coming next ...,https://www.instagram.com/reel/DDrB2rvtTyl/,2025-11-15T14:12:21Z
9,Northern Soul,11,Northern Soul: British & Irish Fish & Chips l Food Truck,https://www.northernsoulchipshop.com/,2025-11-15T14:12:21Z
9,Northern Soul,12,Northern Soul Girl Levanna (@levannamclean) • Instagram photos ...,https://www.instagram.com/levannamclean/?hl=en,2025-11-15T14:12:21Z
9,Northern Soul,13,This is Northern Soul Podcast | Podcast on Spotify,https://open.spotify.com/show/5cfgf9a83Mk9f4IFDyzfv5,2025-11-15T14:12:21Z
9,Northern Soul,14,Northern Soul Manchester (@northernsoulmcr) · Manchester,https://www.instagram.com/northernsoulmcr/?hl=en,2025-11-15T14:12:21Z
9,Northern Soul,15,Northern soul: identity and representation | David Buckingham,https://davidbuckingham.net/growing-up-modern/young-soul-rebels-soul-scenes-in-seventies-britain/northern-soul-identity-and-representation/,2025-11-15T14:12:21Z
9,Northern Soul,16,The Northern Soul Project – Sociology of an Underground Music ...,https://katherinewikoff.com/2014/09/09/the-northern-soul-project-sociology-of-an-underground-music-culture-post-3/,2025-11-15T14:12:21Z
9,Northern Soul,17,Winter Activewear Staples — MI Northern Soul | Northern Michigan ...,https://www.minorthernsoul.com/northern-soul/2019/1/19/winter-activewear-staples,2025-11-15T14:12:21Z
9,Northern Soul,18,The Thickest Walls – Northern Soul,https://northernsoul.xyz/the-thickest-walls/,2025-11-15T14:12:21Z
9,Northern Soul,19,Northern Soul Orchestrated | B:Music,https://bmusic.co.uk/events/northern-soul-orchestrated-2026,2025-11-15T14:12:21Z
9,Northern Soul,20,Northern Soul | Milliken,https://www.milliken.com/en-gb/businesses/floor-covering/collections/northern-soul,2025-11-15T14:12:21Z
10,#Caturday,1,Caturday (@catur_dayy) / Posts / X,https://x.com/catur_dayy,2025-11-15T14:12:25Z
10,#Caturday,2,Happy Caturday! #cats #caturday,https://www.facebook.com/ScottMetzgerCartoons/posts/happy-caturdaycats-caturday/1250047593145327/,2025-11-15T14:12:25Z
10,#Caturday,3,"""#caturday"" - Results on X | Live Posts & Updates",http://x.com/search?q=%23caturday&src=hash,2025-11-15T14:12:25Z
10,#Caturday,4,Woody and Wren can't contain their excitement for this #Caturday ...,https://www.facebook.com/ZooAmerica/posts/woody-and-wren-cant-contain-their-excitement-for-this-caturday-share-your-favori/1301776288655255/,2025-11-15T14:12:25Z
10,#Caturday,5,"Chris Barron | Happy Caturday, all my cat freaks. @heyitsLNC ...",https://www.instagram.com/p/DLvfVATPDdN/,2025-11-15T14:12:25Z
10,#Caturday,6,"It's #Caturday, and Fergus is here to remind us all how it's done ...",https://www.facebook.com/JacksonGalaxy/posts/its-caturday-and-fergus-is-here-to-remind-us-all-how-its-done-maximum-snuggle-mo/1303730654442895/,2025-11-15T14:12:25Z
10,#Caturday,7,Couple of years ago when babysitting Alois Happy Caturday ...,https://www.instagram.com/p/DQzMko1ESUw/,2025-11-15T14:12:25Z
10,#Caturday,8,"Happy #caturday to those who celebrate, from me & #emilymonster.",https://www.facebook.com/jgunn/posts/happy-caturday-to-those-who-celebrate-from-me-emilymonster/1243673300449656/,2025-11-15T14:12:25Z
10,#Caturday,9,#caturday | Tracy Abell,https://tracyabell.com/tag/caturday/,2025-11-15T14:12:25Z
10,#Caturday,10,"It's #Caturday, and the squad is assembled. Whatever is about to ...",https://www.facebook.com/JacksonGalaxy/posts/its-caturday-and-the-squad-is-assembled-whatever-is-about-to-happen-they-are-rea/1315164703299490/,2025-11-15T14:12:25Z
10,#Caturday,11,"Caturday at Land Park this Saturday, July 26th from 10am-12pm! : r ...",https://www.reddit.com/r/Sacramento/comments/1m7nf79/caturday_at_land_park_this_saturday_july_26th/,2025-11-15T14:12:25Z
10,#Caturday,12,Khloe is serving full Tortie queen energy this #Caturday. Draped ...,https://www.facebook.com/JacksonGalaxy/posts/khloe-is-serving-full-tortie-queen-energy-this-caturday-draped-across-her-mom-ma/1331989131617047/,2025-11-15T14:12:25Z
10,#Caturday,13,Caturday | Corvallis Oregon,https://www.corvallisoregon.gov/parksrec/page/caturday,2025-11-15T14:12:25Z
10,#Caturday,14,Happy #Caturday,https://www.facebook.com/ScottMetzgerCartoons/posts/happy-caturday/1209241777225909/,2025-11-15T14:12:25Z
10,#Caturday,15,Happy #Caturday to best cat Mia! from .hack// : r/DotHack,https://www.reddit.com/r/DotHack/comments/qe9a4g/happy_caturday_to_best_cat_mia_from_hack/,2025-11-15T14:12:25Z
10,#Caturday,16,2 perfect loafs. 1 perfect #Caturday. Romeo (orange) and Salem ...,https://www.facebook.com/JacksonGalaxy/posts/2-perfect-loafs-1-perfect-caturday-romeo-orange-and-salem-black-are-serving-up-f/1270684757747485/,2025-11-15T14:12:25Z
10,#Caturday,17,Caturday Cat Cafe — The Neighbor's Cat,https://www.theneighborscat.com/caturday-cat-cafe,2025-11-15T14:12:25Z
10,#Caturday,18,We're all here on #Caturday,https://www.facebook.com/AuthorKarinSlaughter/posts/were-all-here-on-caturday/1325293888951390/,2025-11-15T14:12:25Z
10,#Caturday,19,MAUHAUS Cat Cafe & Lounge » Our Visit to Caturday Cat Cafe,https://mauhauscafe.com/2015/08/our-visit-to-caturday-cat-cafe/,2025-11-15T14:12:25Z
10,#Caturday,20,Happy #Caturday gang! Maybelline is serving looks and lounging ...,https://www.facebook.com/JacksonGalaxy/posts/happy-caturday-gang-maybelline-is-serving-looks-and-lounging-like-a-projust-hang/1230205325128762/,2025-11-15T14:12:25Z
11,Ezra,1,MRI Screening Service by Ezra,https://ezra.com/,2025-11-15T14:12:30Z
11,Ezra,2,The EZRA Digital Coaching Platform | Business Coaching,https://www.helloezra.com/,2025-11-15T14:12:30Z
11,Ezra,3,Ezra 1 NIV - Cyrus Helps the Exiles to Return - In - Bible Gateway,https://www.biblegateway.com/passage/?search=Ezra%201&version=NIV,2025-11-15T14:12:30Z
11,Ezra,4,Ezra - Wikipedia,https://en.wikipedia.org/wiki/Ezra,2025-11-15T14:12:30Z
11,Ezra,5,Ezra Furman,https://www.facebook.com/ezrafurmanmusic/,2025-11-15T14:12:30Z
11,Ezra,6,Ezra Furman,https://ezrafurman.com/?lang=en_GB,2025-11-15T14:12:30Z
11,Ezra,7,Ezra Firestone - Serve The World Unselfishly and Profit ...,https://www.linkedin.com/in/ezrafirestone,2025-11-15T14:12:30Z
11,Ezra,8,Opinion | What Were Democrats Thinking? - The New York Times,https://www.nytimes.com/2025/11/10/opinion/government-shutdown-democrats-republicans.html,2025-11-15T14:12:30Z
11,Ezra,9,Ezra Shaw (@eoshaw) • Instagram photos and videos,https://www.instagram.com/eoshaw/?hl=en,2025-11-15T14:12:30Z
11,Ezra,10,Ezra Klein (@ezraklein) / Posts / X,https://x.com/ezraklein?lang=en,2025-11-15T14:12:30Z
11,Ezra,11,Adam Ezra Group,https://www.adamezra.com/,2025-11-15T14:12:30Z
11,Ezra,12,Ezra Marcus (@ezra_marc) / Posts / X,https://x.com/ezra_marc?lang=en,2025-11-15T14:12:30Z
11,Ezra,13,Burned Out? Start Here. - The Ezra Klein Show - Apple Podcasts,https://podcasts.apple.com/us/podcast/burned-out-start-here/id1548604447?i=1000682997984,2025-11-15T14:12:30Z
11,Ezra,14,Ezra Levin (@ezralevin) / Posts / X,https://x.com/ezralevin?lang=en,2025-11-15T14:12:30Z
11,Ezra,15,Ezra Klein's Conversion to Libertarianism Proceeds Apace | Cato at ...,https://www.cato.org/blog/ezra-kleins-conversion-libertarianism-proceeds-apace,2025-11-15T14:12:30Z
11,Ezra,16,Shit Ezra Says,https://browndroppings.co/,2025-11-15T14:12:30Z
11,Ezra,17,Fundraiser by Treston Blount : Recovery of Ezra astrosfest,https://www.gofundme.com/f/recovery-of-ezra-astrosfest,2025-11-15T14:12:30Z
11,Ezra,18,Ezra Klein on the Abundance Agenda (Ep. 236) | Conversations with ...,https://conversationswithtyler.com/episodes/ezra-klein-3/,2025-11-15T14:12:30Z
11,Ezra,19,Question about Ezra in the Finale : r/StarWarsAhsoka,https://www.reddit.com/r/StarWarsAhsoka/comments/1iftnns/question_about_ezra_in_the_finale/,2025-11-15T14:12:30Z
11,Ezra,20,Caldecott Award Acceptance - The Ezra Jack Keats Foundation,https://www.ejkf.org/caldecott-award-acceptance/,2025-11-15T14:12:30Z
12,GAME ON,1,Game On | Boston's Premier Dining & Entertainment Venue,https://www.gameonboston.com/,2025-11-15T14:12:34Z
12,GAME ON,2,Game On - Fort Worth,https://www.gameonfw.com/,2025-11-15T14:12:34Z
12,GAME ON,3,Game On® | Sunglo Feeds,https://sunglofeeds.com/products/game-on/,2025-11-15T14:12:34Z
12,GAME ON,4,Game On Games - Games and Comics,https://gameongames.com/,2025-11-15T14:12:34Z
12,GAME ON,5,Game On Arizona - Prescott,https://www.gameonarizona.com/,2025-11-15T14:12:34Z
12,GAME ON,6,GameOn Bar+Arcade: Arcade Gaming,http://www.gameonbararcade.com/,2025-11-15T14:12:34Z
12,GAME ON,7,Game On Social Hub,http://gameonsocialhub.com/,2025-11-15T14:12:34Z
12,GAME ON,8,Game On (B&N Exclusive Edition) (Into Darkness Series #3) by ...,https://www.barnesandnoble.com/w/game-on-navessa-allen/1148120629,2025-11-15T14:12:34Z
12,GAME ON,9,GAME ON | Mohegan Sun,https://mohegansun.com/poi/dining/game-on.html,2025-11-15T14:12:34Z
12,GAME ON,10,Game On – Westside Strongside,https://gameonsb.com/,2025-11-15T14:12:34Z
12,GAME ON,11,Amusement and Casino Game Rentals — Game On! - Dallas,https://gameondallas.com/,2025-11-15T14:12:34Z
12,GAME ON,12,Game On Berkeley Berkeley | Hands-On Fun in Berkeley,https://www.gameonberkeley.com/,2025-11-15T14:12:34Z
12,GAME ON,13,Game On Mohegan Sun,https://gameonmohegan.com/,2025-11-15T14:12:34Z
12,GAME ON,14,GAME-ON & OncoArray | EGRP/DCCPS/NCI/NIH,https://epi.grants.cancer.gov/gameon/,2025-11-15T14:12:34Z
12,GAME ON,15,Game On Sports & Performance Center - A State of the Arts Facility,https://www.gameonfitchburg.com/,2025-11-15T14:12:34Z
12,GAME ON,16,Releasing a game on Steam : r/gamedev,https://www.reddit.com/r/gamedev/comments/18c3aof/releasing_a_game_on_steam/,2025-11-15T14:12:34Z
12,GAME ON,17,Game On NW,https://gameonnw.com/,2025-11-15T14:12:34Z
12,GAME ON,18,Game On - Augusta,https://gameoncafe.crystalcommerce.com/,2025-11-15T14:12:34Z
12,GAME ON,19,Game On! Now Open at Minnesota Children's Museum - Minnesota ...,https://mcm.org/game-on-now-open-at-minnesota-childrens-museum/,2025-11-15T14:12:34Z
12,GAME ON,20,Game On 1 - Accessibility Controller,https://www.pretorianuk.com/game-on-1/,2025-11-15T14:12:34Z
13,Harry Skelton,1,Harry Skelton - Wikipedia,https://en.wikipedia.org/wiki/Harry_Skelton,2025-11-15T14:12:39Z
13,Harry Skelton,2,Harry Skelton | Record By Race Type | Racing Post,https://www.racingpost.com/profile/jockey/85218/harry-skelton,2025-11-15T14:12:39Z
13,Harry Skelton,3,Harry Skelton (@hskelton89) • Instagram photos and videos,https://www.instagram.com/hskelton89/?hl=en,2025-11-15T14:12:39Z
13,Harry Skelton,4,Harry Skelton (@harryskelton89) / Posts / X,https://x.com/harryskelton89?lang=en,2025-11-15T14:12:39Z
13,Harry Skelton,5,HARRY SKELTON RACING LIMITED overview - Find and update ...,https://find-and-update.company-information.service.gov.uk/company/09356204,2025-11-15T14:12:39Z
13,Harry Skelton,6,Harry Skelton - Jockey Profile | Sporting Life,https://www.sportinglife.com/racing/profiles/jockey/700,2025-11-15T14:12:39Z
13,Harry Skelton,7,'I've seen both sides of drink': Harry Skelton on family heartbreak ...,https://www.theguardian.com/sport/2025/mar/10/harry-skelton-cheltenham-festival-interview-horse-racing,2025-11-15T14:12:39Z
13,Harry Skelton,8,"A Day with Jockey, Harry Skelton | Schöffel Country",https://www.schoffelcountry.com/blogs/the-ruralist/a-day-with-national-hunt-jockey-harry-skelton,2025-11-15T14:12:39Z
13,Harry Skelton,9,Harry Skelton: my ten horses to follow for this season,https://www.racingtv.com/news/harry-skelton-my-ten-horses-to-follow-for-25-26-season,2025-11-15T14:12:39Z
13,Harry Skelton,10,"Happy Family ❤️ Harry Skelton, Bridget Andrews and son Rory at ...",https://www.facebook.com/greatbritishracing/posts/happy-family-%EF%B8%8F-harry-skelton-bridget-andrews-and-son-rory-at-cheltenham-today/1170835374733081/,2025-11-15T14:12:39Z
13,Harry Skelton,11,Harry Skelton - Senior Creative Colenso BBDO | LinkedIn,https://nz.linkedin.com/in/harryjfskelton,2025-11-15T14:12:39Z
13,Harry Skelton,12,Harry Skelton - Portfolio and Transformation Analyst ...,https://au.linkedin.com/in/harry-skelton,2025-11-15T14:12:39Z
13,Harry Skelton,13,"Harry Skelton | Jockey | Form, Past Results and Winners",https://www.timeform.com/horse-racing/jockey/harry-skelton/form/000000010902,2025-11-15T14:12:39Z
13,Harry Skelton,14,Jockey Harry Skelton | irishracing.com,https://www.irishracing.com/jockey/Harry-Skelton/8909,2025-11-15T14:12:39Z
13,Harry Skelton,15,Ten Things National Hunt Jockey Harry Skelton Has Learned From ...,https://noellefloyd.com/blogs/nf-style/ten-things-national-hunt-jockey-harry-skelton-has-learned-from-his-father-nick-skelton,2025-11-15T14:12:39Z
13,Harry Skelton,16,Obituary information for William Harry Skelton,https://www.tompkinsfuneralhome.ca/obituaries/William-Harry-Skelton?obId=28448540,2025-11-15T14:12:39Z
13,Harry Skelton,17,Harry Skelton: Champion jump jockey on the story behind his title ...,https://www.bbc.com/sport/horse-racing/56852082,2025-11-15T14:12:39Z
13,Harry Skelton,18,HARRY SKELTON: Weekly Debrief – Langer Dan Retirement ...,https://www.starsportsbet.co.uk/harry-skelton-weekly-debrief-langer-dan-retirement/,2025-11-15T14:12:39Z
13,Harry Skelton,19,Paul Nicholls Targets Grand National Glory with Threeunderthrufive ...,https://www.grandnational.fans/news/grand-national-threeunderthrufive/,2025-11-15T14:12:39Z
13,Harry Skelton,20,Harry Skelton is the most over-rated & over promoted jockey riding ...,https://community.betfair.com/horse_racing/go/thread/view/94102/31827977/harry-skelton-is-the-most-over-rated-over-promoted-jockey-riding-today?liveView=0,2025-11-15T14:12:39Z
14,One Horse Town,1,Blackberry Smoke - One Horse Town (Official Acoustic Video ...,https://www.youtube.com/watch?v=T80B7s7ekGo,2025-11-15T14:12:43Z
14,One Horse Town,2,"one-horse town - Wiktionary, the free dictionary",https://en.wiktionary.org/wiki/one-horse_town,2025-11-15T14:12:43Z
14,One Horse Town,3,Blackberry Smoke - One Horse Town (Homecoming: Live in Atlanta ...,https://www.youtube.com/watch?v=Nbz8RCN9axY,2025-11-15T14:12:43Z
14,One Horse Town,4,Simon Berndt (@1horsetown) • Instagram photos and videos,https://www.instagram.com/1horsetown/?hl=en,2025-11-15T14:12:43Z
14,One Horse Town,5,Blackberry Smoke - One Horse Town (Official Audio) - YouTube,https://www.youtube.com/watch?v=xj60qju8OJ8,2025-11-15T14:12:43Z
14,One Horse Town,6,One Horse Town - Wikipedia,https://en.wikipedia.org/wiki/One_Horse_Town,2025-11-15T14:12:43Z
14,One Horse Town,7,BLACKBERRY SMOKE | One Horse Town - In The Backyard ...,https://www.youtube.com/watch?v=BzoVLDdHwW4,2025-11-15T14:12:43Z
14,One Horse Town,8,"Other songs/artists similar to ""King of a one horse town"" by Dan ...",https://www.reddit.com/r/ifyoulikeblank/comments/rnkfjv/other_songsartists_similar_to_king_of_a_one_horse/,2025-11-15T14:12:43Z
14,One Horse Town,9,One Horse Town – Dark Horse Estate Winery,https://store.dhew.ca/collections/one-horse-town,2025-11-15T14:12:43Z
14,One Horse Town,10,One Horse Town Archives - Dark Horse Estate Winery,https://darkhorseestatewinery.com/product-category/one-horse-town/,2025-11-15T14:12:43Z
14,One Horse Town,11,One Horse Town | Race Record & Form | Racing Post,https://www.racingpost.com/profile/horse/6706380/one-horse-town,2025-11-15T14:12:43Z
14,One Horse Town,12,One Horse Town Illustration Studio,https://1horsetown.co.za/,2025-11-15T14:12:43Z
14,One Horse Town,13,Just Another One-Horse Town – Anne Applebaum,https://www.anneapplebaum.com/2003/06/18/just-another-one-horse-town/,2025-11-15T14:12:43Z
14,One Horse Town,14,8 Synonyms & Antonyms for ONE-HORSE TOWN | Thesaurus.com,https://www.thesaurus.com/browse/one-horse-town,2025-11-15T14:12:43Z
14,One Horse Town,15,One Horse Town – by Simon Berndt,https://shop.1horsetown.co.za/,2025-11-15T14:12:43Z
14,One Horse Town,16,One Horse Town - song and lyrics by Blackberry Smoke | Spotify,https://open.spotify.com/track/5Y36csDNfP9gRThyyveiBT,2025-11-15T14:12:43Z
14,One Horse Town,17,One Horse Town Illustration,https://www.facebook.com/onehorsetownillustration/,2025-11-15T14:12:43Z
14,One Horse Town,18,One Horse Town - NYE PARTY at Neon Moon Restaurant ...,https://www.stubwire.com/e/36745/onehorsetownnyeparty/neonmoonrestaurant/,2025-11-15T14:12:43Z
14,One Horse Town,19,One Horse Town,https://www.facebook.com/1horsetownband/,2025-11-15T14:12:43Z
14,One Horse Town,20,Personal Ads from the One Horse in This One-Horse Town | The ...,https://www.newyorker.com/humor/shouts-murmurs/personal-ads-from-the-one-horse-in-this-one-horse-town,2025-11-15T14:12:43Z
15,Kirstie,1,Kirstie Alley - Wikipedia,https://en.wikipedia.org/wiki/Kirstie_Alley,2025-11-15T14:12:47Z
15,Kirstie,2,Kirstie (TV Series 2013–2014) - IMDb,https://www.imdb.com/title/tt2520946/,2025-11-15T14:12:47Z
15,Kirstie,3,Kirstie (TV series) - Wikipedia,https://en.wikipedia.org/wiki/Kirstie_(TV_series),2025-11-15T14:12:47Z
15,Kirstie,4,Kirstie Ennis (@kirstie_ennis) • Instagram photos and videos,https://www.instagram.com/kirstie_ennis/,2025-11-15T14:12:47Z
15,Kirstie,5,Kirstie Alley (@kirstiealley) / Posts / X,https://x.com/kirstiealley,2025-11-15T14:12:47Z
15,Kirstie,6,Kirstie Brittain-McVey (@kirstiebrittain) • Instagram photos and videos,https://www.instagram.com/kirstiebrittain/?hl=en,2025-11-15T14:12:47Z
15,Kirstie,7,Kirstie Kraus,https://www.facebook.com/kirstiekrausmusic/,2025-11-15T14:12:47Z
15,Kirstie,8,Kirstie Allsopp (@KirstieMAllsopp) / Posts / X,https://x.com/KirstieMAllsopp,2025-11-15T14:12:47Z
15,Kirstie,9,Kirstie Ennis,https://www.facebook.com/kirstieennis2/,2025-11-15T14:12:47Z
15,Kirstie,10,"Dr. Kirstie Carmichael, LCSW, DBH | Deep Eddy Psychotherapy ...",https://deepeddypsychotherapy.com/project/kirstie-carmichael-lcsw/,2025-11-15T14:12:47Z
15,Kirstie,11,Remembering the colorful Kirstie Alley - Island Institute,https://www.islandinstitute.org/working-waterfront/remembering-the-colorful-kirstie-alley/,2025-11-15T14:12:47Z
15,Kirstie,12,What was the reaction like when Kirstie Alley joined the cast? : r ...,https://www.reddit.com/r/Cheers/comments/17ymok3/what_was_the_reaction_like_when_kirstie_alley/,2025-11-15T14:12:47Z
15,Kirstie,13,Obituary information for Kirstie Edith Triden,https://www.spitzerfuneralhome.com/obituaries/Kirstie-Edith-Triden?obId=1082249,2025-11-15T14:12:47Z
15,Kirstie,14,"[TOS Movies] SlashFilm: ""Kirstie Alley Acted Unprofessionally On ...",https://www.reddit.com/r/trektalk/comments/1db8sya/tos_movies_slashfilm_kirstie_alley_acted/,2025-11-15T14:12:47Z
15,Kirstie,15,"Kirstie Hettinga, Ph.D. | California Lutheran University",https://www.callutheran.edu/faculty/profile.html?id=khetting,2025-11-15T14:12:47Z
15,Kirstie,16,Kirstie M. Herb-Neff - Investigator | Geisinger,https://www.geisinger.edu/gchs/research/about-gchs-research/find-an-investigator/2024/05/03/15/02/kirstie-m-herb-neff,2025-11-15T14:12:47Z
15,Kirstie,17,"Cummings, Kirstie, Ph.D. | Neurobiology",https://www.uab.edu/medicine/neurobiology/faculty/cummings,2025-11-15T14:12:47Z
15,Kirstie,18,Kirstie Brenson | ArentFox Schiff,https://www.afslaw.com/attorneys/kirstie-brenson,2025-11-15T14:12:47Z
15,Kirstie,19,"Kirstie R Menard, DO | MaineHealth",https://www.mainehealth.org/providers/kirstie-r-menard-do,2025-11-15T14:12:47Z
15,Kirstie,20,Kirstie Taylor: Home,https://www.kirstietaylor.com/,2025-11-15T14:12:47Z
16,Foden,1,Phil Foden - Wikipedia,https://en.wikipedia.org/wiki/Phil_Foden,2025-11-15T14:12:52Z
16,Foden,2,Timothy Foden - Boies Schiller Flexner LLP,https://www.bsfllp.com/people/timothy-foden.html,2025-11-15T14:12:52Z
16,Foden,3,Phil Foden - Manchester City Midfielder - ESPN,https://www.espn.com/soccer/player/_/id/250787/phil-foden,2025-11-15T14:12:52Z
16,Foden,4,Phil Foden (@philfoden) • Instagram photos and videos,https://www.instagram.com/philfoden/?hl=en,2025-11-15T14:12:52Z
16,Foden,5,Is Foden gonna wear 47 as long as he's here? : r/MCFC,https://www.reddit.com/r/MCFC/comments/1f4dtws/is_foden_gonna_wear_47_as_long_as_hes_here/,2025-11-15T14:12:52Z
16,Foden,6,Cambria Foden (@cambriafoden) • Instagram photos and videos,https://www.instagram.com/cambriafoden/?hl=en,2025-11-15T14:12:52Z
16,Foden,7,Phil Foden : r/MCFC,https://www.reddit.com/r/MCFC/comments/1cecz7t/phil_foden/,2025-11-15T14:12:52Z
16,Foden,8,Lee A. Foden - Drummond Woodsum,https://dwmlaw.com/profile/lee-foden/,2025-11-15T14:12:52Z
16,Foden,9,What will it take to drop Foden in your league? : r/DraftEPL,https://www.reddit.com/r/DraftEPL/comments/1gz7tb0/what_will_it_take_to_drop_foden_in_your_league/,2025-11-15T14:12:52Z
16,Foden,10,"Philip Foden - Profile, News & Videos | Manchester City F.C.",https://www.mancity.com/players/phil-foden,2025-11-15T14:12:52Z
16,Foden,11,What has happened to Foden : r/PremierLeague,https://www.reddit.com/r/PremierLeague/comments/1hezkhn/what_has_happened_to_foden/,2025-11-15T14:12:52Z
16,Foden,12,Phil Foden - Player profile 25/26 | Transfermarkt,https://www.transfermarkt.com/phil-foden/profil/spieler/406635,2025-11-15T14:12:52Z
16,Foden,13,Phil Foden v Saka : r/ArsenalFC,https://www.reddit.com/r/ArsenalFC/comments/1aqzy0u/phil_foden_v_saka/,2025-11-15T14:12:52Z
16,Foden,14,Phil Foden (@philfoden) | TikTok,https://www.tiktok.com/@philfoden?lang=en,2025-11-15T14:12:52Z
16,Foden,15,Who's better Bukayo Saka or Phil Foden? I know the obvious ...,https://www.reddit.com/r/PremierLeague/comments/m4g7w9/whos_better_bukayo_saka_or_phil_foden_i_know_the/,2025-11-15T14:12:52Z
16,Foden,16,Lynn Foden | Middlebury Institute of International Studies at Monterey,https://www.middlebury.edu/institute/people/lynn-foden,2025-11-15T14:12:52Z
16,Foden,17,My thoughts on Foden hate and the calls to drop him. : r/MCFC,https://www.reddit.com/r/MCFC/comments/1dsih3b/my_thoughts_on_foden_hate_and_the_calls_to_drop/,2025-11-15T14:12:52Z
16,Foden,18,Harry G. Foden Obituary | Keefe Funeral Homes | 1924 - 2021,https://www.keefefuneralhome.com/memorials/harry-g-foden/4643623/obit.php?&printable=true,2025-11-15T14:12:52Z
16,Foden,19,Phil Foden value? : r/PremierLeague,https://www.reddit.com/r/PremierLeague/comments/15w67fy/phil_foden_value/,2025-11-15T14:12:52Z
16,Foden,20,Man City news: How Phil Foden has to prove himself for England ...,https://www.bbc.com/sport/football/articles/c4gwlw4lgeko,2025-11-15T14:12:52Z
17,Luxembourg,1,Luxembourg - Wikipedia,https://en.wikipedia.org/wiki/Luxembourg,2025-11-15T14:12:56Z
17,Luxembourg,2,Visit Luxembourg: Welcome to Luxembourg,https://www.visitluxembourg.com/,2025-11-15T14:12:56Z
17,Luxembourg,3,Luxembourg Stock Exchange: Your gateway to capital markets,https://www.luxse.com/,2025-11-15T14:12:56Z
17,Luxembourg,4,University of Luxembourg: Home,https://www.uni.lu/en/,2025-11-15T14:12:56Z
17,Luxembourg,5,Luxembourg + Co,https://luxembourgco.com/,2025-11-15T14:12:56Z
17,Luxembourg,6,Luxembourg – EU country profile | European Union,https://european-union.europa.eu/principles-countries-history/eu-countries/luxembourg_en,2025-11-15T14:12:56Z
17,Luxembourg,7,Luxembourg | History - Geography | Britannica,https://www.britannica.com/place/Luxembourg,2025-11-15T14:12:56Z
17,Luxembourg,8,LIS Cross-National Data Center in Luxembourg,https://www.lisdatacenter.org/,2025-11-15T14:12:56Z
17,Luxembourg,9,Luxembourg Airport - lux-Airport,https://www.lux-airport.lu/,2025-11-15T14:12:56Z
17,Luxembourg,10,Luxembourg Income Study (LIS) Database,https://www.lisdatacenter.org/our-data/lis-database/,2025-11-15T14:12:56Z
17,Luxembourg,11,Embassy of Luxembourg in Washington,https://washington.mae.lu/,2025-11-15T14:12:56Z
17,Luxembourg,12,Consulate general of Luxembourg in San Francisco,https://sanfrancisco.mae.lu/,2025-11-15T14:12:56Z
17,Luxembourg,13,Luxembourg | Data,https://data.worldbank.org/country/luxembourg,2025-11-15T14:12:56Z
17,Luxembourg,14,Luxembourg,https://www.ebrd.com/home/who-we-are/our-organisation/shareholders/luxembourg.html,2025-11-15T14:12:56Z
17,Luxembourg,15,Luxembourg,https://www.reddit.com/r/Luxembourg/,2025-11-15T14:12:56Z
17,Luxembourg,16,Luxembourg - Member information - WTO,https://www.wto.org/english/thewto_e/countries_e/luxembourg_e.htm,2025-11-15T14:12:56Z
17,Luxembourg,17,Plan your visit to Luxembourg American Cemetery - American Battle ...,https://www.abmc.gov/plan/plan-your-visit-to-luxembourg-american-cemetery/,2025-11-15T14:12:56Z
17,Luxembourg,18,Luxembourg Guidelines - ECPAT,https://ecpat.org/luxembourg-guidelines/,2025-11-15T14:12:56Z
17,Luxembourg,19,The Luxembourg Government,https://gouvernement.lu/en.html,2025-11-15T14:12:56Z
17,Luxembourg,20,Luxembourg: Financial Sector Assessment Program-Financial ...,https://www.imf.org/en/Publications/CR/Issues/2024/06/07/Luxembourg-Financial-Sector-Assessment-Program-Financial-System-Stability-Assessment-549936,2025-11-15T14:12:56Z
18,Boks,1,What Is BOKS? The Free Fitness Program Getting Kids Active,https://www.adidas.com/us/blog/636076-what-is-boks,2025-11-15T14:13:00Z
18,Boks,2,Active Kids - Free Before & After School Exercise Programs,https://activekids.org/,2025-11-15T14:13:00Z
18,Boks,3,Core Privileged Access Manager (BoKS),https://www.coresecurity.com/products/core-privileged-access-manager-boks,2025-11-15T14:13:00Z
18,Boks,4,BOKS International: Fast | Flexible | Focused,https://boks-international.com/,2025-11-15T14:13:00Z
18,Boks,5,Disappointed in the size of the Boks. Not much larger than the ...,https://www.reddit.com/r/cardsagainsthumanity/comments/10b3xqo/disappointed_in_the_size_of_the_boks_not_much/,2025-11-15T14:13:00Z
18,Boks,6,‎e-Boks.dk App - App Store,https://apps.apple.com/us/app/e-boks-dk/id482926022,2025-11-15T14:13:00Z
18,Boks,7,Boks latches : r/cardsagainsthumanity,https://www.reddit.com/r/cardsagainsthumanity/comments/109j0mt/boks_latches/,2025-11-15T14:13:00Z
18,Boks,8,"boks - Wiktionary, the free dictionary",https://en.wiktionary.org/wiki/boks,2025-11-15T14:13:00Z
18,Boks,9,Casper Boks - NTNU,https://www.ntnu.edu/employees/casper.boks,2025-11-15T14:13:00Z
18,Boks,10,High-quality SKOTTI Boks 1l storage container,https://skotti-grill.eu/products/skotti-boks-1-liter,2025-11-15T14:13:00Z
18,Boks,11,Ed Boks,https://www.facebook.com/ed.boks/,2025-11-15T14:13:00Z
18,Boks,12,"Secure, AI-Powered Content Management, Workflow & Collaboration",https://www.box.com/home,2025-11-15T14:13:00Z
18,Boks,13,e-Boks.dk - Apps on Google Play,https://play.google.com/store/apps/details?id=com.eboks.activities&hl=en_US,2025-11-15T14:13:00Z
18,Boks,14,Boks Office (@boks_office) • Instagram photos and videos,https://www.instagram.com/boks_office/?hl=en,2025-11-15T14:13:00Z
18,Boks,15,"Last Boks Mid Size Truck Bed, Cargo Box Organizer ... - Amazon.com",https://www.amazon.com/LASTBOKS-Organizer-Tailgate-Accessories-Protects/dp/B07W4X3FVQ,2025-11-15T14:13:00Z
18,Boks,16,Marco Boks - Research at UMC Utrecht,https://research.umcutrecht.nl/researchers/boks/,2025-11-15T14:13:00Z
18,Boks,17,Core Privileged Access Manager (BoKS) - Linux and UNIX,https://www.fortra.com/products/privileged-access-management,2025-11-15T14:13:00Z
18,Boks,18,Kelly C. Boks — Lowe Law Firm - Michigan Law Firm,https://lowelaw.net/kelly-boks,2025-11-15T14:13:00Z
18,Boks,19,"The New Reebok, Product Review: Should You Rock the Boks ...",https://pfitblog.com/2012/11/01/the-new-reebok-product-review-should-you-rock-the-boks/,2025-11-15T14:13:00Z
18,Boks,20,Boks Office | Podcast on Spotify,https://open.spotify.com/show/2yiK7lijWB6UarnCCfU5k7,2025-11-15T14:13:00Z
19,Cheltenham,1,Cheltenham - Wikipedia,https://en.wikipedia.org/wiki/Cheltenham,2025-11-15T14:13:05Z
19,Cheltenham,2,"Cheltenham Township, Pennsylvania - Official Website",https://www.cheltenhamtownship.org/,2025-11-15T14:13:05Z
19,Cheltenham,3,Cheltenham School District: Home,https://www.cheltenham.org/,2025-11-15T14:13:05Z
19,Cheltenham,4,Cheltenham Racecourse | The Jockey Club,https://www.thejockeyclub.co.uk/cheltenham/,2025-11-15T14:13:05Z
19,Cheltenham,5,Cheltenham - St. Louis,https://www.stlouis-mo.gov/live-work/community/neighborhoods/cheltenham/index.cfm,2025-11-15T14:13:05Z
19,Cheltenham,6,Cheltenham Center for the Arts | Where Creativity is a Community ...,https://www.cheltenhamarts.org/,2025-11-15T14:13:05Z
19,Cheltenham,7,Visit Cheltenham | Official Tourist Board,https://www.visitcheltenham.com/,2025-11-15T14:13:05Z
19,Cheltenham,8,Cheltenham WMA,https://dnr.maryland.gov/wildlife/pages/publiclands/southern/cheltenham.aspx,2025-11-15T14:13:05Z
19,Cheltenham,9,Main Homepage - Cheltenham,https://www.cheltenham.gov.uk/,2025-11-15T14:13:05Z
19,Cheltenham,10,"Cheltenham, Maryland | Federal Law Enforcement Training Centers",https://www.fletc.gov/cheltenham-maryland,2025-11-15T14:13:05Z
19,Cheltenham,11,Cheltenham Town FC,https://www.ctfc.com/,2025-11-15T14:13:05Z
19,Cheltenham,12,Cheltenham Youth Detention Center,https://djs.maryland.gov/pages/facilities/cheltenham-youth-detention-center.aspx,2025-11-15T14:13:05Z
19,Cheltenham,13,Course Selection - Cheltenham High School,https://chs.cheltenham.org/counseling/chs-counseling/course-selection,2025-11-15T14:13:05Z
19,Cheltenham,14,Cheltenham Fire Company,https://www.cheltenhamfirecompany.org/,2025-11-15T14:13:05Z
19,Cheltenham,15,"Township of Cheltenham, PA Table of Contents",https://ecode360.com/CH1316,2025-11-15T14:13:05Z
19,Cheltenham,16,Cheltenham Park - Park and Recreation - Prince Georges County MD,https://www.pgparks.com/parks_trails/cheltenham-park,2025-11-15T14:13:05Z
19,Cheltenham,17,Cheltenham Township Library System – Building Community ...,https://cheltenhamlibraries.org/,2025-11-15T14:13:05Z
19,Cheltenham,18,Wyncote – Cheltenham Location | Chick-fil-A,https://www.chick-fil-a.com/locations/pa/cheltenham,2025-11-15T14:13:05Z
19,Cheltenham,19,Veterans Cemetery Cheltenham removing memorial benches,https://www.facebook.com/groups/1580628378848993/posts/4092328951012244/,2025-11-15T14:13:05Z
19,Cheltenham,20,Hotels Cheltenham - DoubleTree by Hilton Cheltenham-Cotswolds,https://www.hilton.com/en/hotels/glochdi-doubletree-cheltenham-cotswolds/,2025-11-15T14:13:05Z
20,Precious Man,1,"What a sweet and precious man. I marveled at his talent, and his ...",https://www.facebook.com/OfficialMitziGaynor/posts/what-a-sweet-and-precious-man-i-marveled-at-his-talent-and-his-thoughtfulnesstha/839090390922172/,2025-11-15T14:13:09Z
20,Precious Man,2,Precious Man | Race Record & Form | Racing Post,https://www.racingpost.com/profile/horse/7276559/precious-man,2025-11-15T14:13:09Z
20,Precious Man,3,A man's most precious jewel is the woman who walks by his side.,https://www.facebook.com/WeLoveRecipesFromHeaven/posts/a-mans-most-preciousjewel-is-the-womanwho-walks-by-his-side/3076627679136360/,2025-11-15T14:13:09Z
20,Precious Man,4,"What a sweet and precious man. I marveled at his talent, and his ...",https://www.instagram.com/p/CviCix1RGFK/?hl=en,2025-11-15T14:13:09Z
20,Precious Man,5,"Interestingly, myself and this precious man did not reach the same ...",https://x.com/sekoutoure/status/1750948226390245507,2025-11-15T14:13:09Z
20,Precious Man,6,"Man ""Precious Cargo"" was just...a different KIND of terrible wasn't it ...",https://www.reddit.com/r/startrek/comments/1jhm16i/man_precious_cargo_was_justa_different_kind_of/,2025-11-15T14:13:09Z
20,Precious Man,7,"99 Love.. For my precious man ❤️ ideas | love quotes, me quotes ...",https://www.pinterest.com/uncgirl66/love-for-my-precious-man/,2025-11-15T14:13:09Z
20,Precious Man,8,Men's short socks | Elegant and precious socks | Gallo 1927,https://www.gallo1927.com/eu_en/man/socks/short.html,2025-11-15T14:13:09Z
20,Precious Man,9,Amazon.com: Sperm Counts: Overcome by Man's Most Precious Fluid,https://www.amazon.com/Sperm-Counts-Overcome-Precious-Fluid/dp/0814757189,2025-11-15T14:13:09Z
20,Precious Man,10,Daniel Was A Precious Man Before God | NeverThirsty,https://www.neverthirsty.org/bible-studies/book-of-daniel/daniel-was-a-precious-man-before-god/,2025-11-15T14:13:09Z
20,Precious Man,11,The Precious Present,https://howwelead.org/2018/06/13/the-precious-present/,2025-11-15T14:13:09Z
20,Precious Man,12,"My Precious Son: I Miss Your Littleness, But I'm in Awe of the Man ...",https://raisingteenstoday.com/my-precious-son-i-miss-your-littleness-but-im-in-awe-of-the-man-youre-becoming/,2025-11-15T14:13:09Z
20,Precious Man,13,IS THIS TRUE? Man is the Centerpiece of God's Creation – His ...,https://hispreciousgift.com/wordpress/is-this-true-man-is-the-centerpiece-of-gods-creation/,2025-11-15T14:13:09Z
20,Precious Man,14,Planet Precious | Dog Man Wiki | Fandom,https://dog-man.fandom.com/wiki/Planet_Precious,2025-11-15T14:13:09Z
20,Precious Man,15,MORE PRECIOUS THAN RUBIES – The Christian Man,https://thechristianman.blog/2018/05/14/more-precious-than-rubies/,2025-11-15T14:13:09Z
20,Precious Man,16,King's Precious Oud-Amouage Interlude Man Dupe Perfume-DUA ...,https://theduabrand.com/products/kings-precious-oud,2025-11-15T14:13:09Z
20,Precious Man,17,I Married a Man I Met on the Internet; We Moved to the US ...,https://www.businessinsider.com/couple-met-online-married-one-week-later-2025-9,2025-11-15T14:13:09Z
20,Precious Man,18,Men's Precious Metal Wedding Bands – Dempsey & Baxter,https://dempseyandbaxter.com/collections/mens-precious-metal-wedding-bands,2025-11-15T14:13:09Z
20,Precious Man,19,The Man Who Wasted Precious Oil! Don't Waste Oil | Bateman ...,https://collections.vam.ac.uk/item/O606019/the-man-who-wasted-precious-poster-bateman-henry-mayo/,2025-11-15T14:13:09Z
20,Precious Man,20,The Precious Possession of Diligence - Proverbs 12:27,https://www.calvarychapeljonesboro.org/proverb-a-day/the-precious-possession-of-diligence-proverbs-1227,2025-11-15T14:13:09Z
21,Bubba,1,"BUBBA | Fishing Gear, Knives, and Tools",https://www.bubba.com/,2025-11-15T14:13:13Z
21,Bubba,2,Bubba - Southern Comforts Restaurant,https://www.bubbadsm.com/,2025-11-15T14:13:13Z
21,Bubba,3,Bubba's 33: Home,https://www.bubbas33.com/,2025-11-15T14:13:13Z
21,Bubba,4,Bubba Wallace (@bubbawallace) • Instagram photos and videos,https://www.instagram.com/bubbawallace/?hl=en,2025-11-15T14:13:13Z
21,Bubba,5,Bubba - Wikipedia,https://en.wikipedia.org/wiki/Bubba,2025-11-15T14:13:13Z
21,Bubba,6,Bubba Gump Shrimp Co. | Seafood Restaurant,https://www.bubbagump.com/,2025-11-15T14:13:13Z
21,Bubba,7,bubba watson (@bubbawatson) / Posts / X,https://x.com/bubbawatson?lang=en,2025-11-15T14:13:13Z
21,Bubba,8,Bubba Sparxxx Music,https://www.facebook.com/TheRealBubbaK/,2025-11-15T14:13:13Z
21,Bubba,9,BUBBA - Album by KAYTRANADA | Spotify,https://open.spotify.com/album/5FQ4sOGqRWUA5wO20AwPcO,2025-11-15T14:13:13Z
21,Bubba,10,Bubba's – Restaurant & Bar – Traverse City Restaurant,https://www.tcbubbas.com/,2025-11-15T14:13:13Z
21,Bubba,11,"Home • Bubba's ""Cooks Country"" • Dallas, TX",https://bubbascookscountry.com/,2025-11-15T14:13:13Z
21,Bubba,12,"Bubba's Frozen Custard - Burger Joint in Pewaukee, WI",https://www.bubbasfrozencustard.com/,2025-11-15T14:13:13Z
21,Bubba,13,"Bubba Brand: Your Favorite Water Bottles, Jugs, & Tumblers",https://www.bubbabrands.com/,2025-11-15T14:13:13Z
21,Bubba,14,Mama.Papa.Bubba.: Home,https://mamapapabubba.com/,2025-11-15T14:13:13Z
21,Bubba,15,Angus Beef BUBBA burger | The Classic 100 ... - BUBBA Burger,https://bubbafoods.com/products/angus-beef/,2025-11-15T14:13:13Z
21,Bubba,16,A deep dive into Bubba Wallace's progression on road courses : r ...,https://www.reddit.com/r/NASCAR/comments/1j17c49/a_deep_dive_into_bubba_wallaces_progression_on/,2025-11-15T14:13:13Z
21,Bubba,17,"Obituary information for Brandon ""Bubba"" Brewster",https://www.williams-kampp.com/obituaries/Brandon-Bubba-Brewster?obId=43941330,2025-11-15T14:13:13Z
21,Bubba,18,Golden Isles Favorite Bubba Garcia's arrives in Savannah - Eat It ...,https://eatitandlikeit.com/golden-isles-favorite-bubba-garcias-arrives-in-savannah/,2025-11-15T14:13:13Z
21,Bubba,19,"James Purnell ""Bubba"" Brinkley, Sr. Obituary October 20, 2025 ...",https://www.sumnerfuneral.com/obituaries/james-brinkley-sr,2025-11-15T14:13:13Z
21,Bubba,20,"Lauren “Bubba” McDonald, Jr.",https://psc.ga.gov/about-the-psc/commissioners/lauren-mcdonald/,2025-11-15T14:13:13Z
22,Trigger,1,Watch Trigger | Netflix Official Site,https://www.netflix.com/title/81696655,2025-11-15T14:13:18Z
22,Trigger,2,Trigger XR - The World's Most Experienced XR Developer and Agency,https://www.triggerxr.com/,2025-11-15T14:13:18Z
22,Trigger,3,TRIGGER Definition & Meaning - Merriam-Webster,https://www.merriam-webster.com/dictionary/trigger,2025-11-15T14:13:18Z
22,Trigger,4,Trigger.dev | Build and deploy fully-managed AI agents and workflows.,https://trigger.dev/,2025-11-15T14:13:18Z
22,Trigger,5,13 States Have Abortion Trigger Bans—Here's What Happens When ...,https://www.guttmacher.org/article/2022/06/13-states-have-abortion-trigger-bans-heres-what-happens-when-roe-overturned,2025-11-15T14:13:18Z
22,Trigger,6,Studio Trigger - Wikipedia,https://en.wikipedia.org/wiki/Studio_Trigger,2025-11-15T14:13:18Z
22,Trigger,7,Trigger Chicago,https://www.triggerchicago.com/,2025-11-15T14:13:18Z
22,Trigger,8,.trigger() | jQuery API Documentation,https://api.jquery.com/trigger/,2025-11-15T14:13:18Z
22,Trigger,9,Set up your Zap trigger – Zapier,https://help.zapier.com/hc/en-us/articles/8496288188429-Set-up-your-Zap-trigger,2025-11-15T14:13:18Z
22,Trigger,10,Trigger: The Life of Willie Nelson's Guitar – Texas Monthly,https://www.texasmonthly.com/arts-entertainment/trigger/,2025-11-15T14:13:18Z
22,Trigger,11,Solved: HubSpot Community - Re: Trigger Workflows on association ...,https://community.hubspot.com/t5/128172-RevOps-Discussions/Trigger-Workflows-on-association-changes/m-p/696796,2025-11-15T14:13:18Z
22,Trigger,12,Avalanche.org » Trigger,https://avalanche.org/avalanche-encyclopedia/avalanche/trigger/,2025-11-15T14:13:18Z
22,Trigger,13,Why did Chrono Trigger didn't get an anime? : r/chronotrigger,https://www.reddit.com/r/chronotrigger/comments/1i7rccr/why_did_chrono_trigger_didnt_get_an_anime/,2025-11-15T14:13:18Z
22,Trigger,14,Using text as a trigger | Articulate - Community,https://community.articulate.com/discussions/discuss/using-text-as-a-trigger/925649,2025-11-15T14:13:18Z
22,Trigger,15,Noob question about double trigger : r/armoredcore,https://www.reddit.com/r/armoredcore/comments/1jjonqj/noob_question_about_double_trigger/,2025-11-15T14:13:18Z
22,Trigger,16,No Trigger,https://www.facebook.com/notrigger/,2025-11-15T14:13:18Z
22,Trigger,17,SB 174 Abortion Prohibition Amendments,https://le.utah.gov/~2020/bills/static/sb0174.html,2025-11-15T14:13:18Z
22,Trigger,18,Can't change trigger order | Articulate - Community,https://community.articulate.com/discussions/discuss/cant-change-trigger-order/665763,2025-11-15T14:13:18Z
22,Trigger,19,Trigger database - Anticipation Hub,https://www.anticipation-hub.org/experience/triggers/trigger-database/trigger-list,2025-11-15T14:13:18Z
22,Trigger,20,Timeless: The History of Chrono Trigger | Insert Cartridge,https://medium.com/insert-cartridge/timeless-the-history-of-chrono-trigger-375ce25b481e,2025-11-15T14:13:18Z
23,England,1,England - Wikipedia,https://en.wikipedia.org/wiki/England,2025-11-15T14:13:22Z
23,England,2,Arts Council England,https://www.artscouncil.org.uk/,2025-11-15T14:13:22Z
23,England,3,England Football | Home,https://www.englandfootball.com/,2025-11-15T14:13:22Z
23,England,4,"England | History, Map, Flag, Population, Cities, & Facts | Britannica",https://www.britannica.com/place/England,2025-11-15T14:13:22Z
23,England,5,England Rugby,https://www.englandrugby.com/,2025-11-15T14:13:22Z
23,England,6,"Search the List – Find listed buildings, monuments, battlefields and ...",https://historicengland.org.uk/listing/the-list/,2025-11-15T14:13:22Z
23,England,7,England and Wales Cricket Board (ECB) - The Official Website of the ...,https://www.ecb.co.uk/,2025-11-15T14:13:22Z
23,England,8,Natural England - GOV.UK,https://www.gov.uk/government/organisations/natural-england,2025-11-15T14:13:22Z
23,England,9,Bank of England: Home,https://www.bankofengland.co.uk/,2025-11-15T14:13:22Z
23,England,10,"The website for the English Football Association, Emirates FA Cup ...",https://www.thefa.com/,2025-11-15T14:13:22Z
23,England,11,C.R. England Trucking,https://www.crengland.com/,2025-11-15T14:13:22Z
23,England,12,England Furniture,https://www.englandfurniture.com/,2025-11-15T14:13:22Z
23,England,13,England - YouTube,https://www.youtube.com/@england,2025-11-15T14:13:22Z
23,England,14,The Church of England: Home,https://www.churchofengland.org/,2025-11-15T14:13:22Z
23,England,15,England Short Break & Trip Itineraries Ideas from VisitEngland,https://www.visitengland.com/,2025-11-15T14:13:22Z
23,England,16,New England Aquarium in Boston - Protecting Animals & the Ocean,https://www.neaq.org/,2025-11-15T14:13:22Z
23,England,17,TASIS - The American International School in England - IB School,https://www.tasisengland.org/,2025-11-15T14:13:22Z
23,England,18,Sport England: Home | Uniting | The | Movement,https://www.sportengland.org/,2025-11-15T14:13:22Z
23,England,19,Genomics England: Homepage,https://www.genomicsengland.co.uk/,2025-11-15T14:13:22Z
23,England,20,"England Scores, Stats and Highlights - ESPN",https://www.espn.com/soccer/team/_/id/448/england,2025-11-15T14:13:22Z
24,U-turn,1,U-Turn Audio,https://uturnaudio.com/,2025-11-15T14:13:27Z
24,U-turn,2,U Turn (1997) - IMDb,https://www.imdb.com/title/tt0120399/,2025-11-15T14:13:27Z
24,U-turn,3,U Turn (1997 film) - Wikipedia,https://en.wikipedia.org/wiki/U_Turn_(1997_film),2025-11-15T14:13:27Z
24,U-turn,4,757. Are U.S. banking institutions authorized to process “U-turn ...,https://ofac.treasury.gov/faqs/757,2025-11-15T14:13:27Z
24,U-turn,5,U Turn (2018 film) - Wikipedia,https://en.wikipedia.org/wiki/U_Turn_(2018_film),2025-11-15T14:13:27Z
24,U-turn,6,U-TuRN: Translational Research Network: Front Page,https://www.uturn.iastate.edu/,2025-11-15T14:13:27Z
24,U-turn,7,Medium U-Turn Tent Stove,https://seekoutside.com/medium-u-turn-ultralight-tent-stove-stovepipe/,2025-11-15T14:13:27Z
24,U-turn,8,U-TURN Definition & Meaning - Merriam-Webster,https://www.merriam-webster.com/dictionary/U-turn,2025-11-15T14:13:27Z
24,U-turn,9,Restricted Crossing U-Turn (RCUT) - Intersection | Virginia ...,https://vdot.virginia.gov/about/our-system/highways/innovative-intersections/restricted-crossing-u-turn/,2025-11-15T14:13:27Z
24,U-turn,10,U-turn Homeless Ministries,https://homeless.org.za/,2025-11-15T14:13:27Z
24,U-turn,11,U-Turn Permitted – The North Lawndale Employment Network,https://nlen.org/programs/u-turn-permitted/,2025-11-15T14:13:27Z
24,U-turn,12,U-turn,https://www.lexaloffle.com/bbs/?pid=39885,2025-11-15T14:13:27Z
24,U-turn,13,"U-Turn: Restoring America to the Strength of its Roots: Barton, David ...",https://www.amazon.com/U-Turn-Restoring-America-Strength-Roots/dp/1629980242,2025-11-15T14:13:27Z
24,U-turn,14,U-Turn AUDIO : r/turntables,https://www.reddit.com/r/turntables/comments/148akqm/uturn_audio/,2025-11-15T14:13:27Z
24,U-turn,15,RCUT and MUT Intersections | Ohio Department of Transportation,https://www.transportation.ohio.gov/about-us/basics/rcut,2025-11-15T14:13:27Z
24,U-turn,16,"U Turn (1997), AKA The Worst Thing Oliver Stone's Ever Done : r ...",https://www.reddit.com/r/movies/comments/1jlt9tx/u_turn_1997_aka_the_worst_thing_oliver_stones/,2025-11-15T14:13:27Z
24,U-turn,17,Synthesis of the Median U-Turn Intersection Treatment - FHWA-HRT ...,https://www.fhwa.dot.gov/publications/research/safety/07033/,2025-11-15T14:13:27Z
24,U-turn,18,Reduced Conflict U-Turn | KYTC SAFERoads Solutions,https://transportation.ky.gov/saferoadsolutions/Pages/RCUT.aspx,2025-11-15T14:13:27Z
24,U-turn,19,"Title 29-A, §2072: U-turns",https://www.mainelegislature.org/legis/statutes/29-a/title29-Asec2072.html,2025-11-15T14:13:27Z
24,U-turn,20,U-Turns – The Hope for Democratic Resilience,https://v-dem.net/media/publications/PB__42.pdf,2025-11-15T14:13:27Z
25,Bungle,1,Mr. Bungle,https://www.mrbungle.com/,2025-11-15T14:13:31Z
25,Bungle,2,Let's Talk: Mr. Bungle - California : r/LetsTalkMusic,https://www.reddit.com/r/LetsTalkMusic/comments/1tn0e0/lets_talk_mr_bungle_california/,2025-11-15T14:13:31Z
25,Bungle,3,BUNGLE Definition & Meaning - Merriam-Webster,https://www.merriam-webster.com/dictionary/bungle,2025-11-15T14:13:31Z
25,Bungle,4,Thoughts on Mr Bungle's Disco Volante? : r/Jazz,https://www.reddit.com/r/Jazz/comments/1dnb9g2/thoughts_on_mr_bungles_disco_volante/,2025-11-15T14:13:31Z
25,Bungle,5,Bungle - Wikipedia,https://en.wikipedia.org/wiki/Bungle,2025-11-15T14:13:31Z
25,Bungle,6,"[IIL] Albums like California by Mr Bungle, Apostrophe' by Frank ...",https://www.reddit.com/r/ifyoulikeblank/comments/10kep1p/iil_albums_like_california_by_mr_bungle/,2025-11-15T14:13:31Z
25,Bungle,7,bungle (@bbbbungle) / Posts / X,https://x.com/bbbbungle?lang=en,2025-11-15T14:13:31Z
25,Bungle,8,Mr. Bungle,https://www.facebook.com/ou818/,2025-11-15T14:13:31Z
25,Bungle,9,Mr Bungle - Mr Bungle — Trevor Dunn,https://www.trevordunn.net/mr-bungle-mr-bungle,2025-11-15T14:13:31Z
25,Bungle,10,Mr. Bungle | Spotify,https://open.spotify.com/artist/2zq0uqN9Wq12tqrQQt1ozw,2025-11-15T14:13:31Z
25,Bungle,11,Behold: The Wonder of the Humble Bungle - Racket,https://racketmn.com/behold-the-wonder-of-the-humble-bungle-wrecktangle-pizza,2025-11-15T14:13:31Z
25,Bungle,12,Campaign Softlock - Bungle Keycard #1 - Two Point Museum,https://community.twopointcounty.com/two-point-studios/two-point-museum/forums/13-general-/threads/4153-campaign-softlock-bungle-keycard-1,2025-11-15T14:13:31Z
25,Bungle,13,Mr. Bungle (@mrbungleofficial) • Instagram photos and videos,https://www.instagram.com/mrbungleofficial/?hl=en,2025-11-15T14:13:31Z
25,Bungle,14,Mr. Bungle: The Night They Came Home,https://mrbungle.bandcamp.com/album/the-night-they-came-home,2025-11-15T14:13:31Z
25,Bungle,15,No visitors arriving at Bungle wasteland? :: Two Point Museum ...,https://steamcommunity.com/app/2185060/discussions/0/552359350148016395/,2025-11-15T14:13:31Z
25,Bungle,16,Bungle Bungle Flights | Bungle Bungle Tours from Kununurra - Aviair,https://www.aviair.com.au/scenic-air-tours/bungle-bungle-flights/,2025-11-15T14:13:31Z
25,Bungle,17,"Bungle Bungle: Visit, Stay & Tours | Australia's North West",https://www.australiasnorthwest.com/explore/kimberley/bungle-bungle/,2025-11-15T14:13:31Z
25,Bungle,18,The Mike Patton Corner: Mr. Bungle's California | by Harrison Mains ...,https://hpmains.medium.com/the-mike-patton-corner-mr-bungles-california-baa36ab7350b,2025-11-15T14:13:31Z
25,Bungle,19,Mr. Bungle: CDs & Vinyl - Amazon.com,https://www.amazon.com/Mr-Bungle/dp/B000002LPW,2025-11-15T14:13:31Z
25,Bungle,20,10 Incredible Facts About the Bungle Bungles | Lindblad Expeditions,https://www.expeditions.com/expedition-stories/stories/facts-about-australias-bungle-bungles,2025-11-15T14:13:31Z
1,#EubankBenn2,1,We have a fight #EubankBenn2,https://www.facebook.com/boxingnewsonline/posts/we-have-a-fight-eubankbenn2/1372273664260785/,2025-11-16T03:16:30Z
1,#EubankBenn2,2,8 DAYS. #EubankBenn2,https://www.instagram.com/p/DQw75vmjIiq/,2025-11-16T03:16:30Z
1,#EubankBenn2,3,50 Cent watching Chris Eubank Jr. tonight. #EubankBenn2,https://x.com/AndreasHale/status/1989828869558530398,2025-11-16T03:16:30Z
1,#EubankBenn2,4,Tomorrow We Make History… Again #EubankBenn2,https://www.instagram.com/p/DRDP8XqDtMK/,2025-11-16T03:16:30Z
1,#EubankBenn2,5,"Man, ain't nothing like a fight in the UK. #EubankBenn2",https://x.com/AndreasHale/status/1989812979144298946,2025-11-16T03:16:30Z
1,#EubankBenn2,6,Any pubs showing #EubankBenn2 this Saturday? : r/Dublin,https://www.reddit.com/r/Dublin/comments/1ouex17/any_pubs_showing_eubankbenn2_this_saturday/,2025-11-16T03:16:30Z
1,#EubankBenn2,7,Ring walk with a full length is truly legendary work!! #EubankBenn2,https://x.com/johntalsr/status/1989815068893352201,2025-11-16T03:16:30Z
1,#EubankBenn2,8,#EubankBenn2 results: Adam Azim def. Kurt Scoby via 12th-round ...,https://twitter.com/MMAFighting/status/1989791049355559008,2025-11-16T03:16:30Z
1,#EubankBenn2,9,#EubankBenn2 @ChrisEubankJr,https://x.com/nickblackwell02/status/1989725536281661816,2025-11-16T03:16:30Z
1,#EubankBenn2,10,#EubankBenn2 results: Richard Riakporhe def. Tommy Welch via ...,https://twitter.com/MMAFighting/status/1989771343840063841,2025-11-16T03:16:30Z
1,#EubankBenn2,11,It's the week of #EubankBenn2. I'll be commentating with the team ...,https://x.com/RawlingJohn/status/1987495407908204845,2025-11-16T03:16:30Z
1,#EubankBenn2,12,Chris Eubank Sr on the MAN and FATHER that he is | #EubankBenn2,https://www.youtube.com/shorts/XD3g6qlWdeQ,2025-11-16T03:16:30Z
1,#EubankBenn2,13,Eubank doesn't look the same right now… #EubankBenn2,https://x.com/nicoaliwalsh/status/1989821572757213588,2025-11-16T03:16:30Z
1,#EubankBenn2,14,#boxing #liveevents #eubankbenn2 | Daniel J.,https://www.linkedin.com/posts/daniel-j-7870631ab_boxing-liveevents-eubankbenn2-activity-7392132503941160960-TzNF,2025-11-16T03:16:30Z
1,#EubankBenn2,15,I asked who will win #EubankBenn2. 75% go for Eubank. Follow the ...,https://x.com/RawlingJohn/status/1987891044231381446,2025-11-16T03:16:30Z
1,#EubankBenn2,16,#eubankbenn2 | TikTok,https://www.tiktok.com/tag/eubankbenn2,2025-11-16T03:16:30Z
1,#EubankBenn2,17,#EubankBenn2 ring walks approximately 4:30 pm ET/1:30 pm PT,https://x.com/MikeCoppinger/status/1989731644690108864,2025-11-16T03:16:30Z
1,#EubankBenn2,18,Conor tattoos look incredibly nice! 🖋️ 🎟️ Buy #EubankBenn2 ...,https://x.com/DAZNBoxing/status/1983252077842248036,2025-11-16T03:16:30Z
1,#EubankBenn2,19,Boxraw - Boxraw added a new photo.,https://m.facebook.com/boxraw/photos/d41d8cd9/831612589504957/,2025-11-16T03:16:30Z
2,#UFC322,1,VeChain UFC 322: Della Maddalena vs Makhachev | UFC,https://www.ufc.com/event/ufc-322,2025-11-16T03:16:35Z
2,#UFC322,2,UFC 322 - Wikipedia,https://en.wikipedia.org/wiki/UFC_322,2025-11-16T03:16:35Z
2,#UFC322,3,UFC 322: Della Maddalena vs. Makhachev Live Fight Coverage ...,https://www.espn.com/mma/fightcenter/_/id/600055729/league/ufc,2025-11-16T03:16:35Z
2,#UFC322,4,#UFC322,https://www.facebook.com/bulletvalentina/posts/ufc322-/1376201377203927/,2025-11-16T03:16:35Z
2,#UFC322,5,UFC 322: Della Maddalena vs. Makhachev | MMA Event | Tapology,https://www.tapology.com/fightcenter/events/132653-ufc-322,2025-11-16T03:16:35Z
2,#UFC322,6,Training camp #UFC322,https://www.facebook.com/bulletvalentina/posts/training-camp-ufc322-/1367485044742227/,2025-11-16T03:16:35Z
2,#UFC322,7,I can already hear the sound #ufc322 #nyc #ny #robocop,https://x.com/gregory_mma/status/1989389579091333339,2025-11-16T03:16:35Z
2,#UFC322,8,Valentina - #UFC322 #NewYork | Facebook,https://www.facebook.com/bulletvalentina/photos/ufc322-newyork-/1378655523625179/,2025-11-16T03:16:35Z
2,#UFC322,9,Day 3 in NYC! #ufc322 #nyc #Robocop #newyork,https://x.com/gregory_mma/status/1989051120434704579,2025-11-16T03:16:35Z
2,#UFC322,10,"UFC 322 Tickets Nov 15, 2025 New York, NY | Ticketmaster",https://www.ticketmaster.com/ufc-322-new-york-new-york-11-15-2025/event/3B00631D915A0CB0,2025-11-16T03:16:35Z
2,#UFC322,11,Bo Nickal will fight Rodolfo Vieira at #UFC322 at MSG on November ...,https://www.reddit.com/r/MMA/comments/1n7wsf9/bo_nickal_will_fight_rodolfo_vieira_at_ufc322_at/,2025-11-16T03:16:35Z
2,#UFC322,12,UFC UFC 322 Merchandise | www.ufcstore.com,https://www.ufcstore.com/en/ufc-322/c-7874595142+z-7286-1600383897,2025-11-16T03:16:35Z
2,#UFC322,13,"Serhiy Sidey is out of #UFC322, multiple sources say. Malcolm ...",https://www.reddit.com/r/MMA/comments/1o5ya6g/serhiy_sidey_is_out_of_ufc322_multiple_sources/,2025-11-16T03:16:35Z
2,#UFC322,14,UFC 322: Della Maddalena vs. Makhachev Live Fight Coverage ...,https://www.espn.com.au/mma/fightcenter/_/id/600055729/league/ufc,2025-11-16T03:16:35Z
2,#UFC322,15,UFC 322: Della Maddalena vs Makhachev Live Stream on Kayo PPV,https://mainevent.kayosports.com.au/ufc/ufc-322,2025-11-16T03:16:35Z
2,#UFC322,16,UFC 322 | Combat Sports | Madison Square Garden,https://www.msg.com/events-tickets/ultimate-fighting-championship-ufc-madison-square-garden-november-2025/3B00631D915A0CB0,2025-11-16T03:16:35Z
2,#UFC322,17,UFC 322 live updates: Jack Della Maddalena vs. Islam Makhachev ...,https://sports.yahoo.com/mma/breaking-news/live/ufc-322-live-updates-jack-della-maddalena-vs-islam-makhachev-results-round-by-round-analysis-and-highlights-070023350.html,2025-11-16T03:16:35Z
2,#UFC322,18,UFC 322 - Della Maddalena vs. Makhachev,https://www.sherdog.com/events/UFC-322-Della-Maddalena-vs-Makhachev-109394,2025-11-16T03:16:35Z
2,#UFC322,19,UFC 322,https://liveatthebatteryatlanta.com/Events-and-Entertainment/Events/20251115-UFC-322,2025-11-16T03:16:35Z
2,#UFC322,20,"UFC 322 fight card: Date, odds, complete guide for Della Maddalena ...",https://www.cbssports.com/ufc/news/ufc-322-fight-card-date-odds-location-start-time-rumors-latest-news-complete-guide/,2025-11-16T03:16:35Z
3,Hanley,1,"Hanley Ramírez Stats, Height, Weight, Position, Rookie Status ...",https://www.baseball-reference.com/players/r/ramirha01.shtml,2025-11-16T03:16:39Z
3,Hanley,2,Hanley Foundation,https://hanleyfoundation.org/,2025-11-16T03:16:39Z
3,Hanley,3,Hanley Center,https://www.hanleycenter.org/,2025-11-16T03:16:39Z
3,Hanley,4,Hanley Investment Group: Home,https://hanleyinvestmentgroup.com/,2025-11-16T03:16:39Z
3,Hanley,5,"Historic Hanley House | City of Clayton, MO",https://www.claytonmo.gov/government/parks-recreation/historic-hanley-house,2025-11-16T03:16:39Z
3,Hanley,6,Obituary information for Patricia Hanley,https://www.flinchandbruns.com/obituaries/Patricia-Hanley?obId=45868640,2025-11-16T03:16:39Z
3,Hanley,7,Three arrests after man and woman assaulted in Hanley,https://www.bbc.com/news/articles/cgkz3y8z0k6o,2025-11-16T03:16:39Z
3,Hanley,8,Hanley's Foods: Salad Fixin's for Salad Lovers,https://hanleysfoods.com/,2025-11-16T03:16:39Z
3,Hanley,9,Framing Hanley | Nashville TN,https://www.facebook.com/FramingHanley/,2025-11-16T03:16:39Z
3,Hanley,10,Hanley Virus Lab!,https://hanleyviruslab.nmsu.edu/,2025-11-16T03:16:39Z
3,Hanley,11,"Research Profile - Patrick J. Hanley, PhD | Children's National ...",https://research.childrensnational.org/people/patrick-hanley,2025-11-16T03:16:39Z
3,Hanley,12,Daniel Hanley | GMU College of Science,https://science.gmu.edu/directory/daniel-hanley,2025-11-16T03:16:39Z
3,Hanley,13,"Dr. Dan Hanley Jr., MD - Baltimore, MD - Neurology",https://profiles.hopkinsmedicine.org/provider/dan-hanley-jr/2705440,2025-11-16T03:16:39Z
3,Hanley,14,Will Hanley | Department of History,https://history.fsu.edu/person/will-hanley,2025-11-16T03:16:39Z
3,Hanley,15,"Hanley Sustainability Institute : University of Dayton, Ohio",https://udayton.edu/centers/hanley-sustainability/index.php,2025-11-16T03:16:39Z
3,Hanley,16,Department of History Staff | Western Kentucky University,https://www.wku.edu/history/staff/jennifer_walton-hanley,2025-11-16T03:16:39Z
3,Hanley,17,Office of the President | Northeastern State University,https://offices.nsuok.edu/president/default.aspx,2025-11-16T03:16:39Z
3,Hanley,18,Hanley House : Residence Halls : Housing and Residence Education,https://housing.osu.edu/roomsearch/hanley-house,2025-11-16T03:16:39Z
3,Hanley,19,Eileen Mary Hanley Obituary - Visitation & Funeral Information,https://www.piercefh.com/m/obituaries/eileen-hanley/,2025-11-16T03:16:39Z
3,Hanley,20,Kathleen Weiss Hanley | Lehigh Business,https://business.lehigh.edu/directory/kathleen-weiss-hanley,2025-11-16T03:16:39Z
4,#Strictly,1,We have loved working as a duo and hosting Strictly has been an ...,https://www.instagram.com/reel/DQJTPFGjFJ4/,2025-11-16T03:16:44Z
4,#Strictly,2,Strutting to my first training day tomorrow… wish me luck!!! #strictly,https://www.instagram.com/p/DOlxZpoghOf/?hl=en,2025-11-16T03:16:44Z
4,#Strictly,3,BBC One - Strictly Come Dancing,https://www.bbc.co.uk/programmes/b006m8dq,2025-11-16T03:16:44Z
4,#Strictly,4,Sadly due to an injury Stefan Dennis is leaving #Strictly. We have ...,https://www.facebook.com/bbcstrictly/posts/sadly-due-to-an-injury-stefan-dennis-is-leaving-strictly-we-have-loved-watching-/1356307635851067/,2025-11-16T03:16:44Z
4,#Strictly,5,Strictly Dumpling - YouTube,https://www.youtube.com/strictlydumpling,2025-11-16T03:16:44Z
4,#Strictly,6,Strictly Business - Bentley Mills,https://www.bentleymills.com/product/86-strictly-business/,2025-11-16T03:16:44Z
4,#Strictly,7,SE-0458: Opt-in Strict Memory Safety Checking - Proposal Reviews ...,https://forums.swift.org/t/se-0458-opt-in-strict-memory-safety-checking/77274,2025-11-16T03:16:44Z
4,#Strictly,8,Strictly Come Dancing - Wikipedia,https://en.wikipedia.org/wiki/Strictly_Come_Dancing,2025-11-16T03:16:44Z
4,#Strictly,9,Language Log » Strictly what?,https://languagelog.ldc.upenn.edu/nll/?p=907,2025-11-16T03:16:44Z
4,#Strictly,10,Strictly Stalking - Podcast - Apple Podcasts,https://podcasts.apple.com/us/podcast/strictly-stalking/id1494237083,2025-11-16T03:16:44Z
4,#Strictly,11,Strictly Bella Photography,https://www.strictlybellaphotography.com/,2025-11-16T03:16:44Z
4,#Strictly,12,"STRICT Center | City of Findlay, OH",https://www.findlayohio.gov/community/strict-center,2025-11-16T03:16:44Z
4,#Strictly,13,Not Strictly Spiritual – Discovering the Divine with Mary DeTurris Poust,https://notstrictlyspiritual.com/,2025-11-16T03:16:44Z
4,#Strictly,14,Hardly Strictly Bluegrass,https://hardlystrictlybluegrass.com/,2025-11-16T03:16:44Z
4,#Strictly,15,Record labels like Strictly Rhythm : r/House,https://www.reddit.com/r/House/comments/1faubpj/record_labels_like_strictly_rhythm/,2025-11-16T03:16:44Z
4,#Strictly,16,The Strictly Spoiler (@davejthorp) / Posts / X,https://x.com/davejthorp?lang=en,2025-11-16T03:16:44Z
4,#Strictly,17,"Strictly For Streets Progress and Updates | Fort Morgan, CO",https://www.cityoffortmorgan.com/822/Strictly-For-Streets-Progress-and-Update,2025-11-16T03:16:44Z
4,#Strictly,18,"Strictly Proper Scoring Rules, Prediction, and Estimation: Journal of ...",https://www.tandfonline.com/doi/abs/10.1198/016214506000001437,2025-11-16T03:16:44Z
4,#Strictly,19,Strictly Jazz Sounds: Home,https://strictlyjazzsounds.com/,2025-11-16T03:16:44Z
4,#Strictly,20,LIVEcommunity - Why Did Strict IP Address Check Break this VPN ...,https://live.paloaltonetworks.com/t5/general-topics/why-did-strict-ip-address-check-break-this-vpn/td-p/196727,2025-11-16T03:16:44Z
5,Epstein,1,Jeffrey Epstein - Wikipedia,https://en.wikipedia.org/wiki/Jeffrey_Epstein,2025-11-16T03:16:48Z
5,Epstein,2,Multi-disciplinary Design and Construction | Epstein,https://www.epsteinglobal.com/,2025-11-16T03:16:48Z
5,Epstein,3,"Indictment, JEFFREY EPSTEIN",https://www.justice.gov/usao-sdny/press-release/file/1180481/dl,2025-11-16T03:16:48Z
5,Epstein,4,Jeffrey Epstein cultivated celebrity relationships for years. Many ...,https://www.cbsnews.com/news/jeffrey-epstein-celebrity-relationships-documents/,2025-11-16T03:16:48Z
5,Epstein,5,Who was Jeffrey Epstein? The disgraced financier with powerful ...,https://www.bbc.com/news/world-us-canada-48913377,2025-11-16T03:16:48Z
5,Epstein,6,Listen To The Jeffrey Epstein Tapes: 'I Was Donald Trump's Closest ...,https://docs.house.gov/meetings/JU/JU08/20250227/117951/HHRG-119-JU08-20250227-SD006-U6.pdf,2025-11-16T03:16:48Z
5,Epstein,7,Oversight Committee Releases Additional Epstein Estate ...,https://oversight.house.gov/release/oversight-committee-releases-additional-epstein-estate-documents/,2025-11-16T03:16:48Z
5,Epstein,8,Epstein Becker Green - Law Firm,https://www.ebglaw.com/,2025-11-16T03:16:48Z
5,Epstein,9,Harvey Epstein - Assembly District 74 |Assembly Member Directory ...,https://nyassembly.gov/mem/Harvey-Epstein/contact/,2025-11-16T03:16:48Z
5,Epstein,10,Watch Jeffrey Epstein: Filthy Rich | Netflix Official Site,https://www.netflix.com/title/80224905,2025-11-16T03:16:48Z
5,Epstein,11,Text - H.R.4405 - 119th Congress (2025-2026): Epstein Files ...,https://www.congress.gov/bill/119th-congress/house-bill/4405/text,2025-11-16T03:16:48Z
5,Epstein,12,Jason I. Epstein - Nelson Mullins,https://www.nelsonmullins.com/professionals/jason-epstein,2025-11-16T03:16:48Z
5,Epstein,13,Text - H.Res.581 - 119th Congress (2025-2026): Providing for ...,https://www.congress.gov/bill/119th-congress/house-resolution/581/text,2025-11-16T03:16:48Z
5,Epstein,14,Richard Epstein - Overview | NYU School of Law,https://its.law.nyu.edu/facultyprofiles/index.cfm?fuseaction=profile.overview&personid=26355,2025-11-16T03:16:48Z
5,Epstein,15,Shira Eve Epstein | The City College of New York,https://www.ccny.cuny.edu/profiles/shira-eve-epstein,2025-11-16T03:16:48Z
5,Epstein,16,Dr. Marc E. Epstein,https://www.cdfa.ca.gov/plant/ppd/staff/mepstein.html,2025-11-16T03:16:48Z
5,Epstein,17,House Oversight Committee Releases Jeffrey Epstein Email ...,https://oversightdemocrats.house.gov/news/press-releases/house-oversight-committee-releases-jeffrey-epstein-email-correspondence-raising,2025-11-16T03:16:48Z
5,Epstein,18,Epstein-Barr viral DNA in tissues of Hodgkin's disease,https://pubmed.ncbi.nlm.nih.gov/2821817/,2025-11-16T03:16:48Z
5,Epstein,19,House Member,https://www.azleg.gov/House/House-member/?legislature=55&session=125&legislator=2022,2025-11-16T03:16:48Z
5,Epstein,20,"Alan L Epstein, MD, PhD - Keck School of Medicine of USC",https://keck.usc.edu/faculty-search/alan-l-epstein/,2025-11-16T03:16:48Z
6,#ENGvNZL,1,Allianz Stadium | “An awesome stadium” 🏟️ Ahead of #ENGvNZL ...,https://www.instagram.com/reel/DRC8VnLjYlZ/,2025-11-16T03:16:53Z
6,#ENGvNZL,2,Would love me one of those EN coaching tops though #ENGvNZL,https://x.com/izzynetball/status/1989740327243321457,2025-11-16T03:16:53Z
6,#ENGvNZL,3,"""It was obviously really, really physical."" #ENGvNZL",https://www.facebook.com/PlanetRugby/posts/-it-was-obviously-really-really-physical-engvnzl/1254350830055912/,2025-11-16T03:16:53Z
6,#ENGvNZL,4,RT @lalaanny: Dear comms #ENGvNZL,https://x.com/izzynetball/status/1989794043409334345,2025-11-16T03:16:53Z
6,#ENGvNZL,5,Final-whistle feelings #ENGvNZL,https://www.facebook.com/OfficialEnglandRugby/posts/final-whistle-feelings-engvnzl/1388366109625752/,2025-11-16T03:16:53Z
6,#ENGvNZL,6,Final-whistle feelings #ENGvNZL,https://www.facebook.com/OfficialEnglandRugby/posts/final-whistle-feelings-engvnzl/1388366109625752/?locale=cy_GB,2025-11-16T03:16:53Z
6,#ENGvNZL,7,"""They will have too much power in the second half."" #ENGvNZL",https://www.facebook.com/PlanetRugby/posts/-they-will-have-too-much-power-in-the-second-half-engvnzl/1253577050133290/,2025-11-16T03:16:53Z
6,#ENGvNZL,8,2019 inspired response to the All Blacks Haka #rugby #engvnzl ...,https://www.facebook.com/rugbypass/posts/2019-inspired-response-to-the-all-blacks-haka-rugby-engvnzl-quilternationsseries/1289200626574475/,2025-11-16T03:16:53Z
6,#ENGvNZL,9,󠁧󠁢󠁥󠁮󠁧󠁿 GEORGE FORD STARTS FOR ENGLAND V ALL ...,https://www.facebook.com/PlanetRugby/posts/-george-ford-starts-for-england-v-all-blacks-engvnzl/1250746413749687/,2025-11-16T03:16:53Z
6,#ENGvNZL,10,#engvnzl | TikTok,https://www.tiktok.com/tag/engvnzl,2025-11-16T03:16:53Z
6,#ENGvNZL,11,#engvnzl | TikTok,https://www.tiktok.com/tag/engvnzl,2025-11-16T03:16:53Z
6,#ENGvNZL,12,"RugbyPass (@rugbypass) • Threads, Say more",https://www.threads.com/@rugbypass,2025-11-16T03:16:53Z
6,#ENGvNZL,13,#ENGvNZL – Radio Jackie,https://radiojackie.com/tag/engvnzl/,2025-11-16T03:16:53Z
6,#ENGvNZL,14,One of the most iconic responses to the All Blacks' Haka What will ...,https://www.newsbreak.com/rugby-pass-312687418/4343086981601-one-of-the-most-iconic-responses-to-the-all-blacks-haka-what-will-england-have-in-store-for-new-zealand-when-they-come-to-the-allianz-stadium-this-weekend-rugby-engvnzl-created-by-rugbypass-with-rugbypass-s-original-sound,2025-11-16T03:16:53Z
6,#ENGvNZL,15,England Team review vs the All Blacks #englandrugby #allblacks ...,https://www.youtube.com/shorts/_HJkf7ePaFg,2025-11-16T03:16:53Z
6,#ENGvNZL,16,So very proud of Namulauulu Lauaki Tuitaamasaualii Manusamoa ...,https://m.facebook.com/SamoaEvents/videos/so-very-proud-of-namulauulu-lauaki-tuitaamasaualii-manusamoa-tuilagi-nickafoa-en/410052666615247/?__so__=permalink&__rv__=related_videos,2025-11-16T03:16:53Z
6,#ENGvNZL,17,South Africa — X (Twitter) trending topics and hashtags today ...,https://trends24.in/south-africa/,2025-11-16T03:16:53Z
6,#ENGvNZL,18,"England Rugby Falls Short, New Zealand All Blacks Claim 24-22 ...",https://www.florugby.com/articles/12956562-england-rugby-falls-short-new-zealand-all-blacks-claim-24-22-victory,2025-11-16T03:16:53Z
6,#ENGvNZL,19,"Coupe du monde de rugby : « Il faut assumer ce qui s'est passé », a ...",https://www.20minutes.fr/sport/2637239-20191026-coupe-monde-rugby-faut-assumer-passe-vu-blacks-faire-manger-comme-ca-depuis-20-ans,2025-11-16T03:16:53Z
6,#ENGvNZL,20,Coupe du monde de rugby : Va-t-on assister au match du siècle ...,https://www.20minutes.fr/sport/2635643-20191025-coupe-monde-rugby-va-assister-match-siecle-entre-nouvelle-zelande-angleterre,2025-11-16T03:16:53Z
7,Trump,1,Donald Trump - Wikipedia,https://en.wikipedia.org/wiki/Donald_Trump,2025-11-16T03:16:57Z
7,Trump,2,The Trump Organization | Luxury Real Estate Portfolio,https://www.trump.com/,2025-11-16T03:16:57Z
7,Trump,3,President Donald J. Trump,https://www.whitehouse.gov/administration/donald-j-trump/,2025-11-16T03:16:57Z
7,Trump,4,Donald J. Trump (@realDonaldTrump) / Posts / X,https://x.com/realDonaldTrump,2025-11-16T03:16:57Z
7,Trump,5,Donald J. Trump news | CNN Politics,https://www.cnn.com/politics/president-donald-trump-47,2025-11-16T03:16:57Z
7,Trump,6,Trump Winery,https://www.trumpwinery.com/,2025-11-16T03:16:57Z
7,Trump,7,Donald Trump | Breaking News & Latest Updates | AP News,https://apnews.com/hub/donald-trump,2025-11-16T03:16:57Z
7,Trump,8,Luxury Hotels | Trump Hotels - Official Website | 5 Star Hotels,https://www.trumphotels.com/,2025-11-16T03:16:57Z
7,Trump,9,23-939 Trump v. United States (07/01/2024),https://www.supremecourt.gov/opinions/23pdf/23-939_e2pg.pdf,2025-11-16T03:16:57Z
7,Trump,10,President Donald J. Trump's Call with President Vladimir Putin - U.S. ...,https://ru.usembassy.gov/president-donald-j-trumps-call-with-president-vladimir-putin/,2025-11-16T03:16:57Z
7,Trump,11,President Donald J. Trump (@realdonaldtrump) • Instagram photos ...,https://www.instagram.com/realdonaldtrump/?hl=en,2025-11-16T03:16:57Z
7,Trump,12,Donald J. Trump – The White House,https://trumpwhitehouse.archives.gov/people/donald-j-trump/,2025-11-16T03:16:57Z
7,Trump,13,Latest Donald Trump News | Top Headlines on Donald Trump ...,https://www.reuters.com/world/us/donald-trump/,2025-11-16T03:16:57Z
7,Trump,14,Listen To The Jeffrey Epstein Tapes: 'I Was Donald Trump's Closest ...,https://docs.house.gov/meetings/JU/JU08/20250227/117951/HHRG-119-JU08-20250227-SD006-U6.pdf,2025-11-16T03:16:57Z
7,Trump,15,"Donald Trump - Breaking News, Photos and Videos | The Hill",https://thehill.com/people/donald-trump/,2025-11-16T03:16:57Z
7,Trump,16,Donald Trump - CNBC,https://www.cnbc.com/donald-trump/,2025-11-16T03:16:57Z
7,Trump,17,Office of the Pardon Attorney | Clemency Grants by President ...,https://www.justice.gov/pardon/clemency-grants-president-donald-j-trump-2025-present,2025-11-16T03:16:57Z
7,Trump,18,Pacito v. Trump: Challenging Trump's suspension of USRAP ...,https://refugeerights.org/news-resources/pacito-v-trump-challenging-trumps-suspension-of-usrap,2025-11-16T03:16:57Z
7,Trump,19,"V.O.S. SELECTIONS, INC. v. TRUMP [OPINION]",https://www.cafc.uscourts.gov/opinions-orders/25-1812.OPINION.8-29-2025_2566151.pdf,2025-11-16T03:16:57Z
7,Trump,20,"TRUMP, DONALD J. - Candidate overview | FEC",https://www.fec.gov/data/candidate/P80001571/,2025-11-16T03:16:57Z
8,Steve Clarke,1,Steve Clarke - Wikipedia,https://en.wikipedia.org/wiki/Steve_Clarke,2025-11-16T03:17:02Z
8,Steve Clarke,2,Steve Clarke (@SteveClarke02) / Posts / X,https://x.com/SteveClarke02,2025-11-16T03:17:02Z
8,Steve Clarke,3,Steve Clark - Wikipedia,https://en.wikipedia.org/wiki/Steve_Clark,2025-11-16T03:17:02Z
8,Steve Clarke,4,Steve Clarke - Executive Creative Director | VML LA | LinkedIn,https://www.linkedin.com/in/steve-clarke-83331995,2025-11-16T03:17:02Z
8,Steve Clarke,5,Have we sacked Steve Clarke yet? : r/ScottishFootball,https://www.reddit.com/r/ScottishFootball/comments/1drjxys/have_we_sacked_steve_clarke_yet/,2025-11-16T03:17:02Z
8,Steve Clarke,6,"Steve Clarke Music | musician | Minnesota, USA",https://www.thesteveclarke.com/,2025-11-16T03:17:02Z
8,Steve Clarke,7,Who could realistically replace Steve Clarke? : r/ScottishFootball,https://www.reddit.com/r/ScottishFootball/comments/v5bum4/who_could_realistically_replace_steve_clarke/,2025-11-16T03:17:02Z
8,Steve Clarke,8,Q&A: Steve Clarke,https://mainlinetoday.com/life-style/qa-steve-clarke/,2025-11-16T03:17:02Z
8,Steve Clarke,9,Steve Clarke question : r/ScottishFootball,https://www.reddit.com/r/ScottishFootball/comments/1fc94ef/steve_clarke_question/,2025-11-16T03:17:02Z
8,Steve Clarke,10,Working Stiffs | Steve Clarke,https://www.thesteveclarke.com/working-stiffs,2025-11-16T03:17:02Z
8,Steve Clarke,11,Steve Clarke sacked as West Brom head coach - BBC Sport,https://www.bbc.com/sport/football/25385000,2025-11-16T03:17:02Z
8,Steve Clarke,12,Sunday Funday: Steve Clarke and The Working Stiffs | City of ...,https://www.bloomingtonmn.gov/pr/events/sunday-funday-steve-clarke-and-working-stiffs-2025-07-20,2025-11-16T03:17:02Z
8,Steve Clarke,13,Steve Clarke | World Cube Association,https://www.worldcubeassociation.org/persons/2015CLAR13,2025-11-16T03:17:02Z
8,Steve Clarke,14,Stephen Clarke - School of Social Work and Arts,https://arts-ed.csu.edu.au/schools/social-work-arts/staff/profiles/professorial-staff/steve-clarke,2025-11-16T03:17:02Z
8,Steve Clarke,15,"Steve Clarke (@TheBluesPreacher) • Facebook, Connect with friends",https://www.facebook.com/TheBluesPreacher/,2025-11-16T03:17:02Z
8,Steve Clarke,16,Steve Clarke - SpaceCom 2026,https://www.spacecomexpo.com/speakers/steve-clarke,2025-11-16T03:17:02Z
8,Steve Clarke,17,Steve Clarke | Official Site | Chelsea Football Club,https://www.chelseafc.com/en/steve-clarke,2025-11-16T03:17:02Z
8,Steve Clarke,18,"Steve Clarke, CIMA® – Heartwood Wealth Advisors",https://heartwoodva.com/team/steve-clarke/,2025-11-16T03:17:02Z
8,Steve Clarke,19,Steve Clarke (@theworldsfastestpumpkincarver) • Instagram photos ...,https://www.instagram.com/theworldsfastestpumpkincarver/,2025-11-16T03:17:02Z
8,Steve Clarke,20,'Mutiny on the Bounty' and Steve Clarke by Denis Frize - Scottish ...,https://scottishfsa.org/mutiny-on-the-bounty-and-steve-clarke-by-denis-frize/,2025-11-16T03:17:02Z
9,Scotland,1,Scotland - Wikipedia,https://en.wikipedia.org/wiki/Scotland,2025-11-16T03:17:06Z
9,Scotland,2,VisitScotland - Scotland's National Tourist Organisation | VisitScotland,https://www.visitscotland.com/,2025-11-16T03:17:06Z
9,Scotland,3,The Official Gateway to Scotland | Scotland.org,https://www.scotland.org/,2025-11-16T03:17:06Z
9,Scotland,4,The Scottish Government - gov.scot,https://www.gov.scot/,2025-11-16T03:17:06Z
9,Scotland,5,Zero Waste Scotland | Inspiring change to fight the climate crisis,https://www.zerowastescotland.org.uk/,2025-11-16T03:17:06Z
9,Scotland,6,"National Trust for Scotland: Nature, Beauty and Heritage for Everyone",https://www.nts.org.uk/,2025-11-16T03:17:06Z
9,Scotland,7,Scotland,https://www.reddit.com/r/Scotland/,2025-11-16T03:17:06Z
9,Scotland,8,Historic Environment Scotland | Àrainneachd Eachdraidheil Alba,https://www.historicenvironment.scot/,2025-11-16T03:17:06Z
9,Scotland,9,Scottish FA: The Home of Scottish Football,https://www.scottishfa.co.uk/,2025-11-16T03:17:06Z
9,Scotland,10,"Scotland | History, Capital, Map, Flag, Population, & Facts | Britannica",https://www.britannica.com/place/Scotland,2025-11-16T03:17:06Z
9,Scotland,11,"Welcome to Scotland, CT!",https://www.scotlandct.org/,2025-11-16T03:17:06Z
9,Scotland,12,National Records of Scotland (NRS),https://www.nrscotland.gov.uk/,2025-11-16T03:17:06Z
9,Scotland,13,Traffic Scotland | Trunk road traffic updates & route planner,https://www.traffic.gov.scot/,2025-11-16T03:17:06Z
9,Scotland,14,National Museums Scotland: Home,https://www.nms.ac.uk/,2025-11-16T03:17:06Z
9,Scotland,15,Student Awards Agency Scotland - SAAS - Funding Your Future,https://www.saas.gov.uk/,2025-11-16T03:17:06Z
9,Scotland,16,"SARS-CoV-2 Delta VOC in Scotland: demographics, risk of hospital ...",https://www.thelancet.com/article/S0140-6736(21)01358-1/fulltext,2025-11-16T03:17:06Z
9,Scotland,17,UWS | University of the West of Scotland,https://www.uws.ac.uk/,2025-11-16T03:17:06Z
9,Scotland,18,Police Scotland,https://www.scotland.police.uk/,2025-11-16T03:17:06Z
9,Scotland,19,Public Contracts Scotland: Home,https://www.publiccontractsscotland.gov.uk/,2025-11-16T03:17:06Z
9,Scotland,20,"Citizens Advice Scotland: Free, impartial and confidential advice for ...",https://www.cas.org.uk/,2025-11-16T03:17:06Z
10,Belarus,1,Belarus - Wikipedia,https://en.wikipedia.org/wiki/Belarus,2025-11-16T03:17:10Z
10,Belarus,2,Belarus Travel Advisory,https://travel.state.gov/content/travel/en/traveladvisories/traveladvisories/belarus-travel-advisory.html,2025-11-16T03:17:10Z
10,Belarus,3,"Belarus.by: Official website, Belarus",https://www.belarus.by/en/,2025-11-16T03:17:10Z
10,Belarus,4,Belarus Sanctions | Office of Foreign Assets Control,https://ofac.treasury.gov/sanctions-programs-and-country-information/belarus-sanctions,2025-11-16T03:17:10Z
10,Belarus,5,Belarus travel advice - GOV.UK,https://www.gov.uk/foreign-travel-advice/belarus,2025-11-16T03:17:10Z
10,Belarus,6,"Belarus | History, Flag, Map, Population, Capital, Language, & Facts ...",https://www.britannica.com/place/Belarus,2025-11-16T03:17:10Z
10,Belarus,7,Belarus country profile - BBC News,https://www.bbc.com/news/world-europe-17941131,2025-11-16T03:17:10Z
10,Belarus,8,Travel advice and advisories for Belarus,https://travel.gc.ca/destinations/belarus,2025-11-16T03:17:10Z
10,Belarus,9,Belarus | Data,https://data.worldbank.org/country/belarus,2025-11-16T03:17:10Z
10,Belarus,10,Belarus | World Prison Brief,https://www.prisonstudies.org/country/belarus,2025-11-16T03:17:10Z
10,Belarus,11,Belarus Travel Advice & Safety | Smartraveller,https://www.smartraveller.gov.au/destinations/europe/belarus,2025-11-16T03:17:10Z
10,Belarus,12,Exclusive: Belarus makes overture to EU countries after ...,https://www.reuters.com/world/europe/belarus-makes-overture-eu-countries-after-rapprochement-with-us-2025-10-17/,2025-11-16T03:17:10Z
10,Belarus,13,Nuclear Power in Belarus - World Nuclear Association,https://world-nuclear.org/information-library/country-profiles/countries-a-f/belarus,2025-11-16T03:17:10Z
10,Belarus,14,Belarus | RSF,https://rsf.org/en/country/belarus,2025-11-16T03:17:10Z
10,Belarus,15,Human rights in Belarus Amnesty International,https://www.amnesty.org/en/location/europe-and-central-asia/eastern-europe-and-central-asia/belarus/,2025-11-16T03:17:10Z
10,Belarus,16,Canadian Sanctions Related to Belarus,https://www.international.gc.ca/world-monde/international_relations-relations_internationales/sanctions/belarus.aspx?lang=eng,2025-11-16T03:17:10Z
10,Belarus,17,EU sanctions against Belarus - Consilium,https://www.consilium.europa.eu/en/policies/sanctions-against-belarus/,2025-11-16T03:17:10Z
10,Belarus,18,2024 Country Reports on Human Rights Practices: Belarus,https://www.state.gov/reports/2024-country-reports-on-human-rights-practices/belarus,2025-11-16T03:17:10Z
10,Belarus,19,Belarus- Tax treaty documents | Internal Revenue Service,https://www.irs.gov/businesses/international-businesses/belarus-tax-treaty-documents,2025-11-16T03:17:10Z
10,Belarus,20,Accession status: Belarus - WTO,https://www.wto.org/english/thewto_e/acc_e/a1_belarus_e.htm,2025-11-16T03:17:10Z
11,Craig Gordon,1,Craig Gordon - Wikipedia,https://en.wikipedia.org/wiki/Craig_Gordon,2025-11-16T03:17:14Z
11,Craig Gordon,2,Craig Gordon (@craig_gordon1) • Instagram photos and videos,https://www.instagram.com/craig_gordon1/?hl=en,2025-11-16T03:17:14Z
11,Craig Gordon,3,"Craig Gordon, MD, MS | Tufts Medicine",https://www.tuftsmedicine.org/doctor/craig-gordon,2025-11-16T03:17:14Z
11,Craig Gordon,4,Craig Gordon (@most_og) • Instagram photos and videos,https://www.instagram.com/most_og/?hl=en,2025-11-16T03:17:14Z
11,Craig Gordon,5,"Craig Gordon, RN | Cancer: Nurse Navigator | Waukesha, WI ...",https://www.prohealthcare.org/find-a-provider/profile/gordon-craig/,2025-11-16T03:17:14Z
11,Craig Gordon,6,Craig Gordon - Player profile 25/26 | Transfermarkt,https://www.transfermarkt.com/craig-gordon/profil/spieler/12589,2025-11-16T03:17:14Z
11,Craig Gordon,7,Staff - Utah Avalanche Center,https://utahavalanchecenter.org/about/staff,2025-11-16T03:17:14Z
11,Craig Gordon,8,A unified Craig-Gordon isotope model of stable hydrogen and ...,https://www.sciencedirect.com/science/article/pii/S0016703718302916,2025-11-16T03:17:14Z
11,Craig Gordon,9,Craig–Gordon model validation using stable isotope ratios in ... - ACP,https://acp.copernicus.org/articles/20/11435/2020/,2025-11-16T03:17:14Z
11,Craig Gordon,10,Craig Gordon : r/ScottishFootball,https://www.reddit.com/r/ScottishFootball/comments/grq4cm/craig_gordon/,2025-11-16T03:17:14Z
11,Craig Gordon,11,HAVE YOU GOT IT IN 'THE DOG?': A chat with MTB legend former ...,https://mindmatterscoach.com/podcastandblog/2021/3/11/have-you-got-it-in-the-dog-a-chat-with-mtb-legend-former-24hr-world-champion-craig-gordo-gordon,2025-11-16T03:17:14Z
11,Craig Gordon,12,Representative J. Craig Gordon,https://www.house.ga.gov/Representatives/en-US/member.aspx?Member=113&Member=113,2025-11-16T03:17:14Z
11,Craig Gordon,13,Craig Gordon Tattoos,https://www.facebook.com/Craiggordontattoos/,2025-11-16T03:17:14Z
11,Craig Gordon,14,"Dr. Craig J Gordon, DO - Farmington Hills, MI - Medical Oncology",https://providers.corewellhealth.org/provider/craig-j-gordon/3191724,2025-11-16T03:17:14Z
11,Craig Gordon,15,"Craig Gordon - Senior Editor, Americas News Desk at Bloomberg ...",https://www.linkedin.com/in/craig-gordon-b66939137,2025-11-16T03:17:14Z
11,Craig Gordon,16,Craig Gordon (@dcraiggordon) / Posts / X,https://x.com/dcraiggordon,2025-11-16T03:17:14Z
11,Craig Gordon,17,Craig Gordon - Player profile 25/26 | Transfermarkt,https://www.transfermarkt.co.uk/craig-gordon/profil/spieler/12589,2025-11-16T03:17:14Z
11,Craig Gordon,18,Q& A with Craig Gordon,https://www.cityweekly.net/news/q-a-with-craig-gordon-3227805,2025-11-16T03:17:14Z
11,Craig Gordon,19,Craig Gordon - Bloomberg,https://bloomberg.com/authors/ARaeqFGiHsM/craig-gordon,2025-11-16T03:17:14Z
11,Craig Gordon,20,Craig Gordon: Helping Others Understand the Danger - Ski Utah,https://www.skiutah.com/blog/authors/tom-kelly/craig-gordon-helping-others/,2025-11-16T03:17:14Z
12,Che Adams,1,Ché Adams - Wikipedia,https://en.wikipedia.org/wiki/Ch%C3%A9_Adams,2025-11-16T03:17:19Z
12,Che Adams,2,Ché Adams - Torino Forward - ESPN,https://www.espn.com/soccer/player/_/id/213725/che-adams,2025-11-16T03:17:19Z
12,Che Adams,3,Ché Adams (@CheAdams_) / Posts / X,https://x.com/CheAdams_,2025-11-16T03:17:19Z
12,Che Adams,4,"FC Torino fan here, what can I expect from Che Adams? : r/SaintsFC",https://www.reddit.com/r/SaintsFC/comments/1etlnbo/fc_torino_fan_here_what_can_i_expect_from_che/,2025-11-16T03:17:19Z
12,Che Adams,5,Ché Adams - Player profile 25/26 | Transfermarkt,https://www.transfermarkt.us/che-adams/profil/spieler/346779,2025-11-16T03:17:19Z
12,Che Adams,6,Ché Adams - Player profile 25/26 | Transfermarkt,https://www.transfermarkt.co.uk/che-adams/profil/spieler/346779,2025-11-16T03:17:19Z
12,Che Adams,7,Che Adams: Torino and Scotland striker has no regrets after leaving ...,https://www.bbc.com/sport/football/articles/c0r857n877xo,2025-11-16T03:17:19Z
12,Che Adams,8,Che Adams 25/26 Season Stats - Torino | LiveScore,https://www.livescore.com/en/season-stats/che-adams/31870/,2025-11-16T03:17:19Z
12,Che Adams,9,"Ché Adams on Instagram: ""We knew we had to dig deep and we did ...",https://www.instagram.com/p/DOYQS9MDIV2/?hl=en,2025-11-16T03:17:19Z
12,Che Adams,10,Everton exploring loan-to-buy deal for Southampton striker Che ...,https://www.nytimes.com/athletic/3495120/2022/08/10/southampton-che-adams-everton/,2025-11-16T03:17:19Z
12,Che Adams,11,Che Adams backs booing Scotland fans in World Cup qualifer win ...,https://www.espn.co.uk/football/story/_/id/46583285/che-adams-backs-booing-scotland-fans-world-cup-qualifer-win,2025-11-16T03:17:19Z
12,Che Adams,12,Che Adams tailor-made for Bielsa's Leeds and open to the move ...,https://www.nytimes.com/athletic/1526614/2020/01/12/che-adams-southampton-leeds-transfer/,2025-11-16T03:17:19Z
12,Che Adams,13,Southampton sign Che Adams from Birmingham to boost strikeforce ...,https://www.theguardian.com/football/2019/jul/01/marko-grujic-hertha-berlin-liverpool-football-transfers-latest,2025-11-16T03:17:19Z
12,Che Adams,14,Che Adams (Torino) Stats - Flashscore.com,https://www.flashscore.com/player/adams-che/4C0YmOaJ/,2025-11-16T03:17:19Z
12,Che Adams,15,Ché Adams - Player profile 25/26 | Transfermarkt,https://www.transfermarkt.com/che-adams/profil/spieler/346779,2025-11-16T03:17:19Z
12,Che Adams,16,Che Adams: 'In non-league it's just a question of how hard you're ...,https://www.theguardian.com/football/2019/jul/17/che-adams-interview-southampton-non-league-thurnby-lodge,2025-11-16T03:17:19Z
12,Che Adams,17,Che Adams: Southampton striker to miss Premier League game ...,https://www.skysports.com/football/news/11700/12433652/che-adams-southampton-striker-to-miss-premier-league-game-against-leeds-ralph-hasenhuttl-confirms,2025-11-16T03:17:19Z
12,Che Adams,18,Soccer AM - You have to admire the optimism from Che Adams! It's ...,https://www.facebook.com/SoccerAM/photos/you-have-to-admire-the-optimism-from-che-adams-its-10001-if-you-fancy-a-punt-/2583532675003684/,2025-11-16T03:17:19Z
12,Che Adams,19,"Che Adams Stats, Goals, Records, Assists, Cups and more | FBref.com",https://fbref.com/en/players/f2bf1b0f/Che-Adams,2025-11-16T03:17:19Z
12,Che Adams,20,Che Adams | Southampton FC Official Site,https://www.southamptonfc.com/en/news/tag/che-adams,2025-11-16T03:17:19Z
13,Nikita,1,Nikita (TV series) - Wikipedia,https://en.wikipedia.org/wiki/Nikita_(TV_series),2025-11-16T03:17:23Z
13,Nikita,2,Nikita (TV Series 2010–2013) - IMDb,https://www.imdb.com/title/tt1592154/,2025-11-16T03:17:23Z
13,Nikita,3,Nikita Gill (@nikita_gill) • Instagram photos and videos,https://www.instagram.com/nikita_gill/?hl=en,2025-11-16T03:17:23Z
13,Nikita,4,Nikita Clothing,https://nikitaclothing.com/,2025-11-16T03:17:23Z
13,Nikita,5,Nikita Buyanov (@nikgeneburn) / Posts / X,https://x.com/nikgeneburn?lang=en,2025-11-16T03:17:23Z
13,Nikita,6,Nikita Dragun - YouTube,https://www.youtube.com/channel/UCNBvzAJI3N92Sgl0guRxSxQ,2025-11-16T03:17:23Z
13,Nikita,7,Nikita S (@singareddynm) / Posts / X,https://x.com/singareddynm?lang=en,2025-11-16T03:17:23Z
13,Nikita,8,Nikita Cosplay,https://www.facebook.com/Nikitacosplay/,2025-11-16T03:17:23Z
13,Nikita,9,Nikita Maxi II – Hanifa,https://hanifa.co/products/nikita-maxi-ii,2025-11-16T03:17:23Z
13,Nikita,10,New Additions: Nikita Gale | Studio Museum in Harlem,https://www.studiomuseum.org/magazine/new-additions-nikita-gale,2025-11-16T03:17:23Z
13,Nikita,11,"Stream Nikita, the Wicked music | Listen to songs, albums, playlists ...",https://soundcloud.com/nikitathewicked,2025-11-16T03:17:23Z
13,Nikita,12,Nikita | Rotten Tomatoes,https://www.rottentomatoes.com/m/la_femme_nikita,2025-11-16T03:17:23Z
13,Nikita,13,How good was Nikita Gusev? : r/devils,https://www.reddit.com/r/devils/comments/1fb2kpe/how_good_was_nikita_gusev/,2025-11-16T03:17:23Z
13,Nikita,14,"Nikita Sood, MD (She/Her) | OB/GYN Residency | Medical School ...",https://obgynresidency.med.brown.edu/people/nikita-sood-md-sheher,2025-11-16T03:17:23Z
13,Nikita,15,About - Nikita Coulombe,https://www.nikitacoulombe.com/about,2025-11-16T03:17:23Z
13,Nikita,16,"Obituary | Nikita Amerie Dillon of Rapid City, South Dakota | Kirk ...",https://www.kirkfuneralhome.com/obituary/nikita-dillon,2025-11-16T03:17:23Z
13,Nikita,17,Nikita Lalwani | Jenner & Block LLP | Law Firm,https://www.jenner.com/en/people/nikita-lalwani,2025-11-16T03:17:23Z
13,Nikita,18,Nikita Khandwala - Japan | Professional Profile | LinkedIn,https://uk.linkedin.com/in/nikita-khandwala,2025-11-16T03:17:23Z
13,Nikita,19,Nikita A. Patel - Professionals - Proskauer Rose LLP,https://www.proskauer.com/professionals/nikita-patel,2025-11-16T03:17:23Z
13,Nikita,20,Nikita Aggarwal,https://people.miami.edu/profile/d46ba9da719bc2a209fd7e9c9e31bad9,2025-11-16T03:17:23Z
14,World Cup,1,FIFA World Cup 26™,https://www.fifa.com/en/tournaments/mens/worldcup/canadamexicousa2026,2025-11-16T03:17:28Z
14,World Cup,2,FIFA World Cup - Wikipedia,https://en.wikipedia.org/wiki/FIFA_World_Cup,2025-11-16T03:17:28Z
14,World Cup,3,FIFA World Cup Qatar 2022™,https://www.fifa.com/en/tournaments/mens/worldcup/qatar2022,2025-11-16T03:17:28Z
14,World Cup,4,Home | Women's and Men's Rugby World Cup,https://www.rugbyworldcup.com/,2025-11-16T03:17:28Z
14,World Cup,5,FIFA World Cup (@fifaworldcup) • Instagram photos and videos,https://www.instagram.com/fifaworldcup/?hl=en,2025-11-16T03:17:28Z
14,World Cup,6,"Home | ICC Women's Cricket World Cup, 2025 | ICC",https://www.icc-cricket.com/tournaments/womens-cricket-worldcup-2025,2025-11-16T03:17:28Z
14,World Cup,7,FIBA Basketball World Cup 2023 | FIBA Basketball Events,https://www.fiba.basketball/en/history/201-fiba-basketball-world-cup/208182,2025-11-16T03:17:28Z
14,World Cup,8,Homeless World Cup,https://www.homelessworldcup.org/,2025-11-16T03:17:28Z
14,World Cup,9,World Cup Coffee | Office Coffee Service & Coffee Roasters in ...,https://worldcupcoffee.com/,2025-11-16T03:17:28Z
14,World Cup,10,FIFA World Cup,https://www.facebook.com/fifaworldcup/,2025-11-16T03:17:28Z
14,World Cup,11,"World Cup | Football, Soccer, History, & Winners | Britannica",https://www.britannica.com/sports/World-Cup-football,2025-11-16T03:17:28Z
14,World Cup,12,Saudi Arabia FIFA World Cup 2034™,https://saudi2034.com.sa/,2025-11-16T03:17:28Z
14,World Cup,13,"FIFA World Cup News, Stats, Scores - ESPN",https://www.espn.com/soccer/league/_/name/fifa.world,2025-11-16T03:17:28Z
14,World Cup,14,FIFA World Cup 26™ Kansas City: Home,https://kansascityfwc26.com/,2025-11-16T03:17:28Z
14,World Cup,15,2026 FIS Cross-Country World Cup Finals - Mt Van Hoevenberg,https://mtvanhoevenberg.com/xcworldcupfinals/,2025-11-16T03:17:28Z
14,World Cup,16,Startup World Cup: Home,https://www.startupworldcup.io/,2025-11-16T03:17:28Z
14,World Cup,17,FIS Freestyle Aerials World Cup - Olympic Jumping Complex,https://olympicjumpingcomplex.com/freestyle-aerials-word-cup/,2025-11-16T03:17:28Z
14,World Cup,18,ISU World Cup Speed Skating 2025 | Utah Olympic Legacy ...,https://utaholympiclegacy.org/event/isu-world-cup-speed-skating-2025/,2025-11-16T03:17:28Z
14,World Cup,19,Alpine Skiing Hub - FIS,https://www.fis-ski.com/alpine-skiing,2025-11-16T03:17:28Z
14,World Cup,20,Official FIFA World Cup 26 Tickets & Hospitality | On Location,https://fifaworldcup26.hospitality.fifa.com/en,2025-11-16T03:17:28Z
15,Greece,1,Greece - Wikipedia,https://en.wikipedia.org/wiki/Greece,2025-11-16T03:17:32Z
15,Greece,2,Visit Greece,https://www.visitgreece.gr/,2025-11-16T03:17:32Z
15,Greece,3,"Greece | Islands, Cities, Language, & History | Britannica",https://www.britannica.com/place/Greece,2025-11-16T03:17:32Z
15,Greece,4,Greece,https://www.fatf-gafi.org/en/countries/detail/Greece.html,2025-11-16T03:17:32Z
15,Greece,5,Greece Central School District / Homepage,https://www.greececsd.org/,2025-11-16T03:17:32Z
15,Greece,6,"Home | Town of Greece, NY",https://greeceny.gov/,2025-11-16T03:17:32Z
15,Greece,7,Greece | The Guardian,https://www.theguardian.com/world/greece,2025-11-16T03:17:32Z
15,Greece,8,Greece | Country Page | World | Human Rights Watch,https://www.hrw.org/europe/central-asia/greece,2025-11-16T03:17:32Z
15,Greece,9,Hellenic Republic - Greece in the USA,https://www.mfa.gr/usa/en/,2025-11-16T03:17:32Z
15,Greece,10,Greece | RSF,https://rsf.org/en/country/greece,2025-11-16T03:17:32Z
15,Greece,11,Greece | The IRC,https://www.rescue.org/country/greece,2025-11-16T03:17:32Z
15,Greece,12,Greece – EU country profile | European Union,https://european-union.europa.eu/principles-countries-history/eu-countries/greece_en,2025-11-16T03:17:32Z
15,Greece,13,Greece,https://www.ebrd.com/home/what-we-do/where-we-invest/greece.html,2025-11-16T03:17:32Z
15,Greece,14,Totalization Agreement with Greece | International Programs | SSA,https://www.ssa.gov/international/Agreement_Pamphlets/greece.html,2025-11-16T03:17:32Z
15,Greece,15,Greece,https://data.unhcr.org/en/situations/europe-sea-arrivals/location/24489,2025-11-16T03:17:32Z
15,Greece,16,2024 Country Reports on Human Rights Practices: Greece,https://www.state.gov/reports/2024-country-reports-on-human-rights-practices/greece,2025-11-16T03:17:32Z
15,Greece,17,Greece - The World Factbook,https://www.cia.gov/the-world-factbook/countries/greece/,2025-11-16T03:17:32Z
15,Greece,18,Join myself and my wife Brenda on an amazing trip to Greece. If it is ...,https://www.facebook.com/ScottSavilleKCRG/posts/join-myself-and-my-wife-brenda-on-an-amazing-trip-to-greece-if-it-is-anything-li/1177225570880192/,2025-11-16T03:17:32Z
15,Greece,19,"Greece Vacation: Athens, Santorini & Crete | Adventures by Disney",https://www.adventuresbydisney.com/destinations/europe/greece-vacations/,2025-11-16T03:17:32Z
15,Greece,20,Greece International Travel Information,https://travel.state.gov/content/travel/en/international-travel/International-Travel-Country-Information-Pages/Greece.html,2025-11-16T03:17:32Z
16,Storm Claudia,1,List of storms named Claudia - Wikipedia,https://en.wikipedia.org/wiki/List_of_storms_named_Claudia,2025-11-16T03:17:36Z
16,Storm Claudia,2,Storm Claudia: Disruption after flooding causes major incident,https://www.bbc.com/news/articles/c4gw5xxej04o,2025-11-16T03:17:36Z
16,Storm Claudia,3,Storm Claudia : r/Dublin,https://www.reddit.com/r/Dublin/comments/1owr97y/storm_claudia/,2025-11-16T03:17:36Z
16,Storm Claudia,4,Obituary information for Claudia Marie (Turco) Storm,https://www.sheehanhilbornbreen.com/obituaries/Claudia-Marie-Turco-Storm?obId=34294843,2025-11-16T03:17:36Z
16,Storm Claudia,5,What's your plan for Storm Claudia? : r/UKWeather,https://www.reddit.com/r/UKWeather/comments/1owqv5o/whats_your_plan_for_storm_claudia/,2025-11-16T03:17:36Z
16,Storm Claudia,6,Storm Claudia: Arctic winds to bring snow and -7C temperatures ...,https://www.theguardian.com/uk-news/2025/nov/15/maybe-storm-claudia-england-weather-major-incident-flooding,2025-11-16T03:17:36Z
16,Storm Claudia,7,"Storm Claudia kills three in Portugal, causes flooding in Britain ...",https://www.reuters.com/business/environment/storm-claudia-kills-three-portugal-causes-flooding-britain-2025-11-15/,2025-11-16T03:17:36Z
16,Storm Claudia,8,Improving picture but further flooding impacts expected in England ...,https://www.gov.uk/government/news/further-flooding-in-england-likely-from-storm-claudia,2025-11-16T03:17:36Z
16,Storm Claudia,9,Weather warnings as Spain's Storm Claudia reaches UK on Friday ...,https://www.theguardian.com/uk-news/2025/nov/13/weather-warnings-storm-claudia-flood-rain-wind,2025-11-16T03:17:36Z
16,Storm Claudia,10,Storm Claudia: Disruption after flooding causes major incident - BBC ...,https://www.bbc.co.uk/news/articles/c4gw5xxej04o,2025-11-16T03:17:36Z
16,Storm Claudia,11,Storm Claudia Updates - Monmouthshire,https://www.monmouthshire.gov.uk/storm-claudia/,2025-11-16T03:17:36Z
16,Storm Claudia,12,"Storm Claudia floods town of Monmouth in Wales, after killing three ...",https://www.abc.net.au/news/2025-11-16/storm-claudia-floods-in-wales-portugal/106014746,2025-11-16T03:17:36Z
16,Storm Claudia,13,'Do not travel' warning issued for rail passengers as Storm Claudia ...,https://www.the-independent.com/travel/news-and-advice/storm-claudia-train-cancellations-delays-b2865184.html,2025-11-16T03:17:36Z
16,Storm Claudia,14,Storm Claudia - Tram and Bus Disruption | Bee Network | Powered ...,https://tfgm.com/storm-claudia,2025-11-16T03:17:36Z
16,Storm Claudia,15,Heavy rain affecting Ireland on Friday 14th November 2025 ...,https://www.met.ie/meteorologists-commentary/heavy-rain-affecting-ireland-on-friday-14th-november-2025-associated-with-storm-claudia/,2025-11-16T03:17:36Z
16,Storm Claudia,16,Storm Claudia map: Where 150mm of rain could fall today as flood ...,https://www.the-independent.com/news/uk/home-news/storm-claudia-map-uk-weather-warnings-b2865146.html,2025-11-16T03:17:36Z
16,Storm Claudia,17,"Storm Claudia, named by the Spanish Met Service, will affect the UK ...",https://www.facebook.com/metoffice/posts/storm-claudia-named-by-the-spanish-met-service-will-affect-the-uk-on-friday-heav/1266216802207048/,2025-11-16T03:17:36Z
16,Storm Claudia,18,Storm Claudia to bring heavy and disruptive rain for many - Met Office,https://www.metoffice.gov.uk/about-us/news-and-media/media-centre/weather-and-climate-news/2025/storm-claudia-to-bring-heavy-and-disruptive-rain-for-many,2025-11-16T03:17:36Z
16,Storm Claudia,19,Storm Claudia live: Cold weather alert issued as more than 100 ...,https://www.the-independent.com/news/uk/home-news/storm-claudia-uk-weather-warnings-flooding-latest-b2864920.html,2025-11-16T03:17:36Z
16,Storm Claudia,20,Portugal remains on alert as Storm Claudia moves towards UK ...,https://www.euronews.com/2025/11/14/portugal-remains-on-alert-as-storm-claudia-moves-towards-uk,2025-11-16T03:17:36Z
17,Adam Azim,1,Adam Azim - BoxRec,https://boxrec.com/en/box-pro/978312,2025-11-16T03:17:41Z
17,Adam Azim,2,Adam Azim - Wikipedia,https://en.wikipedia.org/wiki/Adam_Azim,2025-11-16T03:17:41Z
17,Adam Azim,3,Adam Azim - BoxRec,https://boxrec.com/en/box-am/978312,2025-11-16T03:17:41Z
17,Adam Azim,4,Adam Azim (@adam.azim1) • Instagram photos and videos,https://www.instagram.com/adam.azim1/?hl=en,2025-11-16T03:17:41Z
17,Adam Azim,5,[SPOILER] Adam Azim vs. Kurt Scoby : r/Boxing,https://www.reddit.com/r/Boxing/comments/1oy1tdw/spoiler_adam_azim_vs_kurt_scoby/,2025-11-16T03:17:41Z
17,Adam Azim,6,"Adam Azim on Instagram: ""04/07/25 ~ half of my deen completed ...",https://www.instagram.com/p/DLx44wQIXT5/?hl=en,2025-11-16T03:17:41Z
17,Adam Azim,7,"Adam Azim (""The Assassin"") | Boxer Page | Tapology",https://www.tapology.com/fightcenter/fighters/278208-adam-azim,2025-11-16T03:17:41Z
17,Adam Azim,8,"Zaur Abdullaev withdraws, Adam Azim to remain on Eubank-Benn ...",https://ringmagazine.com/en/news/zaur-abdullaev-withdraws-from-adam-azim-fight-azim-to-remain-on-eubank-benn-card-1,2025-11-16T03:17:41Z
17,Adam Azim,9,Adam Azim (@adamsuperkid) / Posts / X,https://x.com/adamsuperkid?lang=en,2025-11-16T03:17:41Z
17,Adam Azim,10,Adam Azim's secret? Family connection and an 'untouchable' bond ...,https://www.espn.com/boxing/story/_/id/46915976/adam-azim-boxing-secret-shane-mcguigan-family-bond,2025-11-16T03:17:41Z
17,Adam Azim,11,Adam Azim on X,https://x.com/adamsuperkid/status/1971310508537151513,2025-11-16T03:17:41Z
17,Adam Azim,12,Adam Azim eyes all-British world title clash ahead of Eubank Jr ...,https://www.dazn.com/en-US/news/boxing/adam-azim-eyes-dalton-smith-all-british-world-title-clash/12u8tyuzye65z1oafdttir1g4s,2025-11-16T03:17:41Z
17,Adam Azim,13,Boxing: Adam Azim signs contract extension with Ben Shalom's ...,https://www.bbc.com/sport/boxing/articles/ce845yygjn9o,2025-11-16T03:17:41Z
17,Adam Azim,14,Adam Azim on X,https://x.com/adamsuperkid/status/1960465661450178751,2025-11-16T03:17:41Z
17,Adam Azim,15,"Adam Azim vs Sergey Lipinets - 1 Feb 2025, OVO Arena Wembley ...",https://www.boxxer.com/events/adam-azim-vs-sergey-lipinets-1-feb-2025-ovo-arena-wembley/,2025-11-16T03:17:41Z
17,Adam Azim,16,Adam Azim on X,https://x.com/adamsuperkid/status/1925539275082264666,2025-11-16T03:17:41Z
17,Adam Azim,17,Who should Adam Azim fight next?,https://www.facebook.com/skysportsboxing/posts/who-should-adam-azim-fight-next-/1026714636167765/,2025-11-16T03:17:41Z
17,Adam Azim,18,Adam Azim on X,https://x.com/adamsuperkid/status/1730753357973721124?lang=en,2025-11-16T03:17:41Z
17,Adam Azim,19,"Adam Azim - News, Record & Stats, Next Fight & Tickets",https://box.live/boxers/adam-azim/,2025-11-16T03:17:41Z
17,Adam Azim,20,Adam Azim impresses with dominant 12th round stoppage of Kurt ...,https://www.boxingscene.com/articles/adam-azim-impresses-with-dominant-12th-round-stoppage-of-kurt-scoby,2025-11-16T03:17:41Z
18,Trigger,1,Watch Trigger | Netflix Official Site,https://www.netflix.com/title/81696655,2025-11-16T03:17:45Z
18,Trigger,2,Trigger XR - The World's Most Experienced XR Developer and Agency,https://www.triggerxr.com/,2025-11-16T03:17:45Z
18,Trigger,3,TRIGGER Definition & Meaning - Merriam-Webster,https://www.merriam-webster.com/dictionary/trigger,2025-11-16T03:17:45Z
18,Trigger,4,Trigger.dev | Build and deploy fully-managed AI agents and workflows.,https://trigger.dev/,2025-11-16T03:17:45Z
18,Trigger,5,13 States Have Abortion Trigger Bans—Here's What Happens When ...,https://www.guttmacher.org/article/2022/06/13-states-have-abortion-trigger-bans-heres-what-happens-when-roe-overturned,2025-11-16T03:17:45Z
18,Trigger,6,Studio Trigger - Wikipedia,https://en.wikipedia.org/wiki/Studio_Trigger,2025-11-16T03:17:45Z
18,Trigger,7,.trigger() | jQuery API Documentation,https://api.jquery.com/trigger/,2025-11-16T03:17:45Z
18,Trigger,8,Trigger Chicago,https://www.triggerchicago.com/,2025-11-16T03:17:45Z
18,Trigger,9,Trigger: The Life of Willie Nelson's Guitar – Texas Monthly,https://www.texasmonthly.com/arts-entertainment/trigger/,2025-11-16T03:17:45Z
18,Trigger,10,Set up your Zap trigger – Zapier,https://help.zapier.com/hc/en-us/articles/8496288188429-Set-up-your-Zap-trigger,2025-11-16T03:17:45Z
18,Trigger,11,No Trigger,https://www.facebook.com/notrigger/,2025-11-16T03:17:45Z
18,Trigger,12,Why did Chrono Trigger didn't get an anime? : r/chronotrigger,https://www.reddit.com/r/chronotrigger/comments/1i7rccr/why_did_chrono_trigger_didnt_get_an_anime/,2025-11-16T03:17:45Z
18,Trigger,13,MySQL 8.4 Reference Manual :: 27.3.1 Trigger Syntax and Examples,https://dev.mysql.com/doc/refman/8.4/en/trigger-syntax.html,2025-11-16T03:17:45Z
18,Trigger,14,SB 174 Abortion Prohibition Amendments,https://le.utah.gov/~2020/bills/static/sb0174.html,2025-11-16T03:17:45Z
18,Trigger,15,Solved: HubSpot Community - Re: Trigger Workflows on association ...,https://community.hubspot.com/t5/128172-RevOps-Discussions/Trigger-Workflows-on-association-changes/m-p/696796,2025-11-16T03:17:45Z
18,Trigger,16,Timeless: The History of Chrono Trigger | Insert Cartridge,https://medium.com/insert-cartridge/timeless-the-history-of-chrono-trigger-375ce25b481e,2025-11-16T03:17:45Z
18,Trigger,17,Avalanche.org » Trigger,https://avalanche.org/avalanche-encyclopedia/avalanche/trigger/,2025-11-16T03:17:45Z
18,Trigger,18,No Trigger (@notrigger) · Worcester · Instagram photos and videos,https://www.instagram.com/notrigger/?hl=en,2025-11-16T03:17:45Z
18,Trigger,19,Noob question about double trigger : r/armoredcore,https://www.reddit.com/r/armoredcore/comments/1jjonqj/noob_question_about_double_trigger/,2025-11-16T03:17:45Z
18,Trigger,20,Trigger database - Anticipation Hub,https://www.anticipation-hub.org/experience/triggers/trigger-database/trigger-list,2025-11-16T03:17:45Z
19,Kirstie,1,Kirstie Alley - Wikipedia,https://en.wikipedia.org/wiki/Kirstie_Alley,2025-11-16T03:17:49Z
19,Kirstie,2,Kirstie Ennis (@kirstie_ennis) • Instagram photos and videos,https://www.instagram.com/kirstie_ennis/,2025-11-16T03:17:49Z
19,Kirstie,3,Kirstie (TV series) - Wikipedia,https://en.wikipedia.org/wiki/Kirstie_(TV_series),2025-11-16T03:17:49Z
19,Kirstie,4,Kirstie (TV Series 2013–2014) - IMDb,https://www.imdb.com/title/tt2520946/,2025-11-16T03:17:49Z
19,Kirstie,5,Kirstie Brittain-McVey (@kirstiebrittain) • Instagram photos and videos,https://www.instagram.com/kirstiebrittain/?hl=en,2025-11-16T03:17:49Z
19,Kirstie,6,Kirstie Alley (@kirstiealley) / Posts / X,https://x.com/kirstiealley,2025-11-16T03:17:49Z
19,Kirstie,7,Kirstie Kraus,https://www.facebook.com/kirstiekrausmusic/,2025-11-16T03:17:49Z
19,Kirstie,8,Kirstie Allsopp (@KirstieMAllsopp) / Posts / X,https://x.com/KirstieMAllsopp,2025-11-16T03:17:49Z
19,Kirstie,9,Kirstie Ennis,https://www.facebook.com/kirstieennis2/,2025-11-16T03:17:49Z
19,Kirstie,10,"Dr. Kirstie Carmichael, LCSW, DBH | Deep Eddy Psychotherapy ...",https://deepeddypsychotherapy.com/project/kirstie-carmichael-lcsw/,2025-11-16T03:17:49Z
19,Kirstie,11,Remembering the colorful Kirstie Alley - Island Institute,https://www.islandinstitute.org/working-waterfront/remembering-the-colorful-kirstie-alley/,2025-11-16T03:17:49Z
19,Kirstie,12,Obituary information for Kirstie Edith Triden,https://www.spitzerfuneralhome.com/obituaries/Kirstie-Edith-Triden?obId=1082249,2025-11-16T03:17:49Z
19,Kirstie,13,What was the reaction like when Kirstie Alley joined the cast? : r ...,https://www.reddit.com/r/Cheers/comments/17ymok3/what_was_the_reaction_like_when_kirstie_alley/,2025-11-16T03:17:49Z
19,Kirstie,14,"Kirstie Hettinga, Ph.D. | California Lutheran University",https://www.callutheran.edu/faculty/profile.html?id=khetting,2025-11-16T03:17:49Z
19,Kirstie,15,"[TOS Movies] SlashFilm: ""Kirstie Alley Acted Unprofessionally On ...",https://www.reddit.com/r/trektalk/comments/1db8sya/tos_movies_slashfilm_kirstie_alley_acted/,2025-11-16T03:17:49Z
19,Kirstie,16,Kirstie M. Herb-Neff - Investigator | Geisinger,https://www.geisinger.edu/gchs/research/about-gchs-research/find-an-investigator/2024/05/03/15/02/kirstie-m-herb-neff,2025-11-16T03:17:49Z
19,Kirstie,17,"Cummings, Kirstie, Ph.D. | Neurobiology",https://www.uab.edu/medicine/neurobiology/faculty/cummings,2025-11-16T03:17:49Z
19,Kirstie,18,Kirstie Brenson | ArentFox Schiff,https://www.afslaw.com/attorneys/kirstie-brenson,2025-11-16T03:17:49Z
19,Kirstie,19,"Kirstie R Menard, DO | MaineHealth",https://www.mainehealth.org/providers/kirstie-r-menard-do,2025-11-16T03:17:49Z
19,Kirstie,20,Kirstie Wallace | People | Baker Botts,https://www.bakerbotts.com/people/w/wallace-kirstie,2025-11-16T03:17:49Z
20,Denmark,1,Denmark - Wikipedia,https://en.wikipedia.org/wiki/Denmark,2025-11-16T03:17:54Z
20,Denmark,2,Welcome to the official website of Denmark,https://denmark.dk/,2025-11-16T03:17:54Z
20,Denmark,3,Where is Denmark? Wow...let us fill you in!,https://www.visitdenmark.com/,2025-11-16T03:17:54Z
20,Denmark,4,"Denmark | History, Geography, Map, & Culture | Britannica",https://www.britannica.com/place/Denmark,2025-11-16T03:17:54Z
20,Denmark,5,Denmark Technical College,https://www.denmarktech.edu/,2025-11-16T03:17:54Z
20,Denmark,6,Technical University of Denmark - DTU,https://www.dtu.dk/english/,2025-11-16T03:17:54Z
20,Denmark,7,Village of Denmark,https://denmark-wi.org/,2025-11-16T03:17:54Z
20,Denmark,8,Denmark – EU country profile | European Union,https://european-union.europa.eu/principles-countries-history/eu-countries/denmark_en,2025-11-16T03:17:54Z
20,Denmark,9,Ministry of Foreign Affairs of Denmark,https://um.dk/en,2025-11-16T03:17:54Z
20,Denmark,10,"University of Southern Denmark, SDU",https://www.sdu.dk/en,2025-11-16T03:17:54Z
20,Denmark,11,Denmark Joins the List of Countries That Have Sharply Restricted ...,https://segm.org/Denmark-sharply-restricts-youth-gender-transitions,2025-11-16T03:17:54Z
20,Denmark,12,Denmark in the USA,https://usa.um.dk/en,2025-11-16T03:17:54Z
20,Denmark,13,Denmark | International Health Care System Profiles ...,https://www.commonwealthfund.org/international-health-policy-center/countries/denmark,2025-11-16T03:17:54Z
20,Denmark,14,California and Denmark sign new partnership on climate ...,https://www.gov.ca.gov/2025/08/22/california-and-denmark-sign-new-partnership-on-climate-technology-efforts/,2025-11-16T03:17:54Z
20,Denmark,15,Denmark's 40% Increased Pledge to World Bank's IDA,https://www.worldbank.org/en/news/press-release/2024/09/23/-denmark-announces-40-increase-in-pledge-to-world-bank-s-ida,2025-11-16T03:17:54Z
20,Denmark,16,Travel advice and advisories for Denmark,https://travel.gc.ca/destinations/denmark,2025-11-16T03:17:54Z
20,Denmark,17,Denmark | Data,https://data.worldbank.org/country/denmark,2025-11-16T03:17:54Z
20,Denmark,18,Children and Gender Inequality: Evidence from Denmark - American ...,https://www.aeaweb.org/articles?id=10.1257/app.20180010,2025-11-16T03:17:54Z
20,Denmark,19,Denmark - The World Factbook,https://www.cia.gov/the-world-factbook/countries/denmark/,2025-11-16T03:17:54Z
20,Denmark,20,Danish presidency of the Council of the European Union,https://danish-presidency.consilium.europa.eu/,2025-11-16T03:17:54Z
21,England,1,England - Wikipedia,https://en.wikipedia.org/wiki/England,2025-11-16T03:17:58Z
21,England,2,England Rugby,https://www.englandrugby.com/,2025-11-16T03:17:58Z
21,England,3,Arts Council England,https://www.artscouncil.org.uk/,2025-11-16T03:17:58Z
21,England,4,England Football | Home,https://www.englandfootball.com/,2025-11-16T03:17:58Z
21,England,5,"England | History, Map, Flag, Population, Cities, & Facts | Britannica",https://www.britannica.com/place/England,2025-11-16T03:17:58Z
21,England,6,"Search the List – Find listed buildings, monuments, battlefields and ...",https://historicengland.org.uk/listing/the-list/,2025-11-16T03:17:58Z
21,England,7,England and Wales Cricket Board (ECB) - The Official Website of the ...,https://www.ecb.co.uk/,2025-11-16T03:17:58Z
21,England,8,Natural England - GOV.UK,https://www.gov.uk/government/organisations/natural-england,2025-11-16T03:17:58Z
21,England,9,Bank of England: Home,https://www.bankofengland.co.uk/,2025-11-16T03:17:58Z
21,England,10,"The website for the English Football Association, Emirates FA Cup ...",https://www.thefa.com/,2025-11-16T03:17:58Z
21,England,11,C.R. England Trucking,https://www.crengland.com/,2025-11-16T03:17:58Z
21,England,12,England Furniture,https://www.englandfurniture.com/,2025-11-16T03:17:58Z
21,England,13,England - YouTube,https://www.youtube.com/@england,2025-11-16T03:17:58Z
21,England,14,The Church of England: Home,https://www.churchofengland.org/,2025-11-16T03:17:58Z
21,England,15,England Short Break & Trip Itineraries Ideas from VisitEngland,https://www.visitengland.com/,2025-11-16T03:17:58Z
21,England,16,Sport England: Home | Uniting | The | Movement,https://www.sportengland.org/,2025-11-16T03:17:58Z
21,England,17,TASIS - The American International School in England - IB School,https://www.tasisengland.org/,2025-11-16T03:17:58Z
21,England,18,New England Aquarium in Boston - Protecting Animals & the Ocean,https://www.neaq.org/,2025-11-16T03:17:58Z
21,England,19,Genomics England: Homepage,https://www.genomicsengland.co.uk/,2025-11-16T03:17:58Z
21,England,20,"England Scores, Stats and Highlights - ESPN",https://www.espn.com/soccer/team/_/id/448/england,2025-11-16T03:17:58Z
22,Bill Clinton,1,Bill Clinton - Wikipedia,https://en.wikipedia.org/wiki/Bill_Clinton,2025-11-16T03:18:02Z
22,Bill Clinton,2,Bill Clinton (@BillClinton) / Posts / X,https://x.com/BillClinton,2025-11-16T03:18:02Z
22,Bill Clinton,3,Homepage | William J. Clinton Presidential Library and Museum,https://www.clintonlibrary.gov/home,2025-11-16T03:18:02Z
22,Bill Clinton,4,Clinton Foundation: Home,https://www.clintonfoundation.org/,2025-11-16T03:18:02Z
22,Bill Clinton,5,Clinton Biographies | William J. Clinton Presidential Library and ...,https://www.clintonlibrary.gov/research/clinton-biographies,2025-11-16T03:18:02Z
22,Bill Clinton,6,"For 50 years, you have kept me thinking, laughing, and growing ...",https://www.facebook.com/billclinton/posts/for-50-years-you-have-kept-me-thinking-laughing-and-growing-you-inspire-me-every/1373006050847988/,2025-11-16T03:18:02Z
22,Bill Clinton,7,William J. Clinton - White House Historical Association,https://www.whitehousehistory.org/bios/william-clinton,2025-11-16T03:18:02Z
22,Bill Clinton,8,My statement on the ceasefire between Israel and Hamas:,https://www.facebook.com/billclinton/posts/1375070267308233/,2025-11-16T03:18:02Z
22,Bill Clinton,9,President Clinton's 1996 State of the Union Address as delivered,https://clintonwhitehouse4.archives.gov/WH/New/other/sotu.html,2025-11-16T03:18:02Z
22,Bill Clinton,10,The Clinton Presidency: Expanding Education Opportunity,https://clintonwhitehouse5.archives.gov/WH/Accomplishments/eightyears-05.html,2025-11-16T03:18:02Z
22,Bill Clinton,11,"Bill Clinton - Presidency, Age & Facts",https://www.biography.com/political-figures/bill-clinton,2025-11-16T03:18:02Z
22,Bill Clinton,12,"Bill Clinton | Biography, Presidency, Impeachment, & Facts | Britannica",https://www.britannica.com/biography/Bill-Clinton,2025-11-16T03:18:02Z
22,Bill Clinton,13,Address Before a Joint Session of the Congress on the State of the ...,https://www.presidency.ucsb.edu/documents/address-before-joint-session-the-congress-the-state-the-union-11,2025-11-16T03:18:02Z
22,Bill Clinton,14,Presidential Approval Ratings -- Bill Clinton | Gallup Historical Trends,https://news.gallup.com/poll/116584/presidential-approval-ratings-bill-clinton.aspx,2025-11-16T03:18:02Z
22,Bill Clinton,15,First Inaugural Address of William J. Clinton - The Avalon Project,https://avalon.law.yale.edu/20th_century/clinton1.asp,2025-11-16T03:18:02Z
22,Bill Clinton,16,"Remarks at Vietnam National University in Hanoi, Vietnam | The ...",https://www.presidency.ucsb.edu/documents/remarks-vietnam-national-university-hanoi-vietnam,2025-11-16T03:18:02Z
22,Bill Clinton,17,William J. Clinton | National Portrait Gallery,https://npg.si.edu/learn/access-programs/verbal-description-tours/william-j-clinton,2025-11-16T03:18:02Z
22,Bill Clinton,18,William Jefferson Clinton - National Governors Association,https://www.nga.org/governor/william-jefferson-clinton/,2025-11-16T03:18:02Z
22,Bill Clinton,19,"Bill Clinton on X: ""Jackie Avant was a wonderful woman, a great ...",https://twitter.com/billclinton/status/1466132862164480001,2025-11-16T03:18:02Z
22,Bill Clinton,20,Articles of Impeachment Against William Jefferson Clinton,https://www.congress.gov/105/bills/hres611/BILLS-105hres611enr.pdf,2025-11-16T03:18:02Z
23,Catterall,1,Jack Catterall - BoxRec,https://boxrec.com/en/box-pro/623843,2025-11-16T03:18:07Z
23,Catterall,2,Jack Catterall - Wikipedia,https://en.wikipedia.org/wiki/Jack_Catterall,2025-11-16T03:18:07Z
23,Catterall,3,JAKE CATTERALL | Runner (@jakecatterall) • Instagram photos and ...,https://www.instagram.com/jakecatterall/?hl=en,2025-11-16T03:18:07Z
23,Catterall,4,Simon Catterall - College of Arts & Sciences at Syracuse University,https://artsandsciences.syracuse.edu/people/faculty/catterall-simon/,2025-11-16T03:18:07Z
23,Catterall,5,James Catterall,https://senate.universityofcalifornia.edu/in-memoriam/files/james-catterall.html,2025-11-16T03:18:07Z
23,Catterall,6,"CDR David J. Catterall > Naval Surface Force, U.S. Pacific Fleet ...",https://www.surfpac.navy.mil/Leaders/Biography/Article/2825840/cdr-david-j-catterall/,2025-11-16T03:18:07Z
23,Catterall,7,"Remembering Bill Catterall, ion channel research pioneer - UW ...",https://newsroom.uw.edu/blog/remembering-bill-catterall-ion-channel-research-pioneer,2025-11-16T03:18:07Z
23,Catterall,8,Kate Catterall | School of Design and Creative Technologies - The ...,https://designcreativetech.utexas.edu/kate-catterall,2025-11-16T03:18:07Z
23,Catterall,9,Obituary information for Robert Frederick Catterall,https://www.crowellbrothers.com/obituaries/Robert-Frederick-Catterall?obId=36546647,2025-11-16T03:18:07Z
23,Catterall,10,What's next for Jack Catterall? Looks like they want a world title shot ...,https://www.reddit.com/r/Boxing/comments/1d1nrla/whats_next_for_jack_catterall_looks_like_they/,2025-11-16T03:18:07Z
23,Catterall,11,"Natalie Catterall, PT, DPT | NYU Langone Health",https://nyulangone.org/doctors/1710517990/natalie-catterall,2025-11-16T03:18:07Z
23,Catterall,12,Mark F Catterall - WellSpan Health,https://www.wellspan.org/doctors/mark-f-catterall-york-pa-2620121,2025-11-16T03:18:07Z
23,Catterall,13,Sena Catterall - Women's Hockey - Clarkson University Athletics,https://clarksonhockey.com/sports/womens-ice-hockey/roster/sena-catterall/9011,2025-11-16T03:18:07Z
23,Catterall,14,Lauren Catterall | SIU School of Medicine,https://www.siumed.edu/lauren-catterall,2025-11-16T03:18:07Z
23,Catterall,15,[Post-Fight Thread] Josh Taylor vs Jack Catterall : r/Boxing,https://www.reddit.com/r/Boxing/comments/t2a32t/postfight_thread_josh_taylor_vs_jack_catterall/,2025-11-16T03:18:07Z
23,Catterall,16,"Kenneth Catterall Obituary April 9, 2025 - Memorial Funeral Homes",https://www.memorialfuneralhome.com/obituaries/kenneth-catterall,2025-11-16T03:18:07Z
23,Catterall,17,"""A History of STEM and STEAM"" by Lisa G. Catterall",https://scholarship.claremont.edu/steam/vol3/iss1/5/,2025-11-16T03:18:07Z
23,Catterall,18,Mark Catterall - Soccer Coach - App State Athletics,https://appstatesports.com/sports/womens-soccer/roster/coaches/mark-catterall/1615,2025-11-16T03:18:07Z
23,Catterall,19,Voltage-gated calcium channels,https://pubmed.ncbi.nlm.nih.gov/21746798/,2025-11-16T03:18:07Z
23,Catterall,20,"In memoriam: James Catterall, professor of education renowned for ...",https://newsroom.ucla.edu/stories/in-memoriam-james-catterall-professor-of-education-renowned-for-studying-arts-and-education,2025-11-16T03:18:07Z
24,George Ford,1,George Ford (rugby union) - Wikipedia,https://en.wikipedia.org/wiki/George_Ford_(rugby_union),2025-11-16T03:18:11Z
24,George Ford,2,George Ford (@george_fordy) • Instagram photos and videos,https://www.instagram.com/george_fordy/?hl=en,2025-11-16T03:18:11Z
24,George Ford,3,George Ford | U-M LSA Physics,https://lsa.umich.edu/physics/people/emeritus/gwf.html,2025-11-16T03:18:11Z
24,George Ford,4,George Ford on Instagram,https://www.instagram.com/p/DNGo3cyNbNg/?hl=en,2025-11-16T03:18:11Z
24,George Ford,5,"I'm George Ford, AMA! : r/rugbyunion",https://www.reddit.com/r/rugbyunion/comments/1avo0cl/im_george_ford_ama/,2025-11-16T03:18:11Z
24,George Ford,6,George Ford player profile page,https://www.englandrugby.com/follow/england-men/senior-men/george-ford,2025-11-16T03:18:11Z
24,George Ford,7,AdvantageCARE | Ken Garff St. George Ford,https://www.kengarffstgeorgeford.com/advantagecare/,2025-11-16T03:18:11Z
24,George Ford,8,"Dr. George Ford | College of Architecture, Art, and Design",https://www.caad.msstate.edu/directory/gdf53,2025-11-16T03:18:11Z
24,George Ford,9,"Ken Garff St. George Ford | Ford Dealer in Saint George, UT",https://www.kengarffstgeorgeford.com/,2025-11-16T03:18:11Z
24,George Ford,10,"George A Ford MD, Internal Medicine | Methodist Physician ...",https://methodistphysicianpractices.com/physicians/profile/Dr-George-A-Ford-MD,2025-11-16T03:18:11Z
24,George Ford,11,George M. Ford | Conn Kavanaugh,https://www.connkavanaugh.com/professionals/george-m-ford/,2025-11-16T03:18:11Z
24,George Ford,12,"George A. Ford, MD in Johnson City, TN | Ballad Health",https://www.balladhealth.org/doctor-profile/1750525713/george-a-ford-md,2025-11-16T03:18:11Z
24,George Ford,13,Professional Staff - Phoenix Center for Advanced Legal & Economic ...,https://www.phoenix-center.org/pcps.html,2025-11-16T03:18:11Z
24,George Ford,14,New Ford Models For Sale | King George Ford Dealer,https://www.baysideford.com/new-inventory/index.htm,2025-11-16T03:18:11Z
24,George Ford,15,George Ford - IMDb,https://www.imdb.com/name/nm0285660/,2025-11-16T03:18:11Z
24,George Ford,16,"Bayside Ford: New & Used Ford Dealership in King George, VA",https://www.baysideford.com/,2025-11-16T03:18:11Z
24,George Ford,17,George Ford,https://www.facebook.com/GeorgeFord/,2025-11-16T03:18:11Z
24,George Ford,18,"George Ford, M.D. | ETSU Health",https://www.etsuhealth.org/find-a-doctor/endocrinology/george_ford.php,2025-11-16T03:18:11Z
24,George Ford,19,Did anyone attend George Ford Elementary School?,https://www.facebook.com/groups/219031855536066/posts/1707573213348582/,2025-11-16T03:18:11Z
24,George Ford,20,"George Ford, MD, MS",https://www.etsu.edu/com/pediatrics/divisions/ford.php,2025-11-16T03:18:11Z
25,GAME ON,1,Game On | Boston's Premier Dining & Entertainment Venue,https://www.gameonboston.com/,2025-11-16T03:18:15Z
25,GAME ON,2,Game On - Fort Worth,https://www.gameonfw.com/,2025-11-16T03:18:15Z
25,GAME ON,3,Game On® | Sunglo Feeds,https://sunglofeeds.com/products/game-on/,2025-11-16T03:18:15Z
25,GAME ON,4,Game On Games - Games and Comics,https://gameongames.com/,2025-11-16T03:18:15Z
25,GAME ON,5,Game On Arizona - Prescott,https://www.gameonarizona.com/,2025-11-16T03:18:15Z
25,GAME ON,6,GameOn Bar+Arcade: Arcade Gaming,http://www.gameonbararcade.com/,2025-11-16T03:18:15Z
25,GAME ON,7,Game On Social Hub,http://gameonsocialhub.com/,2025-11-16T03:18:15Z
25,GAME ON,8,Game On (B&N Exclusive Edition) (Into Darkness Series #3) by ...,https://www.barnesandnoble.com/w/game-on-navessa-allen/1148120629,2025-11-16T03:18:15Z
25,GAME ON,9,GAME ON | Mohegan Sun,https://mohegansun.com/poi/dining/game-on.html,2025-11-16T03:18:15Z
25,GAME ON,10,Game On – Westside Strongside,https://gameonsb.com/,2025-11-16T03:18:15Z
25,GAME ON,11,Amusement and Casino Game Rentals — Game On! - Dallas,https://gameondallas.com/,2025-11-16T03:18:15Z
25,GAME ON,12,Game On Berkeley Berkeley | Hands-On Fun in Berkeley,https://www.gameonberkeley.com/,2025-11-16T03:18:15Z
25,GAME ON,13,Game On Mohegan Sun,https://gameonmohegan.com/,2025-11-16T03:18:15Z
25,GAME ON,14,Game On Sports & Performance Center - A State of the Arts Facility,https://www.gameonfitchburg.com/,2025-11-16T03:18:15Z
25,GAME ON,15,GAME-ON & OncoArray | EGRP/DCCPS/NCI/NIH,https://epi.grants.cancer.gov/gameon/,2025-11-16T03:18:15Z
25,GAME ON,16,Releasing a game on Steam : r/gamedev,https://www.reddit.com/r/gamedev/comments/18c3aof/releasing_a_game_on_steam/,2025-11-16T03:18:15Z
25,GAME ON,17,Game On NW,https://gameonnw.com/,2025-11-16T03:18:15Z
25,GAME ON,18,Game On - Augusta,https://gameoncafe.crystalcommerce.com/,2025-11-16T03:18:15Z
25,GAME ON,19,Game On! Now Open at Minnesota Children's Museum - Minnesota ...,https://mcm.org/game-on-now-open-at-minnesota-childrens-museum/,2025-11-16T03:18:15Z
25,GAME ON,20,Game On 1 - Accessibility Controller,https://www.pretorianuk.com/game-on-1/,2025-11-16T03:18:15Z
1,#EubankBenn2,1,We have a fight #EubankBenn2,https://www.facebook.com/boxingnewsonline/posts/we-have-a-fight-eubankbenn2/1372273664260785/,2025-11-16T14:11:40Z
1,#EubankBenn2,2,8 DAYS. #EubankBenn2,https://www.instagram.com/p/DQw75vmjIiq/,2025-11-16T14:11:40Z
1,#EubankBenn2,3,"Man, ain't nothing like a fight in the UK. #EubankBenn2",https://x.com/AndreasHale/status/1989812979144298946,2025-11-16T14:11:40Z
1,#EubankBenn2,4,2 WEEKS #EubankBenn2,https://www.instagram.com/p/DQgjAuNDMDW/,2025-11-16T14:11:40Z
1,#EubankBenn2,5,50 Cent watching Chris Eubank Jr. tonight. #EubankBenn2,https://x.com/AndreasHale/status/1989828869558530398,2025-11-16T14:11:40Z
1,#EubankBenn2,6,Any pubs showing #EubankBenn2 this Saturday? : r/Dublin,https://www.reddit.com/r/Dublin/comments/1ouex17/any_pubs_showing_eubankbenn2_this_saturday/,2025-11-16T14:11:40Z
1,#EubankBenn2,7,#EubankBenn2 @ChrisEubankJr,https://x.com/nickblackwell02/status/1989725536281661816,2025-11-16T14:11:40Z
1,#EubankBenn2,8,Conor Benn: All About Eubank | MATCHROOM: THE GREATEST ...,https://www.youtube.com/shorts/iV_PqzB4xSs,2025-11-16T14:11:40Z
1,#EubankBenn2,9,Ring walk with a full length is truly legendary work!! #EubankBenn2,https://x.com/johntalsr/status/1989815068893352201,2025-11-16T14:11:40Z
1,#EubankBenn2,10,#EubankBenn2 results: Adam Azim def. Kurt Scoby via 12th-round ...,https://twitter.com/MMAFighting/status/1989791049355559008,2025-11-16T14:11:40Z
1,#EubankBenn2,11,Expect to see Eubank on the canvas at this rate #EubankBenn2,https://x.com/JordanAmblin/status/1989821945093705837,2025-11-16T14:11:40Z
1,#EubankBenn2,12,#EubankBenn2 results: Richard Riakporhe def. Tommy Welch via ...,https://twitter.com/MMAFighting/status/1989771343840063841,2025-11-16T14:11:40Z
1,#EubankBenn2,13,"Thank you, James #EubankBenn2",https://x.com/spike_osullivan/status/1989838021688992019,2025-11-16T14:11:40Z
1,#EubankBenn2,14,#boxing #liveevents #eubankbenn2 | Daniel J.,https://www.linkedin.com/posts/daniel-j-7870631ab_boxing-liveevents-eubankbenn2-activity-7392132503941160960-TzNF,2025-11-16T14:11:40Z
1,#EubankBenn2,15,Dag. #EubankBenn2,https://x.com/rosieperezbklyn/status/1989828473012294090,2025-11-16T14:11:40Z
1,#EubankBenn2,16,Chris Eubank Benn 2 | TikTok,https://www.tiktok.com/discover/chris-eubank-benn-2,2025-11-16T14:11:40Z
1,#EubankBenn2,17,@DAZNBoxing #EubankBenn2,https://x.com/rosieperezbklyn/status/1989816184825659789,2025-11-16T14:11:40Z
1,#EubankBenn2,18,It's the week of #EubankBenn2. I'll be commentating with the team ...,https://x.com/RawlingJohn/status/1987495407908204845,2025-11-16T14:11:40Z
1,#EubankBenn2,19,Eubank doesn't look the same right now… #EubankBenn2,https://x.com/nicoaliwalsh/status/1989821572757213588,2025-11-16T14:11:40Z
1,#EubankBenn2,20,I asked who will win #EubankBenn2. 75% go for Eubank. Follow the ...,https://x.com/RawlingJohn/status/1987891044231381446,2025-11-16T14:11:40Z
2,#UFC322,1,VeChain UFC 322: Della Maddalena vs Makhachev | UFC,https://www.ufc.com/event/ufc-322,2025-11-16T14:11:44Z
2,#UFC322,2,UFC 322 - Wikipedia,https://en.wikipedia.org/wiki/UFC_322,2025-11-16T14:11:44Z
2,#UFC322,3,UFC 322: Della Maddalena vs. Makhachev Fight Results - ESPN,https://www.espn.com/mma/fightcenter/_/id/600055729/league/ufc,2025-11-16T14:11:44Z
2,#UFC322,4,Islam & Khabib. Legendary #UFC322,https://www.facebook.com/ESPN/posts/islam-khabib-legendary-ufc322/4127659492062957/,2025-11-16T14:11:44Z
2,#UFC322,5,UFC 322: Della Maddalena vs. Makhachev | MMA Event | Tapology,https://www.tapology.com/fightcenter/events/132653-ufc-322,2025-11-16T14:11:44Z
2,#UFC322,6,#UFC322,https://www.facebook.com/bulletvalentina/posts/ufc322-/1376201377203927/,2025-11-16T14:11:44Z
2,#UFC322,7,Day 3 in NYC! #ufc322 #nyc #Robocop #newyork,https://x.com/gregory_mma/status/1989051120434704579,2025-11-16T14:11:44Z
2,#UFC322,8,Training camp #UFC322,https://www.facebook.com/bulletvalentina/posts/training-camp-ufc322-/1367485044742227/,2025-11-16T14:11:44Z
2,#UFC322,9,Robocop in the New York vibe #ufc322 #nyc #robocop #nyc,https://x.com/gregory_mma/status/1989168375403278564,2025-11-16T14:11:44Z
2,#UFC322,10,ISLAM MAKHACHEV HAS DONE IT THE NEW WELTERWEIGHT ...,https://www.facebook.com/SportsCenter/posts/islam-makhachev-has-done-it-the-new-welterweight-champ-ufc322/1398727348282491/,2025-11-16T14:11:44Z
2,#UFC322,11,"Serhiy Sidey is out of #UFC322, multiple sources say. Malcolm ...",https://www.reddit.com/r/MMA/comments/1o5ya6g/serhiy_sidey_is_out_of_ufc322_multiple_sources/,2025-11-16T14:11:44Z
2,#UFC322,12,UFC 322 | Combat Sports | Madison Square Garden,https://www.msg.com/events-tickets/ultimate-fighting-championship-ufc-madison-square-garden-november-2025/3B00631D915A0CB0,2025-11-16T14:11:44Z
2,#UFC322,13,9 of the best Covers #UFC322 : r/ufc,https://www.reddit.com/r/ufc/comments/1oxl63w/9_of_the_best_covers_ufc322/,2025-11-16T14:11:44Z
2,#UFC322,14,'What a disappointment of a champion': Ilia Topuria blasts Islam ...,https://sports.yahoo.com/mma/breaking-news/article/what-a-disappointment-of-a-champion-ilia-topuria-blasts-islam-makhachev-after-ufc-322-other-fighters-react-070810841.html,2025-11-16T14:11:44Z
2,#UFC322,15,UFC 322: Della Maddalena vs Makhachev Live Stream on Kayo PPV,https://mainevent.kayosports.com.au/ufc/ufc-322,2025-11-16T14:11:44Z
2,#UFC322,16,[OffIcIaL!#STREAMs]UFC322 LIVE Ｓｔｒｅａｍｓ Ｆｒｅｅ ＯＮ ...,https://library.fortlewis.edu/Portals/7/LiveForms/temp/video-ufc-tonight-gftgdsaus-media0000000d6544t5th.html,2025-11-16T14:11:44Z
2,#UFC322,17,UFC 322: Della Maddalena vs. Makhachev Fight Results - ESPN (IN),https://www.espn.in/mma/fightcenter/_/id/600055729/league/ufc,2025-11-16T14:11:44Z
2,#UFC322,18,UFC 322: Della Maddalena vs. Makhachev Fight Results - ESPN (UK),https://www.espn.co.uk/mma/fightcenter/_/id/600055729/league/ufc,2025-11-16T14:11:44Z
2,#UFC322,19,UFC 322 - Della Maddalena vs. Makhachev,https://www.sherdog.com/events/UFC-322-Della-Maddalena-vs-Makhachev-109394,2025-11-16T14:11:44Z
2,#UFC322,20,"UFC 322 card, results, highlights, winners from Islam Makhachev vs ...",https://www.cbssports.com/ufc/news/ufc-322-fight-card-date-odds-location-start-time-rumors-latest-news-complete-guide/,2025-11-16T14:11:44Z
3,Hanley,1,"Hanley Ramírez Stats, Height, Weight, Position, Rookie Status ...",https://www.baseball-reference.com/players/r/ramirha01.shtml,2025-11-16T14:11:49Z
3,Hanley,2,Hanley Foundation,https://hanleyfoundation.org/,2025-11-16T14:11:49Z
3,Hanley,3,Hanley Center,https://www.hanleycenter.org/,2025-11-16T14:11:49Z
3,Hanley,4,Hanley Investment Group: Home,https://hanleyinvestmentgroup.com/,2025-11-16T14:11:49Z
3,Hanley,5,"Historic Hanley House | City of Clayton, MO",https://www.claytonmo.gov/government/parks-recreation/historic-hanley-house,2025-11-16T14:11:49Z
3,Hanley,6,Obituary information for Patricia Hanley,https://www.flinchandbruns.com/obituaries/Patricia-Hanley?obId=45868640,2025-11-16T14:11:49Z
3,Hanley,7,Framing Hanley | Nashville TN,https://www.facebook.com/FramingHanley/,2025-11-16T14:11:49Z
3,Hanley,8,Three arrests after man and woman assaulted in Hanley,https://www.bbc.com/news/articles/cgkz3y8z0k6o,2025-11-16T14:11:49Z
3,Hanley,9,Hanley's Foods: Salad Fixin's for Salad Lovers,https://hanleysfoods.com/,2025-11-16T14:11:49Z
3,Hanley,10,Hanley Virus Lab!,https://hanleyviruslab.nmsu.edu/,2025-11-16T14:11:49Z
3,Hanley,11,"Research Profile - Patrick J. Hanley, PhD | Children's National ...",https://research.childrensnational.org/people/patrick-hanley,2025-11-16T14:11:49Z
3,Hanley,12,Daniel Hanley | GMU College of Science,https://science.gmu.edu/directory/daniel-hanley,2025-11-16T14:11:49Z
3,Hanley,13,"Dr. Dan Hanley Jr., MD - Baltimore, MD - Neurology",https://profiles.hopkinsmedicine.org/provider/dan-hanley-jr/2705440,2025-11-16T14:11:49Z
3,Hanley,14,Will Hanley | Department of History,https://history.fsu.edu/person/will-hanley,2025-11-16T14:11:49Z
3,Hanley,15,"Hanley Sustainability Institute : University of Dayton, Ohio",https://udayton.edu/centers/hanley-sustainability/index.php,2025-11-16T14:11:49Z
3,Hanley,16,Department of History Staff | Western Kentucky University,https://www.wku.edu/history/staff/jennifer_walton-hanley,2025-11-16T14:11:49Z
3,Hanley,17,Office of the President | Northeastern State University,https://offices.nsuok.edu/president/default.aspx,2025-11-16T14:11:49Z
3,Hanley,18,Hanley House : Residence Halls : Housing and Residence Education,https://housing.osu.edu/roomsearch/hanley-house,2025-11-16T14:11:49Z
3,Hanley,19,Eileen Mary Hanley Obituary - Visitation & Funeral Information,https://www.piercefh.com/m/obituaries/eileen-hanley/,2025-11-16T14:11:49Z
3,Hanley,20,Kathleen Weiss Hanley | Lehigh Business,https://business.lehigh.edu/directory/kathleen-weiss-hanley,2025-11-16T14:11:49Z
4,Epstein,1,Jeffrey Epstein - Wikipedia,https://en.wikipedia.org/wiki/Jeffrey_Epstein,2025-11-16T14:11:53Z
4,Epstein,2,Multi-disciplinary Design and Construction | Epstein,https://www.epsteinglobal.com/,2025-11-16T14:11:53Z
4,Epstein,3,"Indictment, JEFFREY EPSTEIN",https://www.justice.gov/usao-sdny/press-release/file/1180481/dl,2025-11-16T14:11:53Z
4,Epstein,4,Jeffrey Epstein cultivated celebrity relationships for years. Many ...,https://www.cbsnews.com/news/jeffrey-epstein-celebrity-relationships-documents/,2025-11-16T14:11:53Z
4,Epstein,5,Who was Jeffrey Epstein? The disgraced financier with powerful ...,https://www.bbc.com/news/world-us-canada-48913377,2025-11-16T14:11:53Z
4,Epstein,6,Listen To The Jeffrey Epstein Tapes: 'I Was Donald Trump's Closest ...,https://docs.house.gov/meetings/JU/JU08/20250227/117951/HHRG-119-JU08-20250227-SD006-U6.pdf,2025-11-16T14:11:53Z
4,Epstein,7,Oversight Committee Releases Additional Epstein Estate Documents,https://oversight.house.gov/release/oversight-committee-releases-additional-epstein-estate-documents/,2025-11-16T14:11:53Z
4,Epstein,8,Epstein Becker Green - Law Firm,https://www.ebglaw.com/,2025-11-16T14:11:53Z
4,Epstein,9,Harvey Epstein - Assembly District 74 |Assembly Member Directory ...,https://nyassembly.gov/mem/Harvey-Epstein/contact/,2025-11-16T14:11:53Z
4,Epstein,10,Watch Jeffrey Epstein: Filthy Rich | Netflix Official Site,https://www.netflix.com/title/80224905,2025-11-16T14:11:53Z
4,Epstein,11,Text - H.R.4405 - 119th Congress (2025-2026): Epstein Files ...,https://www.congress.gov/bill/119th-congress/house-bill/4405/text,2025-11-16T14:11:53Z
4,Epstein,12,Epstein White House Briefing Cold Open - SNL - YouTube,https://www.youtube.com/watch?v=hkF1R0oe8OA,2025-11-16T14:11:53Z
4,Epstein,13,Text - H.Res.581 - 119th Congress (2025-2026): Providing for ...,https://www.congress.gov/bill/119th-congress/house-resolution/581/text,2025-11-16T14:11:53Z
4,Epstein,14,Jason I. Epstein - Nelson Mullins,https://www.nelsonmullins.com/professionals/jason-epstein,2025-11-16T14:11:53Z
4,Epstein,15,"Laurence Mark Epstein, MD | Northwell Health",https://www.northwell.edu/find-care/find-a-doctor/dr-laurence-mark-epstein-md-1457318859,2025-11-16T14:11:53Z
4,Epstein,16,Richard Epstein - Overview | NYU School of Law,https://its.law.nyu.edu/facultyprofiles/index.cfm?fuseaction=profile.overview&personid=26355,2025-11-16T14:11:53Z
4,Epstein,17,Shira Eve Epstein | The City College of New York,https://www.ccny.cuny.edu/profiles/shira-eve-epstein,2025-11-16T14:11:53Z
4,Epstein,18,Dr. Marc E. Epstein,https://www.cdfa.ca.gov/plant/ppd/staff/mepstein.html,2025-11-16T14:11:53Z
4,Epstein,19,House Oversight Committee Releases Jeffrey Epstein Email ...,https://oversightdemocrats.house.gov/news/press-releases/house-oversight-committee-releases-jeffrey-epstein-email-correspondence-raising,2025-11-16T14:11:53Z
4,Epstein,20,Epstein-Barr viral DNA in tissues of Hodgkin's disease,https://pubmed.ncbi.nlm.nih.gov/2821817/,2025-11-16T14:11:53Z
5,Trump,1,Donald Trump - Wikipedia,https://en.wikipedia.org/wiki/Donald_Trump,2025-11-16T14:11:58Z
5,Trump,2,The Trump Organization | Luxury Real Estate Portfolio,https://www.trump.com/,2025-11-16T14:11:58Z
5,Trump,3,President Donald J. Trump,https://www.whitehouse.gov/administration/donald-j-trump/,2025-11-16T14:11:58Z
5,Trump,4,Donald J. Trump (@realDonaldTrump) / Posts / X,https://x.com/realDonaldTrump,2025-11-16T14:11:58Z
5,Trump,5,Trump Winery,https://www.trumpwinery.com/,2025-11-16T14:11:58Z
5,Trump,6,Donald J. Trump news | CNN Politics,https://www.cnn.com/politics/president-donald-trump-47,2025-11-16T14:11:58Z
5,Trump,7,Donald Trump | Breaking News & Latest Updates | AP News,https://apnews.com/hub/donald-trump,2025-11-16T14:11:58Z
5,Trump,8,23-939 Trump v. United States (07/01/2024),https://www.supremecourt.gov/opinions/23pdf/23-939_e2pg.pdf,2025-11-16T14:11:58Z
5,Trump,9,Luxury Hotels | Trump Hotels - Official Website | 5 Star Hotels,https://www.trumphotels.com/,2025-11-16T14:11:58Z
5,Trump,10,President Donald J. Trump's Call with President Vladimir Putin - U.S. ...,https://ru.usembassy.gov/president-donald-j-trumps-call-with-president-vladimir-putin/,2025-11-16T14:11:58Z
5,Trump,11,President Donald J. Trump (@realdonaldtrump) • Instagram photos ...,https://www.instagram.com/realdonaldtrump/?hl=en,2025-11-16T14:11:58Z
5,Trump,12,Donald J. Trump – The White House,https://trumpwhitehouse.archives.gov/people/donald-j-trump/,2025-11-16T14:11:58Z
5,Trump,13,Latest Donald Trump News | Top Headlines on Donald Trump ...,https://www.reuters.com/world/us/donald-trump/,2025-11-16T14:11:58Z
5,Trump,14,"Donald Trump - Breaking News, Photos and Videos | The Hill",https://thehill.com/people/donald-trump/,2025-11-16T14:11:58Z
5,Trump,15,Listen To The Jeffrey Epstein Tapes: 'I Was Donald Trump's Closest ...,https://docs.house.gov/meetings/JU/JU08/20250227/117951/HHRG-119-JU08-20250227-SD006-U6.pdf,2025-11-16T14:11:58Z
5,Trump,16,Donald Trump - CNBC,https://www.cnbc.com/donald-trump/,2025-11-16T14:11:58Z
5,Trump,17,Office of the Pardon Attorney | Clemency Grants by President ...,https://www.justice.gov/pardon/clemency-grants-president-donald-j-trump-2025-present,2025-11-16T14:11:58Z
5,Trump,18,Pacito v. Trump: Challenging Trump's suspension of USRAP ...,https://refugeerights.org/news-resources/pacito-v-trump-challenging-trumps-suspension-of-usrap,2025-11-16T14:11:58Z
5,Trump,19,"V.O.S. SELECTIONS, INC. v. TRUMP [OPINION]",https://www.cafc.uscourts.gov/opinions-orders/25-1812.OPINION.8-29-2025_2566151.pdf,2025-11-16T14:11:58Z
5,Trump,20,Trump administration | The Guardian,https://www.theguardian.com/us-news/trump-administration,2025-11-16T14:11:58Z
6,50 Cent,1,50 Cent - Wikipedia,https://en.wikipedia.org/wiki/50_Cent,2025-11-16T14:12:02Z
6,50 Cent,2,50 Cent (@50cent) • Instagram photos and videos,https://www.instagram.com/50cent/?hl=en,2025-11-16T14:12:02Z
6,50 Cent,3,50 Cent,https://www.50cent.com/,2025-11-16T14:12:02Z
6,50 Cent,4,50cent (@50cent) / Posts / X,https://x.com/50cent,2025-11-16T14:12:02Z
6,50 Cent,5,"What a wonderful time to be alive, smile things will get better ...",https://www.facebook.com/50cent/posts/what-a-wonderful-time-to-be-alive-smile-things-will-get-better-gunitbrandscom/1405031107854627/,2025-11-16T14:12:02Z
6,50 Cent,6,50 Cent | Spotify,https://open.spotify.com/artist/3q7HBObVc0L8jNeTe5Gofh,2025-11-16T14:12:02Z
6,50 Cent,7,"That's how I got him to slap jimmy kid, LOL HAHAHA HA ...",https://www.facebook.com/50cent/posts/thats-how-i-got-him-to-slap-jimmy-kid-lol-hahaha-ha-gunitbrandscom/1412467387110999/,2025-11-16T14:12:02Z
6,50 Cent,8,50 Cent - YouTube,https://www.youtube.com/channel/UC8zJedg1f4sKnyuHWeS6vyw,2025-11-16T14:12:02Z
6,50 Cent,9,50 Cent,https://www.facebook.com/50cent/,2025-11-16T14:12:02Z
6,50 Cent,10,50 Cent - IMDb,https://www.imdb.com/name/nm1265067/,2025-11-16T14:12:02Z
6,50 Cent,11,It's 50 Cent. Ask me anything. : r/IAmA,https://www.reddit.com/r/IAmA/comments/277lmj/its_50_cent_ask_me_anything/,2025-11-16T14:12:02Z
6,50 Cent,12,50 Cent's Super Bold Comedy | Official Box Office | Mahalia Jackson ...,https://www.mahaliajacksontheater.com/events/super-bold-comedy-block-party/,2025-11-16T14:12:02Z
6,50 Cent,13,"50 Cent - Come to Jamaica,my grandfather wanted to go so we here ...",https://m.facebook.com/50cent/photos/come-to-jamaicamy-grandfather-wanted-to-go-so-we-here-he-do-what-ever-he-wants-t/10153785952743797/,2025-11-16T14:12:02Z
6,50 Cent,14,"Curtis ""50 Cent"" Jackson Community Garden - New York ...",https://www.nyrp.org/gardens-and-parks/curtis-50-cent-jackson-community-garden/,2025-11-16T14:12:02Z
6,50 Cent,15,Can someone explain what hype was like for 50 cent? : r/hiphopheads,https://www.reddit.com/r/hiphopheads/comments/1vifar/can_someone_explain_what_hype_was_like_for_50_cent/,2025-11-16T14:12:02Z
6,50 Cent,16,50 Cent (@50cent) | TikTok,https://www.tiktok.com/@50cent?lang=en,2025-11-16T14:12:02Z
6,50 Cent,17,National sides,https://www.ecb.europa.eu/euro/coins/50cents/html/index.en.html,2025-11-16T14:12:02Z
6,50 Cent,18,Ghetto Qu'ran: South Jamaica Through The Life Of 50 Cent – Asian ...,https://aaww.org/ghetto-quran-south-jamaica-through-the-life-of-50-cent/,2025-11-16T14:12:02Z
6,50 Cent,19,My Adventures in Roots-land with 50 Cent | Vanity Fair,https://www.vanityfair.com/culture/2011/05/50-cent-201105,2025-11-16T14:12:02Z
6,50 Cent,20,Sacramento Kings and Curtis “50 Cent” Jackson Ink a Multi-Year ...,https://www.nba.com/kings/news/sacramento-kings-and-curtis-50-cent-jackson-ink-a-multi-year-partnership,2025-11-16T14:12:02Z
7,#GRESCO,1,Gresco - Get ready—our 2nd Annual Music City Showcase is ...,https://www.facebook.com/grescoutility/photos/get-readyour-2nd-annual-music-city-showcase-is-returning-to-nashville-join-us-th/1302446955220550/,2025-11-16T14:12:08Z
7,#GRESCO,2,Post by lindsay ❤️‍ on X: #GRESCO,https://x.com/lindsheartstayx/status/1989805907065409864,2025-11-16T14:12:08Z
7,#GRESCO,3,Ready for #GRESCO,https://www.facebook.com/scotlandnationalteam/posts/ready-for-gresco/1246333120858226/,2025-11-16T14:12:08Z
7,#GRESCO,4,Arrived. #GRESCO,https://www.instagram.com/p/DRFp3lRAoqU/,2025-11-16T14:12:08Z
7,#GRESCO,5,#fallfest2024 #drones #gresco | Gresco UAS,https://www.linkedin.com/posts/gresco-uas_fallfest2024-drones-gresco-activity-7259580854115430400-Y2Ij,2025-11-16T14:12:08Z
7,#GRESCO,6,Tonight's team news. #GRESCO,https://www.instagram.com/p/DRFj0pqgrgM/?utm_source=ig_embed&utm_campaign=loading,2025-11-16T14:12:08Z
7,#GRESCO,7,Fresh look on the pitch tonight ‍ #GRESCO,https://www.instagram.com/p/DRFlz20ghlk/,2025-11-16T14:12:08Z
7,#GRESCO,8,󠁧󠁢󠁳󠁣󠁴󠁿 #GRESCO,https://www.instagram.com/p/DRFz_j2DN49/,2025-11-16T14:12:08Z
7,#GRESCO,9,Konstantinos Karetsas vs @scotlandnationalteam With his first touch ...,https://www.threads.com/@thrylos7intl/post/DHeBF1pOj3X/konstantinos-karetsas-vs-scotlandnationalteam-with-his-first-touch-karetsas-inje?hl=en,2025-11-16T14:12:08Z
7,#GRESCO,10,"Edinburgh, United Kingdom — X (Twitter) trending topics and ...",https://trends24.in/united-kingdom/edinburgh/,2025-11-16T14:12:08Z
7,#GRESCO,11,United Kingdom — X (Twitter) trending topics and hashtags today ...,https://trends24.in/united-kingdom/,2025-11-16T14:12:08Z
7,#GRESCO,12,"Birmingham, United Kingdom — X (Twitter) trending topics and ...",https://trends24.in/united-kingdom/birmingham/,2025-11-16T14:12:08Z
7,#GRESCO,13,اختلاف أسعار إطارات كومهو بين البلدان | TikTok,https://www.tiktok.com/@onestopgresco/video/7333548283597458694,2025-11-16T14:12:08Z
7,#GRESCO,14,Greece vs Scotland | Georgios Karaiskakis Stadium | 2024-25 UEFA ...,https://www.youtube.com/watch?v=Sa5NlwLNX9o,2025-11-16T14:12:08Z
7,#GRESCO,15,Konstantinos Karetsas: Social media goes wild for the kid who ...,https://en.protothema.gr/2025/03/21/konstantinos-karetsas-social-media-goes-wild-for-the-kid-who-became-known-across-greece-in-one-night-what-happened-guys-did-we-put-messi-in/,2025-11-16T14:12:08Z
8,#Strictly,1,Strictly Dumpling - YouTube,https://www.youtube.com/strictlydumpling,2025-11-16T14:12:12Z
8,#Strictly,2,Sadly due to an injury Stefan Dennis is leaving #Strictly. We have ...,https://www.facebook.com/bbcstrictly/posts/sadly-due-to-an-injury-stefan-dennis-is-leaving-strictly-we-have-loved-watching-/1356307635851067/,2025-11-16T14:12:12Z
8,#Strictly,3,BBC One - Strictly Come Dancing,https://www.bbc.co.uk/programmes/b006m8dq,2025-11-16T14:12:12Z
8,#Strictly,4,Strutting to my first training day tomorrow… wish me luck!!! #strictly,https://www.instagram.com/p/DOlxZpoghOf/?hl=en,2025-11-16T14:12:12Z
8,#Strictly,5,Strictly Business - Bentley Mills,https://www.bentleymills.com/product/86-strictly-business/,2025-11-16T14:12:12Z
8,#Strictly,6,Sad to see the lovely @therossking leave Strictly tonight. A really ...,https://www.instagram.com/p/DPuF6iqiJoq/,2025-11-16T14:12:12Z
8,#Strictly,7,Strictly Come Dancing - Wikipedia,https://en.wikipedia.org/wiki/Strictly_Come_Dancing,2025-11-16T14:12:12Z
8,#Strictly,8,Nina Millns | Strictly speaking… #TeamBal #strictly | Instagram,https://www.instagram.com/reel/DPnumYpDLdx/,2025-11-16T14:12:12Z
8,#Strictly,9,Language Log » Strictly what?,https://languagelog.ldc.upenn.edu/nll/?p=907,2025-11-16T14:12:12Z
8,#Strictly,10,Strictly BTS - Movie week was a Vibe - #explore #strictly #diaries ...,https://www.instagram.com/p/DP3UM5dCEf_/,2025-11-16T14:12:12Z
8,#Strictly,11,SE-0458: Opt-in Strict Memory Safety Checking - Proposal Reviews ...,https://forums.swift.org/t/se-0458-opt-in-strict-memory-safety-checking/77274,2025-11-16T14:12:12Z
8,#Strictly,12,Not Strictly Spiritual – Discovering the Divine with Mary DeTurris Poust,https://notstrictlyspiritual.com/,2025-11-16T14:12:12Z
8,#Strictly,13,Strictly Stalking - Podcast - Apple Podcasts,https://podcasts.apple.com/us/podcast/strictly-stalking/id1494237083,2025-11-16T14:12:12Z
8,#Strictly,14,Strictly Bella Photography,https://www.strictlybellaphotography.com/,2025-11-16T14:12:12Z
8,#Strictly,15,"STRICT Center | City of Findlay, OH",https://www.findlayohio.gov/community/strict-center,2025-11-16T14:12:12Z
8,#Strictly,16,Hardly Strictly Bluegrass,https://hardlystrictlybluegrass.com/,2025-11-16T14:12:12Z
8,#Strictly,17,Record labels like Strictly Rhythm : r/House,https://www.reddit.com/r/House/comments/1faubpj/record_labels_like_strictly_rhythm/,2025-11-16T14:12:12Z
8,#Strictly,18,"Strictly For Streets Progress and Updates | Fort Morgan, CO",https://www.cityoffortmorgan.com/822/Strictly-For-Streets-Progress-and-Update,2025-11-16T14:12:12Z
8,#Strictly,19,The Strictly Spoiler (@davejthorp) / Posts / X,https://x.com/davejthorp?lang=en,2025-11-16T14:12:12Z
8,#Strictly,20,"Strictly Proper Scoring Rules, Prediction, and Estimation: Journal of ...",https://www.tandfonline.com/doi/abs/10.1198/016214506000001437,2025-11-16T14:12:12Z
9,#bbclaurak,1,Laura Kuenssberg (@bbclaurak) / Posts / X,https://x.com/bbclaurak?lang=en,2025-11-16T14:12:18Z
9,#bbclaurak,2,Laura Kuenssberg (@bbclaurak) / X,https://twitter.com/bbclaurak/,2025-11-16T14:12:18Z
9,#bbclaurak,3,Bbclaurak (@bbclaurak) • Instagram photos and videos,https://www.instagram.com/bbclaurak/?hl=en,2025-11-16T14:12:18Z
9,#bbclaurak,4,#bbclaurak | Dave Jones | 93 comments,https://www.linkedin.com/posts/dave-jones69_bbclaurak-activity-7390677658356879360-qq2L,2025-11-16T14:12:18Z
9,#bbclaurak,5,A return to @bbclaurak Sunday show @bbcnews today-a lively ...,https://www.instagram.com/p/DHjNA0esTPo/,2025-11-16T14:12:18Z
9,#bbclaurak,6,BBC One - Sunday with Laura Kuenssberg,https://www.bbc.co.uk/programmes/m001bv01,2025-11-16T14:12:18Z
9,#bbclaurak,7,Laura Kuenssberg,https://www.facebook.com/bbclaurak/,2025-11-16T14:12:18Z
9,#bbclaurak,8,"""People are feeling hope."" Zack Polanski appears on #BBCLauraK ...",https://www.reddit.com/r/ukpolitics/comments/1oalpbb/the_green_party_people_are_feeling_hope_zack/,2025-11-16T14:12:18Z
9,#bbclaurak,9,Rabbi Josh Levy and Rabbi Kath Vardi will be joining #BBCLauraK ...,https://www.facebook.com/MovementForReformJudaism/posts/rabbi-josh-levy-and-rabbi-kath-vardi-will-be-joining-bbclaurak-on-bbc-one-betwee/1292531362907604/,2025-11-16T14:12:18Z
9,#bbclaurak,10,Brent Hoberman on X,https://mobile.twitter.com/brenthoberman/status/1637487038294360064,2025-11-16T14:12:18Z
9,#bbclaurak,11,Sunday Morning Program with Laura Kuenssberg on BBC iPlayer ...,https://www.tiktok.com/@bbc/video/7138338369058114821,2025-11-16T14:12:18Z
9,#bbclaurak,12,Kemi Badenoch: Controversial Views in UK Politics | TikTok,https://www.tiktok.com/@spottednews/video/7420040561085713696,2025-11-16T14:12:18Z
9,#bbclaurak,13,On #bbclaurak unelected tetchy Rishi Sunak made his pitch to the ...,https://www.youtube.com/watch?v=d5IO9tNDntg,2025-11-16T14:12:18Z
9,#bbclaurak,14,DAVINDER CHANA - company accountant - capital trust ltd | LinkedIn,https://uk.linkedin.com/in/davinder-chana-8620b911?trk=prof-samename-name,2025-11-16T14:12:18Z
10,Muhammad Qasim,1,Muhammad Qasim : r/ismailis,https://www.reddit.com/r/ismailis/comments/15sp78d/muhammad_qasim/,2025-11-16T14:12:22Z
10,Muhammad Qasim,2,"Dr. Muhammad S. Qasim, MD | Willis Knighton Health",https://directory.wkhs.com/provider/dr-muhammad-s-qasim-md,2025-11-16T14:12:22Z
10,Muhammad Qasim,3,"Muhammad Qasim Maqbool, M.D. | Saint Francis Health System",https://www.saintfrancis.com/provider/muhammad-qasim-maqbool-md,2025-11-16T14:12:22Z
10,Muhammad Qasim,4,Muhammad ibn al-Qasim - Wikipedia,https://en.wikipedia.org/wiki/Muhammad_ibn_al-Qasim,2025-11-16T14:12:22Z
10,Muhammad Qasim,5,Muhammad Qasim Zaman | Department of Near Eastern Studies,https://nes.princeton.edu/people/muhammad-qasim-zaman,2025-11-16T14:12:22Z
10,Muhammad Qasim,6,‪Muhammad Qasim Mehmood‬ - ‪Google Scholar‬,https://scholar.google.com/citations?user=aYDfdl0AAAAJ&hl=en,2025-11-16T14:12:22Z
10,Muhammad Qasim,7,"Muhammad Qasim Bhatti, MD - Current Neurology Residents ...",https://www.umc.edu/som/Departments%20and%20Offices/SOM%20Departments/Neurology/Education/For-Residents/Neurology-Residents.html?ResidentID=dc759263-1567-4475-a893-e1de75031798,2025-11-16T14:12:22Z
10,Muhammad Qasim,8,"Advocate - Qasim Muhammad, MD - Nephrology - Milwaukee, WI ...",https://www.aurorahealthcare.org/doctors/qasim-muhammad-1093200974,2025-11-16T14:12:22Z
10,Muhammad Qasim,9,Muhammad Qasim PK (@Muhd_Qasim_PK) / Posts / X,https://x.com/Muhd_Qasim_PK,2025-11-16T14:12:22Z
10,Muhammad Qasim,10,"Muhammad Qasim, MD, FACP | University of Kentucky College of ...",https://medicine.uky.edu/users/mqa227,2025-11-16T14:12:22Z
10,Muhammad Qasim,11,Muhammad Qasim al-Bazzal – Rewards For Justice,https://rewardsforjustice.net/rewards/muhammad-qasim-al-bazzal/,2025-11-16T14:12:22Z
10,Muhammad Qasim,12,‏Muhammad Qasim‏ - ‏Enterprise Architect | Banking Architect ...,https://qa.linkedin.com/in/overridex,2025-11-16T14:12:22Z
10,Muhammad Qasim,13,Muhammad Qasim MD | Internal Medicine | West Orange NJ,https://www.rwjbh.org/doctors/muhammad-qasim-md/,2025-11-16T14:12:22Z
10,Muhammad Qasim,14,Muhammad Qasim # 342996 - Attorney Licensee Search,https://apps.calbar.ca.gov/attorney/Licensee/Detail/342996,2025-11-16T14:12:22Z
10,Muhammad Qasim,15,"Muhammad Qasim Cheema, MD, Nephrology in Arlington, TX",https://www.care.texashealth.org/Providers/Affiliated/Arlington-Nephrology/Nephrology/muhammad-qasim-cheema-md,2025-11-16T14:12:22Z
10,Muhammad Qasim,16,Mohammad Qasim - The Center for Cancer and Blood Disorders,https://thecentertx.com/physician/mohammad-qasim/,2025-11-16T14:12:22Z
10,Muhammad Qasim,17,Dr Muhammad Qasim Rana - University of the Built Environment,https://www.ube.ac.uk/academic-staff/muhammad-qasim-rana/,2025-11-16T14:12:22Z
10,Muhammad Qasim,18,Muhammad Qasim Mehmood (0000-0002-2793-2137) - ORCID,https://orcid.org/0000-0002-2793-2137,2025-11-16T14:12:22Z
10,Muhammad Qasim,19,"Muhammad Qasim, M.D.",https://medicine.iu.edu/faculty/43075/qasim-muhammad,2025-11-16T14:12:22Z
10,Muhammad Qasim,20,Muhammad Qasim | Lund University,https://www.lunduniversity.lu.se/lucat/user/b8b22f3441e3d779dca6d62dcddf1518,2025-11-16T14:12:22Z
11,Clarke,1,Clarke University - Clarke University,https://clarke.edu/,2025-11-16T14:12:27Z
11,Clarke,2,Clarke Mosquito Control,https://www.clarke.com/,2025-11-16T14:12:27Z
11,Clarke,3,Stanley Clarke : Official Website,https://stanleyclarke.com/,2025-11-16T14:12:27Z
11,Clarke,4,Clarke | Luxury Appliance Retailer | Wolf | Sub-Zero | Cove,https://clarkeliving.com/,2025-11-16T14:12:27Z
11,Clarke,5,Clarke Fire: Home - Diesel Fire Pump Drivers,https://clarkefire.com/,2025-11-16T14:12:27Z
11,Clarke,6,"Clarke County, VA | Home",https://www.clarkecounty.gov/,2025-11-16T14:12:27Z
11,Clarke,7,"Athens-Clarke County, GA - Official Website | Official Website",https://www.accgov.com/,2025-11-16T14:12:27Z
11,Clarke,8,Clarke Carraway (@clarke.y) • Instagram photos and videos,https://www.instagram.com/clarke.y/?hl=en,2025-11-16T14:12:27Z
11,Clarke,9,Arthur C. Clarke - Wikipedia,https://en.wikipedia.org/wiki/Arthur_C._Clarke,2025-11-16T14:12:27Z
11,Clarke,10,Clarke Community School District | Home,https://www.clarke.k12.ia.us/,2025-11-16T14:12:27Z
11,Clarke,11,Congresswoman Yvette Clarke: Home - Brooklyn,https://clarke.house.gov/,2025-11-16T14:12:27Z
11,Clarke,12,Neil Clarke – Award-Winning Editor of Clarkesworld Magazine ...,https://neil-clarke.com/,2025-11-16T14:12:27Z
11,Clarke,13,Clarke Auction Gallery - Larchmont,https://clarkeny.com/,2025-11-16T14:12:27Z
11,Clarke,14,Clarke University,https://www.clarkepride.com/,2025-11-16T14:12:27Z
11,Clarke,15,"CustomerZone: Buy Nilfisk, Advance, Clarke, and Viper Parts ...",https://www.nilfisk.com/en-us/professional/about-nilfisk/customerzone/,2025-11-16T14:12:27Z
11,Clarke,16,Clarke County School District: Home,https://www.clarke.k12.ga.us/,2025-11-16T14:12:27Z
11,Clarke,17,Clarke County – Serving Our Community,https://clarkecounty.iowa.gov/,2025-11-16T14:12:27Z
11,Clarke,18,Clarke Schools | Hearing and Speech Education,https://www.clarkeschools.org/,2025-11-16T14:12:27Z
11,Clarke,19,Search fabric by Clarke-Clarke | Sanderson Design Group,https://clarke-clarke.sandersondesigngroup.com/search/fabric/,2025-11-16T14:12:27Z
11,Clarke,20,The Arthur C Clarke Foundation,https://clarkefoundation.org/,2025-11-16T14:12:27Z
12,Prates,1,Carlos Prates (Welterweight) MMA Profile - ESPN,https://www.espn.com/mma/fighter/_/id/4294832/carlos-prates,2025-11-16T14:12:31Z
12,Prates,2,Carlos Prates (@thenightmare_170) • Instagram photos and videos,https://www.instagram.com/thenightmare_170/?hl=en,2025-11-16T14:12:31Z
12,Prates,3,"Carlos Prates (""The Nightmare"") | MMA Fighter Page | Tapology",https://www.tapology.com/fightcenter/fighters/36554-carlos-prates-carlao,2025-11-16T14:12:31Z
12,Prates,4,Carlos Prates - Wikipedia,https://en.wikipedia.org/wiki/Carlos_Prates,2025-11-16T14:12:31Z
12,Prates,5,"Ivan Prates, Ph.D.",https://www.ivanprates.org/,2025-11-16T14:12:31Z
12,Prates,6,Carlos Prates (Peso Welter) Perfil de MMA - ESPN DEPORTES,https://espndeportes.espn.com/mma/peleador/_/id/4294832/carlos-prates,2025-11-16T14:12:31Z
12,Prates,7,Carlos Prates Record: 23-7-0,http://ufcstats.com/fighter-details/7ee0fd831c0fe7c3,2025-11-16T14:12:31Z
12,Prates,8,Obituary for Thomas J. Prates Jr. | West Haven Funeral Home,https://www.westhavenfuneral.com/obituary/Thomas-PratesJr,2025-11-16T14:12:31Z
12,Prates,9,Carlos Prates | UFC,https://www.ufc.com/athlete/carlos-prates,2025-11-16T14:12:31Z
12,Prates,10,[SPOILER] Leon Edwards vs. Carlos Prates : r/MMA,https://www.reddit.com/r/MMA/comments/1oybk0u/spoiler_leon_edwards_vs_carlos_prates/,2025-11-16T14:12:31Z
12,Prates,11,Carlos Prates just SMOKED Leon Edwards with KO win,https://www.facebook.com/groups/287368208532864/posts/1978152909454377/,2025-11-16T14:12:31Z
12,Prates,12,"Crista Prates, APRN | Hartford HealthCare | CT",https://hartfordhealthcare.org/CristaPrates,2025-11-16T14:12:31Z
12,Prates,13,Ian Garry opens up as a slight betting favorite over Carlos Prates : r ...,https://www.reddit.com/r/MMA/comments/1jqk6cg/ian_garry_opens_up_as_a_slight_betting_favorite/,2025-11-16T14:12:31Z
12,Prates,14,‪Marcos Oliveira Prates‬ - ‪Google Scholar‬,https://scholar.google.com/citations?user=Ujun714AAAAJ&hl=en,2025-11-16T14:12:31Z
12,Prates,15,Carlos Prates on Ian Garry Calling Him a 'Quitter': I've Been in the ...,https://www.reddit.com/r/MMA/comments/1k4m4qu/carlos_prates_on_ian_garry_calling_him_a_quitter/,2025-11-16T14:12:31Z
12,Prates,16,"Carlos ""The Nightmare"" Prates MMA Stats, Pictures, News, Videos ...",https://www.sherdog.com/fighter/Carlos-Prates-95593,2025-11-16T14:12:31Z
12,Prates,17,[SPOILER] Trevin Giles vs. Carlos Prates : r/MMA,https://www.reddit.com/r/MMA/comments/1anuc3p/spoiler_trevin_giles_vs_carlos_prates/,2025-11-16T14:12:31Z
12,Prates,18,Erica Teixeira Prates | ORNL,https://www.ornl.gov/staff-profile/erica-teixeira-prates,2025-11-16T14:12:31Z
12,Prates,19,Dr Maria Paula Prates | School of Anthropology & Museum ...,https://www.anthro.ox.ac.uk/people/dr-maria-paula-prates,2025-11-16T14:12:31Z
12,Prates,20,OFFICIAL CARLOS PRATES – FULL VIOLENCE STORE,https://www.fullviolence.com/pages/official-carlos-prates,2025-11-16T14:12:31Z
13,Scotland,1,Scotland - Wikipedia,https://en.wikipedia.org/wiki/Scotland,2025-11-16T14:12:36Z
13,Scotland,2,VisitScotland - Scotland's National Tourist Organisation | VisitScotland,https://www.visitscotland.com/,2025-11-16T14:12:36Z
13,Scotland,3,The Official Gateway to Scotland | Scotland.org,https://www.scotland.org/,2025-11-16T14:12:36Z
13,Scotland,4,The Scottish Government - gov.scot,https://www.gov.scot/,2025-11-16T14:12:36Z
13,Scotland,5,"National Trust for Scotland: Nature, Beauty and Heritage for Everyone",https://www.nts.org.uk/,2025-11-16T14:12:36Z
13,Scotland,6,Zero Waste Scotland | Inspiring change to fight the climate crisis,https://www.zerowastescotland.org.uk/,2025-11-16T14:12:36Z
13,Scotland,7,Scotland,https://www.reddit.com/r/Scotland/,2025-11-16T14:12:36Z
13,Scotland,8,Historic Environment Scotland | Àrainneachd Eachdraidheil Alba,https://www.historicenvironment.scot/,2025-11-16T14:12:36Z
13,Scotland,9,Scottish FA: The Home of Scottish Football,https://www.scottishfa.co.uk/,2025-11-16T14:12:36Z
13,Scotland,10,"Scotland | History, Capital, Map, Flag, Population, & Facts | Britannica",https://www.britannica.com/place/Scotland,2025-11-16T14:12:36Z
13,Scotland,11,"Welcome to Scotland, CT!",https://www.scotlandct.org/,2025-11-16T14:12:36Z
13,Scotland,12,National Records of Scotland (NRS),https://www.nrscotland.gov.uk/,2025-11-16T14:12:36Z
13,Scotland,13,Traffic Scotland | Trunk road traffic updates & route planner,https://www.traffic.gov.scot/,2025-11-16T14:12:36Z
13,Scotland,14,National Museums Scotland: Home,https://www.nms.ac.uk/,2025-11-16T14:12:36Z
13,Scotland,15,Student Awards Agency Scotland - SAAS - Funding Your Future,https://www.saas.gov.uk/,2025-11-16T14:12:36Z
13,Scotland,16,"SARS-CoV-2 Delta VOC in Scotland: demographics, risk of hospital ...",https://www.thelancet.com/article/S0140-6736(21)01358-1/fulltext,2025-11-16T14:12:36Z
13,Scotland,17,UWS | University of the West of Scotland,https://www.uws.ac.uk/,2025-11-16T14:12:36Z
13,Scotland,18,"Scotland County, NC | Official Website",https://www.scotlandcounty.org/,2025-11-16T14:12:36Z
13,Scotland,19,Police Scotland,https://www.scotland.police.uk/,2025-11-16T14:12:36Z
13,Scotland,20,Public Contracts Scotland: Home,https://www.publiccontractsscotland.gov.uk/,2025-11-16T14:12:36Z
14,McIlroy,1,Rory McIlroy: Home,http://www.rorymcilroy.com/,2025-11-16T14:12:40Z
14,McIlroy,2,RORY (@rorymcilroy) • Instagram photos and videos,https://www.instagram.com/rorymcilroy/?hl=en,2025-11-16T14:12:40Z
14,McIlroy,3,Rory McIlroy - Wikipedia,https://en.wikipedia.org/wiki/Rory_McIlroy,2025-11-16T14:12:40Z
14,McIlroy,4,"Poppy Kennedy McIlroy, born August 31st, 12:15pm. She is the ...",https://www.instagram.com/p/CErEUwZlAW3/,2025-11-16T14:12:40Z
14,McIlroy,5,Rory McIlroy (@McIlroyRory) / Posts / X,https://x.com/McIlroyRory?lang=en,2025-11-16T14:12:40Z
14,McIlroy,6,"Rory McIlroy PGA TOUR Player Profile, Stats, Bio, Career",https://www.pgatour.com/player/28237/rory-mcilroy,2025-11-16T14:12:40Z
14,McIlroy,7,Emma Mcilroy (she/her) - CEO @ WILDFANG | Henry Crown Fellow ...,https://www.linkedin.com/in/emma-mcilroy-she-her-97811422,2025-11-16T14:12:40Z
14,McIlroy,8,McIlroy Guitars | Makers of the world's finest musical instruments,https://mcilroyguitars.co.uk/,2025-11-16T14:12:40Z
14,McIlroy,9,McIlroy Cellars,http://www.mcilroycellars.com/,2025-11-16T14:12:40Z
14,McIlroy,10,Rory McIlroy,https://www.facebook.com/RoryMcIlroy/,2025-11-16T14:12:40Z
14,McIlroy,11,Rory MCILROY - Players - European Tour,https://www.europeantour.com/players/rory-mcilroy-34024/,2025-11-16T14:12:40Z
14,McIlroy,12,"Rory McIlroy had a dinner with someone ""pretty intimately involved ...",https://www.reddit.com/r/leafs/comments/1d6sq9s/rory_mcilroy_had_a_dinner_with_someone_pretty/,2025-11-16T14:12:40Z
14,McIlroy,13,Michelle Catherine McIlroy Bautista,http://mountpleasantgroup.permavita.com/site/MichelleCatherineMcIlroyBautista.html,2025-11-16T14:12:40Z
14,McIlroy,14,Why isnt rory mcilroy and other famous golfers not in the game : r ...,https://www.reddit.com/r/PGA_Tour_2K/comments/1jy3wg0/why_isnt_rory_mcilroy_and_other_famous_golfers/,2025-11-16T14:12:40Z
14,McIlroy,15,"Rory McIlroy Talks Golf, Training & Sleep | WHOOP Podcast",https://www.whoop.com/thelocker/podcast-68-rory-mcilroy-world-no-1-golfer/,2025-11-16T14:12:40Z
14,McIlroy,16,McIlroy and Rahm missing from Career Mode World Golf Rankings ...,https://www.reddit.com/r/EASportsPGATour/comments/12eg3li/mcilroy_and_rahm_missing_from_career_mode_world/,2025-11-16T14:12:40Z
14,McIlroy,17,"Obituary | Edward Leman McIlroy AKA ""Big Ed"" of Flint, Michigan ...",https://www.swartzfuneralhomeinc.com/obituary/edward-mcilroy,2025-11-16T14:12:40Z
14,McIlroy,18,Will McIlroy | Watermark Community Church,https://www.watermark.org/people/mcilroy-will,2025-11-16T14:12:40Z
14,McIlroy,19,David McIlroy | Substack,https://substack.com/@thedavidmcilroy,2025-11-16T14:12:40Z
14,McIlroy,20,Rory McIlroy (Northern Ireland) Golf Profile - ESPN,https://www.espn.com/golf/player/_/id/3470/rory-mcilroy,2025-11-16T14:12:40Z
15,Denmark,1,Denmark - Wikipedia,https://en.wikipedia.org/wiki/Denmark,2025-11-16T14:12:45Z
15,Denmark,2,Welcome to the official website of Denmark,https://denmark.dk/,2025-11-16T14:12:45Z
15,Denmark,3,Where is Denmark? Wow...let us fill you in!,https://www.visitdenmark.com/,2025-11-16T14:12:45Z
15,Denmark,4,"Denmark | History, Geography, Map, & Culture | Britannica",https://www.britannica.com/place/Denmark,2025-11-16T14:12:45Z
15,Denmark,5,Denmark Technical College,https://www.denmarktech.edu/,2025-11-16T14:12:45Z
15,Denmark,6,Technical University of Denmark - DTU,https://www.dtu.dk/english/,2025-11-16T14:12:45Z
15,Denmark,7,Village of Denmark,https://denmark-wi.org/,2025-11-16T14:12:45Z
15,Denmark,8,Denmark – EU country profile | European Union,https://european-union.europa.eu/principles-countries-history/eu-countries/denmark_en,2025-11-16T14:12:45Z
15,Denmark,9,Ministry of Foreign Affairs of Denmark,https://um.dk/en,2025-11-16T14:12:45Z
15,Denmark,10,"University of Southern Denmark, SDU",https://www.sdu.dk/en,2025-11-16T14:12:45Z
15,Denmark,11,Denmark Joins the List of Countries That Have Sharply Restricted ...,https://segm.org/Denmark-sharply-restricts-youth-gender-transitions,2025-11-16T14:12:45Z
15,Denmark,12,Denmark in the USA,https://usa.um.dk/en,2025-11-16T14:12:45Z
15,Denmark,13,Denmark | International Health Care System Profiles ...,https://www.commonwealthfund.org/international-health-policy-center/countries/denmark,2025-11-16T14:12:45Z
15,Denmark,14,California and Denmark sign new partnership on climate ...,https://www.gov.ca.gov/2025/08/22/california-and-denmark-sign-new-partnership-on-climate-technology-efforts/,2025-11-16T14:12:45Z
15,Denmark,15,Denmark's 40% Increased Pledge to World Bank's IDA,https://www.worldbank.org/en/news/press-release/2024/09/23/-denmark-announces-40-increase-in-pledge-to-world-bank-s-ida,2025-11-16T14:12:45Z
15,Denmark,16,Travel advice and advisories for Denmark,https://travel.gc.ca/destinations/denmark,2025-11-16T14:12:45Z
15,Denmark,17,Denmark | Data,https://data.worldbank.org/country/denmark,2025-11-16T14:12:45Z
15,Denmark,18,Children and Gender Inequality: Evidence from Denmark - American ...,https://www.aeaweb.org/articles?id=10.1257/app.20180010,2025-11-16T14:12:45Z
15,Denmark,19,Denmark - The World Factbook,https://www.cia.gov/the-world-factbook/countries/denmark/,2025-11-16T14:12:45Z
15,Denmark,20,Official Web Site of Town of Denmark,https://denmarkmaine.org/,2025-11-16T14:12:45Z
16,World Cup,1,FIFA World Cup 26™,https://www.fifa.com/en/tournaments/mens/worldcup/canadamexicousa2026,2025-11-16T14:12:49Z
16,World Cup,2,FIFA World Cup - Wikipedia,https://en.wikipedia.org/wiki/FIFA_World_Cup,2025-11-16T14:12:49Z
16,World Cup,3,FIFA World Cup Qatar 2022™,https://www.fifa.com/en/tournaments/mens/worldcup/qatar2022,2025-11-16T14:12:49Z
16,World Cup,4,Home | Women's and Men's Rugby World Cup,https://www.rugbyworldcup.com/,2025-11-16T14:12:49Z
16,World Cup,5,FIFA World Cup (@fifaworldcup) • Instagram photos and videos,https://www.instagram.com/fifaworldcup/?hl=en,2025-11-16T14:12:49Z
16,World Cup,6,Home | Women's Rugby World Cup 2025,https://www.rugbyworldcup.com/2025/en,2025-11-16T14:12:49Z
16,World Cup,7,"Home | ICC Women's Cricket World Cup, 2025 | ICC",https://www.icc-cricket.com/tournaments/womens-cricket-worldcup-2025,2025-11-16T14:12:49Z
16,World Cup,8,FIBA Basketball World Cup 2023 | FIBA Basketball Events,https://www.fiba.basketball/en/history/201-fiba-basketball-world-cup/208182,2025-11-16T14:12:49Z
16,World Cup,9,Homeless World Cup,https://www.homelessworldcup.org/,2025-11-16T14:12:49Z
16,World Cup,10,World Cup Coffee | Office Coffee Service & Coffee Roasters in ...,https://worldcupcoffee.com/,2025-11-16T14:12:49Z
16,World Cup,11,FIFA World Cup,https://www.facebook.com/fifaworldcup/,2025-11-16T14:12:49Z
16,World Cup,12,"World Cup | Football, Soccer, History, & Winners | Britannica",https://www.britannica.com/sports/World-Cup-football,2025-11-16T14:12:49Z
16,World Cup,13,Saudi Arabia FIFA World Cup 2034™,https://saudi2034.com.sa/,2025-11-16T14:12:49Z
16,World Cup,14,"FIFA World Cup News, Stats, Scores - ESPN",https://www.espn.com/soccer/league/_/name/fifa.world,2025-11-16T14:12:49Z
16,World Cup,15,FIFA World Cup 26™ Kansas City: Home,https://kansascityfwc26.com/,2025-11-16T14:12:49Z
16,World Cup,16,2026 FIS Cross-Country World Cup Finals - Mt Van Hoevenberg,https://mtvanhoevenberg.com/xcworldcupfinals/,2025-11-16T14:12:49Z
16,World Cup,17,Startup World Cup: Home,https://www.startupworldcup.io/,2025-11-16T14:12:49Z
16,World Cup,18,FIS Freestyle Aerials World Cup - Olympic Jumping Complex,https://olympicjumpingcomplex.com/freestyle-aerials-word-cup/,2025-11-16T14:12:49Z
16,World Cup,19,FIFA World Cup Grant Program | FEMA.gov,https://www.fema.gov/grants/preparedness/fifa-world-cup-grant-program,2025-11-16T14:12:49Z
16,World Cup,20,Alpine Skiing Hub - FIS,https://www.fis-ski.com/alpine-skiing,2025-11-16T14:12:49Z
17,Adams,1,Adam's Polishes | Premium Car Care & Detailing Products,https://adamspolishes.com/,2025-11-16T14:12:54Z
17,Adams,2,"Adams Fairacre Farms Grocery Store | Poughkeepsie, Lake Katrine ...",https://adamsfarms.com/,2025-11-16T14:12:54Z
17,Adams,3,"Adams State University in Alamosa, Colorado",https://www.adams.edu/,2025-11-16T14:12:54Z
17,Adams,4,"Home of Adams County, CO | Official Government Website",https://adamscountyco.gov/,2025-11-16T14:12:54Z
17,Adams,5,Eric Adams (@ericadamsfornyc) / Posts / X,https://x.com/ericadamsfornyc?lang=en,2025-11-16T14:12:54Z
17,Adams,6,The Ansel Adams Gallery,https://www.anseladams.com/,2025-11-16T14:12:54Z
17,Adams,7,Official John Adams Composer - Earbox - John Adams,https://www.earbox.com/,2025-11-16T14:12:54Z
17,Adams,8,Bryan Adams (@bryanadams) • Instagram photos and videos,https://www.instagram.com/bryanadams/?hl=en,2025-11-16T14:12:54Z
17,Adams,9,ADAMS Center,https://adamscenter.org/,2025-11-16T14:12:54Z
17,Adams,10,Bryan Adams: Homepage,https://www.bryanadams.com/,2025-11-16T14:12:54Z
17,Adams,11,John Adams - Wikipedia,https://en.wikipedia.org/wiki/John_Adams,2025-11-16T14:12:54Z
17,Adams,12,Adams MA |,https://www.town.adams.ma.us/,2025-11-16T14:12:54Z
17,Adams,13,Samuel Adams: For The Love Of Beer,https://www.samueladams.com/,2025-11-16T14:12:54Z
17,Adams,14,Adams Hometown Markets,https://www.adamshometownmarkets.com/,2025-11-16T14:12:54Z
17,Adams,15,John Luther Adams - home,https://johnlutheradams.net/,2025-11-16T14:12:54Z
17,Adams,16,Adams County,https://www.adamscountypa.gov/,2025-11-16T14:12:54Z
17,Adams,17,"Adams County, Idaho: Home",https://www.co.adams.id.us/,2025-11-16T14:12:54Z
17,Adams,18,Derrick Adams,http://www.derrickadams.com/,2025-11-16T14:12:54Z
17,Adams,19,Adams | Hexagon,https://hexagon.com/products/product-groups/computer-aided-engineering-software/adams,2025-11-16T14:12:54Z
17,Adams,20,Ryan Adams,https://www.facebook.com/ryanadams/,2025-11-16T14:12:54Z
18,Belarus,1,Belarus - Wikipedia,https://en.wikipedia.org/wiki/Belarus,2025-11-16T14:12:58Z
18,Belarus,2,Belarus Travel Advisory,https://travel.state.gov/content/travel/en/traveladvisories/traveladvisories/belarus-travel-advisory.html,2025-11-16T14:12:58Z
18,Belarus,3,"Belarus.by: Official website, Belarus",https://www.belarus.by/en/,2025-11-16T14:12:58Z
18,Belarus,4,Belarus Sanctions | Office of Foreign Assets Control,https://ofac.treasury.gov/sanctions-programs-and-country-information/belarus-sanctions,2025-11-16T14:12:58Z
18,Belarus,5,Belarus travel advice - GOV.UK,https://www.gov.uk/foreign-travel-advice/belarus,2025-11-16T14:12:58Z
18,Belarus,6,"Belarus | History, Flag, Map, Population, Capital, Language, & Facts ...",https://www.britannica.com/place/Belarus,2025-11-16T14:12:58Z
18,Belarus,7,Belarus country profile - BBC News,https://www.bbc.com/news/world-europe-17941131,2025-11-16T14:12:58Z
18,Belarus,8,Travel advice and advisories for Belarus,https://travel.gc.ca/destinations/belarus,2025-11-16T14:12:58Z
18,Belarus,9,Belarus | Data,https://data.worldbank.org/country/belarus,2025-11-16T14:12:58Z
18,Belarus,10,Belarus Travel Advice & Safety | Smartraveller,https://www.smartraveller.gov.au/destinations/europe/belarus,2025-11-16T14:12:58Z
18,Belarus,11,Belarus | World Prison Brief,https://www.prisonstudies.org/country/belarus,2025-11-16T14:12:58Z
18,Belarus,12,Nuclear Power in Belarus - World Nuclear Association,https://world-nuclear.org/information-library/country-profiles/countries-a-f/belarus,2025-11-16T14:12:58Z
18,Belarus,13,Belarus | RSF,https://rsf.org/en/country/belarus,2025-11-16T14:12:58Z
18,Belarus,14,Human rights in Belarus Amnesty International,https://www.amnesty.org/en/location/europe-and-central-asia/eastern-europe-and-central-asia/belarus/,2025-11-16T14:12:58Z
18,Belarus,15,Canadian Sanctions Related to Belarus,https://www.international.gc.ca/world-monde/international_relations-relations_internationales/sanctions/belarus.aspx?lang=eng,2025-11-16T14:12:58Z
18,Belarus,16,EU sanctions against Belarus - Consilium,https://www.consilium.europa.eu/en/policies/sanctions-against-belarus/,2025-11-16T14:12:58Z
18,Belarus,17,2024 Country Reports on Human Rights Practices: Belarus,https://www.state.gov/reports/2024-country-reports-on-human-rights-practices/belarus,2025-11-16T14:12:58Z
18,Belarus,18,Belarus- Tax treaty documents | Internal Revenue Service,https://www.irs.gov/businesses/international-businesses/belarus-tax-treaty-documents,2025-11-16T14:12:58Z
18,Belarus,19,Accession status: Belarus - WTO,https://www.wto.org/english/thewto_e/acc_e/a1_belarus_e.htm,2025-11-16T14:12:58Z
18,Belarus,20,Belarus Archives - Committee to Protect Journalists,https://cpj.org/europe/belarus/,2025-11-16T14:12:58Z
19,England,1,England - Wikipedia,https://en.wikipedia.org/wiki/England,2025-11-16T14:13:03Z
19,England,2,England Rugby,https://www.englandrugby.com/,2025-11-16T14:13:03Z
19,England,3,Arts Council England,https://www.artscouncil.org.uk/,2025-11-16T14:13:03Z
19,England,4,"England | History, Map, Flag, Population, Cities, & Facts | Britannica",https://www.britannica.com/place/England,2025-11-16T14:13:03Z
19,England,5,England and Wales Cricket Board (ECB) - The Official Website of the ...,https://www.ecb.co.uk/,2025-11-16T14:13:03Z
19,England,6,"Search the List – Find listed buildings, monuments, battlefields and ...",https://historicengland.org.uk/listing/the-list/,2025-11-16T14:13:03Z
19,England,7,Natural England - GOV.UK,https://www.gov.uk/government/organisations/natural-england,2025-11-16T14:13:03Z
19,England,8,"The website for the English Football Association, Emirates FA Cup ...",https://www.thefa.com/,2025-11-16T14:13:03Z
19,England,9,Bank of England: Home,https://www.bankofengland.co.uk/,2025-11-16T14:13:03Z
19,England,10,England Football | Home,https://www.englandfootball.com/,2025-11-16T14:13:03Z
19,England,11,England Furniture,https://www.englandfurniture.com/,2025-11-16T14:13:03Z
19,England,12,C.R. England Trucking,https://www.crengland.com/,2025-11-16T14:13:03Z
19,England,13,England - YouTube,https://www.youtube.com/@england,2025-11-16T14:13:03Z
19,England,14,New England Aquarium in Boston - Protecting Animals & the Ocean,https://www.neaq.org/,2025-11-16T14:13:03Z
19,England,15,The Church of England: Home,https://www.churchofengland.org/,2025-11-16T14:13:03Z
19,England,16,England Short Break & Trip Itineraries Ideas from VisitEngland,https://www.visitengland.com/,2025-11-16T14:13:03Z
19,England,17,Sport England: Home | Uniting | The | Movement,https://www.sportengland.org/,2025-11-16T14:13:03Z
19,England,18,TASIS - The American International School in England - IB School,https://www.tasisengland.org/,2025-11-16T14:13:03Z
19,England,19,Genomics England: Homepage,https://www.genomicsengland.co.uk/,2025-11-16T14:13:03Z
19,England,20,"England Scores, Stats and Highlights - ESPN",https://www.espn.com/soccer/team/_/id/448/england,2025-11-16T14:13:03Z
20,Azim,1,Azim Premji Foundation: Home,https://azimpremjifoundation.org/,2025-11-16T14:13:07Z
20,Azim,2,Azim Haidaryan (@azimhphotography) • Instagram photos and videos,https://www.instagram.com/azimhphotography/?hl=en,2025-11-16T14:13:07Z
20,Azim,3,[SPOILER] Adam Azim vs. Kurt Scoby : r/Boxing,https://www.reddit.com/r/Boxing/comments/1oy1tdw/spoiler_adam_azim_vs_kurt_scoby/,2025-11-16T14:13:07Z
20,Azim,4,Adam Azim (@adam.azim1) • Instagram photos and videos,https://www.instagram.com/adam.azim1/?hl=en,2025-11-16T14:13:07Z
20,Azim,5,Aniqa Azim | UCSF Profiles,https://profiles.ucsf.edu/aniqa.azim,2025-11-16T14:13:07Z
20,Azim,6,"Eiman Azim, PhD - Salk Institute for Biological Studies",https://www.salk.edu/scientist/eiman-azim/,2025-11-16T14:13:07Z
20,Azim,7,Azim Shariff - UBC Department of Psychology,https://psych.ubc.ca/profile/azim-shariff/,2025-11-16T14:13:07Z
20,Azim,8,Azim Rahman | People | Ropes & Gray LLP,https://www.ropesgray.com/en/people/r/azim-rahman,2025-11-16T14:13:07Z
20,Azim,9,Rafi Azim-Khan | Crowell & Moring LLP,https://www.crowell.com/en/professionals/rafi-azim-khan,2025-11-16T14:13:07Z
20,Azim,10,Azim Chowdhury | Keller and Heckman,https://www.khlaw.com/people/azim-chowdhury,2025-11-16T14:13:07Z
20,Azim,11,Azim - Wikipedia,https://en.wikipedia.org/wiki/Azim,2025-11-16T14:13:07Z
20,Azim,12,"Sharier Azim Khan, Ph.D., CFA, Assistant Professor of Finance | East ...",https://www.etamu.edu/people/sharier-azim-khan/,2025-11-16T14:13:07Z
20,Azim,13,Azim Surani – Gurdon Institute,https://www.gurdon.cam.ac.uk/people/azim-surani/,2025-11-16T14:13:07Z
20,Azim,14,Zalika Azim,https://zalikaazim.com/,2025-11-16T14:13:07Z
20,Azim,15,Azim Khamisa and Ples Felix - The Forgiveness Project,https://www.theforgivenessproject.com/stories-library/azim-khamisa-ples-felix/,2025-11-16T14:13:07Z
20,Azim,16,Azim Khamisa's Official Website,https://azimkhamisa.com/,2025-11-16T14:13:07Z
20,Azim,17,"Mohammad Azim, MD | UTMBHealth.com",https://doctors.utmbhealth.com/providersearch/default/?id=048481,2025-11-16T14:13:07Z
20,Azim,18,Azim Shariff (@azimshariff) / Posts / X,https://x.com/azimshariff?lang=en,2025-11-16T14:13:07Z
20,Azim,19,"Azim Khan, PhD - School for International TrainingSchool for ...",https://www.sit.edu/sit_faculty/azim-khan-phd/,2025-11-16T14:13:07Z
20,Azim,20,Azim Premji - The Giving Pledge,https://www.givingpledge.org/pledger/azim-premji/,2025-11-16T14:13:07Z
21,BO NICKAL,1,Bo Nickal - Wikipedia,https://en.wikipedia.org/wiki/Bo_Nickal,2025-11-16T14:13:12Z
21,BO NICKAL,2,Bo Nickal (@nobickal1) • Instagram photos and videos,https://www.instagram.com/nobickal1/?hl=en,2025-11-16T14:13:12Z
21,BO NICKAL,3,Bo Nickal (Middleweight) MMA Profile - ESPN,https://www.espn.com/mma/fighter/_/id/5061870/bo-nickal,2025-11-16T14:13:12Z
21,BO NICKAL,4,Bo Nickal | UFC,https://www.ufc.com/athlete/bo-nickal,2025-11-16T14:13:12Z
21,BO NICKAL,5,Bo Nickal (@NoBickal) / Posts / X,https://x.com/NoBickal,2025-11-16T14:13:12Z
21,BO NICKAL,6,Bo Nickal | MMA Fighter Page | Tapology,https://www.tapology.com/fightcenter/fighters/244627-bo-nickal,2025-11-16T14:13:12Z
21,BO NICKAL,7,"Bo Nickal MMA Stats, Pictures, News, Videos, Biography - Sherdog ...",https://www.sherdog.com/fighter/Bo-Nickal-392031,2025-11-16T14:13:12Z
21,BO NICKAL,8,Bo Nickal Record: 8-1-0,http://ufcstats.com/fighter-details/35673bf5204524ee,2025-11-16T14:13:12Z
21,BO NICKAL,9,[SPOILER] Bo Nickal vs. Rodolfo Vieira : r/MMA,https://www.reddit.com/r/MMA/comments/1oyakjn/spoiler_bo_nickal_vs_rodolfo_vieira/,2025-11-16T14:13:12Z
21,BO NICKAL,10,Bo Nickal returns after first MMA loss for dangerous next fight at UFC ...,https://www.si.com/fannation/mma/news/bo-nickal-returns-next-fight-rodolfo-vieira-ufc-322,2025-11-16T14:13:12Z
21,BO NICKAL,11,Humbled Bo Nickal doesn't mind fighting on the prelims anymore - 'I ...,https://www.reddit.com/r/MMA/comments/1ocrxv4/humbled_bo_nickal_doesnt_mind_fighting_on_the/,2025-11-16T14:13:12Z
21,BO NICKAL,12,Bo Nickal at Bald Birds — Bald Birds Brewing Company,https://baldbirdsbrewing.com/event-tickets/p/bo-nickal-bald-birds,2025-11-16T14:13:12Z
21,BO NICKAL,13,Bo Nickal on his earlier comment : r/MMA,https://www.reddit.com/r/MMA/comments/1ow5emr/bo_nickal_on_his_earlier_comment/,2025-11-16T14:13:12Z
21,BO NICKAL,14,Bo Nickal,https://www.facebook.com/nobickal/,2025-11-16T14:13:12Z
21,BO NICKAL,15,UFC 322 is so stacked ‍ might be the best card in this year : r/ufc,https://www.reddit.com/r/ufc/comments/1o4t0jq/ufc_322_is_so_stacked_might_be_the_best_card_in/,2025-11-16T14:13:12Z
21,BO NICKAL,16,Bo Nickal - 2014-15 Wrestling - Penn State - Official Athletics Website,https://gopsusports.com/sports/wrestling/roster/player/bo-nickal,2025-11-16T14:13:12Z
21,BO NICKAL,17,What made Bo NIckal a great wrestler? : r/wrestling,https://www.reddit.com/r/wrestling/comments/1gp001s/what_made_bo_nickal_a_great_wrestler/,2025-11-16T14:13:12Z
21,BO NICKAL,18,Bo Nickal has a message for UFC fans criticizing him,https://www.facebook.com/groups/287368208532864/posts/1692572638012407/,2025-11-16T14:13:12Z
21,BO NICKAL,19,NCAA champion wrestler Bo Nickal named Big Ten Male Athlete of ...,https://www.psu.edu/news/athletics/story/ncaa-champion-wrestler-bo-nickal-named-big-ten-male-athlete-year,2025-11-16T14:13:12Z
21,BO NICKAL,20,Bo Nickal (Middleweight) MMA Profile - ESPN (UK),https://www.espn.co.uk/mma/fighter/_/id/5061870/bo-nickal,2025-11-16T14:13:12Z
22,Shankland,1,Lawrence Shankland - Wikipedia,https://en.wikipedia.org/wiki/Lawrence_Shankland,2025-11-16T14:13:16Z
22,Shankland,2,Stephen Shankland (@stshank) / Posts / X,https://x.com/stshank?lang=en,2025-11-16T14:13:16Z
22,Shankland,3,Sam Shankland - Wikipedia,https://en.wikipedia.org/wiki/Sam_Shankland,2025-11-16T14:13:16Z
22,Shankland,4,Sam Shankland eliminates Richard Rapport from FIDE World Cup : r ...,https://www.reddit.com/r/chess/comments/1ovyb8v/sam_shankland_eliminates_richard_rapport_from/,2025-11-16T14:13:16Z
22,Shankland,5,Russell J. Shankland | Partner | Meet Our Professionals | Shook ...,https://www.shb.com/professionals/s/shankland-russell,2025-11-16T14:13:16Z
22,Shankland,6,Matthew Shankland | People | Sidley Austin LLP,https://www.sidley.com/en/people/s/shankland-matthew,2025-11-16T14:13:16Z
22,Shankland,7,GM Sam Shankland (Shankland) - Chess Profile - Chess.com,https://www.chess.com/member/shankland,2025-11-16T14:13:16Z
22,Shankland,8,Tom Shankland - IMDb,https://www.imdb.com/name/nm0788191/,2025-11-16T14:13:16Z
22,Shankland,9,"Instructive Games: Kamsky's ""Greek Gift"" against Shankland - Chess ...",https://www.chess.com/blog/SamCopeland/instructive-games-kamskys-bxh7-against-shankland,2025-11-16T14:13:16Z
22,Shankland,10,Sam Shankland (@gmsamshankland) • Instagram photos and videos,https://www.instagram.com/gmsamshankland/?hl=en,2025-11-16T14:13:16Z
22,Shankland,11,Shankland | Nephrology,https://nephrology.uw.edu/people/faculty/shankland-s,2025-11-16T14:13:16Z
22,Shankland,12,Shankland Lab,https://www.shanklandlab.com/,2025-11-16T14:13:16Z
22,Shankland,13,Pierre Shankland (@pierre_shk) • Instagram photos and videos,https://www.instagram.com/pierre_shk/?hl=en,2025-11-16T14:13:16Z
22,Shankland,14,Katrina Shankland for Congress,https://www.katrinashanklandforcongress.com/,2025-11-16T14:13:16Z
22,Shankland,15,The Shankland Method: Strategic Calculation | Chessable,https://www.chessable.com/the-shankland-method-strategic-calculation/course/258543/,2025-11-16T14:13:16Z
22,Shankland,16,"Lawrence Shankland on Instagram: ""Happy Birthday to my Fiancé ...",https://www.instagram.com/p/CkJdi3xrwNw/?hl=en,2025-11-16T14:13:16Z
22,Shankland,17,Fundraiser for sandra shankland by iona mcauley : In Memorie of ...,https://www.gofundme.com/f/in-memorie-of-kirsty-shankland-forever-21,2025-11-16T14:13:16Z
22,Shankland,18,Sam Shankland,https://samshankland.com/,2025-11-16T14:13:16Z
22,Shankland,19,Laura Shankland | American Institutes for Research,https://www.air.org/experts/person/laura-shankland,2025-11-16T14:13:16Z
22,Shankland,20,"Joseph Shankland, PA-C - Premier Spine and Pain Institute",https://pspi.com/provider/joseph-shankland-pa-c/,2025-11-16T14:13:16Z
23,Leon Edwards,1,Leon Edwards (Welterweight) MMA Profile - ESPN,https://www.espn.com/mma/fighter/_/id/3152929/leon-edwards,2025-11-16T14:13:21Z
23,Leon Edwards,2,Leon Edwards - Wikipedia,https://en.wikipedia.org/wiki/Leon_Edwards,2025-11-16T14:13:21Z
23,Leon Edwards,3,Leon Edwards | UFC,https://www.ufc.com/athlete/leon-edwards,2025-11-16T14:13:21Z
23,Leon Edwards,4,"Leon Edwards (""Rocky"") | MMA Fighter Page | Tapology",https://www.tapology.com/fightcenter/fighters/21429-leon-edwards,2025-11-16T14:13:21Z
23,Leon Edwards,5,"Leon ""Rocky"" Edwards MMA Stats, Pictures, News, Videos ...",https://www.sherdog.com/fighter/Leon-Edwards-62665,2025-11-16T14:13:21Z
23,Leon Edwards,6,Leon Edwards Record: 22-6-0 (1 NC),http://ufcstats.com/fighter-details/f1fac969a1d70b08,2025-11-16T14:13:21Z
23,Leon Edwards,7,"Leon ""Rocky"" Edwards (@leonedwardsmma) • Instagram photos ...",https://www.instagram.com/leonedwardsmma/?hl=en,2025-11-16T14:13:21Z
23,Leon Edwards,8,Leon 'Rocky' Edwards (@Leon_edwardsmma) / Posts / X,https://x.com/Leon_edwardsmma?lang=en,2025-11-16T14:13:21Z
23,Leon Edwards,9,[SPOILER] Leon Edwards vs. Carlos Prates : r/MMA,https://www.reddit.com/r/MMA/comments/1oybk0u/spoiler_leon_edwards_vs_carlos_prates/,2025-11-16T14:13:21Z
23,Leon Edwards,10,Leon Edwards (Welterweight) MMA Profile - ESPN (PH),https://www.espn.ph/mma/fighter/_/id/3152929/leon-edwards,2025-11-16T14:13:21Z
23,Leon Edwards,11,Carlos Prates just SMOKED Leon Edwards with KO win,https://www.facebook.com/groups/287368208532864/posts/1978152909454377/,2025-11-16T14:13:21Z
23,Leon Edwards,12,"Obituary | Leon H. Edwards, Jr. | Barranco Severna Park Funeral ...",https://www.barrancofuneralhome.com/obituary/leon-edwards-jr,2025-11-16T14:13:21Z
23,Leon Edwards,13,"Leon ""Rocky"" Edwards UFC Fighter",https://www.facebook.com/LeonEdwardsMMA/,2025-11-16T14:13:21Z
23,Leon Edwards,14,"Leon Edwards Obituary June 12, 2018 - Winans Funeral Home",https://www.winansfuneralhome.com/obituaries/leon-edwards,2025-11-16T14:13:21Z
23,Leon Edwards,15,Leon Edwards (Welterweight) MMA Profile - ESPN (UK),https://www.espn.co.uk/mma/fighter/_/id/3152929/leon-edwards,2025-11-16T14:13:21Z
23,Leon Edwards,16,UFC 322: England's Leon Edwards suffers KO defeat on night Islam ...,https://www.skysports.com/mma/news/36350/13471088/ufc-322-englands-leon-edwards-suffers-ko-defeat-on-night-islam-makhachev-becomes-two-weight-champion,2025-11-16T14:13:21Z
23,Leon Edwards,17,UFC 322 results: Carlos Prates hands Leon Edwards third straight ...,https://sports.yahoo.com/mma/breaking-news/article/ufc-322-results-carlos-prates-hands-leon-edwards-third-straight-loss-with-vicious-ko-034859804.html,2025-11-16T14:13:21Z
23,Leon Edwards,18,"Leon Edwards - Wikipedia, la enciclopedia libre",https://es.wikipedia.org/wiki/Leon_Edwards,2025-11-16T14:13:21Z
23,Leon Edwards,19,How to Obtain the Leon Edwards Physique | by Arazi Edwards ...,https://arazi626.medium.com/how-to-obtain-the-leon-edwards-physique-7ff234ffba2d,2025-11-16T14:13:21Z
23,Leon Edwards,20,"UFC 322: Carlos Prates says Leon Edwards is ""done"" before their ...",https://www.bbc.com/sport/mixed-martial-arts/articles/cj97x11z7nzo,2025-11-16T14:13:21Z
24,Craig Gordon,1,Craig Gordon - Wikipedia,https://en.wikipedia.org/wiki/Craig_Gordon,2025-11-16T14:13:26Z
24,Craig Gordon,2,Craig Gordon (@craig_gordon1) • Instagram photos and videos,https://www.instagram.com/craig_gordon1/?hl=en,2025-11-16T14:13:26Z
24,Craig Gordon,3,"Craig Gordon, MD, MS | Tufts Medicine",https://www.tuftsmedicine.org/doctor/craig-gordon,2025-11-16T14:13:26Z
24,Craig Gordon,4,Craig Gordon (@most_og) • Instagram photos and videos,https://www.instagram.com/most_og/?hl=en,2025-11-16T14:13:26Z
24,Craig Gordon,5,"Craig Gordon, RN | Cancer: Nurse Navigator | Waukesha, WI ...",https://www.prohealthcare.org/find-a-provider/profile/gordon-craig/,2025-11-16T14:13:26Z
24,Craig Gordon,6,Craig Gordon - Player profile 25/26 | Transfermarkt,https://www.transfermarkt.com/craig-gordon/profil/spieler/12589,2025-11-16T14:13:26Z
24,Craig Gordon,7,Staff - Utah Avalanche Center,https://utahavalanchecenter.org/about/staff,2025-11-16T14:13:26Z
24,Craig Gordon,8,A unified Craig-Gordon isotope model of stable hydrogen and ...,https://www.sciencedirect.com/science/article/pii/S0016703718302916,2025-11-16T14:13:26Z
24,Craig Gordon,9,Craig–Gordon model validation using stable isotope ratios in ... - ACP,https://acp.copernicus.org/articles/20/11435/2020/,2025-11-16T14:13:26Z
24,Craig Gordon,10,Craig Gordon : r/ScottishFootball,https://www.reddit.com/r/ScottishFootball/comments/grq4cm/craig_gordon/,2025-11-16T14:13:26Z
24,Craig Gordon,11,HAVE YOU GOT IT IN 'THE DOG?': A chat with MTB legend former ...,https://mindmatterscoach.com/podcastandblog/2021/3/11/have-you-got-it-in-the-dog-a-chat-with-mtb-legend-former-24hr-world-champion-craig-gordo-gordon,2025-11-16T14:13:26Z
24,Craig Gordon,12,Representative J. Craig Gordon,https://www.house.ga.gov/Representatives/en-US/member.aspx?Member=113&Member=113,2025-11-16T14:13:26Z
24,Craig Gordon,13,Craig Gordon Tattoos,https://www.facebook.com/Craiggordontattoos/,2025-11-16T14:13:26Z
24,Craig Gordon,14,Craig Gordon - Player profile 25/26 | Transfermarkt,https://www.transfermarkt.co.uk/craig-gordon/profil/spieler/12589,2025-11-16T14:13:26Z
24,Craig Gordon,15,"Dr. Craig J Gordon, DO - Farmington Hills, MI - Medical Oncology",https://providers.corewellhealth.org/provider/craig-j-gordon/3191724,2025-11-16T14:13:26Z
24,Craig Gordon,16,"Craig Gordon - Senior Editor, Americas News Desk at Bloomberg ...",https://www.linkedin.com/in/craig-gordon-b66939137,2025-11-16T14:13:26Z
24,Craig Gordon,17,Craig Gordon (@dcraiggordon) / Posts / X,https://x.com/dcraiggordon,2025-11-16T14:13:26Z
24,Craig Gordon,18,Craig Gordon - Bloomberg,https://bloomberg.com/authors/ARaeqFGiHsM/craig-gordon,2025-11-16T14:13:26Z
24,Craig Gordon,19,Q& A with Craig Gordon,https://www.cityweekly.net/news/q-a-with-craig-gordon-3227805,2025-11-16T14:13:26Z
24,Craig Gordon,20,Craig Gordon: Helping Others Understand the Danger - Ski Utah,https://www.skiutah.com/blog/authors/tom-kelly/craig-gordon-helping-others/,2025-11-16T14:13:26Z
25,Ewing,1,Ewing: Home,https://www.ewingoutdoorsupply.com/,2025-11-16T14:13:30Z
25,Ewing,2,Official Online Store of Ewing Athletics – Ewing Athletics,https://shop.ewingathletics.com/,2025-11-16T14:13:30Z
25,Ewing,3,Ewing New Jersey - Home,https://ewingnj.org/,2025-11-16T14:13:30Z
25,Ewing,4,Ewing Marion Kauffman Foundation | Kauffman.org,https://www.kauffman.org/,2025-11-16T14:13:30Z
25,Ewing,5,Eve L. Ewing,https://eveewing.com/,2025-11-16T14:13:30Z
25,Ewing,6,Patrick Ewing - Wikipedia,https://en.wikipedia.org/wiki/Patrick_Ewing,2025-11-16T14:13:30Z
25,Ewing,7,Bio — Eve L. Ewing,https://eveewing.com/about,2025-11-16T14:13:30Z
25,Ewing,8,"320 New Subaru Cars, SUVs in Stock | Ewing Subaru of Plano",https://www.ewingsubaruofplano.com/new-vehicles/,2025-11-16T14:13:30Z
25,Ewing,9,Gregory L. Ewing I Data Privacy & Cybersecurity Law Practice,https://www.dickinson-wright.com/our-people/gregory-l-ewing,2025-11-16T14:13:30Z
25,Ewing,10,"Linda Ewing-Cobbs, PhD | McGovern Medical School",https://med.uth.edu/pediatrics/2022/11/14/linda-ewing-cobbs-phd/,2025-11-16T14:13:30Z
25,Ewing,11,E. Thomas Ewing | College of Liberal Arts and Human Sciences ...,https://liberalarts.vt.edu/departments-and-schools/department-of-history/faculty/e-thomas-ewing.html,2025-11-16T14:13:30Z
25,Ewing,12,David J. Ewing Scholarship | University of North Texas,https://financialaid.unt.edu/david-j-ewing-scholarship.html,2025-11-16T14:13:30Z
25,Ewing,13,"Michael Stanley Ewing Obituary July 14, 2025 - Wheeler ...",https://www.wheelermortuaries.com/obituaries/michael-ewing,2025-11-16T14:13:30Z
25,Ewing,14,Ewing Gallery of Art + Architecture,https://ewing-gallery.utk.edu/,2025-11-16T14:13:30Z
25,Ewing,15,Kyle A. Ewing | Commercial Litigation Lawyer | Professionals ...,https://www.gtlaw.com/en/professionals/e/ewing-kyle-a,2025-11-16T14:13:30Z
25,Ewing,16,Ewing Hall | LiveOn,https://liveon.psu.edu/university-park/housing/ewing-hall,2025-11-16T14:13:30Z
25,Ewing,17,Ewing Police Department - Home,https://www.ewingpolice.com/,2025-11-16T14:13:30Z
25,Ewing,18,James Ewing - Assistant Coach - Women's Basketball Coaches ...,https://ubbulls.com/sports/womens-basketball/roster/coaches/james-ewing/481,2025-11-16T14:13:30Z
25,Ewing,19,Home - Ewing Township Board of Education,https://www.ewing.k12.nj.us/,2025-11-16T14:13:30Z
25,Ewing,20,Eve L. Ewing (@eve.ewing) • Instagram photos and videos,https://www.instagram.com/eve.ewing/?hl=en,2025-11-16T14:13:30Z
1,#ImACeleb,1,I'm A Celebrity... Get Me Out Of Here! (@imacelebrity) • Instagram ...,https://www.instagram.com/imacelebrity/?hl=en,2025-11-17T03:14:26Z
1,#ImACeleb,2,Dean McCullough (@thedeanlife) / Posts / X,https://x.com/thedeanlife?lang=en,2025-11-17T03:14:26Z
1,#ImACeleb,3,Give the people what they want @gordongram #ImACeleb ...,https://www.instagram.com/reel/DCv98fLSksV/,2025-11-17T03:14:26Z
1,#ImACeleb,4,I'm A Celebrity... Get Me Out Of Here! (@imacelebrity) / Posts / X,https://x.com/imacelebrity,2025-11-17T03:14:26Z
1,#ImACeleb,5,Yes! #imaceleb,https://www.facebook.com/traitorshq/posts/yes-imaceleb/1389826472507571/,2025-11-17T03:14:26Z
1,#ImACeleb,6,#imaceleb #wannabe | Francesca McClory FMAAT | 15 comments,https://www.linkedin.com/posts/francesca-fmaat841237891_imaceleb-wannabe-activity-7395763637522485248-gACb,2025-11-17T03:14:26Z
1,#ImACeleb,7,"Roaches, rainstorms and ten new recruits #ImACeleb",https://www.facebook.com/AntAndDec/posts/roaches-rainstorms-and-ten-new-recruits-imaceleb/1401888221293891/,2025-11-17T03:14:26Z
1,#ImACeleb,8,| This years ImACeleb is introducing a LIMIT on Bushtucker trials! : r ...,https://www.reddit.com/r/ImACelebTV/comments/1oulfec/this_years_imaceleb_is_introducing_a_limit_on/,2025-11-17T03:14:26Z
1,#ImACeleb,9,Thoughts? #ImACeleb #TheTraitors Photo: ITV/BBC ...,https://www.facebook.com/traitorshq/posts/thoughts-imaceleb-thetraitors-photo-itvbbcthecelebritytraitorsimacelebrity/1402893551200863/,2025-11-17T03:14:26Z
1,#ImACeleb,10,#imaceleb #ringointhejungle | Josh Feehan | 31 comments,https://www.linkedin.com/posts/josh-feehan-84518bb0_imaceleb-ringointhejungle-activity-7123642679292252160-4Gq0,2025-11-17T03:14:26Z
1,#ImACeleb,11,r/ImACeleb,https://www.reddit.com/r/ImACeleb/,2025-11-17T03:14:26Z
1,#ImACeleb,12,How I'm A Celeb 2024 became best reality TV of the year,https://thetab.com/2024/12/09/after-years-of-being-utterly-boring-im-a-celeb-was-the-best-reality-tv-show-of-2024,2025-11-17T03:14:26Z
1,#ImACeleb,13,I'm A Celeb: Tulisa 'overwhelmed' by attention from ITV show,https://www.bbc.com/news/articles/cp3z9le5066o,2025-11-17T03:14:26Z
1,#ImACeleb,14,I'm a Celebrity...Get Me Out of Here! (British TV series) - Wikipedia,https://en.wikipedia.org/wiki/I%27m_a_Celebrity...Get_Me_Out_of_Here!_(British_TV_series),2025-11-17T03:14:26Z
1,#ImACeleb,15,Who produced “imaceleb” by ​Punkinloveee?,https://genius.com/Punkinloveee-imaceleb-lyrics/q/producer,2025-11-17T03:14:26Z
1,#ImACeleb,16,I'm A Celebrity… Get Me Out Of Here!,https://www.itv.com/imacelebrity,2025-11-17T03:14:26Z
1,#ImACeleb,17,I'm A Celeb Get Me Outta Here! - Apps on Google Play,https://play.google.com/store/apps/details?id=com.itv.imaceleb&hl=en_US,2025-11-17T03:14:26Z
1,#ImACeleb,18,Some I'm A Celeb fans think Anne Hegerty's Bushtucker trial was a fix,https://www.cosmopolitan.com/uk/entertainment/a25302702/im-a-celeb-fans-anne-hegartys-bushtucker-trial-fix/,2025-11-17T03:14:26Z
1,#ImACeleb,19,Sunday with Fatima Whitbread: 'The cockroach crawling up my nose ...,https://www.theguardian.com/lifeandstyle/article/2024/aug/11/sunday-with-fatima-whitbread-the-cockroach-crawling-up-my-nose-was-an-iconic-moment-on-im-a-celeb,2025-11-17T03:14:26Z
1,#ImACeleb,20,Max Balegde On How The I'm A Celeb Jungle Changed Him,https://www.pedestrian.tv/entertainment/max-balegde-im-a-celeb-elimination/,2025-11-17T03:14:26Z
2,World Cup,1,FIFA World Cup 26™,https://www.fifa.com/en/tournaments/mens/worldcup/canadamexicousa2026,2025-11-17T03:14:31Z
2,World Cup,2,FIFA World Cup - Wikipedia,https://en.wikipedia.org/wiki/FIFA_World_Cup,2025-11-17T03:14:31Z
2,World Cup,3,FIFA World Cup Qatar 2022™,https://www.fifa.com/en/tournaments/mens/worldcup/qatar2022,2025-11-17T03:14:31Z
2,World Cup,4,Home | Women's and Men's Rugby World Cup,https://www.rugbyworldcup.com/,2025-11-17T03:14:31Z
2,World Cup,5,FIFA World Cup (@fifaworldcup) • Instagram photos and videos,https://www.instagram.com/fifaworldcup/?hl=en,2025-11-17T03:14:31Z
2,World Cup,6,Home | Women's Rugby World Cup 2025,https://www.rugbyworldcup.com/2025/en,2025-11-17T03:14:31Z
2,World Cup,7,"Home | ICC Women's Cricket World Cup, 2025 | ICC",https://www.icc-cricket.com/tournaments/womens-cricket-worldcup-2025,2025-11-17T03:14:31Z
2,World Cup,8,FIBA Basketball World Cup 2023 | FIBA Basketball Events,https://www.fiba.basketball/en/history/201-fiba-basketball-world-cup/208182,2025-11-17T03:14:31Z
2,World Cup,9,Homeless World Cup,https://www.homelessworldcup.org/,2025-11-17T03:14:31Z
2,World Cup,10,World Cup Coffee | Office Coffee Service & Coffee Roasters in ...,https://worldcupcoffee.com/,2025-11-17T03:14:31Z
2,World Cup,11,FIFA World Cup,https://www.facebook.com/fifaworldcup/,2025-11-17T03:14:31Z
2,World Cup,12,"World Cup | Football, Soccer, History, & Winners | Britannica",https://www.britannica.com/sports/World-Cup-football,2025-11-17T03:14:31Z
2,World Cup,13,Saudi Arabia FIFA World Cup 2034™,https://saudi2034.com.sa/,2025-11-17T03:14:31Z
2,World Cup,14,"FIFA World Cup News, Stats, Scores - ESPN",https://www.espn.com/soccer/league/_/name/fifa.world,2025-11-17T03:14:31Z
2,World Cup,15,FIFA World Cup 26™ Kansas City: Home,https://kansascityfwc26.com/,2025-11-17T03:14:31Z
2,World Cup,16,2026 FIS Cross-Country World Cup Finals - Mt Van Hoevenberg,https://mtvanhoevenberg.com/xcworldcupfinals/,2025-11-17T03:14:31Z
2,World Cup,17,Startup World Cup: Home,https://www.startupworldcup.io/,2025-11-17T03:14:31Z
2,World Cup,18,Alpine Skiing Hub - FIS,https://www.fis-ski.com/alpine-skiing,2025-11-17T03:14:31Z
2,World Cup,19,FIFA World Cup Grant Program | FEMA.gov,https://www.fema.gov/grants/preparedness/fifa-world-cup-grant-program,2025-11-17T03:14:31Z
2,World Cup,20,Official FIFA World Cup 26 Tickets & Hospitality | On Location,https://fifaworldcup26.hospitality.fifa.com/en,2025-11-17T03:14:31Z
3,#EubankBenn2,1,8 DAYS. #EubankBenn2,https://www.instagram.com/p/DQw75vmjIiq/,2025-11-17T03:14:36Z
3,#EubankBenn2,2,We have a fight #EubankBenn2,https://www.facebook.com/boxingnewsonline/posts/we-have-a-fight-eubankbenn2/1372273664260785/,2025-11-17T03:14:36Z
3,#EubankBenn2,3,"Man, ain't nothing like a fight in the UK. #EubankBenn2",https://x.com/AndreasHale/status/1989812979144298946,2025-11-17T03:14:36Z
3,#EubankBenn2,4,7️⃣ weeks out from #EubankBenn2 Conor Benn always ready,https://www.facebook.com/DAZN/posts/7%EF%B8%8F%E2%83%A3-weeks-out-from-eubankbenn2-conor-benn-always-ready-/1338673290962249/,2025-11-17T03:14:36Z
3,#EubankBenn2,5,50 Cent watching Chris Eubank Jr. tonight. #EubankBenn2,https://x.com/AndreasHale/status/1989828869558530398,2025-11-17T03:14:36Z
3,#EubankBenn2,6,Any pubs showing #EubankBenn2 this Saturday? : r/Dublin,https://www.reddit.com/r/Dublin/comments/1ouex17/any_pubs_showing_eubankbenn2_this_saturday/,2025-11-17T03:14:36Z
3,#EubankBenn2,7,#EubankBenn2 @ChrisEubankJr,https://x.com/nickblackwell02/status/1989725536281661816,2025-11-17T03:14:36Z
3,#EubankBenn2,8,Conor Benn: All About Eubank | MATCHROOM: THE GREATEST ...,https://www.youtube.com/shorts/iV_PqzB4xSs,2025-11-17T03:14:36Z
3,#EubankBenn2,9,Ring walk with a full length is truly legendary work!! #EubankBenn2,https://x.com/johntalsr/status/1989815068893352201,2025-11-17T03:14:36Z
3,#EubankBenn2,10,#EubankBenn2 results: Adam Azim def. Kurt Scoby via 12th-round ...,https://twitter.com/MMAFighting/status/1989791049355559008,2025-11-17T03:14:36Z
3,#EubankBenn2,11,Expect to see Eubank on the canvas at this rate #EubankBenn2,https://x.com/JordanAmblin/status/1989821945093705837,2025-11-17T03:14:36Z
3,#EubankBenn2,12,#EubankBenn2 results: Richard Riakporhe def. Tommy Welch via ...,https://twitter.com/MMAFighting/status/1989771343840063841,2025-11-17T03:14:36Z
3,#EubankBenn2,13,#EubankBenn2,https://x.com/pugboxing/status/1989828720446824734,2025-11-17T03:14:36Z
3,#EubankBenn2,14,#boxing #liveevents #eubankbenn2 | Daniel J.,https://www.linkedin.com/posts/daniel-j-7870631ab_boxing-liveevents-eubankbenn2-activity-7392132503941160960-TzNF,2025-11-17T03:14:36Z
3,#EubankBenn2,15,"Thank you, James #EubankBenn2",https://x.com/spike_osullivan/status/1989838021688992019,2025-11-17T03:14:36Z
3,#EubankBenn2,16,@DAZNBoxing #EubankBenn2,https://x.com/rosieperezbklyn/status/1989816184825659789,2025-11-17T03:14:36Z
3,#EubankBenn2,17,It's the week of #EubankBenn2. I'll be commentating with the team ...,https://x.com/RawlingJohn/status/1987495407908204845,2025-11-17T03:14:36Z
3,#EubankBenn2,18,Eubank doesn't look the same right now… #EubankBenn2,https://x.com/nicoaliwalsh/status/1989821572757213588,2025-11-17T03:14:36Z
3,#EubankBenn2,19,Boxraw - Boxraw added a new photo.,https://m.facebook.com/boxraw/photos/d41d8cd9/831612589504957/,2025-11-17T03:14:36Z
4,Troy Parrott,1,Troy Parrott - Wikipedia,https://en.wikipedia.org/wiki/Troy_Parrott,2025-11-17T03:14:41Z
4,Troy Parrott,2,Troy Parrott - Player profile 25/26 | Transfermarkt,https://www.transfermarkt.com/troy-parrott/profil/spieler/552655,2025-11-17T03:14:41Z
4,Troy Parrott,3,Troy Parrott - AZ Alkmaar Forward - ESPN,https://www.espn.com/soccer/player/_/id/279790/troy-parrott,2025-11-17T03:14:41Z
4,Troy Parrott,4,Nice to be back,https://www.instagram.com/p/DP93kljDORR/?hl=en,2025-11-17T03:14:41Z
4,Troy Parrott,5,Troy Parrott (@troyparrott9) / Posts / X,https://x.com/troyparrott9?lang=en,2025-11-17T03:14:41Z
4,Troy Parrott,6,"Photos by TP (@troyparrott9) · August 22, 2025",https://www.instagram.com/p/DNqt6XDM2Hy/?hl=en,2025-11-17T03:14:41Z
4,Troy Parrott,7,Hungary 2 - [3] Ireland - Troy Parrott Hattrick 90+6' : r/coys,https://www.reddit.com/r/coys/comments/1oypdvk/hungary_2_3_ireland_troy_parrott_hattrick_906/,2025-11-17T03:14:41Z
4,Troy Parrott,8,"Troy Parrott Stats, Goals, Records, Assists, Cups and more | FBref.com",https://fbref.com/en/players/4357f557/Troy-Parrott,2025-11-17T03:14:41Z
4,Troy Parrott,9,Troy Parrott is 'loving life' at AZ Alkmaar amid Leeds United transfer ...,https://www.reddit.com/r/coybig/comments/1kehqmf/troy_parrott_is_loving_life_at_az_alkmaar_amid/,2025-11-17T03:14:41Z
4,Troy Parrott,10,"Troy Parrott Obituary May 21, 2025 - French Funerals & Cremations",https://www.frenchfunerals.com/obituaries/troy-parrott,2025-11-17T03:14:41Z
4,Troy Parrott,11,THERE IS ONLY ONE TROY PARROTT : r/ireland,https://www.reddit.com/r/ireland/comments/1owe2ye/there_is_only_one_troy_parrott/,2025-11-17T03:14:41Z
4,Troy Parrott,12,Hungary v Ireland: Troy Parrott completes hat-trick at the death to ...,https://www.irishtimes.com/sport/soccer/2025/11/16/troy-parrotts-completes-stunning-hat-trick-at-the-death-to-keep-irelands-world-cup-dream-alive/,2025-11-17T03:14:41Z
4,Troy Parrott,13,Troy Parrott International Airport : r/ireland,https://www.reddit.com/r/ireland/comments/1oyq1lw/troy_parrott_international_airport/,2025-11-17T03:14:41Z
4,Troy Parrott,14,Ireland vs Hungary: Troy Parrott hat tricks sends Irish to playoff,https://www.usatoday.com/story/sports/soccer/2025/11/16/ireland-vs-hungary-troy-parrott-hat-tricks-sends-irish-to-world-cup-qualifying-playoff-2026/87306200007/,2025-11-17T03:14:41Z
4,Troy Parrott,15,Celtic fan Troy Parrott aiming to revive Spurs career under Ange ...,https://www.reddit.com/r/coys/comments/149h1jl/celtic_fan_troy_parrott_aiming_to_revive_spurs/,2025-11-17T03:14:41Z
4,Troy Parrott,16,Troy Parrott has been named Eredivisie Player of the… - Eredivisie,https://eredivisie.eu/news/troy-parrott-has-been-named-eredivisie-player-of-the-month-for-december/,2025-11-17T03:14:41Z
4,Troy Parrott,17,Troy Parrott is one of the most frustrating players I've ever had. : r ...,https://www.reddit.com/r/footballmanager/comments/1bn0wr3/troy_parrott_is_one_of_the_most_frustrating/,2025-11-17T03:14:41Z
4,Troy Parrott,18,“Naming my first born Troy Parrott”,https://www.facebook.com/IrishSunSport/posts/naming-my-first-born-troy-parrott-/1444960807455712/,2025-11-17T03:14:41Z
4,Troy Parrott,19,Troy Parrott scores 5 goals in Ireland's last 2 World Cup qualifying ...,https://www.reddit.com/r/coys/comments/1oypjm1/troy_parrott_scores_5_goals_in_irelands_last_2/,2025-11-17T03:14:41Z
4,Troy Parrott,20,Hungary 2-3 Republic of Ireland: Troy Parrott hat-trick seals Irish ...,https://www.bbc.com/sport/football/articles/c8r068zkxnjo,2025-11-17T03:14:41Z
5,#ALBENG,1,"Wharton, Rice, Burn, Bellingham been very poor #ALBENG",https://x.com/ChannelEngland1/status/1990115071184294358,2025-11-17T03:14:45Z
5,#ALBENG,2,#ANDALB #ALBENG 󠁧󠁢󠁥󠁮󠁧󠁿 ORARI I KUQEZINJËVE ...,https://www.facebook.com/topsportimediacom/posts/andalb-albeng-orari-i-kuqezinj%C3%ABve-publikohet-orari-i-shpalljes-s%C3%AB-ftesave-rezult/1252790046867581/,2025-11-17T03:14:45Z
5,#ALBENG,3,Thomas Tuchel to review Jude Bellingham's angry reaction to being ...,https://x.com/mcgrathmike/status/1990170523427385632,2025-11-17T03:14:45Z
5,#ALBENG,4,"Match of the Day on X: "" Air Albania Stadium, Tirana The setting for ...",https://twitter.com/bbcmotd/status/1376180545495916547,2025-11-17T03:14:45Z
5,#ALBENG,5,Swapping shirts at half time should be a straight red! #ALBENG,https://x.com/Jinja_Owl/status/1990114499609661532,2025-11-17T03:14:45Z
5,#ALBENG,6,U bëfsh 100 vjeç @adrionnn10 ❤️,https://www.instagram.com/p/DRG7IfpjPnL/,2025-11-17T03:14:45Z
5,#ALBENG,7,󠁧󠁢󠁥󠁮󠁧󠁿 #ALBENG 0:2 #WCQ | #EuropeanQualifiers,https://x.com/EURO2024DE/status/1990131509836042364,2025-11-17T03:14:45Z
5,#ALBENG,8,Shqipëri - Angli 󠁧󠁢󠁥󠁮󠁧󠁿 28/03/2021 18:00 Air Albania Stadium,https://hi-in.facebook.com/FederataShqiptareeFutbollit/posts/3677787298987139,2025-11-17T03:14:45Z
5,#ALBENG,9,I reckon Anderson has already made more passes than Wharton ...,https://x.com/jhuntridge/status/1990127301636260323,2025-11-17T03:14:45Z
5,#ALBENG,10,"FSHF (@fshforg) • Threads, Say more",https://www.threads.com/@fshforg,2025-11-17T03:14:45Z
5,#ALBENG,11,It's Albania lads. Can you not? #ALBENG,https://x.com/allmoshnopit/status/1990120365985513671,2025-11-17T03:14:45Z
5,#ALBENG,12,Perfection! #ALBENG #FIFAWCQ2026,https://x.com/TheRealJamieKay/status/1990131654388548052,2025-11-17T03:14:45Z
5,#ALBENG,13,Swapping shirts at half time should be a straight red! #ALBENG,https://x.com/Jinja_Owl/status/1990114499609661532,2025-11-17T03:14:45Z
5,#ALBENG,14,"That cross from Rashford is a goal ball, superb #ALBENG",https://x.com/adamsummerton/status/1990128282163949985,2025-11-17T03:14:45Z
5,#ALBENG,15,LA COMPO #ALBENG,https://x.com/i/status/1990086999491969433,2025-11-17T03:14:45Z
5,#ALBENG,16,Bellingham showing Saka the bunda from last night #AlbEng ...,https://x.com/OorRoy/status/1990126544279248913,2025-11-17T03:14:45Z
5,#ALBENG,17,#WCQ Matchday! @FSHForg @England 󠁧󠁢󠁥󠁮󠁧󠁿 #ALBENG ...,https://x.com/EURO2024DE/status/1990087467114922406,2025-11-17T03:14:45Z
5,#ALBENG,18,"Cheers, Jude. #AlbEng #England",https://x.com/OorRoy/status/1990127137848770862,2025-11-17T03:14:45Z
5,#ALBENG,19,Rashford assist!!! What a ball in. #ALBENG,https://x.com/kelvinbossman/status/1990127787491860514,2025-11-17T03:14:45Z
5,#ALBENG,20,Is that grass made of neon? #ALBENG,https://x.com/Nintendoubt815/status/1990103328139686342,2025-11-17T03:14:45Z
6,Christmas,1,Christmas - Wikipedia,https://en.wikipedia.org/wiki/Christmas,2025-11-17T03:14:50Z
6,Christmas,2,Google Santa Tracker,https://santatracker.google.com/,2025-11-17T03:14:50Z
6,Christmas,3,r/Christmas,https://www.reddit.com/r/christmas/,2025-11-17T03:14:50Z
6,Christmas,4,Christmas Spectacular | The Rockettes,https://www.rockettes.com/christmas/,2025-11-17T03:14:50Z
6,Christmas,5,"Christmas | Origin, Definition, Traditions, History, & Facts | Britannica",https://www.britannica.com/topic/Christmas,2025-11-17T03:14:50Z
6,Christmas,6,Operation Christmas Child | Shoebox Outreach of Samaritan's Purse,https://www.samaritanspurse.org/what-we-do/operation-christmas-child/,2025-11-17T03:14:50Z
6,Christmas,7,Shop Christmas.com For The Largest Selection Of Christmas ...,https://christmas.com/,2025-11-17T03:14:50Z
6,Christmas,8,Christmas in The Wizarding World of Harry Potter™ | Universal ...,http://www.universalstudioshollywood.com/web/en/us/things-to-do/events-and-seasonal-activities/christmas-in-the-wizarding-world-of-harry-potter,2025-11-17T03:14:50Z
6,Christmas,9,Rockefeller Center Christmas Tree Lighting | NYC Winter Events,https://www.rockefellercenter.com/holidays/rockefeller-center-christmas-tree/,2025-11-17T03:14:50Z
6,Christmas,10,Audubon Christmas Bird Count | Audubon,https://www.audubon.org/community-science/christmas-bird-count,2025-11-17T03:14:50Z
6,Christmas,11,"Christmas Village in Philadelphia | Nov 22 - Dec 24, 2025",http://www.philachristmas.com/index.html,2025-11-17T03:14:50Z
6,Christmas,12,National Christmas Tree Lighting,https://www.thenationaltree.org/,2025-11-17T03:14:50Z
6,Christmas,13,National Christmas Tree Association,https://realchristmastrees.org/,2025-11-17T03:14:50Z
6,Christmas,14,Enchant Christmas: Home,https://www.enchantchristmas.com/,2025-11-17T03:14:50Z
6,Christmas,15,Dickens Fair: Home,https://dickensfair.com/,2025-11-17T03:14:50Z
6,Christmas,16,"History of Christmas - Origins, Traditions & Facts | HISTORY",https://www.history.com/articles/history-of-christmas,2025-11-17T03:14:50Z
6,Christmas,17,Camp Christmas Takeover at Stanley Marketplace — Stanley ...,https://www.stanleymarketplace.com/all-events/camp-christmas,2025-11-17T03:14:50Z
6,Christmas,18,Dollywood Festivals & Events | Smoky Mountain Christmas,https://www.dollywood.com/themepark/festivals/smoky-mountain-christmas/,2025-11-17T03:14:50Z
6,Christmas,19,Official 2025 White House Christmas Ornament – White House ...,https://shop.whitehousehistory.org/products/official-2025-white-house-christmas-ornament,2025-11-17T03:14:50Z
6,Christmas,20,"Christmas Magic is almost here! | York County, PA",https://yorkcountypa.gov/1112/Christmas-Magic-is-almost-here,2025-11-17T03:14:50Z
7,#UFC322,1,VeChain UFC 322: Della Maddalena vs Makhachev | UFC,https://www.ufc.com/event/ufc-322,2025-11-17T03:14:54Z
7,#UFC322,2,UFC 322 - Wikipedia,https://en.wikipedia.org/wiki/UFC_322,2025-11-17T03:14:54Z
7,#UFC322,3,UFC 322: Della Maddalena vs. Makhachev Fight Results - ESPN,https://www.espn.com/mma/fightcenter/_/id/600055729/league/ufc,2025-11-17T03:14:54Z
7,#UFC322,4,Islam & Khabib. Legendary #UFC322,https://www.facebook.com/ESPN/posts/islam-khabib-legendary-ufc322/4127659492062957/,2025-11-17T03:14:54Z
7,#UFC322,5,UFC 322: Della Maddalena vs. Makhachev | MMA Event | Tapology,https://www.tapology.com/fightcenter/events/132653-ufc-322,2025-11-17T03:14:54Z
7,#UFC322,6,#UFC322,https://www.facebook.com/bulletvalentina/posts/ufc322-/1376201377203927/,2025-11-17T03:14:54Z
7,#UFC322,7,I can already hear the sound #ufc322 #nyc #ny #robocop,https://x.com/gregory_mma/status/1989389579091333339,2025-11-17T03:14:54Z
7,#UFC322,8,#UFC322,https://www.facebook.com/IslamMakhachevUFC/posts/ufc322/1177291701174218/,2025-11-17T03:14:54Z
7,#UFC322,9,Day 3 in NYC! #ufc322 #nyc #Robocop #newyork,https://x.com/gregory_mma/status/1989051120434704579,2025-11-17T03:14:54Z
7,#UFC322,10,#AndStill #UFC322 #NewYork #MSG,https://www.facebook.com/bulletvalentina/posts/andstill-ufc322-newyork-msg/1382215576602507/,2025-11-17T03:14:54Z
7,#UFC322,11,"UFC 322 Tickets Nov 15, 2025 New York, NY | Ticketmaster",https://www.ticketmaster.com/ufc-322-new-york-new-york-11-15-2025/event/3B00631D915A0CB0,2025-11-17T03:14:54Z
7,#UFC322,12,DELLA MADDALENA vs MAKHACHEV! #VeChain #UFC322 is LIVE ...,https://www.facebook.com/danawhite/posts/della-maddalena-vs-makhachev-vechain-ufc322-is-live-tomorrow-on-espn-ppv/1373607554130646/,2025-11-17T03:14:54Z
7,#UFC322,13,9 of the best Covers #UFC322 : r/ufc,https://www.reddit.com/r/ufc/comments/1oxl63w/9_of_the_best_covers_ufc322/,2025-11-17T03:14:54Z
7,#UFC322,14,Training camp #UFC322,https://www.facebook.com/bulletvalentina/posts/training-camp-ufc322-/1367485044742227/,2025-11-17T03:14:54Z
7,#UFC322,15,"Serhiy Sidey is out of #UFC322, multiple sources say. Malcolm ...",https://www.reddit.com/r/MMA/comments/1o5ya6g/serhiy_sidey_is_out_of_ufc322_multiple_sources/,2025-11-17T03:14:54Z
7,#UFC322,16,VeChain UFC 322 Fight Merch & Memorabilia – UFC Collectibles,https://ufccollectibles.com/collections/vechain-ufc-322-fight-merch-memorabilia,2025-11-17T03:14:54Z
7,#UFC322,17,Bo Nickal will fight Rodolfo Vieira at #UFC322 at MSG on November ...,https://www.reddit.com/r/MMA/comments/1n7wsf9/bo_nickal_will_fight_rodolfo_vieira_at_ufc322_at/,2025-11-17T03:14:54Z
7,#UFC322,18,UFC 322 | Combat Sports | Madison Square Garden,https://www.msg.com/events-tickets/ultimate-fighting-championship-ufc-madison-square-garden-november-2025/3B00631D915A0CB0,2025-11-17T03:14:54Z
7,#UFC322,19,UFC 322 results: Islam Makhachev easily dominates Jack Della ...,https://sports.yahoo.com/mma/breaking-news/live/ufc-322-live-results-jack-della-maddalena-vs-islam-makhachev-updates-and-round-by-round-analysis-070023724.html,2025-11-17T03:14:54Z
7,#UFC322,20,UFC 322: Della Maddalena vs Makhachev Live Stream on Kayo PPV,https://mainevent.kayosports.com.au/ufc/ufc-322,2025-11-17T03:14:54Z
8,#Strictly,1,We have loved working as a duo and hosting Strictly has been an ...,https://www.instagram.com/reel/DQJTPFGjFJ4/,2025-11-17T03:14:58Z
8,#Strictly,2,Strictly Dumpling - YouTube,https://www.youtube.com/strictlydumpling,2025-11-17T03:14:58Z
8,#Strictly,3,Sadly due to an injury Stefan Dennis is leaving #Strictly. We have ...,https://www.facebook.com/bbcstrictly/posts/sadly-due-to-an-injury-stefan-dennis-is-leaving-strictly-we-have-loved-watching-/1356307635851067/,2025-11-17T03:14:58Z
8,#Strictly,4,BBC One - Strictly Come Dancing,https://www.bbc.co.uk/programmes/b006m8dq,2025-11-17T03:14:58Z
8,#Strictly,5,Strutting to my first training day tomorrow… wish me luck!!! #strictly,https://www.instagram.com/p/DOlxZpoghOf/?hl=en,2025-11-17T03:14:58Z
8,#Strictly,6,Strictly Business - Bentley Mills,https://www.bentleymills.com/product/86-strictly-business/,2025-11-17T03:14:58Z
8,#Strictly,7,Strictly Come Dancing - Wikipedia,https://en.wikipedia.org/wiki/Strictly_Come_Dancing,2025-11-17T03:14:58Z
8,#Strictly,8,Language Log » Strictly what?,https://languagelog.ldc.upenn.edu/nll/?p=907,2025-11-17T03:14:58Z
8,#Strictly,9,SE-0458: Opt-in Strict Memory Safety Checking - Proposal Reviews ...,https://forums.swift.org/t/se-0458-opt-in-strict-memory-safety-checking/77274,2025-11-17T03:14:58Z
8,#Strictly,10,Not Strictly Spiritual – Discovering the Divine with Mary DeTurris Poust,https://notstrictlyspiritual.com/,2025-11-17T03:14:58Z
8,#Strictly,11,Strictly Stalking - Podcast - Apple Podcasts,https://podcasts.apple.com/us/podcast/strictly-stalking/id1494237083,2025-11-17T03:14:58Z
8,#Strictly,12,Strictly Bella Photography,https://www.strictlybellaphotography.com/,2025-11-17T03:14:58Z
8,#Strictly,13,"STRICT Center | City of Findlay, OH",https://www.findlayohio.gov/community/strict-center,2025-11-17T03:14:58Z
8,#Strictly,14,Hardly Strictly Bluegrass,https://hardlystrictlybluegrass.com/,2025-11-17T03:14:58Z
8,#Strictly,15,Strictly Genteel lyrics : r/Zappa,https://www.reddit.com/r/Zappa/comments/t9jsg0/strictly_genteel_lyrics/,2025-11-17T03:14:58Z
8,#Strictly,16,Strictly Limited Games Store,https://www.strictlylimitedgames.com/collections/all,2025-11-17T03:14:58Z
8,#Strictly,17,Record labels like Strictly Rhythm : r/House,https://www.reddit.com/r/House/comments/1faubpj/record_labels_like_strictly_rhythm/,2025-11-17T03:14:58Z
8,#Strictly,18,The Strictly Spoiler (@davejthorp) / Posts / X,https://x.com/davejthorp?lang=en,2025-11-17T03:14:58Z
8,#Strictly,19,"Strictly For Streets Progress and Updates | Fort Morgan, CO",https://www.cityoffortmorgan.com/822/Strictly-For-Streets-Progress-and-Update,2025-11-17T03:14:58Z
8,#Strictly,20,"Strictly Proper Scoring Rules, Prediction, and Estimation: Journal of ...",https://www.tandfonline.com/doi/abs/10.1198/016214506000001437,2025-11-17T03:14:58Z
9,Congo,1,Democratic Republic of the Congo - Wikipedia,https://en.wikipedia.org/wiki/Democratic_Republic_of_the_Congo,2025-11-17T03:15:03Z
9,Congo,2,Congo (1995) - IMDb,https://www.imdb.com/title/tt0112715/,2025-11-17T03:15:03Z
9,Congo,3,Republic of the Congo - Wikipedia,https://en.wikipedia.org/wiki/Republic_of_the_Congo,2025-11-17T03:15:03Z
9,Congo,4,CoNGO - DEFINING THE PRESENT SHAPING THE FUTURE,https://ngocongo.org/,2025-11-17T03:15:03Z
9,Congo,5,Democratic Republic of Congo | Country Page | World | Human ...,https://www.hrw.org/africa/democratic-republic-congo,2025-11-17T03:15:03Z
9,Congo,6,Congo,https://jpanther.github.io/congo/,2025-11-17T03:15:03Z
9,Congo,7,Eastern Congo Initiative: Homepage,https://easterncongo.org/,2025-11-17T03:15:03Z
9,Congo,8,DR Congo emergency | UNHCR,https://www.unhcr.org/us/emergencies/dr-congo-emergency,2025-11-17T03:15:03Z
9,Congo,9,Democratic Republic of the Congo Publications : Security Council ...,https://www.securitycouncilreport.org/democratic-republic-of-the-congo/,2025-11-17T03:15:03Z
9,Congo,10,Congo's measures to combat money laundering and terrorist financing,https://www.fatf-gafi.org/en/publications/Mutualevaluations/Mer-congo-2022.html,2025-11-17T03:15:03Z
9,Congo,11,"jpanther/congo: A powerful, lightweight theme for Hugo ... - GitHub",https://github.com/jpanther/congo,2025-11-17T03:15:03Z
9,Congo,12,Friends of the Congo: Raising Consciousness About the Challenge ...,https://friendsofthecongo.org/,2025-11-17T03:15:03Z
9,Congo,13,Unsdg | UN in Action - Congo,https://unsdg.un.org/un-in-action/congo,2025-11-17T03:15:03Z
9,Congo,14,Congo Gorilla Forest - Bronx Zoo,https://bronxzoo.com/things-to-do/exhibits/congo-gorilla-forest,2025-11-17T03:15:03Z
9,Congo,15,New Life in the Congo Basin: A Decade of Species Discoveries ...,https://www.worldwildlife.org/publications/new-life-in-the-congo-basin-a-decade-of-species-discoveries-2013-2023/,2025-11-17T03:15:03Z
9,Congo,16,Reducing Logging Impacts in the Congo Basin,https://www.nature.org/en-us/about-us/where-we-work/africa/stories-in-africa/reduced-impact-logging-congo/,2025-11-17T03:15:03Z
9,Congo,17,DR Congo country profile - BBC News,https://www.bbc.com/news/world-africa-13283212,2025-11-17T03:15:03Z
9,Congo,18,Congo Clothing Company,https://www.congoclothingco.com/,2025-11-17T03:15:03Z
9,Congo,19,Mortality in the Democratic Republic of Congo: An ongoing crisis ...,https://www.rescue.org/report/mortality-democratic-republic-congo-ongoing-crisis,2025-11-17T03:15:03Z
9,Congo,20,Crimean-Congo haemorrhagic fever,https://pubmed.ncbi.nlm.nih.gov/16554245/,2025-11-17T03:15:03Z
10,Chiefs,1,Kansas City Chiefs Home | Chiefs.com,https://www.chiefs.com/,2025-11-17T03:15:07Z
10,Chiefs,2,"Kansas City Chiefs Scores, Stats and Highlights - ESPN",https://www.espn.com/nfl/team/_/name/kc/kansas-city-chiefs,2025-11-17T03:15:07Z
10,Chiefs,3,Kansas City Chiefs (@Chiefs) / Posts / X,https://x.com/Chiefs,2025-11-17T03:15:07Z
10,Chiefs,4,"Kansas City Chiefs (@chiefs) · Kansas City, MO",https://www.instagram.com/chiefs/?hl=en,2025-11-17T03:15:07Z
10,Chiefs,5,Chiefs Schedule | Kansas City Chiefs - Chiefs.com,https://www.chiefs.com/schedule/,2025-11-17T03:15:07Z
10,Chiefs,6,Kansas City Chiefs - Wikipedia,https://en.wikipedia.org/wiki/Kansas_City_Chiefs,2025-11-17T03:15:07Z
10,Chiefs,7,Chiefs (@chiefs) | TikTok,https://www.tiktok.com/@chiefs?lang=en,2025-11-17T03:15:07Z
10,Chiefs,8,Chiefs for Change,https://www.chiefsforchange.org/,2025-11-17T03:15:07Z
10,Chiefs,9,"Kansas City Chiefs News, Scores, Stats, Schedule | NFL.com",https://www.nfl.com/teams/kansas-city-chiefs/,2025-11-17T03:15:07Z
10,Chiefs,10,"Kansas City Chiefs: Home of the Red, White and Gold",https://www.reddit.com/r/KansasCityChiefs/,2025-11-17T03:15:07Z
10,Chiefs,11,"Kansas City Chiefs News, Scores and Stats 2025-26 - CBS Sports",https://www.cbssports.com/nfl/teams/KC/kansas-city-chiefs/,2025-11-17T03:15:07Z
10,Chiefs,12,Spokane Chiefs -,https://chl.ca/whl-chiefs/,2025-11-17T03:15:07Z
10,Chiefs,13,Kansas City Chiefs Store,https://shop.chiefs.com/,2025-11-17T03:15:07Z
10,Chiefs,14,International Association of Chiefs of Police: Shaping the Future of ...,https://www.theiacp.org/,2025-11-17T03:15:07Z
10,Chiefs,15,Game Plan | Parking & Tailgating | GEHA Field at Arrowhead Stadium,https://www.gehafieldatarrowhead.com/plan-your-visit/parking-transportation/game-plan,2025-11-17T03:15:07Z
10,Chiefs,16,Illinois Chiefs of Police,https://www.ilchiefs.org/,2025-11-17T03:15:07Z
10,Chiefs,17,Chiefs are placing EDGE Felix Anudike-Uzomah on season-ending ...,https://www.facebook.com/AdamSchefter/posts/chiefs-are-placing-edge-felix-anudike-uzomah-on-season-ending-ir-due-to-a-strain/1306916730804271/,2025-11-17T03:15:07Z
10,Chiefs,18,Kansas City Chiefs Report Card 2025 | NFLPA,https://nflpa.com/report-cards/2025/kansas-city-chiefs,2025-11-17T03:15:07Z
10,Chiefs,19,"Kansas City Chiefs News, Videos, Schedules, Roster, Stats - Yahoo ...",https://sports.yahoo.com/nfl/teams/kansas-city/,2025-11-17T03:15:07Z
10,Chiefs,20,International Association of Fire Chiefs: IAFC,https://www.iafc.org/,2025-11-17T03:15:07Z
11,Nigeria,1,Nigeria - Wikipedia,https://en.wikipedia.org/wiki/Nigeria,2025-11-17T03:15:12Z
11,Nigeria,2,"Nigeria | History, Population, Flag, Map, Languages, Capital, & Facts ...",https://www.britannica.com/place/Nigeria,2025-11-17T03:15:12Z
11,Nigeria,3,Nigeria - Global Centre for the Responsibility to Protect,https://www.globalr2p.org/countries/nigeria/,2025-11-17T03:15:12Z
11,Nigeria,4,The Nigerian Football Federation: The NFF Official Website,https://thenff.com/,2025-11-17T03:15:12Z
11,Nigeria,5,Nigeria Immigration Service: Home,https://immigration.gov.ng/,2025-11-17T03:15:12Z
11,Nigeria,6,"Statement of the Prosecutor, Fatou Bensouda, on the conclusion of ...",https://www.icc-cpi.int/news/statement-prosecutor-fatou-bensouda-conclusion-preliminary-examination-situation-nigeria,2025-11-17T03:15:12Z
11,Nigeria,7,Nigeria - United States Department of State,https://www.state.gov/countries-areas/nigeria,2025-11-17T03:15:12Z
11,Nigeria,8,"The State House, Abuja",https://statehouse.gov.ng/,2025-11-17T03:15:12Z
11,Nigeria,9,Nigeria · Serving Persecuted Christians Worldwide,https://www.opendoors.org/en-US/persecution/countries/nigeria/,2025-11-17T03:15:12Z
11,Nigeria,10,Nigeria Customs Service – Nigeria Customs Information Portal,https://customs.gov.ng/,2025-11-17T03:15:12Z
11,Nigeria,11,Nigeria travel advice - GOV.UK,https://www.gov.uk/foreign-travel-advice/nigeria,2025-11-17T03:15:12Z
11,Nigeria,12,Nigeria | The IRC,https://www.rescue.org/country/nigeria,2025-11-17T03:15:12Z
11,Nigeria,13,Nigeria Centre for Disease Control and Prevention,https://ncdc.gov.ng/,2025-11-17T03:15:12Z
11,Nigeria,14,Nigeria | UNMAS,https://www.unmas.org/en/programmes/nigeria,2025-11-17T03:15:12Z
11,Nigeria,15,Nigeria | Malala Fund,https://malala.org/countries/nigeria,2025-11-17T03:15:12Z
11,Nigeria,16,Nigeria - GPEI,https://polioeradication.org/country/nigeria/,2025-11-17T03:15:12Z
11,Nigeria,17,Nigeria,https://www.eia.gov/international/overview/country/nga,2025-11-17T03:15:12Z
11,Nigeria,18,Nigeria | Our Work & How to Help | Doctors Without Borders - USA,https://www.doctorswithoutborders.org/what-we-do/where-we-work/nigeria,2025-11-17T03:15:12Z
11,Nigeria,19,"Ebola Virus Disease Outbreak — Nigeria, July–September 2014","https://www.cdc.gov/mmwr/preview/mmwrhtml/mm6339a5.htm?utm_source=chatgpt.com%20Ebola%20Virus%20Disease%20Outbreak%20%E2%80%94%20Nigeria,%20July%E2%80%93September%202014",2025-11-17T03:15:12Z
11,Nigeria,20,NSIA: Home,https://nsia.com.ng/,2025-11-17T03:15:12Z
12,Ireland,1,Ireland - Wikipedia,https://en.wikipedia.org/wiki/Ireland,2025-11-17T03:15:16Z
12,Ireland,2,Ireland's official holiday and travel guide | Ireland.com,https://www.ireland.com/en-us/,2025-11-17T03:15:16Z
12,Ireland,3,Republic of Ireland - Wikipedia,https://en.wikipedia.org/wiki/Republic_of_Ireland,2025-11-17T03:15:16Z
12,Ireland,4,Ireland/Éire,https://www.reddit.com/r/ireland/,2025-11-17T03:15:16Z
12,Ireland,5,Government of Ireland: Welcome to gov.ie,https://www.gov.ie/,2025-11-17T03:15:16Z
12,Ireland,6,"Ireland | History, Map, Flag, Capital, Population, & Facts | Britannica",https://www.britannica.com/place/Ireland,2025-11-17T03:15:16Z
12,Ireland,7,Ireland's Foreign Direct Investment Agency | IDA Ireland | IDA Ireland,https://www.idaireland.com/,2025-11-17T03:15:16Z
12,Ireland,8,"Ireland.ie | Ireland.ie, official international website of Ireland | This is ...",https://www.ireland.ie/en/,2025-11-17T03:15:16Z
12,Ireland,9,Football Association of Ireland | National Teams,https://www.fai.ie/national-teams/,2025-11-17T03:15:16Z
12,Ireland,10,Tourism Ireland,https://www.tourismireland.com/,2025-11-17T03:15:16Z
12,Ireland,11,Enterprise Ireland: Helping Irish Business Go Global,https://www.enterprise-ireland.com/en/,2025-11-17T03:15:16Z
12,Ireland,12,Ireland | The Guardian,https://www.theguardian.com/world/ireland,2025-11-17T03:15:16Z
12,Ireland,13,"Ireland News | National Updates, Societal Issues, Irish Current Affairs",https://www.irishtimes.com/ireland/,2025-11-17T03:15:16Z
12,Ireland,14,DFA - Department of Foreign Affairs,https://www.dfa.ie/,2025-11-17T03:15:16Z
12,Ireland,15,Friends of the Irish Environment v. Ireland - The Climate Litigation ...,https://www.climatecasechart.com/document/friends-of-the-irish-environment-v-ireland_c37f,2025-11-17T03:15:16Z
12,Ireland,16,Plan Your Next Adventure With Discover Ireland,https://www.discoverireland.ie/,2025-11-17T03:15:16Z
12,Ireland,17,Catherine Connolly elected as Ireland's new president : NPR,https://www.npr.org/2025/10/27/g-s1-95210/ireland-catherine-connolly-president-gaza,2025-11-17T03:15:16Z
12,Ireland,18,Ireland | RSF,https://rsf.org/en/country/ireland,2025-11-17T03:15:16Z
12,Ireland,19,Bank of Ireland - Begin,https://www.bankofireland.com/,2025-11-17T03:15:16Z
12,Ireland,20,Ireland Bank Home Page - Ireland Bank,https://ireland-bank.bank/,2025-11-17T03:15:16Z
13,Lookman,1,Ademola Lookman - Wikipedia,https://en.wikipedia.org/wiki/Ademola_Lookman,2025-11-17T03:15:20Z
13,Lookman,2,Ademola Lookman (M.O.N) (@molalookman) • Instagram photos ...,https://www.instagram.com/molalookman/?hl=en,2025-11-17T03:15:20Z
13,Lookman,3,Ademola Lookman - Player profile 25/26 | Transfermarkt,https://www.transfermarkt.com/ademola-lookman/profil/spieler/406040,2025-11-17T03:15:20Z
13,Lookman,4,Ademola Lookman - Player profile 25/26 | Transfermarkt,https://www.transfermarkt.us/ademola-lookman/profil/spieler/406040,2025-11-17T03:15:20Z
13,Lookman,5,"Give to Professor Lookman ""Buky"" Folami | Bryant Giving Day 2025",https://givingday.bryant.edu/campaigns/professor-lookman-buky-folami-partner-in-scholarship,2025-11-17T03:15:20Z
13,Lookman,6,Ademola Lookman (@Alookman_) / Posts / X,https://x.com/Alookman_,2025-11-17T03:15:20Z
13,Lookman,7,Leao and Lookman over 3 years. 2 great players : r/seriea,https://www.reddit.com/r/seriea/comments/1j5rikf/leao_and_lookman_over_3_years_2_great_players/,2025-11-17T03:15:20Z
13,Lookman,8,Ademola Lookman - Player profile 25/26 | Transfermarkt,https://www.transfermarkt.co.uk/ademola-lookman/profil/spieler/406040,2025-11-17T03:15:20Z
13,Lookman,9,How would you feel if we signed Ademola Lookman or Rafa Leao in ...,https://www.reddit.com/r/ArsenalFC/comments/1it5zhx/how_would_you_feel_if_we_signed_ademola_lookman/,2025-11-17T03:15:20Z
13,Lookman,10,‪Turab Lookman‬ - ‪Google Scholar‬,https://scholar.google.com/citations?user=9SNxXpUAAAAJ&hl=en,2025-11-17T03:15:20Z
13,Lookman,11,Ademola Lookman | Atalanta Bergamasca Calcio Store,https://store.atalanta.it/gb/men-team/11-ademola-lookman,2025-11-17T03:15:20Z
13,Lookman,12,Lookman Rawat | London | Hogan Lovells,https://www.hoganlovells.com/en/rawat-lookman,2025-11-17T03:15:20Z
13,Lookman,13,Lookman Balogun - Football - Southern Utah University Athletics,https://suutbirds.com/sports/football/roster/lookman-balogun/12256,2025-11-17T03:15:20Z
13,Lookman,14,"Aziz Lookman, Ph.D. - HIRING! Economics + AI for Private Equity ...",https://www.linkedin.com/in/azizlookman,2025-11-17T03:15:20Z
13,Lookman,15,Ademola Lookman touchline spat with ex-Premier League boss ...,https://www.espn.com/soccer/story/_/id/46868379/ademola-lookman-touchline-spat-ex-premier-league-boss-ivan-juric-atalanta,2025-11-17T03:15:20Z
13,Lookman,16,Sharifa Lookman | Department of Art and Archaeology,https://artandarchaeology.princeton.edu/people/sharifa-lookman,2025-11-17T03:15:20Z
13,Lookman,17,Dr. Lookman Lawal | ASC of the Heart Institute,https://ascheart.com/details/doctor/dr-lookman-lawal,2025-11-17T03:15:20Z
13,Lookman,18,Dr. Lookman Lawal | Southwestern Cardiac Arrhythmia Institute,https://southwesternheart.com/details/team/dr-lookman-lawal,2025-11-17T03:15:20Z
13,Lookman,19,Lookman Olusanya - CFO | Strategic Operator | Enterprise Builder ...,https://www.linkedin.com/in/lookmano,2025-11-17T03:15:20Z
13,Lookman,20,"Dr. Lookman K Odejobi, MD - Neptune, NJ - Internal Medicine",https://doctors.hackensackmeridianhealth.org/provider/lookman-k-odejobi/1314637,2025-11-17T03:15:20Z
14,Albania,1,Albania - Wikipedia,https://en.wikipedia.org/wiki/Albania,2025-11-17T03:15:25Z
14,Albania,2,"Albania | History, Geography, Customs, & Traditions | Britannica",https://www.britannica.com/place/Albania,2025-11-17T03:15:25Z
14,Albania,3,Visit Albania - Albania,https://albania.al/,2025-11-17T03:15:25Z
14,Albania,4,Albania - The World Factbook,https://www.cia.gov/the-world-factbook/countries/albania/,2025-11-17T03:15:25Z
14,Albania,5,Albania - United States Department of State,https://www.state.gov/countries-areas/albania,2025-11-17T03:15:25Z
14,Albania,6,Albania | RSF,https://rsf.org/en/country/albania,2025-11-17T03:15:25Z
14,Albania,7,Albania | Where we invest,https://www.ebrd.com/home/what-we-do/where-we-invest/albania.html,2025-11-17T03:15:25Z
14,Albania,8,Albania | European Free Trade Association,https://www.efta.int/trade-relations/free-trade-network/albania,2025-11-17T03:15:25Z
14,Albania,9,Travel advice and advisories for Albania,https://travel.gc.ca/destinations/albania,2025-11-17T03:15:25Z
14,Albania,10,Albania | Data,https://data.worldbank.org/country/albania,2025-11-17T03:15:25Z
14,Albania,11,Albania,https://www.opengovpartnership.org/members/albania/,2025-11-17T03:15:25Z
14,Albania,12,Information by Country: Albania,https://www.wipo.int/directory/en/details.jsp?country_code=AL,2025-11-17T03:15:25Z
14,Albania,13,Albania,https://www.fatf-gafi.org/en/countries/detail/Albania.html,2025-11-17T03:15:25Z
14,Albania,14,"EUROPEAN COMMISSION Brussels, 30.10.2024 SWD(2024) 690 ...",https://enlargement.ec.europa.eu/document/download/a8eec3f9-b2ec-4cb1-8748-9058854dbc68_en?filename=Albania%20Report%202024.pdf,2025-11-17T03:15:25Z
14,Albania,15,"Finance & Development, March 2000 - The Rise and Fall of ...",https://www.imf.org/external/pubs/ft/fandd/2000/03/jarvis.htm,2025-11-17T03:15:25Z
14,Albania,16,Partners Albania for Change and Development – Partnerët Shqipëri ...,https://www.partnersalbania.org/,2025-11-17T03:15:25Z
14,Albania,17,"EUROPEAN COMMISSION Brussels, 9.11.2016 SWD(2016) 364 ...",https://enlargement.ec.europa.eu/document/download/20c77a35-937b-4a73-951c-3faa14410c0d_en?filename=20161109_report_albania.pdf,2025-11-17T03:15:25Z
14,Albania,18,Ratifications of ILO conventions: Ratifications for Albania,https://normlex.ilo.org/dyn/nrmlx_en/f?p=1000:11200:0::NO:11200:P11200_COUNTRY_ID:102532,2025-11-17T03:15:25Z
14,Albania,19,Albania - Member information - WTO,https://www.wto.org/english/thewto_e/countries_e/albania_e.htm,2025-11-17T03:15:25Z
14,Albania,20,Index of Economic Freedom: Albania | The Heritage Foundation,https://www.heritage.org/index/pages/country-pages/albania,2025-11-17T03:15:25Z
15,Trump,1,Donald Trump - Wikipedia,https://en.wikipedia.org/wiki/Donald_Trump,2025-11-17T03:15:29Z
15,Trump,2,The Trump Organization | Luxury Real Estate Portfolio,https://www.trump.com/,2025-11-17T03:15:29Z
15,Trump,3,President Donald J. Trump,https://www.whitehouse.gov/administration/donald-j-trump/,2025-11-17T03:15:29Z
15,Trump,4,Donald J. Trump (@realDonaldTrump) / Posts / X,https://x.com/realDonaldTrump,2025-11-17T03:15:29Z
15,Trump,5,Trump Winery,https://www.trumpwinery.com/,2025-11-17T03:15:29Z
15,Trump,6,Donald J. Trump news | CNN Politics,https://www.cnn.com/politics/president-donald-trump-47,2025-11-17T03:15:29Z
15,Trump,7,Donald Trump | Breaking News & Latest Updates | AP News,https://apnews.com/hub/donald-trump,2025-11-17T03:15:29Z
15,Trump,8,23-939 Trump v. United States (07/01/2024),https://www.supremecourt.gov/opinions/23pdf/23-939_e2pg.pdf,2025-11-17T03:15:29Z
15,Trump,9,Luxury Hotels | Trump Hotels - Official Website | 5 Star Hotels,https://www.trumphotels.com/,2025-11-17T03:15:29Z
15,Trump,10,President Donald J. Trump (@realdonaldtrump) • Instagram photos ...,https://www.instagram.com/realdonaldtrump/?hl=en,2025-11-17T03:15:29Z
15,Trump,11,President Donald J. Trump's Call with President Vladimir Putin - U.S. ...,https://ru.usembassy.gov/president-donald-j-trumps-call-with-president-vladimir-putin/,2025-11-17T03:15:29Z
15,Trump,12,Donald J. Trump – The White House,https://trumpwhitehouse.archives.gov/people/donald-j-trump/,2025-11-17T03:15:29Z
15,Trump,13,Latest Donald Trump News | Top Headlines on Donald Trump ...,https://www.reuters.com/world/us/donald-trump/,2025-11-17T03:15:29Z
15,Trump,14,Listen To The Jeffrey Epstein Tapes: 'I Was Donald Trump's Closest ...,https://docs.house.gov/meetings/JU/JU08/20250227/117951/HHRG-119-JU08-20250227-SD006-U6.pdf,2025-11-17T03:15:29Z
15,Trump,15,"Donald Trump - Breaking News, Photos and Videos | The Hill",https://thehill.com/people/donald-trump/,2025-11-17T03:15:29Z
15,Trump,16,Donald J. Trump,https://www.facebook.com/DonaldTrump/,2025-11-17T03:15:29Z
15,Trump,17,Trump administration | The Guardian,https://www.theguardian.com/us-news/trump-administration,2025-11-17T03:15:29Z
15,Trump,18,Office of the Pardon Attorney | Clemency Grants by President ...,https://www.justice.gov/pardon/clemency-grants-president-donald-j-trump-2025-present,2025-11-17T03:15:29Z
15,Trump,19,Donald Trump - CNBC,https://www.cnbc.com/donald-trump/,2025-11-17T03:15:29Z
15,Trump,20,Pacito v. Trump: Challenging Trump's suspension of USRAP ...,https://refugeerights.org/news-resources/pacito-v-trump-challenging-trumps-suspension-of-usrap,2025-11-17T03:15:29Z
16,Littler,1,Littler Mendelson P.C. | Built for your tomorrow,https://www.littler.com/,2025-11-17T03:15:34Z
16,Littler,2,Littler.,https://littlerdurham.com/,2025-11-17T03:15:34Z
16,Littler,3,Careers | Littler,https://www.littler.com/careers,2025-11-17T03:15:34Z
16,Littler,4,Littler | LinkedIn,https://www.linkedin.com/company/littler-mendelson,2025-11-17T03:15:34Z
16,Littler,5,Find a Professional | Littler,https://www.littler.com/people,2025-11-17T03:15:34Z
16,Littler,6,Luke TheNuke Littler (@lukethenukelittler) • Instagram photos and ...,https://www.instagram.com/lukethenukelittler/?hl=en,2025-11-17T03:15:34Z
16,Littler,7,eddelbuettel/littler: A scripting and command-line front-end ... - GitHub,https://github.com/eddelbuettel/littler,2025-11-17T03:15:34Z
16,Littler,8,CRAN: Package littler,https://cran.r-project.org/package=littler,2025-11-17T03:15:34Z
16,Littler,9,Luke Littler - Wikipedia,https://en.wikipedia.org/wiki/Luke_Littler,2025-11-17T03:15:34Z
16,Littler,10,Cade Littler - Men's Hockey - University of North Dakota Athletics,https://fightinghawks.com/sports/mens-ice-hockey/roster/cade-littler/12965,2025-11-17T03:15:34Z
16,Littler,11,Obituary of Alice S. Littler | Paul W. Harris Funeral Home | Servin...,https://harrisfuneralhome.com/tribute/details/5222/Alice-Littler/obituary.html,2025-11-17T03:15:34Z
16,Littler,12,Obituary information for John Wayne Littler,https://www.ceasefuneralhome.com/obituaries/John-Wayne-Littler?obId=42662295,2025-11-17T03:15:34Z
16,Littler,13,Littler,https://www.facebook.com/littlerband/,2025-11-17T03:15:34Z
16,Littler,14,"Cassana Littler, MD | Denver Health",https://www.denverhealth.org/provider-directory/l/littler-cassana-m,2025-11-17T03:15:34Z
16,Littler,15,The Eaton-Littler Ligament Reconstruction in Thumb ...,https://pubmed.ncbi.nlm.nih.gov/39230268/,2025-11-17T03:15:34Z
16,Littler,16,Jill Renee Littler Obituary - Visitation & Funeral Information,https://www.mastrofrancescofuneralhome.com/m/obituaries/jill-littler/,2025-11-17T03:15:34Z
16,Littler,17,Classifications in Brief: The Eaton-Littler Classification of Thumb ...,https://pmc.ncbi.nlm.nih.gov/articles/PMC5085928/,2025-11-17T03:15:34Z
16,Littler,18,Not Your Father's Anti-Union Movement: Ten Key Facts About ...,https://lawcha.org/2022/03/07/10-key-facts-littler-mendelson/,2025-11-17T03:15:34Z
16,Littler,19,Luke Littler wins Grand Slam of Darts and secures world number ...,https://www.bbc.com/sport/darts/articles/crmxy3k3e2eo,2025-11-17T03:15:34Z
16,Littler,20,"Lucy R. Littler, PhD | Senior Lecturer of English",https://www.rollins.edu/english/lucy-r-littler/,2025-11-17T03:15:34Z
17,Tesco,1,"Tesco - Supermarkets | Online Groceries, Clubcard & Recipes ...",https://www.tesco.com/,2025-11-17T03:15:38Z
17,Tesco,2,"Tesco PLC | Community, Investors & Sustainability",https://www.tescoplc.com/,2025-11-17T03:15:38Z
17,Tesco,3,Online food shopping and grocery delivery - Tesco Groceries,https://www.tesco.com/groceries/,2025-11-17T03:15:38Z
17,Tesco,4,Tesco - Wikipedia,https://en.wikipedia.org/wiki/Tesco,2025-11-17T03:15:38Z
17,Tesco,5,Tesco.ie - online shopping; bringing the supermarket to you.,https://www.tesco.ie/,2025-11-17T03:15:38Z
17,Tesco,6,"Tesco Bank - Credit Cards, Loans and Savings - Personal Finance",https://www.tescobank.com/,2025-11-17T03:15:38Z
17,Tesco,7,Tesco (@Tesco) / Posts / X,https://x.com/Tesco?lang=en,2025-11-17T03:15:38Z
17,Tesco,8,"Tesco Mobile: Mobile Phones, Phone Contracts & SIM Only Deals",https://www.tescomobile.com/,2025-11-17T03:15:38Z
17,Tesco,9,Tesco Organization Germany – An incredible orgy of sounds,https://tesco-germany.com/,2025-11-17T03:15:38Z
17,Tesco,10,Tesco Learning Environments,https://tesco-ind.com/,2025-11-17T03:15:38Z
17,Tesco,11,TESCO Metering,https://www.tescometering.com/,2025-11-17T03:15:38Z
17,Tesco,12,Tesco | LinkedIn,https://uk.linkedin.com/company/-tesco,2025-11-17T03:15:38Z
17,Tesco,13,Tesco Recipes: For a little help making recipes you'll all love,https://realfood.tesco.com/,2025-11-17T03:15:38Z
17,Tesco,14,Tesco Mobile: Best Mobile Phone Plans | Bill Pay | Prepay | SIM,https://www.tescomobile.ie/,2025-11-17T03:15:38Z
17,Tesco,15,New and Used Buses and Vans for Sale | Tesco Bus Sales,https://www.tescobus.com/,2025-11-17T03:15:38Z
17,Tesco,16,Tesco Media and Insight Platform - dunnhumby,https://www.dunnhumby.com/tesco-media-insight-platform/,2025-11-17T03:15:38Z
17,Tesco,17,Tesco Controls Inc. | Control System Integrator,https://tescocontrols.com/,2025-11-17T03:15:38Z
17,Tesco,18,TESco Associates: Home,https://www.tescoassociates.com/,2025-11-17T03:15:38Z
17,Tesco,19,Tesco Community Grants,https://tescostrongerstarts.org.uk/,2025-11-17T03:15:38Z
17,Tesco,20,Tesco Stronger Starts - Groundwork,https://www.groundwork.org.uk/grants_tesco-community-grants/,2025-11-17T03:15:38Z
18,lorde,1,Lorde,https://www.lorde.co.nz/,2025-11-17T03:15:43Z
18,lorde,2,Lorde (@lorde) • Instagram photos and videos,https://www.instagram.com/lorde/?hl=en,2025-11-17T03:15:43Z
18,lorde,3,Lorde - Wikipedia,https://en.wikipedia.org/wiki/Lorde,2025-11-17T03:15:43Z
18,lorde,4,Lorde,https://www.facebook.com/lordemusic/,2025-11-17T03:15:43Z
18,lorde,5,Lorde - What Was That - YouTube,https://www.youtube.com/watch?v=1UpoZpMBM9Y,2025-11-17T03:15:43Z
18,lorde,6,Lorde (@lorde) / Posts / X,https://x.com/lorde,2025-11-17T03:15:43Z
18,lorde,7,"A ""Quiet Journey"" Through Guided MDMA Therapy Helped Lorde ...",https://www.youtube.com/watch?v=zh3SmD5Qs_c,2025-11-17T03:15:43Z
18,lorde,8,Lorde | Spotify,https://open.spotify.com/artist/163tK9Wjr9P9DmM0AVK7lm,2025-11-17T03:15:43Z
18,lorde,9,Everything Lorde,https://www.reddit.com/r/lorde/,2025-11-17T03:15:43Z
18,lorde,10,Rookie » Super Heroine: An Interview With Lorde,https://www.rookiemag.com/2014/01/lorde-interview/,2025-11-17T03:15:43Z
18,lorde,11,Lorde: The Blackbird Spyplane Interview,https://www.blackbirdspyplane.com/p/lorde-the-blackbird-spyplane-interview,2025-11-17T03:15:43Z
18,lorde,12,lordeemailarchive · Lorde's Email Archive,https://www.tumblr.com/lordeemailarchive,2025-11-17T03:15:43Z
18,lorde,13,Callen-Lorde: Home,https://callen-lorde.org/,2025-11-17T03:15:43Z
18,lorde,14,"On Audre Lorde's ""The Master's Tools..."" — Count Bayesie",https://www.countbayesie.com/blog/2020/6/5/on-audre-lordes-the-masters-tools,2025-11-17T03:15:43Z
18,lorde,15,Transformations of Silence into Language and Action (Audre Lorde ...,https://kindredpsych.com/transformations-of-silence/,2025-11-17T03:15:43Z
18,lorde,16,Audre Lorde: Meet - AAIHS,https://www.aaihs.org/audre-lorde-meet/,2025-11-17T03:15:43Z
18,lorde,17,"Happy birthday, Audre Lorde | feministkilljoys",https://feministkilljoys.com/2014/02/18/happy-birthday-audre-lorde/,2025-11-17T03:15:43Z
18,lorde,18,On Audre Lorde. “For the master's tool will never… | by Ayomi ...,https://medium.com/@ayomiamindoni/on-audre-lorde-7a69b10d2cca,2025-11-17T03:15:43Z
18,lorde,19,The Israel-Palestine Lorde Project - +972 Magazine,https://www.972mag.com/the-israel-palestine-lorde-project/,2025-11-17T03:15:43Z
18,lorde,20,Audre Lorde | The Poetry Foundation,https://www.poetryfoundation.org/poets/audre-lorde,2025-11-17T03:15:43Z
19,Nwabali,1,Stanley Nwabali - Wikipedia,https://en.wikipedia.org/wiki/Stanley_Nwabali,2025-11-17T03:15:47Z
19,Nwabali,2,Chief Stanley Bobo Nwabali (M.O.N) (@nwabali32) • Instagram ...,https://www.instagram.com/nwabali32/?hl=en,2025-11-17T03:15:47Z
19,Nwabali,3,Nwabali Stanley bobo (M.O.N) (@NwabaliBobo) / Posts / X,https://x.com/NwabaliBobo,2025-11-17T03:15:47Z
19,Nwabali,4,"You get what you fight for, not what you wish for. Unto the next ...",https://www.instagram.com/p/DP02K69jIxq/?hl=en,2025-11-17T03:15:47Z
19,Nwabali,5,Stanley Nwabali - Player profile 25/26 | Transfermarkt,https://www.transfermarkt.us/stanley-nwabali/profil/spieler/677856,2025-11-17T03:15:47Z
19,Nwabali,6,"Stanley Nwabali, goalkeeper for the Super Eagles, deserved a red ...",https://www.facebook.com/femi.ajibode/posts/stanley-nwabali-goalkeeper-for-the-super-eagles-deserved-a-red-card-for-hitting-/3496548487153331/,2025-11-17T03:15:47Z
19,Nwabali,7,Stanley Nwabali - Chippa United Goalkeeper - ESPN,https://www.espn.com/soccer/player/_/id/299679/stanley-nwabali,2025-11-17T03:15:47Z
19,Nwabali,8,"Honestly, I'm not sure what was going through Stanley Nwabali's ...",https://www.facebook.com/61566526516811/posts/honestly-im-not-sure-what-was-going-through-stanley-nwabalis-mind-during-yesterd/122182470278550883/,2025-11-17T03:15:47Z
19,Nwabali,9,Nigeria's Stanley Nwabali will miss AFCON qualifier after father's ...,https://www.espn.com/soccer/story/_/id/42417101/africa-cup-nations-stanley-nwabali-miss-nigeria-qualifier-vs-rwanda-father-death,2025-11-17T03:15:47Z
19,Nwabali,10,Ezza - Stanley Nwabali is from Ezza in Ebonyi state. he was born ...,https://www.facebook.com/photo.php?fbid=716785083979620&id=100069444049236&set=a.350314470626685,2025-11-17T03:15:47Z
19,Nwabali,11,Stanley Nwabali - Player profile 25/26 | Transfermarkt,https://www.transfermarkt.com/stanley-nwabali/profil/spieler/677856,2025-11-17T03:15:47Z
19,Nwabali,12,Donations sofar for Stanley nwabali parents burial... 1. Victor ...,https://www.facebook.com/stanleyfanssport/posts/donations-sofar-for-stanley-nwabali-parents-burial1-victor-osimhen-10million-2-%C3%B1/122234712878207225/,2025-11-17T03:15:47Z
19,Nwabali,13,126 Stanley Nwabali Photos & High Res Pictures - Getty Images,https://www.gettyimages.com/photos/stanley-nwabali,2025-11-17T03:15:47Z
19,Nwabali,14,Nwabali has saved us n'abali a : r/Nigeria,https://www.reddit.com/r/Nigeria/comments/1ahby63/nwabali_has_saved_us_nabali_a/,2025-11-17T03:15:47Z
19,Nwabali,15,Nwabali gets away with one - The Athletic,https://www.nytimes.com/athletic/live-blogs/nigeria-vs-drcongo-live-updates-world-cup-2026-qualifier-score-result/8DFtmMyja5bg/2L2kbkgQFlnp/,2025-11-17T03:15:47Z
19,Nwabali,16,Nwabali's shootout heroics against South Africa send Nigeria to ...,https://www.theguardian.com/football/2024/feb/07/nwabalis-shootout-heroics-against-south-africa-send-nigeria-to-afcon-final,2025-11-17T03:15:47Z
19,Nwabali,17,‎NWABALI 2.0 (feat. Jeriq) - Single - Album by Loti - Apple Music,https://music.apple.com/za/album/nwabali-2-0-feat-jeriq-single/1834461140,2025-11-17T03:15:47Z
19,Nwabali,18,Stanley Nwabali - Stats | Transfermarkt,https://www.transfermarkt.co.za/stanley-nwabili/leistungsdaten/spieler/677856,2025-11-17T03:15:47Z
19,Nwabali,19,Stanley Nwabali (Chippa Utd.) stats - Player Profile - Flashscore ...,https://www.flashscore.com.ng/player/nwabili-stanley/f7Sr6Oxg/,2025-11-17T03:15:47Z
19,Nwabali,20,Super Eagles' Stanley Nwabali loses mother two months after ...,https://www.premiumtimesng.com/sports/football/764668-super-eagles-stanley-nwabali-loses-mother-two-months-after-fathers-death.html,2025-11-17T03:15:47Z
20,Sam Darnold,1,Sam Darnold - Seattle Seahawks Quarterback - ESPN,https://www.espn.com/nfl/player/_/id/3912547/sam-darnold,2025-11-17T03:15:51Z
20,Sam Darnold,2,Sam Darnold - Wikipedia,https://en.wikipedia.org/wiki/Sam_Darnold,2025-11-17T03:15:51Z
20,Sam Darnold,3,"Sam Darnold Stats, Height, Weight, Position, Draft, College | Pro ...",https://www.pro-football-reference.com/players/D/DarnSa00.htm,2025-11-17T03:15:51Z
20,Sam Darnold,4,Sam Darnold (@samdarnold) • Instagram photos and videos,https://www.instagram.com/samdarnold/?hl=en,2025-11-17T03:15:51Z
20,Sam Darnold,5,"Sam Darnold Stats, News and Video - QB | NFL.com",https://www.nfl.com/players/sam-darnold/,2025-11-17T03:15:51Z
20,Sam Darnold,6,"Darnold is the guy, right? : r/Seahawks",https://www.reddit.com/r/Seahawks/comments/1o73fpa/darnold_is_the_guy_right/,2025-11-17T03:15:51Z
20,Sam Darnold,7,"Sam Darnold (QB) Stats, News, Rumors, Bio, Video - Seattle ...",https://sports.yahoo.com/nfl/players/30973/,2025-11-17T03:15:51Z
20,Sam Darnold,8,Sam Darnold. Franchise QB : r/Seahawks,https://www.reddit.com/r/Seahawks/comments/1nz87dt/sam_darnold_franchise_qb/,2025-11-17T03:15:51Z
20,Sam Darnold,9,Sam Darnold - Seattle Seahawks Quarterback - ESPN (UK),https://www.espn.co.uk/nfl/player/_/id/3912547/sam-darnold,2025-11-17T03:15:51Z
20,Sam Darnold,10,Help educate non-Panthers fan on what happened to Sam Darnold ...,https://www.reddit.com/r/panthers/comments/tsj5u5/help_educate_nonpanthers_fan_on_what_happened_to/,2025-11-17T03:15:51Z
20,Sam Darnold,11,Sam Darnold is DEALIN,https://www.facebook.com/PatMcAfeeSho/posts/sam-darnold-is-dealin-/1357875889041326/,2025-11-17T03:15:51Z
20,Sam Darnold,12,How mad at front office should be be about Sam darnold? : r ...,https://www.reddit.com/r/minnesotavikings/comments/1ohmf0v/how_mad_at_front_office_should_be_be_about_sam/,2025-11-17T03:15:51Z
20,Sam Darnold,13,Sam Darnold shouldn't have happened - Seaside Joe,https://www.seasidejoe.com/p/sam-darnold-shouldnt-have-happened,2025-11-17T03:15:51Z
20,Sam Darnold,14,Sam Darnold - Football - USC Athletics,https://usctrojans.com/sports/football/roster/sam-darnold/924,2025-11-17T03:15:51Z
20,Sam Darnold,15,"Ask The Old Guy: On Sam Darnold, and future line moves",https://www.panthers.com/news/ask-the-old-guy-on-sam-darnold-and-future-line-moves,2025-11-17T03:15:51Z
20,Sam Darnold,16,Seahawks Sign QB Sam Darnold,https://www.seahawks.com/news/seahawks-sign-qb-sam-darnold,2025-11-17T03:15:51Z
20,Sam Darnold,17,Seahawks sign former Bears fourth-round pick to practice squad,https://www.si.com/nfl/seahawks/onsi/seahawks-news/seahawks-sign-former-bears-fourth-round-pick-to-practice-squad,2025-11-17T03:15:51Z
20,Sam Darnold,18,Sam Darnold - Seattle Seahawks Quarterback - ESPN (AU),https://www.espn.com.au/nfl/player/_/id/3912547/sam-darnold,2025-11-17T03:15:51Z
20,Sam Darnold,19,"Sam Darnold - Wikipedia, la enciclopedia libre",https://es.wikipedia.org/wiki/Sam_Darnold,2025-11-17T03:15:51Z
20,Sam Darnold,20,Vikings Roster | Minnesota Vikings - vikings.com,https://www.vikings.com/team/players-roster/,2025-11-17T03:15:51Z
21,Portugal,1,Portugal - Wikipedia,https://en.wikipedia.org/wiki/Portugal,2025-11-17T03:15:56Z
21,Portugal,2,TAP Air Portugal | flyTAP Official Website,https://www.flytap.com/en-us,2025-11-17T03:15:56Z
21,Portugal,3,Portugal. The Man – Official Website,https://portugaltheman.com/,2025-11-17T03:15:56Z
21,Portugal,4,"Portugal | History, Flag, Population, Cities, Map, & Facts | Britannica",https://www.britannica.com/place/Portugal,2025-11-17T03:15:56Z
21,Portugal,5,Portugal - United States Department of State,https://www.state.gov/countries-areas/portugal,2025-11-17T03:15:56Z
21,Portugal,6,"Portugal Scores, Stats and Highlights - ESPN",https://www.espn.com/soccer/team/_/id/482/portugal,2025-11-17T03:15:56Z
21,Portugal,7,Portugal – EU country profile | European Union,https://european-union.europa.eu/principles-countries-history/eu-countries/portugal_en,2025-11-17T03:15:56Z
21,Portugal,8,MIT Portugal,https://mitportugal.org/,2025-11-17T03:15:56Z
21,Portugal,9,Portugal - Traveler view | Travelers' Health | CDC,https://wwwnc.cdc.gov/travel/destinations/traveler/none/portugal,2025-11-17T03:15:56Z
21,Portugal,10,Portugal's radical drugs policy is working. Why hasn't the world ...,https://www.theguardian.com/news/2017/dec/05/portugals-radical-drugs-policy-is-working-why-hasnt-the-world-copied-it,2025-11-17T03:15:56Z
21,Portugal,11,"Portugal | The Convention on Wetlands, The Convention on Wetlands",https://www.ramsar.org/country-profile/portugal,2025-11-17T03:15:56Z
21,Portugal,12,Portugal's measures to combat money laundering and the financing ...,https://www.fatf-gafi.org/en/publications/Mutualevaluations/Mer-portugal-2017.html,2025-11-17T03:15:56Z
21,Portugal,13,Drug Decriminalization in Portugal: Lessons for Creating Fair and ...,https://www.cato.org/white-paper/drug-decriminalization-portugal-lessons-creating-fair-successful-drug-policies,2025-11-17T03:15:56Z
21,Portugal,14,"Post-Programme Surveillance Report – Portugal, Autumn 2024 ...",https://economy-finance.ec.europa.eu/publications/post-programme-surveillance-report-portugal-autumn-2024_en,2025-11-17T03:15:56Z
21,Portugal,15,Portugal | Data,https://data.worldbank.org/country/portugal,2025-11-17T03:15:56Z
21,Portugal,16,Portugal | RSF,https://rsf.org/en/country/portugal,2025-11-17T03:15:56Z
21,Portugal,17,Drug decriminalisation in Portugal: setting the record straight ...,https://transformdrugs.org/blog/drug-decriminalisation-in-portugal-setting-the-record-straight,2025-11-17T03:15:56Z
21,Portugal,18,CMU Portugal: Home,https://cmuportugal.org/,2025-11-17T03:15:56Z
21,Portugal,19,Portugal,https://www.fatf-gafi.org/en/countries/detail/Portugal.html,2025-11-17T03:15:56Z
21,Portugal,20,O'Neill In Portugal: Summer Abroad: Programs: O'Neill International ...,https://international.oneill.indiana.edu/programs/summer/portugal.html,2025-11-17T03:15:56Z
22,Hungary,1,Hungary - Wikipedia,https://en.wikipedia.org/wiki/Hungary,2025-11-17T03:16:00Z
22,Hungary,2,"Hungary | History, Map, Flag, Population, Currency, & Facts ...",https://www.britannica.com/place/Hungary,2025-11-17T03:16:00Z
22,Hungary,3,Hungary– EU country profile | European Union,https://european-union.europa.eu/principles-countries-history/eu-countries/hungary_en,2025-11-17T03:16:00Z
22,Hungary,4,MEPs: Hungary can no longer be considered a full democracy ...,https://www.europarl.europa.eu/news/en/press-room/20220909IPR40137/meps-hungary-can-no-longer-be-considered-a-full-democracy,2025-11-17T03:16:00Z
22,Hungary,5,2024 Country Reports on Human Rights Practices: Hungary,https://www.state.gov/reports/2024-country-reports-on-human-rights-practices/hungary,2025-11-17T03:16:00Z
22,Hungary,6,Hungary | Country Page | World | Human Rights Watch,https://www.hrw.org/europe/central-asia/hungary,2025-11-17T03:16:00Z
22,Hungary,7,Hungary | RSF,https://rsf.org/en/country/hungary,2025-11-17T03:16:00Z
22,Hungary,8,BTI 2024: Hungary : BTI 2024,https://bti-project.org/en/reports/country-dashboard/HUN,2025-11-17T03:16:00Z
22,Hungary,9,Hungary | The Guardian,https://www.theguardian.com/world/hungary,2025-11-17T03:16:00Z
22,Hungary,10,Hungary,https://www.ebrd.com/home/what-we-do/where-we-invest/hungary.html,2025-11-17T03:16:00Z
22,Hungary,11,"Hungary plans new anti-Ukraine bloc with Czechia, Slovakia ...",https://www.politico.eu/article/hungary-anti-ukraine-bloc-czechia-slovakia-viktor-orban-andrej-babis-robert-fico/,2025-11-17T03:16:00Z
22,Hungary,12,Hungary - Traveler view | Travelers' Health | CDC,https://wwwnc.cdc.gov/travel/destinations/traveler/none/hungary,2025-11-17T03:16:00Z
22,Hungary,13,Hungary - Member information - WTO,https://www.wto.org/english/thewto_e/countries_e/hungary_e.htm,2025-11-17T03:16:00Z
22,Hungary,14,Hungary: 2022 Article IV Consultation-Press Release; Staff Report ...,https://www.imf.org/en/publications/cr/issues/2023/02/02/hungary-2022-article-iv-consultation-press-release-staff-report-and-statement-by-the-529090,2025-11-17T03:16:00Z
22,Hungary,15,Open access agreements for Hungary | Open science | Springer ...,https://www.springernature.com/gp/open-science/oa-agreements/hungary,2025-11-17T03:16:00Z
22,Hungary,16,Hungary | World Prison Brief,https://www.prisonstudies.org/country/hungary,2025-11-17T03:16:00Z
22,Hungary,17,Hungary Immigration Detention Profile – Global Detention Project ...,https://www.globaldetentionproject.org/countries/europe/hungary,2025-11-17T03:16:00Z
22,Hungary,18,Finding under article 87(7) of the Statute on Hungary's non ...,https://www.icc-cpi.int/sites/default/files/CourtRecords/0902ebd180c2a33e.pdf,2025-11-17T03:16:00Z
22,Hungary,19,Hungary | Data,https://data.worldbank.org/country/hungary,2025-11-17T03:16:00Z
22,Hungary,20,Travel advice and advisories for Hungary,https://travel.gc.ca/destinations/hungary,2025-11-17T03:16:00Z
23,Armenia,1,Armenia - Wikipedia,https://en.wikipedia.org/wiki/Armenia,2025-11-17T03:16:04Z
23,Armenia,2,Travel to Armenia | Official Tourism Guide & Tips,https://armenia.travel/,2025-11-17T03:16:04Z
23,Armenia,3,The Government of the Republic of Armenia,https://www.gov.am/en/,2025-11-17T03:16:04Z
23,Armenia,4,"Armenia | Geography, Population, Map, Religion, & History | Britannica",https://www.britannica.com/place/Armenia,2025-11-17T03:16:04Z
23,Armenia,5,Armenia! | The Metropolitan Museum of Art,https://www.metmuseum.org/exhibitions/listings/2018/armenia,2025-11-17T03:16:04Z
23,Armenia,6,Armenia country profile - BBC News,https://www.bbc.com/news/world-europe-17398605,2025-11-17T03:16:04Z
23,Armenia,7,Armenia | Country Page | World | Human Rights Watch,https://www.hrw.org/europe/central-asia/armenia,2025-11-17T03:16:04Z
23,Armenia,8,Armenia,https://www.ebrd.com/home/what-we-do/where-we-invest/armenia.html,2025-11-17T03:16:04Z
23,Armenia,9,Armenia | RSF,https://rsf.org/en/country/armenia,2025-11-17T03:16:04Z
23,Armenia,10,First follow-up report to Armenia's assessment of anti-money ...,https://www.fatf-gafi.org/en/publications/Mutualevaluations/Fur-armenia-2018.html,2025-11-17T03:16:04Z
23,Armenia,11,Index of Economic Freedom: Armenia | The Heritage Foundation,https://www.heritage.org/index/pages/country-pages/armenia,2025-11-17T03:16:04Z
23,Armenia,12,American University of Armenia - More than an education - a ...,https://aua.am/,2025-11-17T03:16:04Z
23,Armenia,13,Armenia - United States Department of State,https://www.state.gov/countries-areas/armenia,2025-11-17T03:16:04Z
23,Armenia,14,Volunteering Opportunities in Armenia for Diaspora Youth,https://birthrightarmenia.org/,2025-11-17T03:16:04Z
23,Armenia,15,Armenia Fund,https://www.armeniafund.org/,2025-11-17T03:16:04Z
23,Armenia,16,ONEArmenia,https://www.onearmenia.org/,2025-11-17T03:16:04Z
23,Armenia,17,Application of the International Convention on the Elimination of All ...,https://www.icj-cij.org/case/180,2025-11-17T03:16:04Z
23,Armenia,18,Armenia,https://www.opengovpartnership.org/members/armenia/,2025-11-17T03:16:04Z
23,Armenia,19,Travel advice and advisories for Armenia,https://travel.gc.ca/destinations/armenia,2025-11-17T03:16:04Z
23,Armenia,20,Pet Travel From the United States to Armenia | Animal and Plant ...,https://www.aphis.usda.gov/pet-travel/us-to-another-country-export/pet-travel-us-armenia,2025-11-17T03:16:04Z
24,Vicky,1,Vicky Bakery - Over 20 locations in Florida and growing!,https://vickybakery.com/,2025-11-17T03:16:08Z
24,Vicky,2,Vicky Kaushal - Wikipedia,https://en.wikipedia.org/wiki/Vicky_Kaushal,2025-11-17T03:16:08Z
24,Vicky,3,Vicky Justiz - YouTube,https://www.youtube.com/user/vickyjustiz,2025-11-17T03:16:08Z
24,Vicky,4,Vicky Montanari (@vicmontanari) • Instagram photos and videos,https://www.instagram.com/vicmontanari/?hl=en,2025-11-17T03:16:08Z
24,Vicky,5,Vicky Psarakis,https://www.facebook.com/officialvickypsarakis/,2025-11-17T03:16:08Z
24,Vicky,6,Vicky Farewellington IV (@vickyfarewell) • Instagram photos and ...,https://www.instagram.com/vickyfarewell/?hl=en,2025-11-17T03:16:08Z
24,Vicky,7,Vicky Meretsky: : Faculty: Profiles: Faculty Directory: Faculty ...,https://oneill.indiana.edu/faculty-research/directory/profiles/faculty/full-time/meretsky-vicky.html,2025-11-17T03:16:08Z
24,Vicky,8,Vicky Pattison (@vickypattison) • Instagram photos and videos,https://www.instagram.com/vickypattison/?hl=en,2025-11-17T03:16:08Z
24,Vicky,9,"Vicky Lynn Shears Obituary June 19, 2025 - Hastings Funeral Home ...",https://www.hastingsfuneralhome.com/obituaries/vicky-shears,2025-11-17T03:16:08Z
24,Vicky,10,VICKY (@vickyswaglord) • Instagram photos and videos,https://www.instagram.com/vickyswaglord/,2025-11-17T03:16:08Z
24,Vicky,11,"Vicky Weber - Agent, Author, Educator (@vickyweberbooks) / Posts / X",https://x.com/vickyweberbooks?lang=en,2025-11-17T03:16:08Z
24,Vicky,12,Vicky Yang | Cummings School of Veterinary Medicine,https://vet.tufts.edu/people/faculty/vicky-yang,2025-11-17T03:16:08Z
24,Vicky,13,Vicky Kalogera – Center for Interdisciplinary Exploration and ...,https://ciera.northwestern.edu/directory/vicky-kalogera/,2025-11-17T03:16:08Z
24,Vicky,14,VickyFlipFlopTravels » UK Travel Blogger & Festival Lover,https://vickyflipfloptravels.com/,2025-11-17T03:16:08Z
24,Vicky,15,Vicky Lai | Psychology,https://psychology.arizona.edu/person/vicky-lai,2025-11-17T03:16:08Z
24,Vicky,16,Vicky Whittemore | National Institute of Neurological Disorders and ...,https://www.ninds.nih.gov/about-ninds/who-we-are/staff-directory/vicky-whittemore,2025-11-17T03:16:08Z
24,Vicky,17,"Vicky Chang, Ph.D., M.P.H., Research Fellow - NCI",https://dceg.cancer.gov/fellowship-training/fellowship-experience/meet-fellows/oeeb/chang-vicky,2025-11-17T03:16:08Z
24,Vicky,18,Vicky Chow | Pianist,https://www.vickychow.com/,2025-11-17T03:16:08Z
24,Vicky,19,Vicky Steiner | North Dakota Legislative Branch,https://ndlegis.gov/biography/vicky-steiner,2025-11-17T03:16:08Z
24,Vicky,20,Vicky Boudreau - CEO & Founder at Heylist | PR & Marketing Expert ...,https://ca.linkedin.com/in/vicky-boudreau-14762b14/en,2025-11-17T03:16:08Z
25,Wharton,1,The Wharton School of the University of Pennsylvania,https://www.wharton.upenn.edu/,2025-11-17T03:16:13Z
25,Wharton,2,Wharton Center,https://www.whartoncenter.com/,2025-11-17T03:16:13Z
25,Wharton,3,2 Year MBA Program | The Wharton School | University of ...,https://mba.wharton.upenn.edu/,2025-11-17T03:16:13Z
25,Wharton,4,"Wharton, TX",https://www.cityofwharton.com/,2025-11-17T03:16:13Z
25,Wharton,5,"Wharton County, Texas",https://www.co.wharton.tx.us/,2025-11-17T03:16:13Z
25,Wharton,6,Wharton School - Wikipedia,https://en.wikipedia.org/wiki/Wharton_School,2025-11-17T03:16:13Z
25,Wharton,7,The Borough of Wharton,https://www.whartonnj.com/,2025-11-17T03:16:13Z
25,Wharton,8,Wharton County Junior College,https://www.wcjc.edu/,2025-11-17T03:16:13Z
25,Wharton,9,Executive Education at The Wharton School - Executive Programs,https://executiveeducation.wharton.upenn.edu/,2025-11-17T03:16:13Z
25,Wharton,10,The Wharton School (@Wharton) / Posts / X,https://x.com/Wharton,2025-11-17T03:16:13Z
25,Wharton,11,Wharton Independent School District: Home,https://www.whartonisd.net/,2025-11-17T03:16:13Z
25,Wharton,12,"Wharton Public Library, NJ - Home",http://www.whartonlibrary.org/,2025-11-17T03:16:13Z
25,Wharton,13,Wharton Undergrad at the University of Pennsylvania,https://undergrad.wharton.upenn.edu/,2025-11-17T03:16:13Z
25,Wharton,14,Home | Wharton High School,https://www.hillsboroughschools.org/o/wharton,2025-11-17T03:16:13Z
25,Wharton,15,"Impact, Value, and Sustainable Business Initiative: Home Page",https://impact.wharton.upenn.edu/,2025-11-17T03:16:13Z
25,Wharton,16,Knowledge at Wharton: Home Page,https://knowledge.wharton.upenn.edu/,2025-11-17T03:16:13Z
25,Wharton,17,The Wharton Executive MBA Program,https://executivemba.wharton.upenn.edu/,2025-11-17T03:16:13Z
25,Wharton,18,Wharton Club Of DC,https://www.whartondc.com/,2025-11-17T03:16:13Z
25,Wharton,19,Wharton Neuroscience Initiative: Home Page,https://neuro.wharton.upenn.edu/,2025-11-17T03:16:13Z
25,Wharton,20,Wharton People Analytics,https://wpa.wharton.upenn.edu/,2025-11-17T03:16:13Z
