Rank,Term,ResultIndex,Title,URL,Timestamp
1,#GoPackGo,1,Kicking back at Lambeau enjoying the win! #gopackgo,https://www.facebook.com/ryanruebl/posts/kicking-back-at-lambeau-enjoying-the-win-gopackgo/1326147788865415/,2025-11-11T00:50:06Z
1,#GoPackGo,2,My live painting out at Lambeau Field today! #GoPackGo,https://www.instagram.com/p/DAguZctp4r9/,2025-11-11T00:50:06Z
1,#GoPackGo,3,Who's your favorite QB? Go Pack Go! #packers #gopackgo ...,https://www.facebook.com/MeanwhileInWi/posts/whos-your-favorite-qb-go-pack-go-packers-gopackgo-brettfavre-aaronrodgers-jordan/1198470572312032/,2025-11-11T00:50:06Z
1,#GoPackGo,4,Go. Pack. Go. Congrats on the playoff birth!! #daddy #BearsStillSuck ...,https://www.instagram.com/p/C10YL-xPaPy/?hl=en,2025-11-11T00:50:06Z
1,#GoPackGo,5,Go Pack Go (@Go_Pack_Go52) / Posts / X,https://x.com/Go_Pack_Go52,2025-11-11T00:50:06Z
1,#GoPackGo,6,#gopackgo #footballmom #packersfan #gritandgrace | Vrushali Gaud,https://www.linkedin.com/posts/vrushaligaud_gopackgo-footballmom-packersfan-activity-7391295029216047104-v7g_,2025-11-11T00:50:06Z
1,#GoPackGo,7,Go Pack Go : r/GreenBayPackers,https://www.reddit.com/r/GreenBayPackers/comments/17lra6p/go_pack_go/,2025-11-11T00:50:06Z
1,#GoPackGo,8,#gopackgo | Sean Clifford | 40 comments,https://www.linkedin.com/posts/sean-clifford-79a064161_gopackgo-activity-7366529860229361664-aS01,2025-11-11T00:50:06Z
1,#GoPackGo,9,Happy Birthday Aron Rodgers! #GoPackGo : r/GreenBayPackers,https://www.reddit.com/r/GreenBayPackers/comments/a2efmy/happy_birthday_aron_rodgers_gopackgo/,2025-11-11T00:50:06Z
1,#GoPackGo,10,"Jim Rome on X: ""#GoPackGo https://t.co/zJszRrafui"" / X",https://twitter.com/jimrome/status/1941947273916608909,2025-11-11T00:50:06Z
1,#GoPackGo,11,Go Pack Go Act One Pager,https://www.baldwin.senate.gov/imo/media/doc/go_pack_go_act_one_pager.pdf,2025-11-11T00:50:06Z
1,#GoPackGo,12,GO PACK GO (2630) | Wisconsin Lottery,https://wilottery.com/games/instant-games/go-pack-go-2630,2025-11-11T00:50:06Z
1,#GoPackGo,13,So much love for Ja #GoPackGo #NFL #GreenBay #Packers ...,https://www.threads.com/@lambeau.leapers/post/DQw35zUiVcx/so-much-love-for-ja-go-pack-go-nfl-green-bay-packers-football-jaire-alexander,2025-11-11T00:50:06Z
1,#GoPackGo,14,Football season means it's time to roll. Who's ready? #GoPackGo ...,https://www.youtube.com/shorts/M64W0uw_lI4,2025-11-11T00:50:06Z
1,#GoPackGo,15,The Green - Victory Monday vibes #GoPackGo | Facebook,https://m.facebook.com/TheGreenBayGuy/photos/victory-monday-vibes-gopackgo/1363511185130400/,2025-11-11T00:50:06Z
1,#GoPackGo,16,Go Pack Go! - song and lyrics by The 6 Packers | Spotify,https://open.spotify.com/track/5YTxqI8T5I8UV84AEz6b7r,2025-11-11T00:50:06Z
1,#GoPackGo,17,Green Bay Packers Go Pack Go Garden Flag Double ... - Amazon.com,https://www.amazon.com/WinCraft-Packers-Garden-Double-Banner/dp/B0DQBH9982,2025-11-11T00:50:06Z
1,#GoPackGo,18,"Football season returns, so does Baldwin's Go Pack Go Act | News ...",https://www.dailypress.net/news/local-news/2025/09/football-season-returns-so-does-baldwins-go-pack-go-act/,2025-11-11T00:50:06Z
1,#GoPackGo,19,S.2857 - 118th Congress (2023-2024): Go Pack Go Act of 2023 ...,https://www.congress.gov/bill/118th-congress/senate-bill/2857,2025-11-11T00:50:06Z
1,#GoPackGo,20,"Mike McCarthy reacts to Packers-Steelers game, 'Go Pack Go' chants",https://www.jsonline.com/story/sports/nfl/packers/2025/10/30/mike-mccarthy-pat-mcafee-show-packers-steelers-game/86990675007/,2025-11-11T00:50:06Z
2,Pond,1,POND,https://www.facebook.com/pondling/,2025-11-11T00:50:10Z
2,Pond,2,"Pond & Company - Top Ranked Engineering, Architecture, Planning ...",https://www.pondco.com/,2025-11-11T00:50:10Z
2,Pond,3,pond.band,https://pond.band/,2025-11-11T00:50:10Z
2,Pond,4,Pond (Australian band) - Wikipedia,https://en.wikipedia.org/wiki/Pond_(Australian_band),2025-11-11T00:50:10Z
2,Pond,5,"Claire-Louise Bennett on Her Debut, “Pond”",https://www.theparisreview.org/blog/2016/07/18/the-mind-in-solitude-an-interview-with-claire-louise-bennett/,2025-11-11T00:50:10Z
2,Pond,6,Pond - Wikipedia,https://en.wikipedia.org/wiki/Pond,2025-11-11T00:50:10Z
2,Pond,7,It's about time for an update on my tiny pond…. ❤️ #buildapond ...,https://www.instagram.com/reel/CvpvUd1ITMJ/?hl=en,2025-11-11T00:50:10Z
2,Pond,8,Pond | Spotify,https://open.spotify.com/artist/4skJp5OKvcc9eKokiuhi2s,2025-11-11T00:50:10Z
2,Pond,9,Mirror Pond Pale Ale – Deschutes Brewery,https://deschutesbrewery.com/products/mirror-pond-pale-ale,2025-11-11T00:50:10Z
2,Pond,10,POND (@ponderers) • Instagram photos and videos,https://www.instagram.com/ponderers/?hl=en,2025-11-11T00:50:10Z
2,Pond,11,Pond Builds - YouTube,https://www.youtube.com/playlist?list=PLGPT1t4CqpfgUd_pe2EG_ZwdDgDxEbgC2,2025-11-11T00:50:10Z
2,Pond,12,Walden Pond State Reservation | Mass.gov - Concord,https://www.mass.gov/locations/walden-pond-state-reservation,2025-11-11T00:50:10Z
2,Pond,13,A year in the life of a western pond turtle — Klamath-Siskiyou ...,https://www.kswild.org/conservation-efforts/western-pond-turtle,2025-11-11T00:50:10Z
2,Pond,14,"Sterling Pond Hike, Stowe, VT | Vermont State Parks",https://www.vtstateparks.com/blog/sterling-pond-hike-stowe-vt,2025-11-11T00:50:10Z
2,Pond,15,Drop in The Pond Crochet lap/baby blanket tutorial - YouTube,https://www.youtube.com/playlist?list=PL60AAC215A8C2D487,2025-11-11T00:50:10Z
2,Pond,16,Frog Pond Plan | City of Wilsonville Oregon,https://www.wilsonvilleoregon.gov/planning/page/frog-pond-plan,2025-11-11T00:50:10Z
2,Pond,17,Koi Pond Celllars - Distinct Washington Wines,https://www.koipondcellars.com/,2025-11-11T00:50:10Z
2,Pond,18,MATT POND PA,https://www.mattpondpa.com/,2025-11-11T00:50:10Z
2,Pond,19,Pond.global,https://pond.global/,2025-11-11T00:50:10Z
2,Pond,20,How to build a pond | The Wildlife Trusts,https://www.wildlifetrusts.org/actions/how-build-pond,2025-11-11T00:50:10Z
3,Monday Night Football,1,Monday Night Football TV Schedule - ESPN,https://www.espn.com/nfl/schedule/mnf,2025-11-11T00:50:15Z
3,Monday Night Football,2,NFL 2025 reg-10 Schedule | NFL.com,https://www.nfl.com/schedules/2025/by-week/reg-10,2025-11-11T00:50:15Z
3,Monday Night Football,3,Monday Night Football - Wikipedia,https://en.wikipedia.org/wiki/Monday_Night_Football,2025-11-11T00:50:15Z
3,Monday Night Football,4,NFL 2025 reg-9 Schedule | NFL.com,https://www.nfl.com/schedules/2025/by-week/reg-9,2025-11-11T00:50:15Z
3,Monday Night Football,5,The 2025 Monday Night Football schedule.,https://www.facebook.com/AdamSchefter/posts/the-2025-monday-night-football-schedule/1235495891279689/,2025-11-11T00:50:15Z
3,Monday Night Football,6,What is the NFL and ESPN's strategy having two Monday night ...,https://www.reddit.com/r/NFLNoobs/comments/1o5zy38/what_is_the_nfl_and_espns_strategy_having_two/,2025-11-11T00:50:15Z
3,Monday Night Football,7,"Eagles vs. Packers prediction, odds: 'Monday Night Football ...",https://www.cbssports.com/nfl/news/eagles-packers-prediction-odds-line-time-monday-night-football-picks-best-bets/,2025-11-11T00:50:15Z
3,Monday Night Football,8,Why was Dennis Miller on Monday Night Football at one point? : r/nfl,https://www.reddit.com/r/nfl/comments/3a1zm6/why_was_dennis_miller_on_monday_night_football_at/,2025-11-11T00:50:15Z
3,Monday Night Football,9,"Monday Night Football Schedule 2025: Watch on ABC, ESPN ...",https://abc.com/news/93596275-f2fb-4eb4-a273-e2f43051ce61/category/1138628,2025-11-11T00:50:15Z
3,Monday Night Football,10,Why I Hate Thursday Night Football,https://www.theplayerstribune.com/articles/richard-sherman-seahawks-thursday-night-football,2025-11-11T00:50:15Z
3,Monday Night Football,11,Watch Monday Night Football tonight live: Who is playing MNF ...,https://www.courier-journal.com/story/sports/nfl/2025/11/10/where-watch-monday-night-football-tonight-live-who-plays-nfl-game-today-what-time-mnf-eagles-packers/87193515007/,2025-11-11T00:50:15Z
3,Monday Night Football,12,"For second straight week, 'Monday Night Football' will not be ...",https://www.nytimes.com/athletic/6794797/2025/11/10/monday-night-football-youtube-espn-abc/,2025-11-11T00:50:15Z
3,Monday Night Football,13,Enjoyed joining @joebuck on @goodmorningamerica to look ahead ...,https://www.instagram.com/reel/DOzJy9REjar/,2025-11-11T00:50:15Z
3,Monday Night Football,14,NFL Monday Night Football (TV Series 1970– ) - IMDb,https://www.imdb.com/title/tt0065323/,2025-11-11T00:50:15Z
3,Monday Night Football,15,ESPN's Monday Night Football Schedule Features Multiple ...,https://espnpressroom.com/us/press-releases/2025/05/espns-monday-night-football-schedule-features-multiple-appearances-by-the-super-bowl-champion-eagles-the-afc-champion-chiefs-cowboys-and-lions-as-nfl-on-espn-25-game-slate-starts-fast-with/,2025-11-11T00:50:15Z
3,Monday Night Football,16,Monday Night Football: How to watch the Philadelphia Eagles vs ...,https://sports.yahoo.com/nfl/article/monday-night-football-how-to-watch-the-philadelphia-eagles-vs-green-bay-packers-nfl-game-tonight-start-time-streaming-and-more-115555130.html,2025-11-11T00:50:15Z
3,Monday Night Football,17,ESPN Announces Saweetie as Monday Night Football Music ...,https://espnpressroom.com/us/press-releases/2025/08/espn-announces-saweetie-as-monday-night-football-music-curator-for-2025-26-season/,2025-11-11T00:50:15Z
3,Monday Night Football,18,"Chiefs Defeat Commanders, 28-7, on Monday Night Football",https://www.chiefs.com/news/chiefs-defeat-commanders-28-7-on-monday-night-football,2025-11-11T00:50:15Z
3,Monday Night Football,19,Packers Vs. Eagles: How To Watch Monday Night Football ...,https://deadline.com/2025/11/packers-eagles-watch-nfl-livestream-online-youtube-abc-espn-1236613252/,2025-11-11T00:50:15Z
3,Monday Night Football,20,"Kirk Cousins has a long history on Monday Night Football, and he's ...",https://www.atlantafalcons.com/news/kirk-cousins-long-history-monday-night-football-philadelphia-eagles-matchup,2025-11-11T00:50:15Z
4,Jimmy Olsen,1,Jimmy Olsen - Wikipedia,https://en.wikipedia.org/wiki/Jimmy_Olsen,2025-11-11T00:50:19Z
4,Jimmy Olsen,2,Shout-out to the recent Superman media for making Jimmy Olsen ...,https://www.reddit.com/r/DCU_/comments/1m3z576/shoutout_to_the_recent_superman_media_for_making/,2025-11-11T00:50:19Z
4,Jimmy Olsen,3,Jimmy Olsen | Superman Wiki | Fandom,https://superman.fandom.com/wiki/Jimmy_Olsen,2025-11-11T00:50:19Z
4,Jimmy Olsen,4,What was your response to the Jimmy Olsen reveal? : r/Smallville,https://www.reddit.com/r/Smallville/comments/krgbpe/what_was_your_response_to_the_jimmy_olsen_reveal/,2025-11-11T00:50:19Z
4,Jimmy Olsen,5,James Olsen (New Earth) | DC Database | Fandom,https://dc.fandom.com/wiki/James_Olsen_(New_Earth),2025-11-11T00:50:19Z
4,Jimmy Olsen,6,Henry James Olsen | Smallville Wiki | Fandom,https://smallville.fandom.com/wiki/Henry_James_Olsen,2025-11-11T00:50:19Z
4,Jimmy Olsen,7,My Favorite Superman Story: When Jimmy Olsen Created ...,https://www.npr.org/2013/05/30/187276981/my-favorite-superman-story-when-jimmy-olsen-created-beatlemania,2025-11-11T00:50:19Z
4,Jimmy Olsen,8,"The Daily Planet's Jimmy Olsen, exquisitely portrayed by ...",https://www.instagram.com/p/DMa2QkAv_zU/?hl=en,2025-11-11T00:50:19Z
4,Jimmy Olsen,9,James Olsen | Arrowverse Wiki | Fandom,https://arrow.fandom.com/wiki/James_Olsen,2025-11-11T00:50:19Z
4,Jimmy Olsen,10,DC Histories: Jimmy Olsen,https://ifanboy.com/articles/dc-histories-jimmy-olsen/,2025-11-11T00:50:19Z
4,Jimmy Olsen,11,Ask Chris #118: What's So Great About Jimmy Olsen?,https://comicsalliance.com/ask-chris-118-whats-so-great-about-jimmy-olsen/,2025-11-11T00:50:19Z
4,Jimmy Olsen,12,Today is the anniversary of Superman's Best Pal Jimmy Olsen ...,https://www.facebook.com/jgunn/posts/today-is-the-anniversary-of-supermans-best-pal-jimmy-olsen-skylergisondos-perfor/1246299820187004/,2025-11-11T00:50:19Z
4,Jimmy Olsen,13,Jimmy Olsen 133 – Comics Archeology,https://comicsarcheology.com/index.php/2021/09/02/jimmy-olsen-133/,2025-11-11T00:50:19Z
4,Jimmy Olsen,14,PAUL KUPPERBERG: My 13 Favorite Funky JIMMY OLSEN Covers ...,https://13thdimension.com/paul-kupperberg-my-13-favorite-funky-jimmy-olsen-covers/,2025-11-11T00:50:19Z
4,Jimmy Olsen,15,Jimmy Olsen Official Playlist - playlist by James Gunn | Spotify,https://open.spotify.com/playlist/3efiNXu4H58LQFzVpT1KNy,2025-11-11T00:50:19Z
4,Jimmy Olsen,16,"Shelfdust's Column, Jimmy Olsen: Issue #11 – Shelfdust",https://shelfdust.com/2025/09/10/shelfdusts-column-jimmy-olsen-issue-11/,2025-11-11T00:50:19Z
4,Jimmy Olsen,17,How Old Is Jimmy Olsen Supposed To Be? | CBR Community,https://community.cbr.com/threads/how-old-is-jimmy-olsen-supposed-to-be.158211/,2025-11-11T00:50:19Z
4,Jimmy Olsen,18,"Jimmy Olsen #141 (September, 1971) | Attack of the 50 Year Old ...",https://50yearoldcomics.com/2021/07/03/jimmy-olsen-141-september-1971/,2025-11-11T00:50:19Z
4,Jimmy Olsen,19,"Jimmy Olsen, Mr. Action - Kleefeld on Comics",http://www.kleefeldoncomics.com/2022/01/jimmy-olsen-mr-action.html,2025-11-11T00:50:19Z
4,Jimmy Olsen,20,"The king and the kook: Jack Kirby takes over Superman's Pal, Jimmy ...",https://atomicjunkshop.com/the-king-and-the-kook-jack-kirby-takes-over-supermans-pal-jimmy-olsen/,2025-11-11T00:50:19Z
5,McRib,1,McRib Locator,https://mcriblocator.com/,2025-11-11T00:50:23Z
5,McRib,2,McDonald's McRib Pork Sandwich,https://www.mcdonalds.com/us/en-us/product/mcrib.html,2025-11-11T00:50:23Z
5,McRib,3,McRib - Wikipedia,https://en.wikipedia.org/wiki/McRib,2025-11-11T00:50:23Z
5,McRib,4,Give me your best recipe for DIY McRib : r/BBQ,https://www.reddit.com/r/BBQ/comments/1j8uuuu/give_me_your_best_recipe_for_diy_mcrib/,2025-11-11T00:50:23Z
5,McRib,5,"Does the McRib ""Pork Price"" Theory Make Any Sense ...",https://freakonomics.com/2011/12/does-the-mcrib-pork-price-theory-make-any-sense/,2025-11-11T00:50:23Z
5,McRib,6,"I was just wanna say a ""McRib"" sandwich is actually awesome. : r/BBQ",https://www.reddit.com/r/BBQ/comments/zxb2wc/i_was_just_wanna_say_a_mcrib_sandwich_is_actually/,2025-11-11T00:50:23Z
5,McRib,7,A Conspiracy of Hogs: The McRib as Arbitrage - The Awl,https://www.theawl.com/2011/11/a-conspiracy-of-hogs-the-mcrib-as-arbitrage/,2025-11-11T00:50:23Z
5,McRib,8,"Perspective | The McRib is back at McDonald's, and after a taste, I ...",https://www.reddit.com/r/fastfood/comments/k67enz/perspective_the_mcrib_is_back_at_mcdonalds_and/,2025-11-11T00:50:23Z
5,McRib,9,McDonald's Gets Saucy This Holiday Season to Celebrate the ...,https://corporate.mcdonalds.com/corpmcd/our-stories/article/mcdonalds-gets-saucy-this-holidayseason-to-celebrate-thereturn-ofthe-mcrib-sandwich.html,2025-11-11T00:50:23Z
5,McRib,10,I Turned My Lover Into a McRib - Electric Literature,https://electricliterature.com/the-mcdonalds-boyfriend-by-tom-kelly/,2025-11-11T00:50:23Z
5,McRib,11,The REAL McRib Sandwich - Barbecuebible.com,https://barbecuebible.com/2025/08/05/mcrib-real-barbecued-rib-sandwich/,2025-11-11T00:50:23Z
5,McRib,12,Why do people like and look forward to McDonald's McRib sandwich ...,https://www.quora.com/Why-do-people-like-and-look-forward-to-McDonalds-McRib-sandwich,2025-11-11T00:50:23Z
5,McRib,13,My all time favorite the McRib,https://www.facebook.com/gabrielle.dash.5811/posts/my-all-time-favorite-the-mcrib/1130751375345116/,2025-11-11T00:50:23Z
5,McRib,14,"Make Your Own McRib: Bigger, Better, and Always Available | Saveur",https://www.saveur.com/article/Kitchen/Make-Your-Own-McRib-Bigger-Better-and-Always-Available/,2025-11-11T00:50:23Z
5,McRib,15,Leo Winston McRib (@leomcrib) • Instagram photos and videos,https://www.instagram.com/leomcrib/?hl=en,2025-11-11T00:50:23Z
5,McRib,16,The Ultimate Homemade McRib (Smoked Rib Sandwich) Recipe,https://www.seriouseats.com/ultimate-homemade-diy-mcrib-recipe,2025-11-11T00:50:23Z
5,McRib,17,The McRib is back. Here's why McDonald's doesn't sell it year-round ...,https://www.cnn.com/2019/10/04/business/mcdonalds-mcribs-returns,2025-11-11T00:50:23Z
5,McRib,18,Best Copycat McRib Sliders - Wildflour's Cottage Kitchen,https://wildflourskitchen.com/2017/12/16/best-copycat-mcrib-sliders/,2025-11-11T00:50:23Z
5,McRib,19,Homemade McRib on the grill – FogoCharcoal.com,https://www.fogocharcoal.com/blogs/cook/homemade-mcdonalds-mcrib,2025-11-11T00:50:23Z
5,McRib,20,McDonald's McRib Returns With a Major Twist This Year,https://www.msn.com/en-us/foodanddrink/foodnews/mcdonalds-mcrib-returns-with-a-major-twist-this-year/ar-AA1urUwR?apiversion=v2&noservercache=1&domshim=1&renderwebcomponents=1&wcseo=1&batchservertelemetry=1&noservertelemetry=1,2025-11-11T00:50:23Z
6,Downshift,1,Downshift: Introduction,https://downshift-js.com/,2025-11-11T00:50:28Z
6,Downshift,2,downshift-js/downshift: A set of primitives to build simple ... - GitHub,https://github.com/downshift-js/downshift,2025-11-11T00:50:28Z
6,Downshift,3,"Downshift Brewing Company | Ruidoso, New Mexico",https://www.downshift.beer/,2025-11-11T00:50:28Z
6,Downshift,4,Can someone explain Downshifting? : r/ACCompetizione,https://www.reddit.com/r/ACCompetizione/comments/kk22ze/can_someone_explain_downshifting/,2025-11-11T00:50:28Z
6,Downshift,5,Introducing Downshift. The World's First Decelerator Program… | by ...,https://schlaf.medium.com/introducing-downshift-1bb14084d1d6,2025-11-11T00:50:28Z
6,Downshift,6,Downshift - YouTube,https://www.youtube.com/@dwnshft,2025-11-11T00:50:28Z
6,Downshift,7,How to Downshift - Enough Already with David Spinks,https://davidspinks.substack.com/p/how-to-downshift,2025-11-11T00:50:28Z
6,Downshift,8,"shifting - Rear derailleur does not downshift properly, shifts up ...",https://bicycles.stackexchange.com/questions/66811/rear-derailleur-does-not-downshift-properly-shifts-up-smoothly,2025-11-11T00:50:28Z
6,Downshift,9,What is Downshifting? How to Transition into Simple Living | Sloww,https://www.sloww.co/downshifting-simple-living/,2025-11-11T00:50:28Z
6,Downshift,10,How do I trigger the downshift bark? - BMW M3 and BMW M4 Forum,https://f80.bimmerpost.com/forums/showthread.php?t=1615762,2025-11-11T00:50:28Z
6,Downshift,11,Downshift (@downshiftmedia) • Instagram photos and videos,https://www.instagram.com/downshiftmedia/?hl=en,2025-11-11T00:50:28Z
6,Downshift,12,2024 GLS 450 hard downshift between third and second gear,https://www.facebook.com/groups/1772817813065033/posts/2569142396765900/,2025-11-11T00:50:28Z
6,Downshift,13,Can't DOWNshift in DS mode! - BMW 3-Series (E90 E92) Forum,https://www.e90post.com/forums/showthread.php?t=1331585,2025-11-11T00:50:28Z
6,Downshift,14,transmission - Does Downshifting (Engine Braking) Cause Extra ...,https://mechanics.stackexchange.com/questions/1210/does-downshifting-engine-braking-cause-extra-wear-and-tear,2025-11-11T00:50:28Z
6,Downshift,15,"DCT downshift double blip ""hiccup"" - BMW M3 Forum (E90 E92)",https://www.m3post.com/forums/showthread.php?t=1392061,2025-11-11T00:50:28Z
6,Downshift,16,Beginner downshift points and other newbie questions? | 2016+ ...,https://www.civicx.com/forum/threads/beginner-downshift-points-and-other-newbie-questions.57168/,2025-11-11T00:50:28Z
6,Downshift,17,Downshift,https://www.downshift.me/,2025-11-11T00:50:28Z
6,Downshift,18,How to clutchless downshift a motorcycle - Quora,https://www.quora.com/How-do-you-clutchless-downshift-a-motorcycle,2025-11-11T00:50:28Z
6,Downshift,19,Steep Downhill and you need to downshift | TruckersReport.com ...,https://www.thetruckersreport.com/truckingindustryforum/threads/steep-downhill-and-you-need-to-downshift.211039/,2025-11-11T00:50:28Z
6,Downshift,20,Why do I so violently lose grip when I downshift? | Kunos ...,https://www.assettocorsa.net/forum/index.php?threads/why-do-i-so-violently-lose-grip-when-i-downshift.1547/,2025-11-11T00:50:28Z
1,Veterans Day,1,Veterans Day - Wikipedia,https://en.wikipedia.org/wiki/Veterans_Day,2025-11-11T14:13:45Z
1,Veterans Day,2,History of Veterans Day - U.S. Department of Veterans Affairs,https://department.va.gov/veterans-day/history-of-veterans-day/,2025-11-11T14:13:45Z
1,Veterans Day,3,Veterans Day 2025 | Military.com,https://www.military.com/veterans-day,2025-11-11T14:13:45Z
1,Veterans Day,4,Veterans Day - U.S. Department of Veterans Affairs,https://department.va.gov/veterans-day/,2025-11-11T14:13:45Z
1,Veterans Day,5,"Veterans Day Facts - Data, Populations & Background",https://www.history.com/articles/veterans-day-facts,2025-11-11T14:13:45Z
1,Veterans Day,6,Veterans Day - NPS Commemorations and Celebrations (U.S. ...,https://www.nps.gov/subjects/npscelebrates/veterans-day.htm,2025-11-11T14:13:45Z
1,Veterans Day,7,5 Facts to Know About Veterans Day > U.S. Department of War ...,https://www.war.gov/News/Feature-Stories/story/article/1675470/5-facts-to-know-about-veterans-day/,2025-11-11T14:13:45Z
1,Veterans Day,8,"Veterans Day 2025: Founding, Fact & Meaning | HISTORY",https://www.history.com/articles/history-of-veterans-day,2025-11-11T14:13:45Z
1,Veterans Day,9,What are Federal holidays? - OPM.gov,https://www.opm.gov/frequently-asked-questions/pay-and-leave-faq/pay-administration/what-are-federal-holidays/,2025-11-11T14:13:45Z
1,Veterans Day,10,The Origins of Veterans Day,https://www.va.gov/opa/publications/celebrate/vetday.pdf,2025-11-11T14:13:45Z
1,Veterans Day,11,Federal Holidays,https://www.opm.gov/policy-data-oversight/pay-leave/federal-holidays/,2025-11-11T14:13:45Z
1,Veterans Day,12,VA.gov Home | Veterans Affairs,https://www.va.gov//,2025-11-11T14:13:45Z
1,Veterans Day,13,"Veterans Day | City of Lakeway, TX - Official Website",https://www.lakeway-tx.gov/2142/Veterans-Day,2025-11-11T14:13:45Z
1,Veterans Day,14,Veterans Day holiday closures and service impacts - King County ...,https://kingcounty.gov/en/shared-topics/about-king-county/holiday-closures-impacts/veterans-day,2025-11-11T14:13:45Z
1,Veterans Day,15,Veterans Day 2024: November 11,https://www.census.gov/newsroom/facts-for-features/2024/veterans-day.html,2025-11-11T14:13:45Z
1,Veterans Day,16,Veterans Day Free Meals & Discounts for 2025,https://themilitarywallet.com/veterans-day-free-meals-and-discounts/,2025-11-11T14:13:45Z
1,Veterans Day,17,"Veterans Day Ceremony | Gilbert, Arizona",https://www.gilbertaz.gov/departments/parks-and-recreation/special-events-and-permits/veterans-day,2025-11-11T14:13:45Z
1,Veterans Day,18,"Veterans Day Ceremony | Henderson, NV",https://www.cityofhenderson.com/government/departments/mayor-and-council/veterans-day-ceremony,2025-11-11T14:13:45Z
1,Veterans Day,19,"Veterans Day Ceremony | Apex, NC - Official Website",https://www.apexnc.org/1804/Veterans-Day-Ceremony,2025-11-11T14:13:45Z
1,Veterans Day,20,"Veterans Day Celebration | Hampton, VA - Official Website",https://www.hampton.gov/4260/Veterans-Day-Celebration,2025-11-11T14:13:45Z
2,Packers,1,Packers Home | Green Bay Packers – packers.com,https://www.packers.com/,2025-11-11T14:13:50Z
2,Packers,2,"Green Bay Packers Scores, Stats and Highlights - ESPN",https://www.espn.com/nfl/team/_/name/gb/green-bay-packers,2025-11-11T14:13:50Z
2,Packers,3,Green Bay Packers (@packers) / Posts / X,https://x.com/packers,2025-11-11T14:13:50Z
2,Packers,4,Green Bay Packers - Wikipedia,https://en.wikipedia.org/wiki/Green_Bay_Packers,2025-11-11T14:13:50Z
2,Packers,5,Green Bay Packers (@packers) • Instagram photos and videos,https://www.instagram.com/packers/?hl=en,2025-11-11T14:13:50Z
2,Packers,6,Packers Heritage Trail | Green Bay Packers Hall of Fame & Stadium ...,https://www.packershofandtours.com/explore/heritage-trail,2025-11-11T14:13:50Z
2,Packers,7,Green Bay Packers,https://www.reddit.com/r/GreenBayPackers/,2025-11-11T14:13:50Z
2,Packers,8,"Green Bay Packers News, Scores, Stats, Schedule | NFL.com",https://www.nfl.com/teams/green-bay-packers/,2025-11-11T14:13:50Z
2,Packers,9,Green Bay Packers,https://www.facebook.com/Packers/,2025-11-11T14:13:50Z
2,Packers,10,Packers and Stockyards Act | Agricultural Marketing Service,https://www.ams.usda.gov/rules-regulations/packers-and-stockyards-act,2025-11-11T14:13:50Z
2,Packers,11,Island Packers Cruises | Channel Islands National Park,https://islandpackers.com/,2025-11-11T14:13:50Z
2,Packers,12,Brooklyn Supported Agriculture,https://brooklynsupportedagriculture.com/,2025-11-11T14:13:50Z
2,Packers,13,Eagles at Packers Daily Updates: Eagles rule out Jaire Alexander ...,https://www.philadelphiaeagles.com/news/eagles-packers-daily-updates-jaelan-phillips,2025-11-11T14:13:50Z
2,Packers,14,Wisconsin DMV Official Government Site - Green Bay Packers ...,https://wisconsindot.gov/Pages/dmv/vehicles/title-plates/greenbay.aspx,2025-11-11T14:13:50Z
2,Packers,15,Packers and Stockyards Enforcement | Agricultural Marketing Service,https://www.ams.usda.gov/services/enforcement/psd,2025-11-11T14:13:50Z
2,Packers,16,Green Bay Packers Sports News & Analysis – USA TODAY,https://www.usatoday.com/sports/nfl/green-bay-packers,2025-11-11T14:13:50Z
2,Packers,17,"Packers and Stockyards Act, 1921",https://www.ams.usda.gov/sites/default/files/media/PSAct.pdf,2025-11-11T14:13:50Z
2,Packers,18,23 Classic Collection - Trending,https://www.packersproshop.com/green-bay-packers-collections/23-classic-collection,2025-11-11T14:13:50Z
2,Packers,19,PACKER – PACKER SHOES,https://packershoes.com/,2025-11-11T14:13:50Z
2,Packers,20,PackersNews.com -- Green Bay Packers news from on and off the ...,https://www.packersnews.com/,2025-11-11T14:13:50Z
3,#WWERaw,1,Thrilled to have Pat McAfee every week on #WWERaw. Welcome ...,https://www.facebook.com/tripleh/posts/thrilled-to-have-pat-mcafee-every-week-on-wweraw-welcome-home-pat/930663708421888/,2025-11-11T14:13:55Z
3,#WWERaw,2,"face facts, 'cause your opinion don't matter #WWERaw",https://www.instagram.com/p/C8nkFh9OgK6/,2025-11-11T14:13:55Z
3,#WWERaw,3,CM Punk is a class act. #WWE #CMPunk #WWERAW,https://www.facebook.com/83Weeks/posts/cm-punk-is-a-class-actwwe-cmpunk-wweraw/1343931004400492/,2025-11-11T14:13:55Z
3,#WWERaw,4,Unfortunately I will not be at #WWERaw tonight. Not only did Bianca ...,https://www.instagram.com/p/Ca0l44aM8RO/?hl=en,2025-11-11T14:13:55Z
3,#WWERaw,5,Cory Hays on X: YCLBYCT #WWERAW : r/SquaredCircle,https://www.reddit.com/r/SquaredCircle/comments/1l60hd6/cory_hays_on_x_yclbyct_wweraw/,2025-11-11T14:13:55Z
3,#WWERaw,6,ALWAYS stand-up to a bully. #WWERaw,https://www.instagram.com/p/DKI0wdTKnMW/,2025-11-11T14:13:55Z
3,#WWERaw,7,WWE Raw (TV Series 1993– ) - IMDb,https://www.imdb.com/title/tt0185103/,2025-11-11T14:13:55Z
3,#WWERaw,8,#wweraw #kairisane,https://www.instagram.com/p/DDYtBCJu-iL/?hl=en,2025-11-11T14:13:55Z
3,#WWERaw,9,WWE Raw - Wikipedia,https://en.wikipedia.org/wiki/WWE_Raw,2025-11-11T14:13:55Z
3,#WWERaw,10,Boots making an appearance on #wweraw ! . . @wwe #raw ...,https://www.instagram.com/p/DGMaF4cMv8M/?hl=en,2025-11-11T14:13:55Z
3,#WWERaw,11,WWE RAW Discussion (22 September 2025) : r/WWE,https://www.reddit.com/r/WWE/comments/1nnym6e/wwe_raw_discussion_22_september_2025/,2025-11-11T14:13:55Z
3,#WWERaw,12,Watch Raw | Netflix Official Site,https://www.netflix.com/title/81788927,2025-11-11T14:13:55Z
3,#WWERaw,13,#wweraw #aewdynamite | Jack Farmer,https://www.linkedin.com/posts/jackcfarmer_wweraw-aewdynamite-activity-7262894195328131073-h1ey,2025-11-11T14:13:55Z
3,#WWERaw,14,WWE Raw on Netflix: Everything to Know About The Action-Packed ...,https://www.netflix.com/tudum/articles/wwe-raw-netflix-release-date-news,2025-11-11T14:13:55Z
3,#WWERaw,15,WWE (@WWE) / Posts / X,https://x.com/WWE,2025-11-11T14:13:55Z
3,#WWERaw,16,Maxxine Dupri is MOTIVATED #WWEonFOX #WWERaw ...,https://www.youtube.com/shorts/KGdEsNdZYLk,2025-11-11T14:13:55Z
3,#WWERaw,17,"WWE Australia on X: ""Tomorrow on #WWERaw John Cena will be in ...",https://twitter.com/WWEAustralia/status/1967486814450856048,2025-11-11T14:13:55Z
3,#WWERaw,18,WWE RAW (格闘) | 無料動画・見逃し配信を見るなら | ABEMA,https://abema.tv/video/title/652-2,2025-11-11T14:13:55Z
3,#WWERaw,19,"""They should be worried about us"" #WWEraw #wrestling | TikTok",https://www.tiktok.com/@kellyclarksonshow/video/7480277182204366123,2025-11-11T14:13:55Z
4,Obamacare,1,Welcome to the Health Insurance Marketplace® | HealthCare.gov,https://www.healthcare.gov/,2025-11-11T14:14:00Z
4,Obamacare,2,Affordable Care Act - Wikipedia,https://en.wikipedia.org/wiki/Affordable_Care_Act,2025-11-11T14:14:00Z
4,Obamacare,3,Affordable Care Act (ACA) - Glossary | HealthCare.gov,https://www.healthcare.gov/glossary/affordable-care-act/,2025-11-11T14:14:00Z
4,Obamacare,4,What is Obamacare (Affordable Care Act) Marketplace coverage?,https://www.healthinsurance.org/obamacare/,2025-11-11T14:14:00Z
4,Obamacare,5,Health Care | HHS.gov,https://www.hhs.gov/healthcare/index.html,2025-11-11T14:14:00Z
4,Obamacare,6,Covered California™ | The Official Site of California's Health ...,https://www.coveredca.com/,2025-11-11T14:14:00Z
4,Obamacare,7,U.S. Senate: U.S. Senate Roll Call Votes 111th Congress - 1st Session,https://www.senate.gov/legislative/LIS/roll_call_votes/vote1111/vote_111_1_00396.htm,2025-11-11T14:14:00Z
4,Obamacare,8,"Legal immigrants face loss of Obamacare help, threatening ...",https://www.politico.com/news/2025/11/10/legal-immigrants-face-loss-of-obamacare-help-threatening-insurance-markets-00643210,2025-11-11T14:14:00Z
4,Obamacare,9,Obamacare: Has Trump managed to kill off Affordable Care Act ...,https://www.bbc.com/news/world-us-canada-24370967,2025-11-11T14:14:00Z
4,Obamacare,10,Six Reasons to Not Extend the Enhanced Obamacare Subsidies ...,https://www.cato.org/blog/six-reasons-not-extend-enhanced-obamacare-subsidies,2025-11-11T14:14:00Z
4,Obamacare,11,Trump issues executive order to start rolling back Obamacare | CNN ...,https://www.cnn.com/2017/01/20/politics/trump-signs-executive-order-on-obamacare,2025-11-11T14:14:00Z
4,Obamacare,12,Is Obamacare Harming Quality? (Part 1) | Health Affairs,https://www.healthaffairs.org/do/10.1377/forefront.20180103.261091/,2025-11-11T14:14:00Z
4,Obamacare,13,"Trump doubles down, saying 'Obamacare Sucks' and must be ...",https://www.nbcnews.com/politics/congress/trump-doubles-saying-obamacare-sucks-must-replaced-rcna126978,2025-11-11T14:14:00Z
4,Obamacare,14,Obamacare Explained (Like You're An Idiot) - ABC News,https://abcnews.go.com/Health/obamacare-explained-idiot/story?id=21292932,2025-11-11T14:14:00Z
4,Obamacare,15,Supreme Court Allows Nationwide Health Care Subsidies - The ...,https://www.nytimes.com/2015/06/26/us/obamacare-supreme-court.html,2025-11-11T14:14:00Z
4,Obamacare,16,Obamacare For Homeowners Insurance: Fixing America's Broken ...,https://papers.ssrn.com/sol3/papers.cfm?abstract_id=4983913,2025-11-11T14:14:00Z
4,Obamacare,17,One-Third Don't Know Obamacare and Affordable Care Act Are the ...,https://www.nytimes.com/2017/02/07/upshot/one-third-dont-know-obamacare-and-affordable-care-act-are-the-same.html,2025-11-11T14:14:00Z
4,Obamacare,18,AG Paxton and Wisconsin AG File 20-State Lawsuit to End the Grip ...,https://www.texasattorneygeneral.gov/news/releases/ag-paxton-and-wisconsin-ag-file-20-state-lawsuit-end-grip-obamacare-texas-and-nation,2025-11-11T14:14:00Z
4,Obamacare,19,Health Insurance Marketplace Calculator | KFF,https://www.kff.org/interactive/subsidy-calculator/,2025-11-11T14:14:00Z
4,Obamacare,20,"3 years in, no sign of Trump's replacement for Obamacare | PBS News",https://www.pbs.org/newshour/health/3-years-in-no-sign-of-trumps-replacement-for-obamacare,2025-11-11T14:14:00Z
5,Jordan Love,1,Jordan Love - Green Bay Packers Quarterback - ESPN,https://www.espn.com/nfl/player/_/id/4036378/jordan-love,2025-11-11T14:14:04Z
5,Jordan Love,2,Jordan Love - Wikipedia,https://en.wikipedia.org/wiki/Jordan_Love,2025-11-11T14:14:04Z
5,Jordan Love,3,Jordan Love (@jordan3love) • Instagram photos and videos,https://www.instagram.com/jordan3love/?hl=en,2025-11-11T14:14:04Z
5,Jordan Love,4,"Jordan Love Stats, Height, Weight, Position, Draft, College | Pro ...",https://www.pro-football-reference.com/players/L/LoveJo03.htm,2025-11-11T14:14:04Z
5,Jordan Love,5,"Jordan Love Stats, News and Video - QB | NFL.com",https://www.nfl.com/players/jordan-love/,2025-11-11T14:14:04Z
5,Jordan Love,6,Jordan Love - Green Bay Packers Quarterback - ESPN (UK),https://www.espn.co.uk/nfl/player/_/id/4036378/jordan-love,2025-11-11T14:14:04Z
5,Jordan Love,7,Jordan Love - Football - Utah State University Athletics,https://utahstateaggies.com/sports/football/roster/jordan-love/3437,2025-11-11T14:14:04Z
5,Jordan Love,8,Why do so many NFL fans want Jordan Love to fail? : r ...,https://www.reddit.com/r/GreenBayPackers/comments/14epilz/why_do_so_many_nfl_fans_want_jordan_love_to_fail/,2025-11-11T14:14:04Z
5,Jordan Love,9,None of This Was Supposed to Happen | By Jordan Love,https://signature.theplayerstribune.com/jordan-love-nfl-football-green-bay-packers/p/1,2025-11-11T14:14:04Z
5,Jordan Love,10,Jordan Love Has a Weak Arm : r/GreenBayPackers,https://www.reddit.com/r/GreenBayPackers/comments/18z9g7z/jordan_love_has_a_weak_arm/,2025-11-11T14:14:04Z
5,Jordan Love,11,Packers QB Jordan Love reflects on his time as Aaron Rodgers ...,https://www.packers.com/news/packers-qb-jordan-love-reflects-on-his-time-as-aaron-rodgers-backup-oct-22-2025,2025-11-11T14:14:04Z
5,Jordan Love,12,JLove (@jordan3love) / Posts / X,https://x.com/jordan3love?lang=en,2025-11-11T14:14:04Z
5,Jordan Love,13,"“If Jordan Love was elite, the #Packers are 4-0.” How do YOU feel ...",https://www.facebook.com/ESPNMadison/posts/if-jordan-love-was-%F0%9D%99%9A%F0%9D%99%A1%F0%9D%99%9E%F0%9D%99%A9%F0%9D%99%9A-the-packers-are-4-0how-do-you-feel-about-jordan-loves-r/1472278418237643/,2025-11-11T14:14:04Z
5,Jordan Love,14,Jordan Love - Football - Tarleton State University Athletics,https://tarletonsports.com/sports/football/roster/jordan-love/12015,2025-11-11T14:14:04Z
5,Jordan Love,15,What Jordan Love's debut tells us about quarterback development,https://www.readoptional.com/p/what-jordan-loves-debut-tells-us,2025-11-11T14:14:04Z
5,Jordan Love,16,M. Jordan Love | The Fralin Museum of Art,https://uvafralinartmuseum.virginia.edu/m-jordan-love,2025-11-11T14:14:04Z
5,Jordan Love,17,Jordan Love will be an all-time great - by Tyler Dunne,https://www.golongtd.com/p/jordan-love-will-be-an-all-time-great,2025-11-11T14:14:04Z
5,Jordan Love,18,"Jordan Love (QB) Stats, News, Rumors, Bio, Video - Green Bay ...",https://sports.yahoo.com/nfl/players/32696/,2025-11-11T14:14:04Z
5,Jordan Love,19,Jordan Love - Football - Towson University Athletics,https://towsontigers.com/sports/football/roster/jordan-love/3781,2025-11-11T14:14:04Z
5,Jordan Love,20,Remembering Leslie Jordan: Love. Light. Legacy.,https://styleblueprint.com/nashville/everyday/remembering-leslie-jordan/,2025-11-11T14:14:04Z
6,Pond,1,POND,https://www.facebook.com/pondling/,2025-11-11T14:14:09Z
6,Pond,2,"Pond & Company - Top Ranked Engineering, Architecture, Planning ...",https://www.pondco.com/,2025-11-11T14:14:09Z
6,Pond,3,pond.band,https://pond.band/,2025-11-11T14:14:09Z
6,Pond,4,Pond (Australian band) - Wikipedia,https://en.wikipedia.org/wiki/Pond_(Australian_band),2025-11-11T14:14:09Z
6,Pond,5,"Claire-Louise Bennett on Her Debut, “Pond”",https://www.theparisreview.org/blog/2016/07/18/the-mind-in-solitude-an-interview-with-claire-louise-bennett/,2025-11-11T14:14:09Z
6,Pond,6,Pond - Wikipedia,https://en.wikipedia.org/wiki/Pond,2025-11-11T14:14:09Z
6,Pond,7,Pond | Spotify,https://open.spotify.com/artist/4skJp5OKvcc9eKokiuhi2s,2025-11-11T14:14:09Z
6,Pond,8,It's about time for an update on my tiny pond…. ❤️ #buildapond ...,https://www.instagram.com/reel/CvpvUd1ITMJ/?hl=en,2025-11-11T14:14:09Z
6,Pond,9,Mirror Pond Pale Ale – Deschutes Brewery,https://deschutesbrewery.com/products/mirror-pond-pale-ale,2025-11-11T14:14:09Z
6,Pond,10,POND (@ponderers) • Instagram photos and videos,https://www.instagram.com/ponderers/?hl=en,2025-11-11T14:14:09Z
6,Pond,11,Pond Builds - YouTube,https://www.youtube.com/playlist?list=PLGPT1t4CqpfgUd_pe2EG_ZwdDgDxEbgC2,2025-11-11T14:14:09Z
6,Pond,12,A year in the life of a western pond turtle — Klamath-Siskiyou ...,https://www.kswild.org/conservation-efforts/western-pond-turtle,2025-11-11T14:14:09Z
6,Pond,13,Walden Pond State Reservation | Mass.gov - Concord,https://www.mass.gov/locations/walden-pond-state-reservation,2025-11-11T14:14:09Z
6,Pond,14,"Sterling Pond Hike, Stowe, VT | Vermont State Parks",https://www.vtstateparks.com/blog/sterling-pond-hike-stowe-vt,2025-11-11T14:14:09Z
6,Pond,15,Drop in The Pond Crochet lap/baby blanket tutorial - YouTube,https://www.youtube.com/playlist?list=PL60AAC215A8C2D487,2025-11-11T14:14:09Z
6,Pond,16,Frog Pond Plan | City of Wilsonville Oregon,https://www.wilsonvilleoregon.gov/planning/page/frog-pond-plan,2025-11-11T14:14:09Z
6,Pond,17,MATT POND PA,https://www.mattpondpa.com/,2025-11-11T14:14:09Z
6,Pond,18,Koi Pond Celllars - Distinct Washington Wines,https://www.koipondcellars.com/,2025-11-11T14:14:09Z
6,Pond,19,Pond.global,https://pond.global/,2025-11-11T14:14:09Z
6,Pond,20,How to build a pond | The Wildlife Trusts,https://www.wildlifetrusts.org/actions/how-build-pond,2025-11-11T14:14:09Z
1,#DWTS,1,Dancing with the Stars Voting | ABC & Disney+,https://dwtsvote.abc.com/,2025-11-12T03:10:12Z
1,#DWTS,2,Dancing With The Stars #DWTS (@dancingwiththestars) • Instagram ...,https://www.instagram.com/dancingwiththestars/?hl=en,2025-11-12T03:10:12Z
1,#DWTS,3,Dancing with the Stars #DWTS (@officialdwts) / Posts / X,https://x.com/officialdwts?lang=en,2025-11-12T03:10:12Z
1,#DWTS,4,Watch Dancing with the Stars Streaming on ABC platforms and ...,https://abc.com/show/f66d60e7-29f2-49cf-85dd-44a11bce42e4,2025-11-12T03:10:12Z
1,#DWTS,5,Excited to announce my very first partner for DWTS is none other ...,https://www.instagram.com/p/C_fuEAUOEor/?hl=en,2025-11-12T03:10:12Z
1,#DWTS,6,Tuesday's next DWTS live? BRING IT! #DWTS #TeamPartnerTrap ...,https://www.facebook.com/elaine4animals/posts/tuesdays-next-dwts-live-bring-it-dwts-teampartnertrap-elainehendrix/1358054785682581/,2025-11-12T03:10:12Z
1,#DWTS,7,Dancing With The Stars - YouTube,https://www.youtube.com/dancingwiththestars,2025-11-12T03:10:12Z
1,#DWTS,8,she's pissed. we're shocked. #DWTS,https://www.facebook.com/JulianneHough/posts/shes-pissed-were-shocked-dwts/1341159020709218/,2025-11-12T03:10:12Z
1,#DWTS,9,Dancing With The Stars Tour,https://dwtstour.com/,2025-11-12T03:10:12Z
1,#DWTS,10,My season 34 DWTS partner is ANDY RICHTER!!! Legend!!!! I'm so ...,https://www.facebook.com/TheEmmaSlater/posts/my-season-34-dwts-partner-is-andy-richter-legend-im-so-so-excited-for-us-to-hit-/1341410804010556/,2025-11-12T03:10:12Z
1,#DWTS,11,Dancing with the Stars,https://www.reddit.com/r/dancingwiththestars/,2025-11-12T03:10:12Z
1,#DWTS,12,Dancing with the Stars (American TV series) - Wikipedia,https://en.wikipedia.org/wiki/Dancing_with_the_Stars_(American_TV_series),2025-11-12T03:10:12Z
1,#DWTS,13,Dancing with the Stars | New Episode Live Every Tuesday | Disney+,https://www.disneyplus.com/browse/entity-7d918be0-4130-4551-aab8-c7dcae85d35f,2025-11-12T03:10:12Z
1,#DWTS,14,Dancing with the Stars: Live!2026 Tour | Segerstrom Center for the Arts,https://scfta.org/events/2026/dancing-with-the-stars-2026,2025-11-12T03:10:12Z
1,#DWTS,15,Jenn vs Joey DWTS : r/thebachelor,https://www.reddit.com/r/thebachelor/comments/1h0pf7g/jenn_vs_joey_dwts/,2025-11-12T03:10:12Z
1,#DWTS,16,Earle Sisters Takeover on DWTS - Hot Mess with Alix Earle ...,https://open.spotify.com/episode/4793aSIyBaorv1FhTisRkq,2025-11-12T03:10:12Z
1,#DWTS,17,potential for the return of the spring cycle of dwts? : r ...,https://www.reddit.com/r/dancingwiththestars/comments/1fzicai/potential_for_the_return_of_the_spring_cycle_of/,2025-11-12T03:10:12Z
1,#DWTS,18,'Dancing with the Stars' is tough –Training with a 'DWTS' pro,https://www.usatoday.com/story/entertainment/tv/2025/11/09/joining-dancing-with-the-stars-dwts-2025-cast/86949021007/,2025-11-12T03:10:12Z
1,#DWTS,19,"Based on Math Alone, Where Does Andy Richter's 'DWTS' Run End?",https://www.pajiba.com/tv_reviews/based-on-math-alone-where-does-andy-richters-dwts-run-end.php,2025-11-12T03:10:12Z
1,#DWTS,20,Dancing with the Stars - ArtTix Official Ticket Seller | Salt Lake ...,https://www.saltlakecountyarts.org/events/dancing-with-the-stars/,2025-11-12T03:10:12Z
2,Northern Lights,1,Aurora Viewline for Tonight and Tomorrow Night (Experimental ...,https://www.swpc.noaa.gov/products/aurora-viewline-tonight-and-tomorrow-night-experimental,2025-11-12T03:10:16Z
2,Northern Lights,2,Aurora - Wikipedia,https://en.wikipedia.org/wiki/Aurora,2025-11-12T03:10:16Z
2,Northern Lights,3,Aurora Forecast | Geophysical Institute,https://www.gi.alaska.edu/monitors/aurora-forecast,2025-11-12T03:10:16Z
2,Northern Lights,4,Northern Lights Marine Generators And Technicold Air Conditioning ...,https://www.northern-lights.com/,2025-11-12T03:10:16Z
2,Northern Lights,5,What are the Northern Lights (Aurora Borealis)?,https://www.mtu.edu/tour/copper-country/northern-lights/,2025-11-12T03:10:16Z
2,Northern Lights,6,Northern lights (aurora borealis) — What they are and how to see ...,https://www.space.com/15139-northern-lights-auroras-earth-facts-sdcmp.html,2025-11-12T03:10:16Z
2,Northern Lights,7,Northern lights in Norway | Best places to see the aurora borealis,https://www.visitnorway.com/things-to-do/nature-attractions/northern-lights/,2025-11-12T03:10:16Z
2,Northern Lights,8,Pizza Delivery Des Moines & KC - NorthernLights Pizza,https://www.northernlightspizza.com/,2025-11-12T03:10:16Z
2,Northern Lights,9,Northern Lights Theatre Pub: Home,https://northernlightstheatrepub.com/,2025-11-12T03:10:16Z
2,Northern Lights,10,Northern Lights | Buffalo AKG Art Museum,https://buffaloakg.org/art/exhibitions/northern-lights,2025-11-12T03:10:16Z
2,Northern Lights,11,"Northern Lights, Inc.: NLI",https://www.nli.coop/,2025-11-12T03:10:16Z
2,Northern Lights,12,Northern Lights Sky Ropes Course - Wilderness Resort Attractions,https://www.wildernessresort.com/attractions/northern-lights-sky-ropes-course/,2025-11-12T03:10:16Z
2,Northern Lights,13,Northern Lights at CCV: Home,https://northernlightsccv.org/,2025-11-12T03:10:16Z
2,Northern Lights,14,Northern Lights: Market-Style Dining with a View at Banff Gondola,https://www.banffjaspercollection.com/attractions/banff-gondola/dining/northern-lights/,2025-11-12T03:10:16Z
2,Northern Lights,15,Saint Paul School of Northern Lights | Charter School Grades K-8,https://www.schoolofnorthernlights.org/,2025-11-12T03:10:16Z
2,Northern Lights,16,Northern Lights Candles,https://northernlightscandles.com/,2025-11-12T03:10:16Z
2,Northern Lights,17,Northern Lights in Anchorage | Aurora Viewing in Alaska,https://www.anchorage.net/winter/things-to-do/northern-lights-viewing/,2025-11-12T03:10:16Z
2,Northern Lights,18,Northern Lights,https://northern.lights.mn/,2025-11-12T03:10:16Z
2,Northern Lights,19,Northern Lights Community School | Home,https://www.nlcschool.org/,2025-11-12T03:10:16Z
2,Northern Lights,20,The Northern Lights project - Equinor,https://www.equinor.com/energy/northern-lights,2025-11-12T03:10:16Z
3,#RHOSLC,1,The Real Housewives of SLC (@housewivesofslc) / Posts / X,https://x.com/housewivesofslc?lang=en,2025-11-12T03:10:21Z
3,#RHOSLC,2,The Real Housewives of Salt Lake City,https://www.reddit.com/r/rhoslc/,2025-11-12T03:10:21Z
3,#RHOSLC,3,#RHOSLC Season 2 Reunion is coming… ❄️,https://www.instagram.com/p/CYuV-spv5PS/,2025-11-12T03:10:21Z
3,#RHOSLC,4,Seated for #RHOSLC,https://www.facebook.com/Bravo/posts/seated-for-rhoslc/1170519631607882/,2025-11-12T03:10:21Z
3,#RHOSLC,5,Celebrating Pride #rhoslc #rhobh #rhony #fireisland,https://www.instagram.com/p/CerCnvluh6y/,2025-11-12T03:10:21Z
3,#RHOSLC,6,Still thinking about this. #RHOSLC,https://www.facebook.com/Bravo/posts/still-thinking-about-this-rhoslc/1166645298661982/,2025-11-12T03:10:21Z
3,#RHOSLC,7,My #RHOSLC S5 reunion look is inspired by my Ruby Stardust ...,https://www.instagram.com/p/DEnVUK8SUIT/,2025-11-12T03:10:21Z
3,#RHOSLC,8,"Receipts, Proof, and Timelines that RHOSLC is More Complex Than ...",https://www.booksquadgoals.com/blog/receipts-proof-and-timelines-that-rhoslc-is-more-complex-than-you-think,2025-11-12T03:10:21Z
3,#RHOSLC,9,Whitney's in hot water during her healing journey. #WhitneyRose ...,https://www.youtube.com/shorts/o_gd3ICnMN8,2025-11-12T03:10:21Z
3,#RHOSLC,10,The Truth Behind My Phone Call With Whitney Rose On RHOSLC ...,https://www.youtube.com/watch?v=US1gmqqDECY,2025-11-12T03:10:21Z
3,#RHOSLC,11,Bronwyn Newport's Home Is As Colorful As Her Wardrobe ...,https://www.youtube.com/watch?v=q7xn0u3LIuI,2025-11-12T03:10:21Z
3,#RHOSLC,12,Why Meredith Marks Leaving RHOSLC Might Be for the Best ...,https://www.realitytea.com/2025/01/23/why-meredith-marks-leaving-rhoslc-might-be-best-reunion/,2025-11-12T03:10:21Z
3,#RHOSLC,13,"'RHOSLC' Recap, Episode 11: There's Something About Mary",https://www.vulture.com/article/real-housewives-of-salt-lake-city-recap-season-5-episode-11.html,2025-11-12T03:10:21Z
3,#RHOSLC,14,The Real Housewives of Salt Lake City - Wikipedia,https://en.wikipedia.org/wiki/The_Real_Housewives_of_Salt_Lake_City,2025-11-12T03:10:21Z
3,#RHOSLC,15,"RHOSLC Mexico Trip: Hotel Details, Filming Locations, Review ...",https://betches.com/rhoslc-mexico-trip-real-hotels/,2025-11-12T03:10:21Z
3,#RHOSLC,16,#rhoslc | Justin Wachman,https://www.linkedin.com/posts/justin-wachman-98809a26_rhoslc-activity-6973746402388516864-5hp8,2025-11-12T03:10:21Z
3,#RHOSLC,17,TJG: RHOSLC S6 E4! - Two Judgey Girls | Podcast on Spotify,https://open.spotify.com/episode/37MPjLIWCSR0ifIJs4szAP,2025-11-12T03:10:21Z
3,#RHOSLC,18,Who is Soup Man? (RHOSLC Recap) - Two Ts In A Pod with Teddi ...,https://open.spotify.com/episode/2OVh0OzgIq57K2dlIcMAE9,2025-11-12T03:10:21Z
3,#RHOSLC,19,RHOSLC Wine Tasting + RH…–Everything Iconic with Danny ...,https://podcasts.apple.com/tt/podcast/rhoslc-wine-tasting-rhop-fraud-alerts/id1279562874?i=1000731893022,2025-11-12T03:10:21Z
3,#RHOSLC,20,Rhoslc Keychain - Etsy,https://www.etsy.com/market/rhoslc_keychain,2025-11-12T03:10:21Z
4,#WWENXT,1,WWE NXT (@wwenxt) • Instagram photos and videos,https://www.instagram.com/wwenxt/?hl=en,2025-11-12T03:10:26Z
4,#WWENXT,2,WWE NXT (@WWENXT) / Posts / X,https://x.com/WWENXT,2025-11-12T03:10:26Z
4,#WWENXT,3,WWE NXT | WWE,https://www.wwe.com/shows/wwenxt,2025-11-12T03:10:26Z
4,#WWENXT,4,#ShawnMichaels: Who let these Boyz in here? #NXTShowdown 8 ...,https://www.facebook.com/WWE.JeffHardyBrand/posts/shawnmichaels-who-let-these-boyz-in-herenxtshowdown-87c-thecw-wwenxt-tiktok/1327998778682136/,2025-11-12T03:10:26Z
4,#WWENXT,5,WWE NXT (TV Series 2010– ) - IMDb,https://www.imdb.com/title/tt1601141/,2025-11-12T03:10:26Z
4,#WWENXT,6,NEW #WWENXT Tag Team Champions - The Hardys! #WWENXT,https://www.facebook.com/WWE.JeffHardyBrand/posts/new-wwenxt-tag-team-champions-the-hardys-wwenxt/1327871532028194/,2025-11-12T03:10:26Z
4,#WWENXT,7,Rikishi - Congrats @lance_anoai nephew . God Never Miss ...,https://m.facebook.com/therealrikishi/photos/congrats-lance_anoai-nephew-god-never-miss-wwenxt-letsgotowork-bloodline-son-of-/1121645412655670/,2025-11-12T03:10:26Z
4,#WWENXT,8,#MattHardy: Thank you for having our back at #WWENXT ...,https://www.facebook.com/WWE.JeffHardyBrand/posts/matthardy-thank-you-for-having-our-back-at-wwenxt-halloweenhavoc-arizona-you-guy/1343639777118036/,2025-11-12T03:10:26Z
4,#WWENXT,9,WWE NXT - Wikipedia,https://en.wikipedia.org/wiki/WWE_NXT,2025-11-12T03:10:26Z
4,#WWENXT,10,"It's a #WWENXT reunion! Well, something like that… Remember in ...",https://www.facebook.com/jdeanwilliams/posts/its-a-wwenxt-reunion-well-something-like-that-remember-in-2019-when-i-made-a-son/736300641644603/,2025-11-12T03:10:26Z
4,#WWENXT,11,WWE NXT (@WWENXT) on X: After officially signing their ...,https://www.reddit.com/r/SquaredCircle/comments/1d8s4rz/wwe_nxt_wwenxt_on_x_after_officially_signing/,2025-11-12T03:10:26Z
4,#WWENXT,12,WWE NXT - YouTube,https://www.youtube.com/channel/UC9YHZGzVhgZJRhqYOoBQ_zA,2025-11-12T03:10:26Z
4,#WWENXT,13,The CW Sports on X: Year 1 #WWENXT : r/SquaredCircle,https://www.reddit.com/r/SquaredCircle/comments/1nw75ll/the_cw_sports_on_x_year_1_wwenxt/,2025-11-12T03:10:26Z
4,#WWENXT,14,'Stone Cole' Custer gets in the ring at WWE NXT show | NASCAR,https://www.nascar.com/news-media/2024/10/23/stone-cole-custer-gets-in-the-ring-at-wwe-nxt-show/,2025-11-12T03:10:26Z
4,#WWENXT,15,"WWE NXT on X: "".@shirai_io will defend her #WWENXT ...",https://twitter.com/WWENXT/status/1291201712821338114,2025-11-12T03:10:26Z
4,#WWENXT,16,#duet with @WWE NXT #wwenxt I dont know what Shawn Michaels ...,https://www.tiktok.com/@dmcintyrewwe/video/7416110206469328159,2025-11-12T03:10:26Z
5,Louisville,1,Louisville Tourism | Bourbon City,https://www.gotolouisville.com/,2025-11-12T03:10:31Z
5,Louisville,2,University of Louisville: Home,https://louisville.edu/,2025-11-12T03:10:31Z
5,Louisville,3,Welcome Louisvilleky.gov | LouisvilleKY.gov,https://louisvilleky.gov/,2025-11-12T03:10:31Z
5,Louisville,4,"Louisville, Kentucky - Wikipedia","https://en.wikipedia.org/wiki/Louisville,_Kentucky",2025-11-12T03:10:31Z
5,Louisville,5,"City of Louisville, CO | Home",https://www.louisvilleco.gov/,2025-11-12T03:10:31Z
5,Louisville,6,University of Louisville Athletic - Official Athletics Website,https://gocards.com/,2025-11-12T03:10:31Z
5,Louisville,7,Louisville Muhammad Ali International Airport,https://www.flylouisville.com/,2025-11-12T03:10:31Z
5,Louisville,8,"Louisville Cardinals Scores, Stats and Highlights - ESPN",https://www.espn.com/college-football/team/_/id/97/louisville-cardinals,2025-11-12T03:10:31Z
5,Louisville,9,Louisville Slugger® | Official Website,https://www.slugger.com/en-us/,2025-11-12T03:10:31Z
5,Louisville,10,Louisville Slugger Museum & Factory,https://www.sluggermuseum.com/,2025-11-12T03:10:31Z
5,Louisville,11,Louisville City FC: Home,https://www.loucity.com/,2025-11-12T03:10:31Z
5,Louisville,12,Louisville Zoo: Home,https://louisvillezoo.org/,2025-11-12T03:10:31Z
5,Louisville,13,Louisville Mega Cavern Tours & Activities | Best Things To Do In KY,https://louisvillemegacavern.com/,2025-11-12T03:10:31Z
5,Louisville,14,Louisville Orchestra,https://www.louisvilleorchestra.org/,2025-11-12T03:10:31Z
5,Louisville,15,Racing Louisville FC: Homepage,https://www.racingloufc.com/,2025-11-12T03:10:31Z
5,Louisville,16,Louisville Water Company: Home,https://louisvillewater.com/,2025-11-12T03:10:31Z
5,Louisville,17,The Louisville Palace Tickets & Schedule | Louisville Concert Venue,https://www.louisvillepalace.com/,2025-11-12T03:10:31Z
5,Louisville,18,"Louisville, OH | Official Website",https://www.louisvilleohio.gov/,2025-11-12T03:10:31Z
5,Louisville,19,Louisville Jerky Co.,https://www.lvjco.com/,2025-11-12T03:10:31Z
5,Louisville,20,Louisville - 21c Museum Hotels,https://21cmuseumhotels.com/louisville/,2025-11-12T03:10:31Z
6,Wake Forest,1,Wake Forest University,https://www.wfu.edu/,2025-11-12T03:10:35Z
6,Wake Forest,2,"Town of Wake Forest, NC",https://www.wakeforestnc.gov/,2025-11-12T03:10:35Z
6,Wake Forest,3,Atrium Health Wake Forest Baptist: Home,https://www.wakehealth.edu/,2025-11-12T03:10:35Z
6,Wake Forest,4,Undergraduate Admissions | Wake Forest University,https://admissions.wfu.edu/,2025-11-12T03:10:35Z
6,Wake Forest,5,Wake Forest University - Wikipedia,https://en.wikipedia.org/wiki/Wake_Forest_University,2025-11-12T03:10:35Z
6,Wake Forest,6,"Wake Forest Demon Deacons Scores, Stats and Highlights - ESPN",https://www.espn.com/college-football/team/_/id/154/wake-forest-demon-deacons,2025-11-12T03:10:35Z
6,Wake Forest,7,Wake Forest University Athletics - Official Athletics Website,https://godeacs.com/,2025-11-12T03:10:35Z
6,Wake Forest,8,"Wake Forest University School of Medicine - Winston-Salem, NC ...",https://school.wakehealth.edu/,2025-11-12T03:10:35Z
6,Wake Forest,9,Football - Wake Forest University Athletics,https://godeacs.com/sports/football,2025-11-12T03:10:35Z
6,Wake Forest,10,Athletics | About Wake Forest | Wake Forest University,https://about.wfu.edu/athletics/,2025-11-12T03:10:35Z
6,Wake Forest,11,Home - Wake Forest Area Chamber of Commerce,https://wakeforestchamber.org/,2025-11-12T03:10:35Z
6,Wake Forest,12,Wake Forest University: About,https://about.wfu.edu/,2025-11-12T03:10:35Z
6,Wake Forest,13,Wake Forest Historical Museum,https://wakeforestmuseum.org/,2025-11-12T03:10:35Z
6,Wake Forest,14,Careers at Wake Forest University - Human Resources,https://hr.wfu.edu/careers/,2025-11-12T03:10:35Z
6,Wake Forest,15,ZSR Library - Wake Forest University,https://zsr.wfu.edu/,2025-11-12T03:10:35Z
6,Wake Forest,16,Masters in Management Program - Wake Forest University,https://business.wfu.edu/masters-in-management/,2025-11-12T03:10:35Z
6,Wake Forest,17,Graduate School of Arts & Sciences | Wake Forest University,https://graduate.wfu.edu/,2025-11-12T03:10:35Z
6,Wake Forest,18,Home | Giving Opportunities | Wake Forest University,https://giving.wfu.edu/,2025-11-12T03:10:35Z
6,Wake Forest,19,Programs Archive - School of Professional Studies at Wake Forest ...,https://sps.wfu.edu/programs/,2025-11-12T03:10:35Z
6,Wake Forest,20,A Calling | Wake Forest Magazine,https://magazine.wfu.edu/2017/07/07/a-calling/,2025-11-12T03:10:35Z
1,Veterans Day,1,Veterans Day - Wikipedia,https://en.wikipedia.org/wiki/Veterans_Day,2025-11-12T14:14:23Z
1,Veterans Day,2,History of Veterans Day - U.S. Department of Veterans Affairs,https://department.va.gov/veterans-day/history-of-veterans-day/,2025-11-12T14:14:23Z
1,Veterans Day,3,Veterans Day 2025 | Military.com,https://www.military.com/veterans-day,2025-11-12T14:14:23Z
1,Veterans Day,4,Veterans Day - U.S. Department of Veterans Affairs,https://department.va.gov/veterans-day/,2025-11-12T14:14:23Z
1,Veterans Day,5,"Veterans Day Facts - Data, Populations & Background",https://www.history.com/articles/veterans-day-facts,2025-11-12T14:14:23Z
1,Veterans Day,6,Federal Holidays,https://www.opm.gov/policy-data-oversight/pay-leave/federal-holidays/,2025-11-12T14:14:23Z
1,Veterans Day,7,Veterans Day - NPS Commemorations and Celebrations (U.S. ...,https://www.nps.gov/subjects/npscelebrates/veterans-day.htm,2025-11-12T14:14:23Z
1,Veterans Day,8,"Veterans Day 2025: Founding, Fact & Meaning | HISTORY",https://www.history.com/articles/history-of-veterans-day,2025-11-12T14:14:23Z
1,Veterans Day,9,What are Federal holidays? - OPM.gov,https://www.opm.gov/frequently-asked-questions/pay-and-leave-faq/pay-administration/what-are-federal-holidays/,2025-11-12T14:14:23Z
1,Veterans Day,10,The Origins of Veterans Day,https://www.va.gov/opa/publications/celebrate/vetday.pdf,2025-11-12T14:14:23Z
1,Veterans Day,11,National Veterans Day - Home,https://nationalveteransday.org/,2025-11-12T14:14:23Z
1,Veterans Day,12,Veterans Day Free Meals & Discounts for 2025,https://themilitarywallet.com/veterans-day-free-meals-and-discounts/,2025-11-12T14:14:23Z
1,Veterans Day,13,5 Facts to Know About Veterans Day > U.S. Department of War ...,https://www.war.gov/News/Feature-Stories/story/article/1675470/5-facts-to-know-about-veterans-day/,2025-11-12T14:14:23Z
1,Veterans Day,14,San Diego Veterans Day Parade 2025 | USS Midway Museum ...,https://www.midway.org/event/san-diego-veterans-day-parade,2025-11-12T14:14:23Z
1,Veterans Day,15,"Veterans Day Celebration | Surprise, AZ - Official Website",https://surpriseaz.gov/1435/Veterans-Day-Celebration,2025-11-12T14:14:23Z
1,Veterans Day,16,Veterans Day Parade - Special Events,https://events.jacksonville.gov/special-events/veterans-day-parade,2025-11-12T14:14:23Z
1,Veterans Day,17,VA.gov Home | Veterans Affairs,https://www.va.gov//,2025-11-12T14:14:23Z
1,Veterans Day,18,Veterans Day holiday closures and service impacts - King County ...,https://kingcounty.gov/en/shared-topics/about-king-county/holiday-closures-impacts/veterans-day,2025-11-12T14:14:23Z
1,Veterans Day,19,"Veterans Day | City of Lakeway, TX - Official Website",https://www.lakeway-tx.gov/2142/Veterans-Day,2025-11-12T14:14:23Z
1,Veterans Day,20,Veteran's Day 2025 | McCormick & Schmick's,https://www.mccormickandschmicks.com/event/veterans-day/,2025-11-12T14:14:23Z
2,Northern Lights,1,Aurora - Wikipedia,https://en.wikipedia.org/wiki/Aurora,2025-11-12T14:14:28Z
2,Northern Lights,2,Aurora Viewline for Tonight and Tomorrow Night (Experimental ...,https://www.swpc.noaa.gov/products/aurora-viewline-tonight-and-tomorrow-night-experimental,2025-11-12T14:14:28Z
2,Northern Lights,3,Aurora Forecast | Geophysical Institute,https://www.gi.alaska.edu/monitors/aurora-forecast,2025-11-12T14:14:28Z
2,Northern Lights,4,Northern Lights Marine Generators And Technicold Air Conditioning ...,https://www.northern-lights.com/,2025-11-12T14:14:28Z
2,Northern Lights,5,Northern lights (aurora borealis) — What they are and how to see ...,https://www.space.com/15139-northern-lights-auroras-earth-facts-sdcmp.html,2025-11-12T14:14:28Z
2,Northern Lights,6,What are the Northern Lights (Aurora Borealis)?,https://www.mtu.edu/tour/copper-country/northern-lights/,2025-11-12T14:14:28Z
2,Northern Lights,7,Northern lights in Norway | Best places to see the aurora borealis,https://www.visitnorway.com/things-to-do/nature-attractions/northern-lights/,2025-11-12T14:14:28Z
2,Northern Lights,8,Pizza Delivery Des Moines & KC - NorthernLights Pizza,https://www.northernlightspizza.com/,2025-11-12T14:14:28Z
2,Northern Lights,9,Northern Lights Theatre Pub: Home,https://northernlightstheatrepub.com/,2025-11-12T14:14:28Z
2,Northern Lights,10,"Northern Lights, Inc.: NLI",https://www.nli.coop/,2025-11-12T14:14:28Z
2,Northern Lights,11,Northern Lights | Buffalo AKG Art Museum,https://buffaloakg.org/art/exhibitions/northern-lights,2025-11-12T14:14:28Z
2,Northern Lights,12,Northern Lights Sky Ropes Course - Wilderness Resort Attractions,https://www.wildernessresort.com/attractions/northern-lights-sky-ropes-course/,2025-11-12T14:14:28Z
2,Northern Lights,13,Northern Lights Rivers Lakes & Oceans,https://northernlightstrading.com/,2025-11-12T14:14:28Z
2,Northern Lights,14,Saint Paul School of Northern Lights | Charter School Grades K-8,https://www.schoolofnorthernlights.org/,2025-11-12T14:14:28Z
2,Northern Lights,15,Northern Lights at CCV: Home,https://northernlightsccv.org/,2025-11-12T14:14:28Z
2,Northern Lights,16,Northern Lights: Market-Style Dining with a View at Banff Gondola,https://www.banffjaspercollection.com/attractions/banff-gondola/dining/northern-lights/,2025-11-12T14:14:28Z
2,Northern Lights,17,Northern Lights Candles,https://northernlightscandles.com/,2025-11-12T14:14:28Z
2,Northern Lights,18,The Northern lights in Iceland,https://www.visiticeland.com/article/northern-lights-in-iceland/,2025-11-12T14:14:28Z
2,Northern Lights,19,Northern Lights in Anchorage | Aurora Viewing in Alaska,https://www.anchorage.net/winter/things-to-do/northern-lights-viewing/,2025-11-12T14:14:28Z
2,Northern Lights,20,Northern Lights,https://northern.lights.mn/,2025-11-12T14:14:28Z
3,#DWTS,1,Dancing with the Stars Voting | ABC & Disney+,https://dwtsvote.abc.com/,2025-11-12T14:14:32Z
3,#DWTS,2,Dancing With The Stars #DWTS (@dancingwiththestars) • Instagram ...,https://www.instagram.com/dancingwiththestars/?hl=en,2025-11-12T14:14:32Z
3,#DWTS,3,Dancing with the Stars #DWTS (@officialdwts) / Posts / X,https://x.com/officialdwts?lang=en,2025-11-12T14:14:32Z
3,#DWTS,4,"ELAINE HENDRIX V | Halloween is my favorite, and I'm devastated. I ...",https://www.instagram.com/reel/DQX2XYagaFT/?hl=en,2025-11-12T14:14:32Z
3,#DWTS,5,Watch Dancing with the Stars Streaming on ABC platforms and ...,https://abc.com/show/f66d60e7-29f2-49cf-85dd-44a11bce42e4,2025-11-12T14:14:32Z
3,#DWTS,6,Tuesday's next DWTS live? BRING IT! #DWTS #TeamPartnerTrap ...,https://www.facebook.com/elaine4animals/posts/tuesdays-next-dwts-live-bring-it-dwts-teampartnertrap-elainehendrix/1358054785682581/,2025-11-12T14:14:32Z
3,#DWTS,7,Dancing With The Stars - YouTube,https://www.youtube.com/dancingwiththestars,2025-11-12T14:14:32Z
3,#DWTS,8,Dancing with the Stars,https://www.reddit.com/r/dancingwiththestars/,2025-11-12T14:14:32Z
3,#DWTS,9,she's pissed. we're shocked. #DWTS,https://www.facebook.com/JulianneHough/posts/shes-pissed-were-shocked-dwts/1341159020709218/,2025-11-12T14:14:32Z
3,#DWTS,10,Dancing With The Stars Tour,https://dwtstour.com/,2025-11-12T14:14:32Z
3,#DWTS,11,Dancing with the Stars (American TV series) - Wikipedia,https://en.wikipedia.org/wiki/Dancing_with_the_Stars_(American_TV_series),2025-11-12T14:14:32Z
3,#DWTS,12,'Dancing with the Stars' is tough –Training with a 'DWTS' pro,https://www.usatoday.com/story/entertainment/tv/2025/11/09/joining-dancing-with-the-stars-dwts-2025-cast/86949021007/,2025-11-12T14:14:32Z
3,#DWTS,13,Dancing with the Stars | New Episode Live Every Tuesday | Disney+,https://www.disneyplus.com/browse/entity-7d918be0-4130-4551-aab8-c7dcae85d35f,2025-11-12T14:14:32Z
3,#DWTS,14,Dancing with the Stars: Live!2026 Tour | Segerstrom Center for the Arts,https://scfta.org/events/2026/dancing-with-the-stars-2026,2025-11-12T14:14:32Z
3,#DWTS,15,Tour Dates – Dancing With The Stars Tour,https://dwtstour.com/dates/,2025-11-12T14:14:32Z
3,#DWTS,16,Dancing with the Stars (American TV series) season 34 - Wikipedia,https://en.wikipedia.org/wiki/Dancing_with_the_Stars_(American_TV_series)_season_34,2025-11-12T14:14:32Z
3,#DWTS,17,Earle Sisters Takeover on DWTS - Hot Mess with Alix Earle ...,https://open.spotify.com/episode/4793aSIyBaorv1FhTisRkq,2025-11-12T14:14:32Z
3,#DWTS,18,Dancing With The Stars: LIVE! | DPAC Official Site,https://www.dpacnc.com/events/detail/dancingwiththestars_2026,2025-11-12T14:14:32Z
3,#DWTS,19,Dancing with the Stars - ArtTix Official Ticket Seller | Salt Lake ...,https://www.saltlakecountyarts.org/events/dancing-with-the-stars/,2025-11-12T14:14:32Z
3,#DWTS,20,"Based on Math Alone, Where Does Andy Richter's 'DWTS' Run End?",https://www.pajiba.com/tv_reviews/based-on-math-alone-where-does-andy-richters-dwts-run-end.php,2025-11-12T14:14:32Z
4,Nico,1,Nico - Wikipedia,https://en.wikipedia.org/wiki/Nico,2025-11-12T14:14:37Z
4,Nico,2,NICO | Oysters + Seafood,https://www.nicoshemcreek.com/,2025-11-12T14:14:37Z
4,Nico,3,NICO Corporation: Home,https://niconeuro.com/,2025-11-12T14:14:37Z
4,Nico,4,Nico Muhly,https://nicomuhly.com/,2025-11-12T14:14:37Z
4,Nico,5,Nico (@nico_jeannen) / Posts / X,https://x.com/nico_jeannen?lang=en,2025-11-12T14:14:37Z
4,Nico,6,Nico - YouTube,https://www.youtube.com/channel/UCTn7pr9tqS0ySAB2UyXse6w,2025-11-12T14:14:37Z
4,Nico,7,Nico Bolzico (@nicobolzico) • Instagram photos and videos,https://www.instagram.com/nicobolzico/?hl=en,2025-11-12T14:14:37Z
4,Nico,8,Nico | Spotify,https://open.spotify.com/artist/0IwlY33zbBXN7zlS9DP2Cj,2025-11-12T14:14:37Z
4,Nico,9,Nico Cathcart (@nicocathcart) • Instagram photos and videos,https://www.instagram.com/nicocathcart/?hl=en,2025-11-12T14:14:37Z
4,Nico,10,What's so special about Nico ? : r/VelvetUnderground,https://www.reddit.com/r/VelvetUnderground/comments/1hjdats/whats_so_special_about_nico/,2025-11-12T14:14:37Z
4,Nico,11,Nico Santos (@nicosantos) • Instagram photos and videos,https://www.instagram.com/nicosantos/?hl=en,2025-11-12T14:14:37Z
4,Nico,12,Nico Ruderman for State Senate,https://www.nicoruderman.com/,2025-11-12T14:14:37Z
4,Nico,13,Nico Amortegui (@nico_malo1) • Instagram photos and videos,https://www.instagram.com/nico_malo1/?hl=en,2025-11-12T14:14:37Z
4,Nico,14,Nico Larco | School of Architecture & Environment,https://archenvironment.uoregon.edu/directory/architecture-faculty/all/nlarco,2025-11-12T14:14:37Z
4,Nico,15,Nico (@_nicogeyer) • Instagram photos and videos,https://www.instagram.com/_nicogeyer/?hl=en,2025-11-12T14:14:37Z
4,Nico,16,Northwestern Institute on Complex Systems - Northwestern University,https://www.nico.northwestern.edu/,2025-11-12T14:14:37Z
4,Nico,17,Nicolas Vuignier (@nicovuignier) • Instagram photos and videos,https://www.instagram.com/nicovuignier/?hl=en,2025-11-12T14:14:37Z
4,Nico,18,Nico's Pier 38 | Auction-Fresh Seafood & Local Favorites,https://nicospier38.com/,2025-11-12T14:14:37Z
4,Nico,19,Nico Lazaro (@nickelcobalt) • Instagram photos and videos,https://www.instagram.com/nickelcobalt/,2025-11-12T14:14:37Z
4,Nico,20,Nico Rosberg,https://www.facebook.com/nicorosberg/,2025-11-12T14:14:37Z
5,Good Wednesday,1,Holy Wednesday - Wikipedia,https://en.wikipedia.org/wiki/Holy_Wednesday,2025-11-12T14:14:41Z
5,Good Wednesday,2,Crucifixion: Good Friday or Good Wednesday? – Authentic Magazine,https://authenticmagazine.co.nz/crucifixion-good-friday-or-good-wednesday/,2025-11-12T14:14:41Z
5,Good Wednesday,3,Good Wednesday (not Friday) is coming up. : r/Christianity,https://www.reddit.com/r/Christianity/comments/1bnmmv0/good_wednesday_not_friday_is_coming_up/,2025-11-12T14:14:41Z
5,Good Wednesday,4,"570 Best Good wednesday ideas | good wednesday, happy ...",https://www.pinterest.com/msbigmontana54/good-wednesday/,2025-11-12T14:14:41Z
5,Good Wednesday,5,Cooked chicken sunday evening - still good wednesday? : r ...,https://www.reddit.com/r/MealPrepSunday/comments/ec4dpx/cooked_chicken_sunday_evening_still_good_wednesday/,2025-11-12T14:14:41Z
5,Good Wednesday,6,What restaurants in Macomb County has good Wednesday specials ...,https://www.facebook.com/groups/thefoodiemo/posts/1717856692386909/,2025-11-12T14:14:41Z
5,Good Wednesday,7,Happy Thursday everybody. Did y'all have a good Wednesday? I ...,https://www.instagram.com/p/DOLdMA1DYDz/?hl=en,2025-11-12T14:14:41Z
5,Good Wednesday,8,Any good Wednesday night dinner deals around town?,https://www.facebook.com/groups/544431642871965/posts/1270835150231607/,2025-11-12T14:14:41Z
5,Good Wednesday,9,Good Wednesday - Catholic Bishops' Conference,https://www.cbcew.org.uk/good-wednesday/,2025-11-12T14:14:41Z
5,Good Wednesday,10,What are the best Wednesday night specials in Jax?,https://www.facebook.com/groups/1089529971213670/posts/2791004194399564/,2025-11-12T14:14:41Z
5,Good Wednesday,11,Daryl Braithwaite - Good Wednesday afternoon. Oscar sent me this ...,https://m.facebook.com/DarylBraithwaite/photos/good-wednesday-afternoon-oscar-sent/1622178004479277/?locale=es_LA,2025-11-12T14:14:41Z
5,Good Wednesday,12,What are good Wednesday dinner specials in Tulsa?,https://www.facebook.com/groups/pisonerosfoodreview/posts/8237050766350673/,2025-11-12T14:14:41Z
5,Good Wednesday,13,Discover 170 Wednesday and Wacky Wednesday Ideas ...,https://za.pinterest.com/beautyforashessa/wednesday/,2025-11-12T14:14:41Z
5,Good Wednesday,14,Good Wednesday morning coffee friends hope you all have a good ...,https://www.facebook.com/groups/CoffeeMemes4Life/posts/2175408969563866/,2025-11-12T14:14:41Z
5,Good Wednesday,15,"A farewell to Bill Spoon's Barbecue, which closes for good ...",https://www.axios.com/local/charlotte/2020/09/15/a-farewell-to-bill-spoons-barbecue-which-closes-for-good-wednesday-after-57-years-231917,2025-11-12T14:14:41Z
5,Good Wednesday,16,"Studium Generale presents My Heart is Good, Wednesday ...",https://pencol.edu/events?trumbaEmbed=view%3Devent%26eventid%3D1328307628,2025-11-12T14:14:41Z
5,Good Wednesday,17,"Great Monday, Tuesday and Wednesday - Greek Orthodox ...",https://www.goarch.org/-/great-monday-tuesday-and-wednesday,2025-11-12T14:14:41Z
5,Good Wednesday,18,52+ Easy Wednesday Night Dinner Ideas · Easy Family Recipes,https://easyfamilyrecipes.com/easy-wednesday-night-dinner-ideas/,2025-11-12T14:14:41Z
5,Good Wednesday,19,"Sardines, Hairless or Hairy, Are Pretty Good - Wednesday Journal",https://www.oakpark.com/2019/11/18/sardines-hairless-or-hairy-are-pretty-good/,2025-11-12T14:14:41Z
5,Good Wednesday,20,Good Wednesday Morning Positive Vibes,https://uk.pinterest.com/pin/good-wednesday-morning-positive-vibes--8725793021044211/,2025-11-12T14:14:41Z
6,Packers,1,Packers Home | Green Bay Packers – packers.com,https://www.packers.com/,2025-11-12T14:14:46Z
6,Packers,2,"Green Bay Packers Scores, Stats and Highlights - ESPN",https://www.espn.com/nfl/team/_/name/gb/green-bay-packers,2025-11-12T14:14:46Z
6,Packers,3,Green Bay Packers (@packers) / Posts / X,https://x.com/packers,2025-11-12T14:14:46Z
6,Packers,4,Green Bay Packers - Wikipedia,https://en.wikipedia.org/wiki/Green_Bay_Packers,2025-11-12T14:14:46Z
6,Packers,5,Green Bay Packers (@packers) • Instagram photos and videos,https://www.instagram.com/packers/?hl=en,2025-11-12T14:14:46Z
6,Packers,6,Packers Heritage Trail | Green Bay Packers Hall of Fame & Stadium ...,https://www.packershofandtours.com/explore/heritage-trail,2025-11-12T14:14:46Z
6,Packers,7,Green Bay Packers,https://www.facebook.com/Packers/,2025-11-12T14:14:46Z
6,Packers,8,Green Bay Packers,https://www.reddit.com/r/GreenBayPackers/,2025-11-12T14:14:46Z
6,Packers,9,Packers and Stockyards Act | Agricultural Marketing Service,https://www.ams.usda.gov/rules-regulations/packers-and-stockyards-act,2025-11-12T14:14:46Z
6,Packers,10,"Green Bay Packers News, Scores, Stats, Schedule | NFL.com",https://www.nfl.com/teams/green-bay-packers/,2025-11-12T14:14:46Z
6,Packers,11,Island Packers Cruises | Channel Islands National Park,https://islandpackers.com/,2025-11-12T14:14:46Z
6,Packers,12,Brooklyn Supported Agriculture,https://brooklynsupportedagriculture.com/,2025-11-12T14:14:46Z
6,Packers,13,Wisconsin DMV Official Government Site - Green Bay Packers ...,https://wisconsindot.gov/Pages/dmv/vehicles/title-plates/greenbay.aspx,2025-11-12T14:14:46Z
6,Packers,14,"Green Bay Packers - News, Schedule, Scores, Roster, and Stats ...",https://www.nytimes.com/athletic/nfl/team/packers/,2025-11-12T14:14:46Z
6,Packers,15,Eagles at Packers Daily Updates: Eagles rule out Jaire Alexander ...,https://www.philadelphiaeagles.com/news/eagles-packers-daily-updates-jaelan-phillips,2025-11-12T14:14:46Z
6,Packers,16,Eagles-Packers on 'Monday Night Football': What We Learned from ...,https://www.nfl.com/news/eagles-packers-on-monday-night-football-what-we-learned-from-philadelphia-s-10-7-win,2025-11-12T14:14:46Z
6,Packers,17,PackersNews.com -- Green Bay Packers news from on and off the ...,https://www.packersnews.com/,2025-11-12T14:14:46Z
6,Packers,18,Green Bay Packers Sports News & Analysis – USA TODAY,https://www.usatoday.com/sports/nfl/green-bay-packers,2025-11-12T14:14:46Z
6,Packers,19,Green Bay Packers Clearance|Official Packers Pro Shop,https://www.packersproshop.com/green-bay-packers-sale,2025-11-12T14:14:46Z
6,Packers,20,Acme Packing Company,https://www.acmepackingcompany.com/,2025-11-12T14:14:46Z
1,#AEWDynamite,1,"AEW | All Elite Wrestling News, Videos & Events | Official Website",https://www.allelitewrestling.com/,2025-11-13T03:12:32Z
1,#AEWDynamite,2,"TONIGHT, Blood runs cold… @aew_kota_ibushi returns to @aew ...",https://www.instagram.com/p/DLV02abhVu1/,2025-11-13T03:12:32Z
1,#AEWDynamite,3,All Elite Wrestling (@AEW) / Posts / X,https://x.com/AEW,2025-11-13T03:12:32Z
1,#AEWDynamite,4,Last Wednesday on #aewdynamite I was left handcuffed and ...,https://www.instagram.com/p/C5CWZBPLYAW/,2025-11-13T03:12:32Z
1,#AEWDynamite,5,My first single match debut on #AEWDynamite @aew @aewontv ...,https://www.facebook.com/officialsatnam/posts/my-first-single-match-debut-on-aewdynamite-aew-aewontv-oneinabillion-aew-singhin/998943354928975/,2025-11-13T03:12:32Z
1,#AEWDynamite,6,I apologize for the persistent issues at @TBSNetwork tonight with ...,https://www.reddit.com/r/AEWOfficial/comments/16u3ljc/i_apologize_for_the_persistent_issues_at/,2025-11-13T03:12:32Z
1,#AEWDynamite,7,Beware the #Painmaker…. #AEWDynamite @aew,https://www.facebook.com/ChrisJericho/posts/beware-the-painmaker-aewdynamite-aew/820590646097856/,2025-11-13T03:12:32Z
1,#AEWDynamite,8,Tony Khan: “Thank you all who made Wednesday Night ...,https://www.reddit.com/r/SquaredCircle/comments/1mqdhpp/tony_khan_thank_you_all_who_made_wednesday_night/,2025-11-13T03:12:32Z
1,#AEWDynamite,9,Throwback to the most Orange Cassidy moment ever on ...,https://www.facebook.com/AEW/posts/throwback-to-the-most-orange-cassidy-moment-ever-on-aewdynamite-2019-/1266070672226576/,2025-11-13T03:12:32Z
1,#AEWDynamite,10,AEW Dynamite - Wikipedia,https://en.wikipedia.org/wiki/AEW_Dynamite,2025-11-13T03:12:32Z
1,#AEWDynamite,11,"All - #AEWDynamite This Wednesday, October 16 8pm ET / 7pm CT ...",https://m.facebook.com/AEW/photos/aewdynamite-this-wednesday-october-168pm-et-7pm-ct-on-tbs-network/958689796298000/,2025-11-13T03:12:32Z
1,#AEWDynamite,12,#wweraw #aewdynamite | Jack Farmer,https://www.linkedin.com/posts/jackcfarmer_wweraw-aewdynamite-activity-7262894195328131073-h1ey,2025-11-13T03:12:32Z
1,#AEWDynamite,13,The Elite swarm Kenny Omega like vultures #AEWDynamite | TBS ...,https://www.youtube.com/shorts/IVlBk9lqxFY,2025-11-13T03:12:32Z
1,#AEWDynamite,14,Getting Over: AEW Dynamite Review (2/12/20),https://thetailgatesociety.com/2020/02/getting-over-aew-dynamite-review-2-12-20/,2025-11-13T03:12:32Z
1,#AEWDynamite,15,"MelColemanArt on X: ""Schiavone Spice #aew #AEWDynamite ...",https://twitter.com/MelColemanArt/status/1651442380476760066,2025-11-13T03:12:32Z
2,Epstein,1,Jeffrey Epstein - Wikipedia,https://en.wikipedia.org/wiki/Jeffrey_Epstein,2025-11-13T03:12:37Z
2,Epstein,2,Multi-disciplinary Design and Construction | Epstein,https://www.epsteinglobal.com/,2025-11-13T03:12:37Z
2,Epstein,3,Jeffrey Epstein cultivated celebrity relationships for years. Many ...,https://www.cbsnews.com/news/jeffrey-epstein-celebrity-relationships-documents/,2025-11-13T03:12:37Z
2,Epstein,4,"Indictment, JEFFREY EPSTEIN",https://www.justice.gov/usao-sdny/press-release/file/1180481/dl,2025-11-13T03:12:37Z
2,Epstein,5,Oversight Committee Releases Additional Epstein Estate Documents,https://oversight.house.gov/release/oversight-committee-releases-additional-epstein-estate-documents/,2025-11-13T03:12:37Z
2,Epstein,6,Listen To The Jeffrey Epstein Tapes: 'I Was Donald Trump's Closest ...,https://docs.house.gov/meetings/JU/JU08/20250227/117951/HHRG-119-JU08-20250227-SD006-U6.pdf,2025-11-13T03:12:37Z
2,Epstein,7,Who was Jeffrey Epstein? The disgraced financier with powerful ...,https://www.bbc.com/news/world-us-canada-48913377,2025-11-13T03:12:37Z
2,Epstein,8,Text - H.Res.581 - 119th Congress (2025-2026): Providing for ...,https://www.congress.gov/bill/119th-congress/house-resolution/581/text,2025-11-13T03:12:37Z
2,Epstein,9,Harvey Epstein - Assembly District 74 |Assembly Member Directory ...,https://nyassembly.gov/mem/Harvey-Epstein/contact/,2025-11-13T03:12:37Z
2,Epstein,10,Jeffrey Epstein | AP News,https://apnews.com/hub/jeffrey-epstein,2025-11-13T03:12:37Z
2,Epstein,11,Jason I. Epstein - Nelson Mullins,https://www.nelsonmullins.com/professionals/jason-epstein,2025-11-13T03:12:37Z
2,Epstein,12,House Oversight Committee Releases Jeffrey Epstein Email ...,https://oversightdemocrats.house.gov/news/press-releases/house-oversight-committee-releases-jeffrey-epstein-email-correspondence-raising,2025-11-13T03:12:37Z
2,Epstein,13,"Laurence Mark Epstein, MD | Northwell Health",https://www.northwell.edu/find-care/find-a-doctor/dr-laurence-mark-epstein-md-1457318859,2025-11-13T03:12:37Z
2,Epstein,14,Richard Epstein - Overview | NYU School of Law,https://its.law.nyu.edu/facultyprofiles/index.cfm?fuseaction=profile.overview&personid=26355,2025-11-13T03:12:37Z
2,Epstein,15,Watch Jeffrey Epstein: Filthy Rich | Netflix Official Site,https://www.netflix.com/title/80224905,2025-11-13T03:12:37Z
2,Epstein,16,Shira Eve Epstein | The City College of New York,https://www.ccny.cuny.edu/profiles/shira-eve-epstein,2025-11-13T03:12:37Z
2,Epstein,17,Dr. Marc E. Epstein,https://www.cdfa.ca.gov/plant/ppd/staff/mepstein.html,2025-11-13T03:12:37Z
2,Epstein,18,Epstein-Barr viral DNA in tissues of Hodgkin's disease,https://pubmed.ncbi.nlm.nih.gov/2821817/,2025-11-13T03:12:37Z
2,Epstein,19,Epstein Becker Green - Law Firm,https://www.ebglaw.com/,2025-11-13T03:12:37Z
2,Epstein,20,House Member,https://www.azleg.gov/House/House-member/?legislature=55&session=125&legislator=2022,2025-11-13T03:12:37Z
3,#Survivor49,1,"""#Survivor49"" - Results on X | Live Posts & Updates",https://x.com/search?q=%23Survivor49,2025-11-13T03:12:41Z
3,#Survivor49,2,Pinch me! Here we goooo #survivor49 #september24 @survivorcbs,https://www.instagram.com/reel/DNlhAT0PA55/,2025-11-13T03:12:41Z
3,#Survivor49,3,"Tonight, we welcome the cast of Survivor 49! . . . #Survivor ...",https://www.facebook.com/Survivor/posts/tonight-we-welcome-the-cast-of-survivor-49-survivor-survivor49-sneakpeek-tribes-/1208134014687607/,2025-11-13T03:12:41Z
3,#Survivor49,4,"Meet the Hina Tribe of #Survivor49 | Ages, Occupations & Tribes",https://www.instagram.com/p/DO3tJ5QkeIg/?hl=en,2025-11-13T03:12:41Z
3,#Survivor49,5,. . . #Survivor #Survivor49 #quotes,https://www.facebook.com/Survivor/posts/survivor-survivor49-quotes/1232225082278500/,2025-11-13T03:12:41Z
3,#Survivor49,6,Survivor 49 | E01 | Player of the Week Voting : r/survivor,https://www.reddit.com/r/survivor/comments/1npzyev/survivor_49_e01_player_of_the_week_voting/,2025-11-13T03:12:41Z
3,#Survivor49,7,Things are already heating up . . . #Survivor #Survivor49 #quote,https://www.facebook.com/Survivor/posts/things-are-already-heating-up-survivor-survivor49-quote/1216871527147189/,2025-11-13T03:12:41Z
3,#Survivor49,8,Survivor 49 | E05 | Day After Discussion & Survey : r/survivor,https://www.reddit.com/r/survivor/comments/1oe3g9z/survivor_49_e05_day_after_discussion_survey/,2025-11-13T03:12:41Z
3,#Survivor49,9,Gotta do what you gotta do . . . #Survivor #quotes #Survivor49,https://www.facebook.com/Survivor/posts/gotta-do-what-you-gotta-do-survivor-quotes-survivor49/1235000392000969/,2025-11-13T03:12:41Z
3,#Survivor49,10,Survivor 49 | Survivor Wiki | Fandom,https://survivor.fandom.com/wiki/Survivor_49,2025-11-13T03:12:41Z
3,#Survivor49,11,. . . #Survivor #Survivor49 #quotes,https://www.facebook.com/Survivor/posts/survivor-survivor49-quotes/1228937052607303/,2025-11-13T03:12:41Z
3,#Survivor49,12,Survivor 49 - Wikipedia,https://en.wikipedia.org/wiki/Survivor_49,2025-11-13T03:12:41Z
3,#Survivor49,13,Will he succeed in hiding it though? . . . #Survivor #Survivor49 #quote,https://www.facebook.com/Survivor/posts/will-he-succeed-in-hiding-it-though-survivor-survivor49-quote/1215278860639789/,2025-11-13T03:12:41Z
3,#Survivor49,14,#survivor49 | TikTok,https://www.tiktok.com/tag/survivor49,2025-11-13T03:12:41Z
3,#Survivor49,15,RHAP Survivor 49 | #Survivor49 | 2025 - YouTube,https://www.youtube.com/playlist?list=PLhUCekA62vQ9t799QOVMvJ_aVf2XNUWzc,2025-11-13T03:12:41Z
3,#Survivor49,16,Survivor 49 | Ep. 1 — Tribal Council Blog,https://www.tribalcouncilblog.com/home/survivor-49-ep-1,2025-11-13T03:12:41Z
3,#Survivor49,17,Survivor 49 recap: Who can players trust? Can we trust the editing?,https://www.realityblurred.com/realitytv/2025/10/survivor-49-e5-im-a-wolf-baby-recap/,2025-11-13T03:12:41Z
3,#Survivor49,18,Survivor 49 - Next Time On Survivor - Episode 4 - Inside Survivor,https://insidesurvivor.com/survivor-49-next-time-on-survivor-episode-4-60372,2025-11-13T03:12:41Z
3,#Survivor49,19,RECAP: “Survivor 49” Episode 1 — Great Pop Culture Debate,https://www.greatpopculturedebate.com/blog/recap-survivor-49-episode-1,2025-11-13T03:12:41Z
3,#Survivor49,20,"Survivor 49 — Episode 1 Power Rankings | by jfish | Sep, 2025 ...",https://fzafisher.medium.com/survivor-49-episode-1-power-rankings-e87832d1a9d1,2025-11-13T03:12:41Z
4,Hobbs,1,"Women's Clothing, Footwear & Accessories | Hobbs UK |",https://www.hobbs.com/,2025-11-13T03:12:45Z
4,Hobbs,2,City of Hobbs,https://www.hobbsnm.org/,2025-11-13T03:12:45Z
4,Hobbs,3,Hobbs Batting,https://www.hobbsbatting.com/,2025-11-13T03:12:45Z
4,Hobbs,4,Office of the Arizona Governor Katie Hobbs,https://azgovernor.gov/,2025-11-13T03:12:45Z
4,Hobbs,5,Hobbs Municipal Schools: Home,https://www.hobbsschools.net/,2025-11-13T03:12:45Z
4,Hobbs,6,Hobbs Brewing Company: Home,https://hobbsbeer.com/,2025-11-13T03:12:45Z
4,Hobbs,7,Secretary of State Steve Hobbs | WA Secretary of State,https://www.sos.wa.gov/secretary-state-steve-hobbs,2025-11-13T03:12:45Z
4,Hobbs,8,Hobbs Bonded Fibers,https://www.hobbsbondedfibers.com/,2025-11-13T03:12:45Z
4,Hobbs,9,Hobbs Chamber of Commerce: Home,https://www.hobbschamber.org/,2025-11-13T03:12:45Z
4,Hobbs,10,"Helen H. Hobbs, M.D.: Internal Medicine | UT Southwestern Medical ...",https://utswmed.org/doctors/helen-hobbs/,2025-11-13T03:12:45Z
4,Hobbs,11,Katie Hobbs for Governor | A Champion for Every Arizonan,https://katiehobbs.org/,2025-11-13T03:12:45Z
4,Hobbs,12,Governor Katie Hobbs (@katie4az) • Instagram photos and videos,https://www.instagram.com/katie4az/,2025-11-13T03:12:45Z
4,Hobbs,13,Hobbs Inc. | Luxury Home Builders,https://hobbsinc.com/,2025-11-13T03:12:45Z
4,Hobbs,14,LaToya M. Hobbs (@latoyahobbs) • Instagram photos and videos,https://www.instagram.com/latoyahobbs/?hl=en,2025-11-13T03:12:45Z
4,Hobbs,15,Justice Manual | 2402. Hobbs Act -- Generally | United States ...,https://www.justice.gov/archives/jm/criminal-resource-manual-2402-hobbs-act-generally,2025-11-13T03:12:45Z
4,Hobbs,16,"Hobbs, New Mexico - Wikipedia","https://en.wikipedia.org/wiki/Hobbs,_New_Mexico",2025-11-13T03:12:45Z
4,Hobbs,17,Kameron Hobbs - Men's Basketball - Morgan State University Athletics,https://morganstatebears.com/sports/mens-basketball/roster/kameron-hobbs/9271,2025-11-13T03:12:45Z
4,Hobbs,18,"John Hobbs III, District 1 - City of Toledo",https://toledo.oh.gov/government/city-council/council-members/john-hobbs-iii-district-1,2025-11-13T03:12:45Z
4,Hobbs,19,Paul Hobbs Winery: Sebastopol Winery | Pinot Noir,https://paulhobbswinery.com/,2025-11-13T03:12:45Z
4,Hobbs,20,Tyler Hobbs Studio (@tylerxhobbs) / Posts / X,https://x.com/tylerxhobbs?lang=en,2025-11-13T03:12:45Z
5,#SistasOnBET,1,Tyler Perry's Sistas (@SistasOnBET) / Posts / X,https://x.com/SistasOnBET,2025-11-13T03:12:50Z
5,#SistasOnBET,2,Tyler Perry's Sistas (@sistasonbet) • Instagram photos and videos,https://www.instagram.com/sistasonbet/?hl=en,2025-11-13T03:12:50Z
5,#SistasOnBET,3,Who else is loving Preston for Danni? #SistasOnBET,https://www.facebook.com/100036848185678/posts/who-else-is-loving-preston-for-danni-sistasonbet/865394920946587/,2025-11-13T03:12:50Z
5,#SistasOnBET,4,Trinity Whiteside | Fan Love #SistasOnBET #Season3 | Instagram,https://www.instagram.com/trinity_whiteside/p/CKPQXR6lyX9/,2025-11-13T03:12:50Z
5,#SistasOnBET,5,“You will” - Devale supporting Crystal ❤️ #SistasOnBET ...,https://www.facebook.com/100085310100870/posts/you-will-devale-supporting-crystal-%EF%B8%8F-sistasonbet-zatimaonbetplus/716785971175067/,2025-11-13T03:12:50Z
5,#SistasOnBET,6,She's baaack tonight at 9 on @bet #sistasonbet,https://www.instagram.com/p/DBNDj97PHRr/?hl=en,2025-11-13T03:12:50Z
5,#SistasOnBET,7,The Ellis Family ❤️ #SistasOnBET #ZatimaOnBETPlus,https://www.facebook.com/100085310100870/posts/the-ellis-family-%EF%B8%8F-sistasonbet-zatimaonbetplus/671105662409765/,2025-11-13T03:12:50Z
5,#SistasOnBET,8,Get used to this duo. Zac loading season 10… #DevalesTruth ...,https://www.instagram.com/p/DJfdUxgRMmG/?hl=en,2025-11-13T03:12:50Z
5,#SistasOnBET,9,Straw Premiere ❤️ #SistasOnBET #ZatimaOnBETPlus,https://www.facebook.com/100085310100870/posts/straw-premiere-%EF%B8%8F-sistasonbet-zatimaonbetplus/676258258561172/,2025-11-13T03:12:50Z
5,#SistasOnBET,10,KJ Smith Black | @sistasonbet #sistasonbet | Instagram,https://www.instagram.com/p/C2IREChR6qq/,2025-11-13T03:12:50Z
5,#SistasOnBET,11,Cowboy Carter Tour ❤️ #SistasOnBET #ZatimaOnBETPlus,https://www.facebook.com/100085310100870/posts/cowboy-carter-tour-%EF%B8%8F-sistasonbet-zatimaonbetplus/703236152530049/,2025-11-13T03:12:50Z
5,#SistasOnBET,12,"Someone get Maurice away from the haircare aisle, IMMEDIATELY ...",https://www.instagram.com/p/DE0Eg01pjA0/,2025-11-13T03:12:50Z
5,#SistasOnBET,13,Danni and her Cowboy #Deston #SistasOnBET,https://www.facebook.com/100036848185678/posts/danni-and-her-cowboy-deston-sistasonbet/851563996081865/,2025-11-13T03:12:50Z
5,#SistasOnBET,14,Last week's episode got REAL… but the real questions remain Is ...,https://www.instagram.com/p/DOodjRhj9dg/,2025-11-13T03:12:50Z
5,#SistasOnBET,15,Thank you Tyler Perry for bringing Preston back! ❤️ #SistasOnBET ...,https://www.facebook.com/100085310100870/posts/thank-you-tyler-perry-for-bringing-preston-back-%EF%B8%8F-sistasonbet-zatimaonbetplus/524775307042802/,2025-11-13T03:12:50Z
5,#SistasOnBET,16,SistasOnBET (@sistasonbet) | TikTok,https://www.tiktok.com/@sistasonbet,2025-11-13T03:12:50Z
5,#SistasOnBET,17,Our new favorite duo ❤️ #SistasOnBET #ZatimaOnBETPlus Snap ...,https://www.facebook.com/100085310100870/posts/our-new-favorite-duo-%EF%B8%8F-sistasonbet-zatimaonbetplussnap-httpstsnapchatcomflyif2dm/712175811636083/,2025-11-13T03:12:50Z
5,#SistasOnBET,18,Tyler Perry's Sistas - TV Series | BET,https://www.bet.com/shows/tyler-perrys-sistas,2025-11-13T03:12:50Z
5,#SistasOnBET,19,Happy Monday from the Ellis Family ❤️ #SistasOnBET ...,https://www.facebook.com/100085310100870/posts/happy-monday-from-the-ellis-family-%EF%B8%8F-sistasonbet-zatimaonbetplus/796293619890968/,2025-11-13T03:12:50Z
5,#SistasOnBET,20,Tyler Perry's Sistas - YouTube,https://www.youtube.com/channel/UCw2dbZjylA1YgYcoBBHMtUw,2025-11-13T03:12:50Z
6,Paul Reed,1,Paul Reed - Detroit Pistons Forward - ESPN,https://www.espn.com/nba/player/_/id/4278562/paul-reed,2025-11-13T03:12:54Z
6,Paul Reed,2,Paul Reed (basketball) - Wikipedia,https://en.wikipedia.org/wiki/Paul_Reed_(basketball),2025-11-13T03:12:54Z
6,Paul Reed,3,"Paul Reed Stats, Height, Weight, Position, Draft Status and more ...",https://www.basketball-reference.com/players/r/reedpa01.html,2025-11-13T03:12:54Z
6,Paul Reed,4,Paul Reed (@bball_paul) • Instagram photos and videos,https://www.instagram.com/bball_paul/?hl=en,2025-11-13T03:12:54Z
6,Paul Reed,5,Paul Reed | Forward | Detroit Pistons | NBA.com,https://www.nba.com/player/1630194/paul-reed,2025-11-13T03:12:54Z
6,Paul Reed,6,Paul Reed: A Retrospective | Oklahoma City Museum of Art | OKCMOA,https://www.okcmoa.com/visit/events/paul-reed-a-retrospective/,2025-11-13T03:12:54Z
6,Paul Reed,7,Paul Reed (@Bball_paul) / Posts / X,https://x.com/Bball_paul,2025-11-13T03:12:54Z
6,Paul Reed,8,Paul F. Reed - Archaeology Southwest,https://www.archaeologysouthwest.org/team/paul-f-reed/,2025-11-13T03:12:54Z
6,Paul Reed,9,"PRS Guitars | Electric and Acoustic Guitars, Basses, Amplifiers &…",https://prsguitars.com/,2025-11-13T03:12:54Z
6,Paul Reed,10,Paul Reed - Associate Head Coach - Women's Basketball Coaches ...,https://aamusports.com/sports/womens-basketball/roster/coaches/paul-reed/961,2025-11-13T03:12:54Z
6,Paul Reed,11,Our Director | odphp.health.gov,https://odphp.health.gov/about-odphp/our-director,2025-11-13T03:12:54Z
6,Paul Reed,12,J. Paul Reed - Chime | LinkedIn,https://www.linkedin.com/in/preed,2025-11-13T03:12:54Z
6,Paul Reed,13,Is more Paul Reed minutes (at PF) a terrible thing for the short term ...,https://www.reddit.com/r/DetroitPistons/comments/1nutcgc/is_more_paul_reed_minutes_at_pf_a_terrible_thing/,2025-11-13T03:12:54Z
6,Paul Reed,14,"Paul E. Reed, Ph.D",http://paulereed.com/,2025-11-13T03:12:54Z
6,Paul Reed,15,"[AMA] Paul Reed Smith here, excited to answer your questions! : r ...",https://www.reddit.com/r/Guitar/comments/1aew8qq/ama_paul_reed_smith_here_excited_to_answer_your/,2025-11-13T03:12:54Z
6,Paul Reed,16,Paul Reed – Communicative Disorders,https://cd.ua.edu/people/3926/,2025-11-13T03:12:54Z
6,Paul Reed,17,"Paul Reed Construction Inc. General Contractor, Western Nebraska",https://www.paulreedconstruction.com/,2025-11-13T03:12:54Z
6,Paul Reed,18,Paul Reed NBA Stats & News,https://www.rotowire.com/basketball/player/paul-reed-5124,2025-11-13T03:12:54Z
6,Paul Reed,19,Dear Friends of MSS. Many of you may already know about the ...,https://www.facebook.com/morningstarschooltampa/posts/dear-friends-of-mss-many-of-you-may-already-know-about-the-death-of-our-beloved-/1347473737384447/,2025-11-13T03:12:54Z
6,Paul Reed,20,Paul Reed - Women's Basketball Coach - University of Washington ...,https://gohuskies.com/sports/womens-basketball/roster/coaches/paul-reed/1812,2025-11-13T03:12:54Z
1,Epstein,1,Jeffrey Epstein - Wikipedia,https://en.wikipedia.org/wiki/Jeffrey_Epstein,2025-11-13T14:13:42Z
1,Epstein,2,Multi-disciplinary Design and Construction | Epstein,https://www.epsteinglobal.com/,2025-11-13T14:13:42Z
1,Epstein,3,Jeffrey Epstein cultivated celebrity relationships for years. Many ...,https://www.cbsnews.com/news/jeffrey-epstein-celebrity-relationships-documents/,2025-11-13T14:13:42Z
1,Epstein,4,"Indictment, JEFFREY EPSTEIN",https://www.justice.gov/usao-sdny/press-release/file/1180481/dl,2025-11-13T14:13:42Z
1,Epstein,5,Who was Jeffrey Epstein? The disgraced financier with powerful ...,https://www.bbc.com/news/world-us-canada-48913377,2025-11-13T14:13:42Z
1,Epstein,6,Oversight Committee Releases Additional Epstein Estate ...,https://oversight.house.gov/release/oversight-committee-releases-additional-epstein-estate-documents/,2025-11-13T14:13:42Z
1,Epstein,7,Text - H.Res.581 - 119th Congress (2025-2026): Providing for ...,https://www.congress.gov/bill/119th-congress/house-resolution/581/text,2025-11-13T14:13:42Z
1,Epstein,8,Listen To The Jeffrey Epstein Tapes: 'I Was Donald Trump's Closest ...,https://docs.house.gov/meetings/JU/JU08/20250227/117951/HHRG-119-JU08-20250227-SD006-U6.pdf,2025-11-13T14:13:42Z
1,Epstein,9,Jeffrey Epstein | AP News,https://apnews.com/hub/jeffrey-epstein,2025-11-13T14:13:42Z
1,Epstein,10,Harvey Epstein - Assembly District 74 |Assembly Member Directory ...,https://nyassembly.gov/mem/Harvey-Epstein/contact/,2025-11-13T14:13:42Z
1,Epstein,11,Jason I. Epstein - Nelson Mullins,https://www.nelsonmullins.com/professionals/jason-epstein,2025-11-13T14:13:42Z
1,Epstein,12,Harvey Epstein - Assembly District 74 |Assembly Member Directory ...,https://nyassembly.gov/mem/Harvey-Epstein,2025-11-13T14:13:42Z
1,Epstein,13,House Oversight Committee Releases Jeffrey Epstein Email ...,https://oversightdemocrats.house.gov/news/press-releases/house-oversight-committee-releases-jeffrey-epstein-email-correspondence-raising,2025-11-13T14:13:42Z
1,Epstein,14,"Laurence Mark Epstein, MD | Northwell Health",https://www.northwell.edu/find-care/find-a-doctor/dr-laurence-mark-epstein-md-1457318859,2025-11-13T14:13:42Z
1,Epstein,15,Watch Jeffrey Epstein: Filthy Rich | Netflix Official Site,https://www.netflix.com/title/80224905,2025-11-13T14:13:42Z
1,Epstein,16,Richard Epstein - Overview | NYU School of Law,https://its.law.nyu.edu/facultyprofiles/index.cfm?fuseaction=profile.overview&personid=26355,2025-11-13T14:13:42Z
1,Epstein,17,Shira Eve Epstein | The City College of New York,https://www.ccny.cuny.edu/profiles/shira-eve-epstein,2025-11-13T14:13:42Z
1,Epstein,18,Dr. Marc E. Epstein,https://www.cdfa.ca.gov/plant/ppd/staff/mepstein.html,2025-11-13T14:13:42Z
1,Epstein,19,Epstein-Barr viral DNA in tissues of Hodgkin's disease,https://pubmed.ncbi.nlm.nih.gov/2821817/,2025-11-13T14:13:42Z
1,Epstein,20,House Member,https://www.azleg.gov/House/House-member/?legislature=55&session=125&legislator=2022,2025-11-13T14:13:42Z
2,#AEWDynamite,1,"AEW | All Elite Wrestling News, Videos & Events | Official Website",https://www.allelitewrestling.com/,2025-11-13T14:13:47Z
2,#AEWDynamite,2,All Elite Wrestling (@AEW) / Posts / X,https://x.com/AEW,2025-11-13T14:13:47Z
2,#AEWDynamite,3,"TONIGHT, Blood runs cold… @aew_kota_ibushi returns to @aew ...",https://www.instagram.com/p/DLV02abhVu1/,2025-11-13T14:13:47Z
2,#AEWDynamite,4,Beware the #Painmaker…. #AEWDynamite @aew,https://www.facebook.com/ChrisJericho/posts/beware-the-painmaker-aewdynamite-aew/820590646097856/,2025-11-13T14:13:47Z
2,#AEWDynamite,5,Last Wednesday on #aewdynamite I was left handcuffed and ...,https://www.instagram.com/p/C5CWZBPLYAW/,2025-11-13T14:13:47Z
2,#AEWDynamite,6,Throwback to the most Orange Cassidy moment ever on ...,https://www.facebook.com/AEW/posts/throwback-to-the-most-orange-cassidy-moment-ever-on-aewdynamite-2019-/1266070672226576/,2025-11-13T14:13:47Z
2,#AEWDynamite,7,I apologize for the persistent issues at @TBSNetwork tonight with ...,https://www.reddit.com/r/AEWOfficial/comments/16u3ljc/i_apologize_for_the_persistent_issues_at/,2025-11-13T14:13:47Z
2,#AEWDynamite,8,My first single match debut on #AEWDynamite @aew @aewontv ...,https://www.facebook.com/officialsatnam/posts/my-first-single-match-debut-on-aewdynamite-aew-aewontv-oneinabillion-aew-singhin/998943354928975/,2025-11-13T14:13:47Z
2,#AEWDynamite,9,Tony Khan: “BOTH of our AEW tv shows #AEWDynamite + ...,https://www.reddit.com/r/SquaredCircle/comments/1ifcw0q/tony_khan_both_of_our_aew_tv_shows_aewdynamite/,2025-11-13T14:13:47Z
2,#AEWDynamite,10,AEW Dynamite - Wikipedia,https://en.wikipedia.org/wiki/AEW_Dynamite,2025-11-13T14:13:47Z
2,#AEWDynamite,11,"All - #AEWDynamite This Wednesday, October 16 8pm ET / 7pm CT ...",https://m.facebook.com/AEW/photos/aewdynamite-this-wednesday-october-168pm-et-7pm-ct-on-tbs-network/958689796298000/,2025-11-13T14:13:47Z
2,#AEWDynamite,12,#wweraw #aewdynamite | Jack Farmer,https://www.linkedin.com/posts/jackcfarmer_wweraw-aewdynamite-activity-7262894195328131073-h1ey,2025-11-13T14:13:47Z
2,#AEWDynamite,13,Shelton Benjamin vs. Sammy Guevara #AEWDynamite | TBS ...,https://www.youtube.com/shorts/6DALtxkhE7E,2025-11-13T14:13:47Z
2,#AEWDynamite,14,Getting Over: AEW Dynamite Review (2/12/20),https://thetailgatesociety.com/2020/02/getting-over-aew-dynamite-review-2-12-20/,2025-11-13T14:13:47Z
2,#AEWDynamite,15,Watch #AEWDynamite LIVE on TBS! @malakaiblxck | @RatedRCope,https://mobile.x.com/AEW/status/1793464052196225307/retweets/with_comments,2025-11-13T14:13:47Z
2,#AEWDynamite,16,"MelColemanArt on X: ""Schiavone Spice #aew #AEWDynamite ...",https://twitter.com/MelColemanArt/status/1651442380476760066,2025-11-13T14:13:47Z
3,Cynthia,1,Cynthia Erivo (@cynthiaerivo) • Instagram photos and videos,https://www.instagram.com/cynthiaerivo/?hl=en,2025-11-13T14:13:52Z
3,Cynthia,2,Cynthia Rowley - The Official Cynthia Rowley Online Shop,https://cynthiarowley.com/,2025-11-13T14:13:52Z
3,Cynthia,3,Cynthia Leitich Smith,https://cynthialeitichsmith.com/,2025-11-13T14:13:52Z
3,Cynthia,4,"Cynthia - Bulbapedia, the community-driven Pokémon encyclopedia",https://bulbapedia.bulbagarden.net/wiki/Cynthia,2025-11-13T14:13:52Z
3,Cynthia,5,Cynthia Ruchti | I can't unravel. I'm hemmed in hope.,https://cynthiaruchti.com/,2025-11-13T14:13:52Z
3,Cynthia,6,Cynthia Cox | KFF,https://www.kff.org/person/cynthia-cox/,2025-11-13T14:13:52Z
3,Cynthia,7,Cynthia Erivo,https://www.facebook.com/cynthiaerivo/,2025-11-13T14:13:52Z
3,Cynthia,8,Cynthia | Spotify,https://open.spotify.com/artist/3nqA4JV7u2zG7prO5RLlAC,2025-11-13T14:13:52Z
3,Cynthia,9,"Cynthia S. Weill, Author - Welcome!",https://www.cynthiaweill.net/,2025-11-13T14:13:52Z
3,Cynthia,10,Cynthia Nixon (@CynthiaNixon) / Posts / X,https://x.com/CynthiaNixon?lang=en,2025-11-13T14:13:52Z
3,Cynthia,11,Cynthia Sayer | Discover and Connect Today,https://cynthia-sayer.squarespace.com/,2025-11-13T14:13:52Z
3,Cynthia,12,About — Dr. Cynthia R. Greenlee,https://www.cynthiagreenlee.com/about,2025-11-13T14:13:52Z
3,Cynthia,13,Cynthia Erivo (@cynthiaerivo) | TikTok,https://www.tiktok.com/@cynthiaerivo?lang=en,2025-11-13T14:13:52Z
3,Cynthia,14,The Cynthia Woods Mitchell Pavilion,https://www.woodlandscenter.org/,2025-11-13T14:13:52Z
3,Cynthia,15,"I listened to Cynthia Erivo's album “I Forgive You”, and I wept | by ...",https://medium.com/@officialtodah/i-listened-to-cynthia-erivos-album-i-forgive-you-and-i-wept-f984c8c309bb,2025-11-13T14:13:52Z
3,Cynthia,16,Cynthia Camlin,https://www.cynthiacamlin.com/,2025-11-13T14:13:52Z
3,Cynthia,17,Cynthia Lin - YouTube,https://www.youtube.com/channel/UCD2q6i-C0ZLJUK-VCp49TJA,2025-11-13T14:13:52Z
3,Cynthia,18,Cynthia - Wikipedia,https://en.wikipedia.org/wiki/Cynthia,2025-11-13T14:13:52Z
3,Cynthia,19,About Me - Cynthia Lord,https://www.cynthialord.com/about.html,2025-11-13T14:13:52Z
3,Cynthia,20,About Me: An SAQ (Sometimes Asked Questions) - Cynthia Levinson,https://cynthialevinson.com/about-me/,2025-11-13T14:13:52Z
4,Good Thursday,1,Maundy Thursday - Wikipedia,https://en.wikipedia.org/wiki/Maundy_Thursday,2025-11-13T14:13:56Z
4,Good Thursday,2,Should We Be Celebrating 'Good Thursday?' | thebereancall.org,https://www.thebereancall.org/content/should-we-be-celebrating-good-thursday,2025-11-13T14:13:56Z
4,Good Thursday,3,Holy Week - Wikipedia,https://en.wikipedia.org/wiki/Holy_Week,2025-11-13T14:13:56Z
4,Good Thursday,4,What is the meaning of 'Maundy' Thursday and 'Good' Friday? - Quora,https://www.quora.com/What-is-the-meaning-of-Maundy-Thursday-and-Good-Friday,2025-11-13T14:13:56Z
4,Good Thursday,5,"The Three Days: traditions of Maundy Thursday, Good Friday and ...",https://www.livinglutheran.org/2013/04/three-days-traditions-maundy-thursday-good-friday-vigil-easter/,2025-11-13T14:13:56Z
4,Good Thursday,6,Good Thursday Morning Trying to hold on to that fall feel as long as ...,https://www.facebook.com/JamieWeissKMBC/posts/good-thursday-morning-trying-to-hold-on-to-that-fall-feel-as-long-as-possible-th/1365765231835520/,2025-11-13T14:13:56Z
4,Good Thursday,7,Maundy Thursday: Everything You Need to Know This Holy Week!,https://anglicancompass.com/what-is-maundy-thursday/,2025-11-13T14:13:56Z
4,Good Thursday,8,Should I fast on Maundy Thursday? : r/Catholicism,https://www.reddit.com/r/Catholicism/comments/1jzbrlj/should_i_fast_on_maundy_thursday/,2025-11-13T14:13:56Z
4,Good Thursday,9,What places have good Thursday night deals in Tallahassee?,https://www.facebook.com/groups/TallahasseeFoodies/posts/7719763214780877/,2025-11-13T14:13:56Z
4,Good Thursday,10,The Holy Thursday Revolution - by Diana Butler Bass,https://dianabutlerbass.substack.com/p/the-holy-thursday-revolution,2025-11-13T14:13:56Z
4,Good Thursday,11,"Maundy Thursday | Christianity, Holy Week, Description, Meaning ...",https://www.britannica.com/topic/Maundy-Thursday,2025-11-13T14:13:56Z
4,Good Thursday,12,Holy Thursday Meal | Catholic Culture,https://www.catholicculture.org/commentary/holy-thursday-meal/,2025-11-13T14:13:56Z
4,Good Thursday,13,Pope Francis Homilies - Holy Thursday,https://sites.google.com/view/popefrancishomilies/holy-thursday,2025-11-13T14:13:56Z
4,Good Thursday,14,A Catholic Guide to Holy Week 2026 | Dynamic Catholic,https://www.dynamiccatholic.com/lent/holy-week.html,2025-11-13T14:13:56Z
4,Good Thursday,15,Holy Thursday - Greek Orthodox Archdiocese of America,https://www.goarch.org/holythursday,2025-11-13T14:13:56Z
4,Good Thursday,16,The Holy Thursday Revolution: Pull Up a Chair,https://dianabutlerbass.substack.com/p/the-holy-thursday-revolution-pull,2025-11-13T14:13:56Z
4,Good Thursday,17,"What Is Maundy Thursday, And Why Is It Called That? | Dictionary.com",https://www.dictionary.com/e/what-does-maundy-thursday-mean/,2025-11-13T14:13:56Z
4,Good Thursday,18,Maundy Thursday Service | Duke University Chapel,https://chapel.duke.edu/event/maundy-thursday-service-8/,2025-11-13T14:13:56Z
4,Good Thursday,19,What Is Maundy Thursday?,https://learn.ligonier.org/articles/what-is-maundy-thursday,2025-11-13T14:13:56Z
4,Good Thursday,20,Happy Thursday: Home,https://www.drinkhappythursday.com/,2025-11-13T14:13:56Z
5,#GrabFoodMegaSalexหลิงออม,1,GRABFOOD LOVES LINGORM #GrabFoodMegaSalexหลิงออม #หลิง ...,https://www.threads.com/@lingormtrap/post/DQ_vNBMErEW/grabfood-loves-lingormgrabfoodmegasalex%E0%B8%AB%E0%B8%A5%E0%B8%B4%E0%B8%87%E0%B8%AD%E0%B8%AD%E0%B8%A1%E0%B8%AB%E0%B8%A5%E0%B8%B4%E0%B8%87%E0%B8%AD%E0%B8%AD%E0%B8%A1-lingorm,2025-11-13T14:14:01Z
5,#GrabFoodMegaSalexหลิงออม,2,ヾpiaWP °* (@WPiass) / Posts / X,https://x.com/WPiass,2025-11-13T14:14:01Z
5,#GrabFoodMegaSalexหลิงออม,3,Lingorm Mega Sale on GrabFood - Exclusive Deals Inside!,https://www.instagram.com/reel/DQ_2Ss9gfrU/,2025-11-13T14:14:01Z
5,#GrabFoodMegaSalexหลิงออม,4,Let's start the trend guys!!! GRABFOOD LOVES LINGORM ...,https://x.com/Wayd29/status/1988932354581361082,2025-11-13T14:14:01Z
5,#GrabFoodMegaSalexหลิงออม,5,THE SECRET OF US LINGORM | Facebook,https://www.facebook.com/groups/338362372199281/,2025-11-13T14:14:01Z
5,#GrabFoodMegaSalexหลิงออม,6,MY PRETTY BABIES GRABFOOD LOVES LINGORM ...,https://x.com/blueorms/status/1988937511637561630,2025-11-13T14:14:01Z
5,#GrabFoodMegaSalexหลิงออม,7,LingOrm Fanpage | LINGORM IS REAL,https://www.lingorm.site/,2025-11-13T14:14:01Z
5,#GrabFoodMegaSalexหลิงออม,8,Thailand • Now • Twitter Trending Hashtags and Topics,https://getdaytrends.com/thailand/,2025-11-13T14:14:01Z
5,#GrabFoodMegaSalexหลิงออม,9,Top Tweets for GRABFOOD LOVES LINGORM on Twitter. | TwStalker,https://twstalker.com/search/GRABFOOD%20LOVES%20LINGORM,2025-11-13T14:14:01Z
5,#GrabFoodMegaSalexหลิงออม,10,"""#ShotOniQOO15"" - Results on X | Live Posts & Updates",https://twitter.com/search?q=%23ShotOniQOO15,2025-11-13T14:14:01Z
5,#GrabFoodMegaSalexหลิงออม,11,Worldwide - X (Twitter) trending hashtags and topics today,https://xtrends.iamrohit.in/,2025-11-13T14:14:01Z
5,#GrabFoodMegaSalexหลิงออม,12,@xiomi8098334011 - Twitter Profile | TwStalker,https://ww.twstalker.com/xiomi8098334011,2025-11-13T14:14:01Z
5,#GrabFoodMegaSalexหลิงออม,13,@ayase_moji_5 - Twitter Profile | TwStalker,https://www.twstalker.com/ayase_moji_5,2025-11-13T14:14:01Z
6,Northern Lights,1,Aurora - Wikipedia,https://en.wikipedia.org/wiki/Aurora,2025-11-13T14:14:06Z
6,Northern Lights,2,Aurora Viewline for Tonight and Tomorrow Night (Experimental ...,https://www.swpc.noaa.gov/products/aurora-viewline-tonight-and-tomorrow-night-experimental,2025-11-13T14:14:06Z
6,Northern Lights,3,Aurora Forecast | Geophysical Institute,https://www.gi.alaska.edu/monitors/aurora-forecast,2025-11-13T14:14:06Z
6,Northern Lights,4,Northern Lights Marine Generators And Technicold Air Conditioning ...,https://www.northern-lights.com/,2025-11-13T14:14:06Z
6,Northern Lights,5,What are the Northern Lights (Aurora Borealis)?,https://www.mtu.edu/tour/copper-country/northern-lights/,2025-11-13T14:14:06Z
6,Northern Lights,6,Northern lights (aurora borealis) — What they are and how to see ...,https://www.space.com/15139-northern-lights-auroras-earth-facts-sdcmp.html,2025-11-13T14:14:06Z
6,Northern Lights,7,Northern lights in Norway | Best places to see the aurora borealis,https://www.visitnorway.com/things-to-do/nature-attractions/northern-lights/,2025-11-13T14:14:06Z
6,Northern Lights,8,Pizza Delivery Des Moines & KC - NorthernLights Pizza,https://www.northernlightspizza.com/,2025-11-13T14:14:06Z
6,Northern Lights,9,Northern Lights Theatre Pub: Home,https://northernlightstheatrepub.com/,2025-11-13T14:14:06Z
6,Northern Lights,10,"Northern Lights, Inc.: NLI",https://www.nli.coop/,2025-11-13T14:14:06Z
6,Northern Lights,11,Northern Lights | Buffalo AKG Art Museum,https://buffaloakg.org/art/exhibitions/northern-lights,2025-11-13T14:14:06Z
6,Northern Lights,12,Northern Lights at FL280 near Denver tonight : r/flying,https://www.reddit.com/r/flying/comments/1outt39/northern_lights_at_fl280_near_denver_tonight/,2025-11-13T14:14:06Z
6,Northern Lights,13,Northern Lights Sky Ropes Course - Wilderness Resort Attractions,https://www.wildernessresort.com/attractions/northern-lights-sky-ropes-course/,2025-11-13T14:14:06Z
6,Northern Lights,14,Northern Lights Rivers Lakes & Oceans,https://northernlightstrading.com/,2025-11-13T14:14:06Z
6,Northern Lights,15,Saint Paul School of Northern Lights | Charter School Grades K-8,https://www.schoolofnorthernlights.org/,2025-11-13T14:14:06Z
6,Northern Lights,16,Northern Lights at CCV: Home,https://northernlightsccv.org/,2025-11-13T14:14:06Z
6,Northern Lights,17,Northern Lights Alert | Facebook,https://www.facebook.com/groups/northernlightsalert/,2025-11-13T14:14:06Z
6,Northern Lights,18,Northern Lights Candles,https://northernlightscandles.com/,2025-11-13T14:14:06Z
6,Northern Lights,19,Northern Lights: Market-Style Dining with a View at Banff Gondola,https://www.banffjaspercollection.com/attractions/banff-gondola/dining/northern-lights/,2025-11-13T14:14:06Z
6,Northern Lights,20,The Northern lights in Iceland,https://www.visiticeland.com/article/northern-lights-in-iceland/,2025-11-13T14:14:06Z
1,Epstein,1,Jeffrey Epstein - Wikipedia,https://en.wikipedia.org/wiki/Jeffrey_Epstein,2025-11-13T14:22:08Z
1,Epstein,2,Multi-disciplinary Design and Construction | Epstein,https://www.epsteinglobal.com/,2025-11-13T14:22:08Z
1,Epstein,3,Jeffrey Epstein cultivated celebrity relationships for years. Many ...,https://www.cbsnews.com/news/jeffrey-epstein-celebrity-relationships-documents/,2025-11-13T14:22:08Z
1,Epstein,4,"Indictment, JEFFREY EPSTEIN",https://www.justice.gov/usao-sdny/press-release/file/1180481/dl,2025-11-13T14:22:08Z
1,Epstein,5,Who was Jeffrey Epstein? The disgraced financier with powerful ...,https://www.bbc.com/news/world-us-canada-48913377,2025-11-13T14:22:08Z
1,Epstein,6,Oversight Committee Releases Additional Epstein Estate ...,https://oversight.house.gov/release/oversight-committee-releases-additional-epstein-estate-documents/,2025-11-13T14:22:08Z
1,Epstein,7,Listen To The Jeffrey Epstein Tapes: 'I Was Donald Trump's Closest ...,https://docs.house.gov/meetings/JU/JU08/20250227/117951/HHRG-119-JU08-20250227-SD006-U6.pdf,2025-11-13T14:22:08Z
1,Epstein,8,Text - H.Res.581 - 119th Congress (2025-2026): Providing for ...,https://www.congress.gov/bill/119th-congress/house-resolution/581/text,2025-11-13T14:22:08Z
1,Epstein,9,Harvey Epstein - Assembly District 74 |Assembly Member Directory ...,https://nyassembly.gov/mem/Harvey-Epstein/contact/,2025-11-13T14:22:08Z
1,Epstein,10,Jason I. Epstein - Nelson Mullins,https://www.nelsonmullins.com/professionals/jason-epstein,2025-11-13T14:22:08Z
1,Epstein,11,Harvey Epstein - Assembly District 74 |Assembly Member Directory ...,https://nyassembly.gov/mem/Harvey-Epstein,2025-11-13T14:22:08Z
1,Epstein,12,Jason I. Epstein - Nelson Mullins,https://www.nelsonmullins.com/professionals/jason-epstein,2025-11-13T14:22:08Z
1,Epstein,13,Jeffrey Epstein | AP News,https://apnews.com/hub/jeffrey-epstein,2025-11-13T14:22:08Z
1,Epstein,14,"Laurence Mark Epstein, MD | Northwell Health",https://www.northwell.edu/find-care/find-a-doctor/dr-laurence-mark-epstein-md-1457318859,2025-11-13T14:22:08Z
1,Epstein,15,Watch Jeffrey Epstein: Filthy Rich | Netflix Official Site,https://www.netflix.com/title/80224905,2025-11-13T14:22:08Z
1,Epstein,16,Richard Epstein - Overview | NYU School of Law,https://its.law.nyu.edu/facultyprofiles/index.cfm?fuseaction=profile.overview&personid=26355,2025-11-13T14:22:08Z
1,Epstein,17,Shira Eve Epstein | The City College of New York,https://www.ccny.cuny.edu/profiles/shira-eve-epstein,2025-11-13T14:22:08Z
1,Epstein,18,Dr. Marc E. Epstein,https://www.cdfa.ca.gov/plant/ppd/staff/mepstein.html,2025-11-13T14:22:08Z
1,Epstein,19,Epstein-Barr viral DNA in tissues of Hodgkin's disease,https://pubmed.ncbi.nlm.nih.gov/2821817/,2025-11-13T14:22:08Z
1,Epstein,20,House Member,https://www.azleg.gov/House/House-member/?legislature=55&session=125&legislator=2022,2025-11-13T14:22:08Z
2,#AEWDynamite,1,"AEW | All Elite Wrestling News, Videos & Events | Official Website",https://www.allelitewrestling.com/,2025-11-13T14:22:14Z
2,#AEWDynamite,2,All Elite Wrestling (@AEW) / Posts / X,https://x.com/AEW,2025-11-13T14:22:14Z
2,#AEWDynamite,3,"TONIGHT, Blood runs cold… @aew_kota_ibushi returns to @aew ...",https://www.instagram.com/p/DLV02abhVu1/,2025-11-13T14:22:14Z
2,#AEWDynamite,4,Beware the #Painmaker…. #AEWDynamite @aew,https://www.facebook.com/ChrisJericho/posts/beware-the-painmaker-aewdynamite-aew/820590646097856/,2025-11-13T14:22:14Z
2,#AEWDynamite,5,Last Wednesday on #aewdynamite I was left handcuffed and ...,https://www.instagram.com/p/C5CWZBPLYAW/,2025-11-13T14:22:14Z
2,#AEWDynamite,6,Throwback to the most Orange Cassidy moment ever on ...,https://www.facebook.com/AEW/posts/throwback-to-the-most-orange-cassidy-moment-ever-on-aewdynamite-2019-/1266070672226576/,2025-11-13T14:22:14Z
2,#AEWDynamite,7,I apologize for the persistent issues at @TBSNetwork tonight with ...,https://www.reddit.com/r/AEWOfficial/comments/16u3ljc/i_apologize_for_the_persistent_issues_at/,2025-11-13T14:22:14Z
2,#AEWDynamite,8,My first single match debut on #AEWDynamite @aew @aewontv ...,https://www.facebook.com/officialsatnam/posts/my-first-single-match-debut-on-aewdynamite-aew-aewontv-oneinabillion-aew-singhin/998943354928975/,2025-11-13T14:22:14Z
2,#AEWDynamite,9,Tony Khan: “BOTH of our AEW tv shows #AEWDynamite + ...,https://www.reddit.com/r/SquaredCircle/comments/1ifcw0q/tony_khan_both_of_our_aew_tv_shows_aewdynamite/,2025-11-13T14:22:14Z
2,#AEWDynamite,10,AEW Dynamite - Wikipedia,https://en.wikipedia.org/wiki/AEW_Dynamite,2025-11-13T14:22:14Z
2,#AEWDynamite,11,"All - #AEWDynamite This Wednesday, October 16 8pm ET / 7pm CT ...",https://m.facebook.com/AEW/photos/aewdynamite-this-wednesday-october-168pm-et-7pm-ct-on-tbs-network/958689796298000/,2025-11-13T14:22:14Z
2,#AEWDynamite,12,"Hi face, meet fist. . #Superbad . #aewdynamite",https://www.facebook.com/thekipsabian/posts/hi-face-meet-fist-superbad-aewdynamite/3178916482332970/,2025-11-13T14:22:14Z
2,#AEWDynamite,13,#wweraw #aewdynamite | Jack Farmer,https://www.linkedin.com/posts/jackcfarmer_wweraw-aewdynamite-activity-7262894195328131073-h1ey,2025-11-13T14:22:14Z
2,#AEWDynamite,14,Shelton Benjamin vs. Sammy Guevara #AEWDynamite | TBS ...,https://www.youtube.com/shorts/6DALtxkhE7E,2025-11-13T14:22:14Z
2,#AEWDynamite,15,Getting Over: AEW Dynamite Review (2/12/20),https://thetailgatesociety.com/2020/02/getting-over-aew-dynamite-review-2-12-20/,2025-11-13T14:22:14Z
2,#AEWDynamite,16,Watch #AEWDynamite LIVE on TBS! @malakaiblxck | @RatedRCope,https://mobile.x.com/AEW/status/1793464052196225307/retweets/with_comments,2025-11-13T14:22:14Z
2,#AEWDynamite,17,"MelColemanArt on X: ""Schiavone Spice #aew #AEWDynamite ...",https://twitter.com/MelColemanArt/status/1651442380476760066,2025-11-13T14:22:14Z
3,Cynthia,1,Cynthia Erivo (@cynthiaerivo) • Instagram photos and videos,https://www.instagram.com/cynthiaerivo/?hl=en,2025-11-13T14:22:18Z
3,Cynthia,2,Cynthia Rowley - The Official Cynthia Rowley Online Shop,https://cynthiarowley.com/,2025-11-13T14:22:18Z
3,Cynthia,3,Cynthia Leitich Smith,https://cynthialeitichsmith.com/,2025-11-13T14:22:18Z
3,Cynthia,4,"Cynthia - Bulbapedia, the community-driven Pokémon encyclopedia",https://bulbapedia.bulbagarden.net/wiki/Cynthia,2025-11-13T14:22:18Z
3,Cynthia,5,Cynthia Ruchti | I can't unravel. I'm hemmed in hope.,https://cynthiaruchti.com/,2025-11-13T14:22:18Z
3,Cynthia,6,Cynthia Cox | KFF,https://www.kff.org/person/cynthia-cox/,2025-11-13T14:22:18Z
3,Cynthia,7,Cynthia Erivo,https://www.facebook.com/cynthiaerivo/,2025-11-13T14:22:18Z
3,Cynthia,8,Cynthia | Spotify,https://open.spotify.com/artist/3nqA4JV7u2zG7prO5RLlAC,2025-11-13T14:22:18Z
3,Cynthia,9,"Cynthia S. Weill, Author - Welcome!",https://www.cynthiaweill.net/,2025-11-13T14:22:18Z
3,Cynthia,10,Cynthia Nixon (@CynthiaNixon) / Posts / X,https://x.com/CynthiaNixon?lang=en,2025-11-13T14:22:18Z
3,Cynthia,11,Cynthia Sayer | Discover and Connect Today,https://cynthia-sayer.squarespace.com/,2025-11-13T14:22:18Z
3,Cynthia,12,About — Dr. Cynthia R. Greenlee,https://www.cynthiagreenlee.com/about,2025-11-13T14:22:18Z
3,Cynthia,13,Cynthia Erivo (@cynthiaerivo) | TikTok,https://www.tiktok.com/@cynthiaerivo?lang=en,2025-11-13T14:22:18Z
3,Cynthia,14,The Cynthia Woods Mitchell Pavilion,https://www.woodlandscenter.org/,2025-11-13T14:22:18Z
3,Cynthia,15,"I listened to Cynthia Erivo's album “I Forgive You”, and I wept | by ...",https://medium.com/@officialtodah/i-listened-to-cynthia-erivos-album-i-forgive-you-and-i-wept-f984c8c309bb,2025-11-13T14:22:18Z
3,Cynthia,16,Cynthia Camlin,https://www.cynthiacamlin.com/,2025-11-13T14:22:18Z
3,Cynthia,17,Cynthia Lin - YouTube,https://www.youtube.com/channel/UCD2q6i-C0ZLJUK-VCp49TJA,2025-11-13T14:22:18Z
3,Cynthia,18,Cynthia - Wikipedia,https://en.wikipedia.org/wiki/Cynthia,2025-11-13T14:22:18Z
3,Cynthia,19,About Me - Cynthia Lord,https://www.cynthialord.com/about.html,2025-11-13T14:22:18Z
3,Cynthia,20,About Me: An SAQ (Sometimes Asked Questions) - Cynthia Levinson,https://cynthialevinson.com/about-me/,2025-11-13T14:22:18Z
4,Good Thursday,1,Maundy Thursday - Wikipedia,https://en.wikipedia.org/wiki/Maundy_Thursday,2025-11-13T14:22:23Z
4,Good Thursday,2,Should We Be Celebrating 'Good Thursday?' | thebereancall.org,https://www.thebereancall.org/content/should-we-be-celebrating-good-thursday,2025-11-13T14:22:23Z
4,Good Thursday,3,Holy Week - Wikipedia,https://en.wikipedia.org/wiki/Holy_Week,2025-11-13T14:22:23Z
4,Good Thursday,4,What is the meaning of 'Maundy' Thursday and 'Good' Friday? - Quora,https://www.quora.com/What-is-the-meaning-of-Maundy-Thursday-and-Good-Friday,2025-11-13T14:22:23Z
4,Good Thursday,5,"The Three Days: traditions of Maundy Thursday, Good Friday and ...",https://www.livinglutheran.org/2013/04/three-days-traditions-maundy-thursday-good-friday-vigil-easter/,2025-11-13T14:22:23Z
4,Good Thursday,6,Good Thursday Morning Trying to hold on to that fall feel as long as ...,https://www.facebook.com/JamieWeissKMBC/posts/good-thursday-morning-trying-to-hold-on-to-that-fall-feel-as-long-as-possible-th/1365765231835520/,2025-11-13T14:22:23Z
4,Good Thursday,7,Maundy Thursday: Everything You Need to Know This Holy Week!,https://anglicancompass.com/what-is-maundy-thursday/,2025-11-13T14:22:23Z
4,Good Thursday,8,What places have good Thursday night deals in Tallahassee?,https://www.facebook.com/groups/TallahasseeFoodies/posts/7719763214780877/,2025-11-13T14:22:23Z
4,Good Thursday,9,Should I fast on Maundy Thursday? : r/Catholicism,https://www.reddit.com/r/Catholicism/comments/1jzbrlj/should_i_fast_on_maundy_thursday/,2025-11-13T14:22:23Z
4,Good Thursday,10,The Holy Thursday Revolution - by Diana Butler Bass,https://dianabutlerbass.substack.com/p/the-holy-thursday-revolution,2025-11-13T14:22:23Z
4,Good Thursday,11,"Maundy Thursday | Christianity, Holy Week, Description, Meaning ...",https://www.britannica.com/topic/Maundy-Thursday,2025-11-13T14:22:23Z
4,Good Thursday,12,Holy Thursday Meal | Catholic Culture,https://www.catholicculture.org/commentary/holy-thursday-meal/,2025-11-13T14:22:23Z
4,Good Thursday,13,Pope Francis Homilies - Holy Thursday,https://sites.google.com/view/popefrancishomilies/holy-thursday,2025-11-13T14:22:23Z
4,Good Thursday,14,A Catholic Guide to Holy Week 2026 | Dynamic Catholic,https://www.dynamiccatholic.com/lent/holy-week.html,2025-11-13T14:22:23Z
4,Good Thursday,15,Holy Thursday - Greek Orthodox Archdiocese of America,https://www.goarch.org/holythursday,2025-11-13T14:22:23Z
4,Good Thursday,16,The Holy Thursday Revolution: Pull Up a Chair,https://dianabutlerbass.substack.com/p/the-holy-thursday-revolution-pull,2025-11-13T14:22:23Z
4,Good Thursday,17,"What Is Maundy Thursday, And Why Is It Called That? | Dictionary.com",https://www.dictionary.com/e/what-does-maundy-thursday-mean/,2025-11-13T14:22:23Z
4,Good Thursday,18,Maundy Thursday Service | Duke University Chapel,https://chapel.duke.edu/event/maundy-thursday-service-8/,2025-11-13T14:22:23Z
4,Good Thursday,19,What Is Maundy Thursday?,https://learn.ligonier.org/articles/what-is-maundy-thursday,2025-11-13T14:22:23Z
4,Good Thursday,20,Happy Thursday: Home,https://www.drinkhappythursday.com/,2025-11-13T14:22:23Z
5,#GrabFoodMegaSalexหลิงออม,1,GRABFOOD LOVES LINGORM #GrabFoodMegaSalexหลิงออม #หลิง ...,https://www.threads.com/@lingormtrap/post/DQ_vNBMErEW/grabfood-loves-lingormgrabfoodmegasalex%E0%B8%AB%E0%B8%A5%E0%B8%B4%E0%B8%87%E0%B8%AD%E0%B8%AD%E0%B8%A1%E0%B8%AB%E0%B8%A5%E0%B8%B4%E0%B8%87%E0%B8%AD%E0%B8%AD%E0%B8%A1-lingorm,2025-11-13T14:22:29Z
5,#GrabFoodMegaSalexหลิงออม,2,ヾpiaWP °* (@WPiass) / Posts / X,https://x.com/WPiass,2025-11-13T14:22:29Z
5,#GrabFoodMegaSalexหลิงออม,3,Let's start the trend guys!!! GRABFOOD LOVES LINGORM ...,https://x.com/Wayd29/status/1988932354581361082,2025-11-13T14:22:29Z
5,#GrabFoodMegaSalexหลิงออม,4,MY PRETTY BABIES GRABFOOD LOVES LINGORM ...,https://x.com/blueorms/status/1988937511637561630,2025-11-13T14:22:29Z
5,#GrabFoodMegaSalexหลิงออม,5,nw (@nwlps) / Posts / X,https://x.com/nwlps,2025-11-13T14:22:29Z
5,#GrabFoodMegaSalexหลิงออม,6,steph. (@swag_ploy) / Posts / X,https://x.com/swag_ploy,2025-11-13T14:22:29Z
5,#GrabFoodMegaSalexหลิงออม,7,Simple 789 (@69__Simple) / Posts / X,https://x.com/69__Simple,2025-11-13T14:22:29Z
5,#GrabFoodMegaSalexหลิงออม,8,hnui hunter (@hnui_hunter) / Posts / X,https://x.com/hnui_hunter,2025-11-13T14:22:29Z
5,#GrabFoodMegaSalexหลิงออม,9,E®️KiN (@iammerkin) / Posts / X,https://x.com/iammerkin?lang=th,2025-11-13T14:22:29Z
5,#GrabFoodMegaSalexหลิงออม,10,M16. ིྀྀི (@rubyl116) / Posts / X,https://x.com/rubyl116,2025-11-13T14:22:29Z
5,#GrabFoodMegaSalexหลิงออม,11,Thailand - X (Twitter) trending hashtags and topics today,https://xtrends.iamrohit.in/thailand,2025-11-13T14:22:29Z
5,#GrabFoodMegaSalexหลิงออม,12,"""#ShotOniQOO15"" - Results on X | Live Posts & Updates",https://twitter.com/search?q=%23ShotOniQOO15,2025-11-13T14:22:29Z
5,#GrabFoodMegaSalexหลิงออม,13,@gooning133682 - Twitter Profile | TwStalker,https://ww.twstalker.com/Gooning133682,2025-11-13T14:22:29Z
5,#GrabFoodMegaSalexหลิงออม,14,@chapinas2025 - Twitter Profile | TwStalker,https://twstalker.com/chapinas2025,2025-11-13T14:22:29Z
5,#GrabFoodMegaSalexหลิงออม,15,@ayase_moji_5 - Twitter Profile | TwStalker,https://www.twstalker.com/ayase_moji_5,2025-11-13T14:22:29Z
5,#GrabFoodMegaSalexหลิงออม,16,linda993842550 @linda993842550 - Twitter Profile | Sotwe,https://www.sotwe.com/linda993842550,2025-11-13T14:22:29Z
5,#GrabFoodMegaSalexหลิงออม,17,#oasi das - Twitter Hashtag | Sotwe,https://www.sotwe.com/hashtag/oasi%20das%20,2025-11-13T14:22:29Z
5,#GrabFoodMegaSalexหลิงออม,18,#ixia #mlbbnsfw - Twitter Hashtag | Sotwe,https://www.sotwe.com/hashtag/ixia%20%23mlbbnsfw,2025-11-13T14:22:29Z
5,#GrabFoodMegaSalexหลิงออม,19,Purencc @bsxwunkpzvmtrdr - Twitter Profile | Sotwe,https://www.sotwe.com/bsxwunkpzvmtrdr,2025-11-13T14:22:29Z
6,Northern Lights,1,Aurora - Wikipedia,https://en.wikipedia.org/wiki/Aurora,2025-11-13T14:22:33Z
6,Northern Lights,2,Aurora Viewline for Tonight and Tomorrow Night (Experimental ...,https://www.swpc.noaa.gov/products/aurora-viewline-tonight-and-tomorrow-night-experimental,2025-11-13T14:22:33Z
6,Northern Lights,3,Aurora Forecast | Geophysical Institute,https://www.gi.alaska.edu/monitors/aurora-forecast,2025-11-13T14:22:33Z
6,Northern Lights,4,Northern Lights Marine Generators And Technicold Air Conditioning ...,https://www.northern-lights.com/,2025-11-13T14:22:33Z
6,Northern Lights,5,What are the Northern Lights (Aurora Borealis)?,https://www.mtu.edu/tour/copper-country/northern-lights/,2025-11-13T14:22:33Z
6,Northern Lights,6,Northern lights (aurora borealis) — What they are and how to see ...,https://www.space.com/15139-northern-lights-auroras-earth-facts-sdcmp.html,2025-11-13T14:22:33Z
6,Northern Lights,7,Northern lights in Norway | Best places to see the aurora borealis,https://www.visitnorway.com/things-to-do/nature-attractions/northern-lights/,2025-11-13T14:22:33Z
6,Northern Lights,8,Pizza Delivery Des Moines & KC - NorthernLights Pizza,https://www.northernlightspizza.com/,2025-11-13T14:22:33Z
6,Northern Lights,9,Northern Lights Theatre Pub: Home,https://northernlightstheatrepub.com/,2025-11-13T14:22:33Z
6,Northern Lights,10,"Northern Lights, Inc.: NLI",https://www.nli.coop/,2025-11-13T14:22:33Z
6,Northern Lights,11,Northern Lights | Buffalo AKG Art Museum,https://buffaloakg.org/art/exhibitions/northern-lights,2025-11-13T14:22:33Z
6,Northern Lights,12,Northern Lights at FL280 near Denver tonight : r/flying,https://www.reddit.com/r/flying/comments/1outt39/northern_lights_at_fl280_near_denver_tonight/,2025-11-13T14:22:33Z
6,Northern Lights,13,Northern Lights Sky Ropes Course - Wilderness Resort Attractions,https://www.wildernessresort.com/attractions/northern-lights-sky-ropes-course/,2025-11-13T14:22:33Z
6,Northern Lights,14,Northern Lights Rivers Lakes & Oceans,https://northernlightstrading.com/,2025-11-13T14:22:33Z
6,Northern Lights,15,Saint Paul School of Northern Lights | Charter School Grades K-8,https://www.schoolofnorthernlights.org/,2025-11-13T14:22:33Z
6,Northern Lights,16,Northern Lights at CCV: Home,https://northernlightsccv.org/,2025-11-13T14:22:33Z
6,Northern Lights,17,Northern Lights Alert | Facebook,https://www.facebook.com/groups/northernlightsalert/,2025-11-13T14:22:33Z
6,Northern Lights,18,Northern Lights Candles,https://northernlightscandles.com/,2025-11-13T14:22:33Z
6,Northern Lights,19,Northern Lights: Market-Style Dining with a View at Banff Gondola,https://www.banffjaspercollection.com/attractions/banff-gondola/dining/northern-lights/,2025-11-13T14:22:33Z
6,Northern Lights,20,The Northern lights in Iceland,https://www.visiticeland.com/article/northern-lights-in-iceland/,2025-11-13T14:22:33Z
1,#FanCashDropPromotion,1,Play the #FanCashDropPromotion today https://fanatics.onelink.me ...,https://www.facebook.com/mommy44of4/posts/play-the-fancashdroppromotion-todayhttpsfanaticsonelinkme5kutp6fykbjo/784916027765541/,2025-11-14T14:13:13Z
1,#FanCashDropPromotion,2,#fancashdroppromotion - Search / X,https://x.com/hashtag/fancashdroppromotion?src=hashtag_click,2025-11-14T14:13:13Z
1,#FanCashDropPromotion,3,@fanaticsbook #fancashdroppromotion,https://www.instagram.com/p/DQwvO3TAFGB/,2025-11-14T14:13:13Z
1,#FanCashDropPromotion,4,Play the #FanCashDropPromotion today https://t.co/9oYVJWugHO,https://x.com/Referee583/status/1987063553593889086,2025-11-14T14:13:13Z
1,#FanCashDropPromotion,5,@fanaticsbook on x with #fancashdroppromotion,https://www.instagram.com/p/DQwySf0Eesb/,2025-11-14T14:13:13Z
1,#FanCashDropPromotion,6,Top Tweets for #FanCashDropPromotion on Twitter. | TwStalker,https://twstalker.com/search/%23FanCashDropPromotion,2025-11-14T14:13:13Z
1,#FanCashDropPromotion,7,Win $250 in FanCash by Sharing and Tagging ...,https://www.instagram.com/p/DQxO9ejkqha/,2025-11-14T14:13:13Z
1,#FanCashDropPromotion,8,FryeGuy @Fryeloch - Twitter Profile | Sotwe,https://www.sotwe.com/Fryeloch,2025-11-14T14:13:13Z
1,#FanCashDropPromotion,9,Posts with replies by Tybalt300 (@Tybalt399) / X,https://twitter.com/Tybalt399/with_replies,2025-11-14T14:13:13Z
1,#FanCashDropPromotion,10,FAN CASH #FanCashDropPromotion #FanCash - YouTube,https://www.youtube.com/shorts/NnxN9Vlim9k,2025-11-14T14:13:13Z
1,#FanCashDropPromotion,11,Frânk Nâvâs @Nvs1Frnk - Twitter Profile | TwStalker,https://www.twstalker.com/Nvs1Frnk,2025-11-14T14:13:13Z
1,#FanCashDropPromotion,12,MW2564 @mw2564 - Twitter Profile | TwStalker,https://www.twstalker.com/mw2564,2025-11-14T14:13:13Z
1,#FanCashDropPromotion,13,Eva Lovia®. Twitter. Florida was a blast! The only ... - TW Pornstars,https://www.twpornstars.com/p/32927741,2025-11-14T14:13:13Z
1,#FanCashDropPromotion,14,Eva Lovia®. Twitter. Shooting customs today!. 2:16 ... - TW Pornstars,https://www.twpornstars.com/p/28009957,2025-11-14T14:13:13Z
2,#NXXT_Earnings,1,@jagbuars - Twitter Profile | TwStalker,https://twstalker.com/jagbuars,2025-11-14T14:13:18Z
2,#NXXT_Earnings,2,mia huffman onlyfans leaks @huffman_mi57723 - Twitter Profile ...,https://www.sotwe.com/huffman_mi57723?lang=en,2025-11-14T14:13:18Z
2,#NXXT_Earnings,3,shelly @mouthycomic - Twitter Profile | Sotwe,https://www.sotwe.com/mouthycomic,2025-11-14T14:13:18Z
2,#NXXT_Earnings,4,Peachy boy @peachyboyyjr - Twitter Profile | Sotwe,https://www.sotwe.com/peachyboyyjr?lang=en,2025-11-14T14:13:18Z
2,#NXXT_Earnings,5,Ofentse Lefatshe @ofentselefatsh2 - Twitter Profile | Sotwe,https://www.sotwe.com/ofentselefatsh2?lang=en,2025-11-14T14:13:18Z
2,#NXXT_Earnings,6,#swiss #porn - Twitter Hashtag | Sotwe,https://www.sotwe.com/hashtag/swiss%20%23porn,2025-11-14T14:13:18Z
2,#NXXT_Earnings,7,Bear @chubbybearsss - Twitter Profile | Sotwe,https://www.sotwe.com/chubbybearsss?lang=en,2025-11-14T14:13:18Z
2,#NXXT_Earnings,8,msbreewc.vip @msbreewc_of - Twitter Kullanıcısı | Sotwe,https://www.sotwe.com/msbreewc_of?lang=tr,2025-11-14T14:13:18Z
2,#NXXT_Earnings,9,Paw Bướng Bỉnh @PawNeChai - Twitter Profile | Sotwe,https://www.sotwe.com/PawNeChai,2025-11-14T14:13:18Z
2,#NXXT_Earnings,10,jellyfish @KietN77223 - Twitter Profile | Sotwe,https://www.sotwe.com/KietN77223,2025-11-14T14:13:18Z
2,#NXXT_Earnings,11,黄主任@xyjb78 - Twitter Profile | Sotwe,https://www.sotwe.com/xyjb78?lang=en,2025-11-14T14:13:18Z
2,#NXXT_Earnings,12,阿咩@Amekoryona - Twitter Profile | Sotwe,https://www.sotwe.com/Amekoryona,2025-11-14T14:13:18Z
2,#NXXT_Earnings,13,超级无敌大狗屎@KVsOlowynv28345 - Twitter Profile | Sotwe,https://www.sotwe.com/KVsOlowynv28345,2025-11-14T14:13:18Z
2,#NXXT_Earnings,14,云屿（互推私信） @gary_timot19730 - Twitter Profile | Sotwe,https://www.sotwe.com/gary_timot19730?lang=en,2025-11-14T14:13:18Z
2,#NXXT_Earnings,15,คิงคอง @wanuntapak - Twitter Profile | Sotwe,https://www.sotwe.com/wanuntapak,2025-11-14T14:13:18Z
2,#NXXT_Earnings,16,ماستر سادى مصرى شرس@ @depomastrsady13 - Twitter Profile | Sotwe,https://www.sotwe.com/depomastrsady13?lang=en,2025-11-14T14:13:18Z
2,#NXXT_Earnings,17,CyborgAlex @alexand21902555 - Twitter Profil | Sotwe,https://www.sotwe.com/alexand21902555?lang=id,2025-11-14T14:13:18Z
2,#NXXT_Earnings,18,จีจี้3/5 @123123jyjy - Twitter Profile | Sotwe,https://www.sotwe.com/123123jyjy,2025-11-14T14:13:18Z
2,#NXXT_Earnings,19,#หีกระป๋อง - Twitter Hashtag | Sotwe,https://www.sotwe.com/hashtag/%E0%B8%AB%E0%B8%B5%E0%B8%81%E0%B8%A3%E0%B8%B0%E0%B8%9B%E0%B9%8B%E0%B8%AD%E0%B8%87?lang=en,2025-11-14T14:13:18Z
2,#NXXT_Earnings,20,乐乐Chiang Mai @tokes0875 - Twitter Profile | Sotwe,https://www.sotwe.com/tokes0875?lang=en,2025-11-14T14:13:18Z
3,Good Friday,1,Good Friday - Wikipedia,https://en.wikipedia.org/wiki/Good_Friday,2025-11-14T14:13:22Z
3,Good Friday,2,"Good Friday | Christianity, Easter, Definition, History, Meaning ...",https://www.britannica.com/topic/Good-Friday,2025-11-14T14:13:22Z
3,Good Friday,3,Good Friday Agreement - Wikipedia,https://en.wikipedia.org/wiki/Good_Friday_Agreement,2025-11-14T14:13:22Z
3,Good Friday,4,This could be YOU at Good Friday Nashville 2025! Who will we see ...,https://www.facebook.com/christomlin/posts/this-could-be-you-at-good-friday-nashville-2025-who-will-we-see-there/1173189687487035/,2025-11-14T14:13:22Z
3,Good Friday,5,"Why is That Day Called ""Good"" Friday? | Missionary Society of St ...",https://columban.org/magazine/why-day-called-good-friday,2025-11-14T14:13:22Z
3,Good Friday,6,Good Friday 2026 in the United States,https://www.timeanddate.com/holidays/us/good-friday,2025-11-14T14:13:22Z
3,Good Friday,7,Good Friday Cultural Question : r/Catholicism,https://www.reddit.com/r/Catholicism/comments/4bsys5/good_friday_cultural_question/,2025-11-14T14:13:22Z
3,Good Friday,8,The Northern Ireland Peace Process and The Good Friday Agreement,https://www.ireland.ie/en/dfa/role-policies/northern-ireland/about-the-good-friday-agreement/,2025-11-14T14:13:22Z
3,Good Friday,9,Good Friday: A Collect Reflection - Anglican Compass,https://anglicancompass.com/good-friday-a-collect-reflection/,2025-11-14T14:13:22Z
3,Good Friday,10,Good Friday Family Promotion - Family Programs | Knights of ...,https://www.kofc.org/en/what-we-do/faith-in-action-programs/family/good-friday-family-promotion.html,2025-11-14T14:13:22Z
3,Good Friday,11,Easter People in a Good Friday World,https://www.stjohnsroanoke.org/blog-we-gather/posts/easter-people-in-a-good-friday-world,2025-11-14T14:13:22Z
3,Good Friday,12,Good Friday Agreement: What is it?,https://www.bbc.com/news/uk-northern-ireland-61968177,2025-11-14T14:13:22Z
3,Good Friday,13,Good Friday 2025 - Franciscan Monastery of the Holy Land in America,https://myfranciscan.org/good-friday-2025/,2025-11-14T14:13:22Z
3,Good Friday,14,Good Friday of the Lord s Passion | USCCB,https://bible.usccb.org/bible/readings/033018.cfm,2025-11-14T14:13:22Z
3,Good Friday,15,Good Fridays - The Andy Warhol Museum,https://www.warhol.org/events/good-fridays/,2025-11-14T14:13:22Z
3,Good Friday,16,Behold the Wood of the Cross: Let Us Adore This Sign of Our Salvation,https://www.eucharisticrevival.org/post/behold-the-wood-of-the-cross-let-us-adore-this-sign-of-our-salvation,2025-11-14T14:13:22Z
3,Good Friday,17,On 'Derry Girls' and remembering the Good Friday Agreement ...,https://humanities.wustl.edu/news/derry-girls-and-remembering-good-friday-agreement,2025-11-14T14:13:22Z
3,Good Friday,18,Good Friday: A Holy Day Without Obligation; A Tragic Day We Call ...,https://www.mariarileyauthor.com/blog/rajw0pvixdsh3x48uw3dk3rd0oac4m,2025-11-14T14:13:22Z
3,Good Friday,19,Good Friday - Wooddale Church,https://wooddale.org/good-friday/,2025-11-14T14:13:22Z
3,Good Friday,20,'Good Friday' Coconut Conjee w/ Peanut Chutney - Love is in my ...,https://loveisinmytummy.com/2017/04/good-friday-coconut-conjee.html,2025-11-14T14:13:22Z
4,Summer Walker,1,(@summerwalker) • Instagram photos and videos,https://www.instagram.com/summerwalker/?hl=en,2025-11-14T14:13:27Z
4,Summer Walker,2,Summer Walker: Home,https://www.summerwalkermusic.com/,2025-11-14T14:13:27Z
4,Summer Walker,3,Summer Walker - Wikipedia,https://en.wikipedia.org/wiki/Summer_Walker,2025-11-14T14:13:27Z
4,Summer Walker,4,"summerwalker on Instagram: ""Fuck My Type""",https://www.instagram.com/p/DOU4UD1DGYU/?hl=en,2025-11-14T14:13:27Z
4,Summer Walker,5,Summer Walker | Spotify,https://open.spotify.com/artist/57LYzLEk2LcFghVwuWbcuS,2025-11-14T14:13:27Z
4,Summer Walker,6,Summer Walker,https://www.facebook.com/SummerWalkerOfficial/,2025-11-14T14:13:27Z
4,Summer Walker,7,Summer Walker (@summerwalker) | TikTok,https://www.tiktok.com/@summerwalker?lang=en,2025-11-14T14:13:27Z
4,Summer Walker,8,Summer Walker - YouTube,https://www.youtube.com/@summerwalker,2025-11-14T14:13:27Z
4,Summer Walker,9,SUMMER WALKER (@IAMSUMMERWALKER) / Posts / X,https://x.com/IAMSUMMERWALKER,2025-11-14T14:13:27Z
4,Summer Walker,10,Summer Walker - Finally Over It : r/popheads,https://www.reddit.com/r/popheads/comments/1ownkqr/summer_walker_finally_over_it/,2025-11-14T14:13:27Z
4,Summer Walker,11,Summer Walker,https://music.youtube.com/channel/UCSpNS4dJ8wIScwMqatIdiQw,2025-11-14T14:13:27Z
4,Summer Walker,12,[FRESH ALBUM] Summer Walker - Finally Over It : r/hiphopheads,https://www.reddit.com/r/hiphopheads/comments/1ownlsz/fresh_album_summer_walker_finally_over_it/,2025-11-14T14:13:27Z
4,Summer Walker,13,Gold & Platinum - RIAA,https://www.riaa.com/gold-%20platinum/?tab_active=default-award&se=summer+walker,2025-11-14T14:13:27Z
4,Summer Walker,14,Summer Walker's best song is _____ : r/rnb,https://www.reddit.com/r/rnb/comments/1bncqgz/summer_walkers_best_song_is/,2025-11-14T14:13:27Z
4,Summer Walker,15,Summer Walker | Global Initiative,https://globalinitiative.net/profile/summer-walker/,2025-11-14T14:13:27Z
4,Summer Walker,16,"Summer Walker to release third studio album, Finally Over It, on ...",https://www.reddit.com/r/popheads/comments/1o7ftbm/summer_walker_to_release_third_studio_album/,2025-11-14T14:13:27Z
4,Summer Walker,17,Video: Watch Summer Walker Play The Tiny Desk : NPR,https://www.npr.org/2019/10/18/770748445/summer-walker-tiny-desk-concert,2025-11-14T14:13:27Z
4,Summer Walker,18,Any female artists similar to Summer Walker? : r/rnb,https://www.reddit.com/r/rnb/comments/sbnfws/any_female_artists_similar_to_summer_walker/,2025-11-14T14:13:27Z
4,Summer Walker,19,Summer Walker is Anxious and Awkward and I'm Glad She's Here ...,https://awesomelyluvvie.com/2019/11/summer-walker-awkward.html,2025-11-14T14:13:27Z
4,Summer Walker,20,Summer Walker is not the greatest singer but she makes AMAZING ...,https://www.reddit.com/r/rnb/comments/1humdy9/summer_walker_is_not_the_greatest_singer_but_she/,2025-11-14T14:13:27Z
5,Wale,1,Wale: Home,https://www.walemusic.com/,2025-11-14T14:13:31Z
5,Wale,2,Wale (@wale) • Instagram photos and videos,https://www.instagram.com/wale/?hl=en,2025-11-14T14:13:31Z
5,Wale,3,Wale (rapper) - Wikipedia,https://en.wikipedia.org/wiki/Wale_(rapper),2025-11-14T14:13:31Z
5,Wale,4,Wale (@Wale) / Posts / X,https://x.com/Wale,2025-11-14T14:13:31Z
5,Wale,5,Wale | Spotify,https://open.spotify.com/artist/67nwj3Y5sZQLl72VNUHEYE,2025-11-14T14:13:31Z
5,Wale,6,WALE Definition & Meaning - Merriam-Webster,https://www.merriam-webster.com/dictionary/wale,2025-11-14T14:13:31Z
5,Wale,7,Wale Announces New Album 'Everything Is a Lot': 'I Want to Express ...,https://www.reddit.com/r/hiphopheads/comments/1o5o8si/wale_announces_new_album_everything_is_a_lot_i/,2025-11-14T14:13:31Z
5,Wale,8,Wale - YouTube,https://www.youtube.com/channel/UCN5dSZVxZtDULZ-ogtbEh4Q,2025-11-14T14:13:31Z
5,Wale,9,Wale,https://www.facebook.com/waleofficial/,2025-11-14T14:13:31Z
5,Wale,10,Wale Akinmoladun - Spencer Fane,https://www.spencerfane.com/professionals/wale-akinmoladun/,2025-11-14T14:13:31Z
5,Wale,11,"Wale w/ Jeremih, TOB",https://theanthemdc.com/event/wale-w-jeremih-tob/,2025-11-14T14:13:31Z
5,Wale,12,Carla Wale | UW School of Law,https://www.law.uw.edu/directory/faculty/wale-carla/,2025-11-14T14:13:31Z
5,Wale,13,Wale,https://music.youtube.com/channel/UCN5dSZVxZtDULZ-ogtbEh4Q,2025-11-14T14:13:31Z
5,Wale,14,"Stream WALE music | Listen to songs, albums, playlists for free on ...",https://soundcloud.com/WALEFOLARIN,2025-11-14T14:13:31Z
5,Wale,15,Wale Adebanwi | Africana Studies,https://africana.sas.upenn.edu/people/wale-adebanwi,2025-11-14T14:13:31Z
5,Wale,16,Wide Wale – Pure Project,https://shop.purebrewing.org/products/wide-wale,2025-11-14T14:13:31Z
5,Wale,17,Wide Wale,https://lunatextiles.com/fabric/uww211/,2025-11-14T14:13:31Z
5,Wale,18,WALE – Network for Entrepreneurs in Wilmington,https://newilm.com/category/wale/,2025-11-14T14:13:31Z
5,Wale,19,Wale Wear - Wale Apparatus,https://www.waleapparatus.com/category/wale-wear,2025-11-14T14:13:31Z
5,Wale,20,"M.S. Workforce, Adult, & Lifelong Education (WALE) | EAHR",https://eahr.tamu.edu/academics/wale/,2025-11-14T14:13:31Z
1,Epstein,1,Jeffrey Epstein - Wikipedia,https://en.wikipedia.org/wiki/Jeffrey_Epstein,2025-11-15T14:13:35Z
1,Epstein,2,Multi-disciplinary Design and Construction | Epstein,https://www.epsteinglobal.com/,2025-11-15T14:13:35Z
1,Epstein,3,"Indictment, JEFFREY EPSTEIN",https://www.justice.gov/usao-sdny/press-release/file/1180481/dl,2025-11-15T14:13:35Z
1,Epstein,4,Jeffrey Epstein cultivated celebrity relationships for years. Many ...,https://www.cbsnews.com/news/jeffrey-epstein-celebrity-relationships-documents/,2025-11-15T14:13:35Z
1,Epstein,5,Who was Jeffrey Epstein? The disgraced financier with powerful ...,https://www.bbc.com/news/world-us-canada-48913377,2025-11-15T14:13:35Z
1,Epstein,6,Listen To The Jeffrey Epstein Tapes: 'I Was Donald Trump's Closest ...,https://docs.house.gov/meetings/JU/JU08/20250227/117951/HHRG-119-JU08-20250227-SD006-U6.pdf,2025-11-15T14:13:35Z
1,Epstein,7,Oversight Committee Releases Additional Epstein Estate Documents,https://oversight.house.gov/release/oversight-committee-releases-additional-epstein-estate-documents/,2025-11-15T14:13:35Z
1,Epstein,8,What do we know about the Jeffrey Epstein files?,https://www.bbc.com/news/articles/c20r07dg6kro,2025-11-15T14:13:35Z
1,Epstein,9,Epstein Becker Green - Law Firm,https://www.ebglaw.com/,2025-11-15T14:13:35Z
1,Epstein,10,Harvey Epstein - Assembly District 74 |Assembly Member Directory ...,https://nyassembly.gov/mem/Harvey-Epstein/contact/,2025-11-15T14:13:35Z
1,Epstein,11,Watch Jeffrey Epstein: Filthy Rich | Netflix Official Site,https://www.netflix.com/title/80224905,2025-11-15T14:13:35Z
1,Epstein,12,Text - H.R.4405 - 119th Congress (2025-2026): Epstein Files ...,https://www.congress.gov/bill/119th-congress/house-bill/4405/text,2025-11-15T14:13:35Z
1,Epstein,13,Harvey Epstein - Assembly District 74 |Assembly Member Directory ...,https://nyassembly.gov/mem/Harvey-Epstein,2025-11-15T14:13:35Z
1,Epstein,14,Text - H.Res.581 - 119th Congress (2025-2026): Providing for ...,https://www.congress.gov/bill/119th-congress/house-resolution/581/text,2025-11-15T14:13:35Z
1,Epstein,15,Jason I. Epstein - Nelson Mullins,https://www.nelsonmullins.com/professionals/jason-epstein,2025-11-15T14:13:35Z
1,Epstein,16,Right-wing media downplays latest Epstein documents : NPR,https://www.npr.org/2025/11/15/nx-s1-5608227/epstein-emails-qanon-influencers,2025-11-15T14:13:35Z
1,Epstein,17,Richard Epstein - Overview | NYU School of Law,https://its.law.nyu.edu/facultyprofiles/index.cfm?fuseaction=profile.overview&personid=26355,2025-11-15T14:13:35Z
1,Epstein,18,Shira Eve Epstein | The City College of New York,https://www.ccny.cuny.edu/profiles/shira-eve-epstein,2025-11-15T14:13:35Z
1,Epstein,19,Dr. Marc E. Epstein,https://www.cdfa.ca.gov/plant/ppd/staff/mepstein.html,2025-11-15T14:13:35Z
1,Epstein,20,House Oversight Committee Releases Jeffrey Epstein Email ...,https://oversightdemocrats.house.gov/news/press-releases/house-oversight-committee-releases-jeffrey-epstein-email-correspondence-raising,2025-11-15T14:13:35Z
2,Good Saturday,1,Holy Saturday - Wikipedia,https://en.wikipedia.org/wiki/Holy_Saturday,2025-11-15T14:13:40Z
2,Good Saturday,2,The Waiting and Desolation of Holy Saturday — Vaneetha Risner,https://www.vaneetha.com/journal/the-waiting-and-desolation-of-holy-saturday,2025-11-15T14:13:40Z
2,Good Saturday,3,Good Saturday Boutique (@shopgoodsaturday) • Instagram photos ...,https://www.instagram.com/shopgoodsaturday/?hl=en,2025-11-15T14:13:40Z
2,Good Saturday,4,What is Holy Saturday and Why is it Significant? | Crosswalk.com,https://www.crosswalk.com/special-coverage/easter/what-happened-on-holy-saturday.html,2025-11-15T14:13:40Z
2,Good Saturday,5,Reflections on Holy Saturday with Shelly Rambo – WIT,https://womenintheology.org/2012/04/07/reflections-on-holy-saturday-with-shelly-rambo/,2025-11-15T14:13:40Z
2,Good Saturday,6,will milk pumped Wednesday still be good Saturday? : r/NewParents,https://www.reddit.com/r/NewParents/comments/11tsgpd/will_milk_pumped_wednesday_still_be_good_saturday/,2025-11-15T14:13:40Z
2,Good Saturday,7,"""He Descended Into Hell"": How Holy Saturday Shapes Our Work ...",https://www.denverinstitute.org/how-holy-saturday-shapes-our-work/,2025-11-15T14:13:40Z
2,Good Saturday,8,What is Holy Saturday? | GotQuestions.org,https://www.gotquestions.org/Holy-Saturday.html,2025-11-15T14:13:40Z
2,Good Saturday,9,We had a good Saturday here at Ironman. I ripped a good start and ...,https://www.facebook.com/KenRoczen94/posts/we-had-a-good-saturday-here-at-ironmani-ripped-a-good-start-and-finished-2nd-in-/1378022653679880/,2025-11-15T14:13:40Z
2,Good Saturday,10,Why Holy Saturday Matters — Center For Baptist Renewal,https://www.centerforbaptistrenewal.com/blog/2019/4/19/why-holy-saturday-matters,2025-11-15T14:13:40Z
2,Good Saturday,11,The Meaning of Holy Saturday | Catholic Answers Magazine,https://www.catholic.com/magazine/online-edition/the-meaning-of-holy-saturday,2025-11-15T14:13:40Z
2,Good Saturday,12,360 Best Good Morning - Saturday ideas in 2025 | good morning ...,https://www.pinterest.com/littlecropper/good-morning-saturday/,2025-11-15T14:13:40Z
2,Good Saturday,13,"Holy Saturday | Christianity, Easter Vigil, History, Meaning ...",https://www.britannica.com/topic/Holy-Saturday,2025-11-15T14:13:40Z
2,Good Saturday,14,From an ancient homily for Holy Saturday: The Lord's descent into hell,https://www.vatican.va/spirit/documents/spirit_20010414_omelia-sabato-santo_en.html,2025-11-15T14:13:40Z
2,Good Saturday,15,Praying on Holy Saturday - Ignatian Spirituality,https://www.ignatianspirituality.com/praying-on-holy-saturday/,2025-11-15T14:13:40Z
2,Good Saturday,16,Pastoral Visit to Turin: Veneration of the Holy Shroud in the ...,http://www.vatican.va/content/benedict-xvi/en/speeches/2010/may/documents/hf_ben-xvi_spe_20100502_meditazione-torino.html,2025-11-15T14:13:40Z
2,Good Saturday,17,"On Your Most Painful Days, Remember Holy Saturday — Aaron J ...",https://www.aaronjanderson.com/blog/on-your-most-painful-days-remember-holy-saturday,2025-11-15T14:13:40Z
2,Good Saturday,18,The Day Jesus Stayed Dead: Waiting in the Heartache of Holy ...,https://www.desiringgod.org/articles/the-day-jesus-stayed-dead,2025-11-15T14:13:40Z
2,Good Saturday,19,Holy Saturday and Easter | Religious Holidays & Activities | Centrenet,https://centrenet.centre.edu/ICS/New_Campus_Life/Religious_Life/Religious_Holidays__Activities/Holy_Saturday_and_Easter.jnz,2025-11-15T14:13:40Z
2,Good Saturday,20,Holy Saturday: Breathe « The Painted Prayerbook The Painted ...,https://paintedprayerbook.com/2018/03/28/holy-saturday-breathe/,2025-11-15T14:13:40Z
3,#SmackDown,1,SmackDown | WWE,https://www.wwe.com/shows/smackdown,2025-11-15T14:13:44Z
3,#SmackDown,2,How to deal with Treebranch Smackdown? : r/darkestdungeon,https://www.reddit.com/r/darkestdungeon/comments/s7qvb4/how_to_deal_with_treebranch_smackdown/,2025-11-15T14:13:44Z
3,#SmackDown,3,No Credentials? No entry! #Smackdown,https://www.instagram.com/p/DKBJtoKOp4u/?hl=en,2025-11-15T14:13:44Z
3,#SmackDown,4,Why was Smackdown only 1 hour and 20 minutes?,https://www.facebook.com/groups/ManiaClub/posts/4196745473935676/,2025-11-15T14:13:44Z
3,#SmackDown,5,The Blue Crew! #wwe #smackdown,https://www.instagram.com/p/CeosvqvJ8je/,2025-11-15T14:13:44Z
3,#SmackDown,6,#LAKnight #Smackdown,https://www.facebook.com/LAKnightWWE/posts/laknight-smackdown/764919089025008/,2025-11-15T14:13:44Z
3,#SmackDown,7,Inanimate Smackdown/Transcript | Inanimate Insanity Wiki | Fandom,https://inanimateinsanity.fandom.com/wiki/Inanimate_Smackdown/Transcript,2025-11-15T14:13:44Z
3,#SmackDown,8,For the Toledo/LowerMichigan Peeps #SmackDown #toledo,https://www.facebook.com/groups/ManiaClub/posts/4215895712020652/,2025-11-15T14:13:44Z
3,#SmackDown,9,WWE SmackDown - Wikipedia,https://en.wikipedia.org/wiki/WWE_SmackDown,2025-11-15T14:13:44Z
3,#SmackDown,10,Why does it take a month for Smackdown episodes to replay on ...,https://www.facebook.com/groups/ManiaClub/posts/4143651085911782/,2025-11-15T14:13:44Z
3,#SmackDown,11,WWE SmackDown | MVP Arena,https://www.mvparena.com/events/detail/wwe-smackdown-nov-14,2025-11-15T14:13:44Z
3,#SmackDown,12,This was very easily the BEST episode of SmackDown this year so ...,https://www.facebook.com/WWEHeelYARD/posts/this-was-very-easily-the-best-episode-of-smackdown-this-year-so-farsmackdown-is-/1280329153880108/,2025-11-15T14:13:44Z
3,#SmackDown,13,WWE SmackDown,https://www.vanandelarena.com/events/2025/wwe-smackdown2,2025-11-15T14:13:44Z
3,#SmackDown,14,Steam Workshop::Undead Smackdown,https://steamcommunity.com/sharedfiles/filedetails/?id=424063762,2025-11-15T14:13:44Z
3,#SmackDown,15,Foodie Tasting Events in New Mexico | Let the smackdown begin!,https://ediblesmackdown.com/,2025-11-15T14:13:44Z
3,#SmackDown,16,WWE Friday Night SmackDown | Bon Secours Wellness Arena,https://www.bonsecoursarena.com/events/detail/wwe-friday-night-smackdown-greenville-tickets,2025-11-15T14:13:44Z
3,#SmackDown,17,WWE® & Big 12 Conference to Bring Friday Night Smackdown to ...,https://big12sports.com/news/2025/7/8/wwe-big-12-conference-to-bring-friday-night-smackdown-to-big-12-markets-during-2025-college-football-season.aspx,2025-11-15T14:13:44Z
3,#SmackDown,18,"""#smackdown"" - Results on X | Live Posts & Updates",https://x.com/hashtag/smackdown,2025-11-15T14:13:44Z
3,#SmackDown,19,WWE Friday Night SmackDown | T-Mobile Arena,https://www.t-mobilearena.com/events/detail/wwe-friday-night-smackdown-1,2025-11-15T14:13:44Z
3,#SmackDown,20,Smackdown Cancer | Riley Children's Foundation,https://rileykids.org/get-involved/events/smackdown-cancer-2,2025-11-15T14:13:44Z
4,Steph,1,Stephen Curry - Golden State Warriors Guard - ESPN,https://www.espn.com/nba/player/_/id/3975/stephen-curry,2025-11-15T14:13:48Z
4,Steph,2,Wardell Curry (@stephencurry30) • Instagram photos and videos,https://www.instagram.com/stephencurry30/?hl=en,2025-11-15T14:13:48Z
4,Steph,3,"Stephen Curry Stats, Height, Weight, Position, Draft Status and more ...",https://www.basketball-reference.com/players/c/curryst01.html,2025-11-15T14:13:48Z
4,Steph,4,Steph Jagger,https://www.stephjagger.com/,2025-11-15T14:13:48Z
4,Steph,5,Stephen Curry,https://www.facebook.com/StephenCurryOfficial/,2025-11-15T14:13:48Z
4,Steph,6,Steph Smith (@stephsmithio) / Posts / X,https://x.com/stephsmithio,2025-11-15T14:13:48Z
4,Steph,7,"Steph | Smith - Remote Work, Continuous Growth, and Technology",https://stephsmith.io/,2025-11-15T14:13:48Z
4,Steph,8,Steph Gaudreau: Nutrition and Fitness Coach for Women Over 40,https://www.stephgaudreau.com/,2025-11-15T14:13:48Z
4,Steph,9,Steph Bruce,https://www.stephbruce.com/,2025-11-15T14:13:48Z
4,Steph,10,"Steph Anya, LMFT - YouTube",https://www.youtube.com/stephanya,2025-11-15T14:13:48Z
4,Steph,11,Steph Tai | University of Wisconsin Law School,https://law.wisc.edu/profiles/steph.tai,2025-11-15T14:13:48Z
4,Steph,12,Stephen Curry - Wikipedia,https://en.wikipedia.org/wiki/Stephen_Curry,2025-11-15T14:13:48Z
4,Steph,13,steph - Twitch,https://www.twitch.tv/steph,2025-11-15T14:13:48Z
4,Steph,14,Steph Routh for East Portland,https://www.steph4eastportland.com/,2025-11-15T14:13:48Z
4,Steph,15,Stephen Curry | Guard | Golden State Warriors | NBA.com,https://www.nba.com/player/201939/stephen-curry,2025-11-15T14:13:48Z
4,Steph,16,Does Steph really love Bert? : r/Fotv,https://www.reddit.com/r/Fotv/comments/1d6x3d0/does_steph_really_love_bert/,2025-11-15T14:13:48Z
4,Steph,17,Steph Keller Photography: Wedding photographer,https://www.stephkeller.com/,2025-11-15T14:13:48Z
4,Steph,18,Steph | Smith,https://blog.stephsmith.io/,2025-11-15T14:13:48Z
4,Steph,19,What It Takes | By Steph Houghton,https://projects.theplayerstribune.com/steph-houghton-england-soccer-manchester-city/p/1,2025-11-15T14:13:48Z
4,Steph,20,"Steph Davis - Professional Climber, BASE Jumper & Adventure Athlete",https://stephdavis.co/,2025-11-15T14:13:48Z
5,Bubba,1,"BUBBA | Fishing Gear, Knives, and Tools",https://www.bubba.com/,2025-11-15T14:13:53Z
5,Bubba,2,Bubba - Southern Comforts Restaurant,https://www.bubbadsm.com/,2025-11-15T14:13:53Z
5,Bubba,3,Bubba's 33: Home,https://www.bubbas33.com/,2025-11-15T14:13:53Z
5,Bubba,4,Bubba Wallace (@bubbawallace) • Instagram photos and videos,https://www.instagram.com/bubbawallace/?hl=en,2025-11-15T14:13:53Z
5,Bubba,5,Bubba - Wikipedia,https://en.wikipedia.org/wiki/Bubba,2025-11-15T14:13:53Z
5,Bubba,6,Bubba Gump Shrimp Co. | Seafood Restaurant,https://www.bubbagump.com/,2025-11-15T14:13:53Z
5,Bubba,7,bubba watson (@bubbawatson) / Posts / X,https://x.com/bubbawatson?lang=en,2025-11-15T14:13:53Z
5,Bubba,8,Bubba Sparxxx Music,https://www.facebook.com/TheRealBubbaK/,2025-11-15T14:13:53Z
5,Bubba,9,BUBBA - Album by KAYTRANADA | Spotify,https://open.spotify.com/album/5FQ4sOGqRWUA5wO20AwPcO,2025-11-15T14:13:53Z
5,Bubba,10,Bubba's – Restaurant & Bar – Traverse City Restaurant,https://www.tcbubbas.com/,2025-11-15T14:13:53Z
5,Bubba,11,"Home • Bubba's ""Cooks Country"" • Dallas, TX",https://bubbascookscountry.com/,2025-11-15T14:13:53Z
5,Bubba,12,"Bubba's Frozen Custard - Burger Joint in Pewaukee, WI",https://www.bubbasfrozencustard.com/,2025-11-15T14:13:53Z
5,Bubba,13,"Bubba Brand: Your Favorite Water Bottles, Jugs, & Tumblers",https://www.bubbabrands.com/,2025-11-15T14:13:53Z
5,Bubba,14,Mama.Papa.Bubba.: Home,https://mamapapabubba.com/,2025-11-15T14:13:53Z
5,Bubba,15,Angus Beef BUBBA burger | The Classic 100 ... - BUBBA Burger,https://bubbafoods.com/products/angus-beef/,2025-11-15T14:13:53Z
5,Bubba,16,A deep dive into Bubba Wallace's progression on road courses : r ...,https://www.reddit.com/r/NASCAR/comments/1j17c49/a_deep_dive_into_bubba_wallaces_progression_on/,2025-11-15T14:13:53Z
5,Bubba,17,"Obituary information for Brandon ""Bubba"" Brewster",https://www.williams-kampp.com/obituaries/Brandon-Bubba-Brewster?obId=43941330,2025-11-15T14:13:53Z
5,Bubba,18,Golden Isles Favorite Bubba Garcia's arrives in Savannah - Eat It ...,https://eatitandlikeit.com/golden-isles-favorite-bubba-garcias-arrives-in-savannah/,2025-11-15T14:13:53Z
5,Bubba,19,"James Purnell ""Bubba"" Brinkley, Sr. Obituary October 20, 2025 ...",https://www.sumnerfuneral.com/obituaries/james-brinkley-sr,2025-11-15T14:13:53Z
5,Bubba,20,"Lauren “Bubba” McDonald, Jr.",https://psc.ga.gov/about-the-psc/commissioners/lauren-mcdonald/,2025-11-15T14:13:53Z
6,Clemson,1,"Clemson University, South Carolina",https://www.clemson.edu/,2025-11-15T14:13:57Z
6,Clemson,2,Clemson Tigers | Clemson University Athletics,https://clemsontigers.com/,2025-11-15T14:13:57Z
6,Clemson,3,"Clemson Tigers Scores, Stats and Highlights - ESPN",https://www.espn.com/college-football/team/_/id/228/clemson-tigers,2025-11-15T14:13:57Z
6,Clemson,4,"Clemson, SC | Official Website",https://www.clemsoncity.org/,2025-11-15T14:13:57Z
6,Clemson,5,Clemson University - Wikipedia,https://en.wikipedia.org/wiki/Clemson_University,2025-11-15T14:13:57Z
6,Clemson,6,"Clemson Area Chamber of Commerce | Clemson, SC",https://www.clemsonareachamber.org/,2025-11-15T14:13:57Z
6,Clemson,7,Clemson University Research Foundation: CURF,https://curf.clemson.edu/,2025-11-15T14:13:57Z
6,Clemson,8,[Postgame Thread] Clemson Defeats Louisville 20-19 : r/CFB,https://www.reddit.com/r/CFB/comments/1oxi0uq/postgame_thread_clemson_defeats_louisville_2019/,2025-11-15T14:13:57Z
6,Clemson,9,Clemson Composites – A new center at Clemson University,https://clemsoncomposites.com/,2025-11-15T14:13:57Z
6,Clemson,10,Fiercely Forward | A Campaign for Clemson,https://fiercelyforward.clemson.edu/,2025-11-15T14:13:57Z
6,Clemson,11,Clemson Alumni Association – Clemson University,https://alumni.clemson.edu/,2025-11-15T14:13:57Z
6,Clemson,12,Clemson scientist: Study shows Joro spiders 'here to stay ...,https://news.clemson.edu/clemson-scientist-study-shows-joro-spiders-are-here-to-stay-spreading-fast/,2025-11-15T14:13:57Z
6,Clemson,13,Special Collections and Archives – Clemson Libraries,https://libraries.clemson.edu/specialcollections/,2025-11-15T14:13:57Z
6,Clemson,14,Giving to Clemson - Make a Gift to Clemson University - Clemson ...,https://iamatiger.clemson.edu/giving,2025-11-15T14:13:57Z
6,Clemson,15,Carolina Oaks Dental Care: Dentist Clemson SC,https://carolinaoaksclemson.com/,2025-11-15T14:13:57Z
6,Clemson,16,Clemson Community Care | Upstate SC Nonprofit Organization,https://www.clemsoncommunitycare.org/,2025-11-15T14:13:57Z
6,Clemson,17,Clemson Downs | Retire Well,https://www.clemsondowns.com/,2025-11-15T14:13:57Z
6,Clemson,18,Clemson Presbyterian Church - Home,https://clemsonpres.org/,2025-11-15T14:13:57Z
6,Clemson,19,Clemson Women's Track & Field Results & Statistics - TFRRS,https://www.tfrrs.org/teams/tf/SC_college_f_Clemson.html,2025-11-15T14:13:57Z
6,Clemson,20,Home - Inn at Clemson - Official Website – Best Available Rate ...,https://www.innatclemson.com/home,2025-11-15T14:13:57Z
7,Wemby,1,Victor Wembanyama (@wemby) • Instagram photos and videos,https://www.instagram.com/wemby/?hl=en,2025-11-15T14:14:01Z
7,Wemby,2,Victor Wembanyama - San Antonio Spurs Forward - ESPN,https://www.espn.com/nba/player/_/id/5104157/victor-wembanyama,2025-11-15T14:14:01Z
7,Wemby,3,"Victor Wembanyama Stats, Height, Weight, Position, Draft Status ...",https://www.basketball-reference.com/players/w/wembavi01.html,2025-11-15T14:14:01Z
7,Wemby,4,Victor Wembanyama - Wikipedia,https://en.wikipedia.org/wiki/Victor_Wembanyama,2025-11-15T14:14:01Z
7,Wemby,5,Victor Wembanyama | Forward-Center | San Antonio Spurs | NBA.com,https://www.nba.com/player/1641705/victor-wembanyama,2025-11-15T14:14:01Z
7,Wemby,6,[OC] I rewatched every single Wemby post-up play so far this season ...,https://www.reddit.com/r/NBASpurs/comments/1goh8iy/oc_i_rewatched_every_single_wemby_postup_play_so/,2025-11-15T14:14:01Z
7,Wemby,7,Victor Wembanyama (@wemby) | TikTok,https://www.tiktok.com/@wemby?lang=en,2025-11-15T14:14:01Z
7,Wemby,8,"Wemby: ""It's my dream to spend my entire career with one franchise ...",https://www.reddit.com/r/NBASpurs/comments/1lzuqcu/wemby_its_my_dream_to_spend_my_entire_career_with/,2025-11-15T14:14:01Z
7,Wemby,9,"Wemby for MVP, the Lakers' Austin Reaves dilemma and more early ...",https://www.nytimes.com/athletic/6756143/2025/10/28/wembanyama-mvp-lakers-austin-reaves-nba/,2025-11-15T14:14:01Z
7,Wemby,10,Why Sochan is NOT hating on or being jealous of Wemby and ...,https://www.reddit.com/r/NBASpurs/comments/18r3xpc/why_sochan_is_not_hating_on_or_being_jealous_of/,2025-11-15T14:14:01Z
7,Wemby,11,Wemby on X,https://x.com/wemby/status/1672770721989251075?lang=en,2025-11-15T14:14:01Z
7,Wemby,12,Are there news about Wemby's recovery? : r/NBASpurs,https://www.reddit.com/r/NBASpurs/comments/1kpl80m/are_there_news_about_wembys_recovery/,2025-11-15T14:14:01Z
7,Wemby,13,How tall is Wemby?,https://www.facebook.com/groups/spursreport/posts/28815314254749065/,2025-11-15T14:14:01Z
7,Wemby,14,The Victor Wembanyama Interview: Wemby Goes Deep on His ...,https://www.theringer.com/2024/04/18/nba/victor-wembanyama-san-antonio-spurs-interview,2025-11-15T14:14:01Z
7,Wemby,15,Victor Wembanyama - San Antonio Spurs Forward - ESPN (PH),https://www.espn.ph/nba/player/_/id/5104157/victor-wembanyama,2025-11-15T14:14:01Z
7,Wemby,16,I Played Chess With Wemby - by Madeline Hill,https://www.impersonalfoul.com/p/i-played-chess-with-wemby,2025-11-15T14:14:01Z
7,Wemby,17,How Tall Is Victor Wembanyama? We Zoomed In On the Most ...,https://bleacherreport.com/articles/25261252-how-tall-victor-wembanyama-we-zoomed-most-revealing-photos,2025-11-15T14:14:01Z
7,Wemby,18,"3 things you missed from the NBA: Wemby vs. Flagg, historic rookie ...",https://www.cnn.com/2025/10/23/sport/basketball-nba-wednesday-review-wembanyama-flagg-edgecombe-intl,2025-11-15T14:14:01Z
7,Wemby,19,Why has Wemby Been Struggling?–PTI – Apple Podcasts,https://podcasts.apple.com/zm/podcast/why-has-wemby-been-struggling/id147232181?i=1000735636943,2025-11-15T14:14:01Z
7,Wemby,20,Can Wemby make the MVP leap? - by Joseph George,https://www.natesilver.net/p/can-wemby-make-the-mvp-leap,2025-11-15T14:14:01Z
8,Wale,1,Wale: Home,https://www.walemusic.com/,2025-11-15T14:14:06Z
8,Wale,2,Wale (@wale) • Instagram photos and videos,https://www.instagram.com/wale/?hl=en,2025-11-15T14:14:06Z
8,Wale,3,Wale (@Wale) / Posts / X,https://x.com/Wale,2025-11-15T14:14:06Z
8,Wale,4,Wale (rapper) - Wikipedia,https://en.wikipedia.org/wiki/Wale_(rapper),2025-11-15T14:14:06Z
8,Wale,5,Wale | Spotify,https://open.spotify.com/artist/67nwj3Y5sZQLl72VNUHEYE,2025-11-15T14:14:06Z
8,Wale,6,Wale - YouTube,https://www.youtube.com/channel/UCN5dSZVxZtDULZ-ogtbEh4Q,2025-11-15T14:14:06Z
8,Wale,7,WALE Definition & Meaning - Merriam-Webster,https://www.merriam-webster.com/dictionary/wale,2025-11-15T14:14:06Z
8,Wale,8,Wale Announces New Album 'Everything Is a Lot': 'I Want to Express ...,https://www.reddit.com/r/hiphopheads/comments/1o5o8si/wale_announces_new_album_everything_is_a_lot_i/,2025-11-15T14:14:06Z
8,Wale,9,Wale,https://www.facebook.com/waleofficial/,2025-11-15T14:14:06Z
8,Wale,10,"Wale w/ Jeremih, TOB",https://theanthemdc.com/event/wale-w-jeremih-tob/,2025-11-15T14:14:06Z
8,Wale,11,Wale Akinmoladun - Spencer Fane,https://www.spencerfane.com/professionals/wale-akinmoladun/,2025-11-15T14:14:06Z
8,Wale,12,Wale,https://music.youtube.com/channel/UCN5dSZVxZtDULZ-ogtbEh4Q,2025-11-15T14:14:06Z
8,Wale,13,Carla Wale | UW School of Law,https://www.law.uw.edu/directory/faculty/wale-carla/,2025-11-15T14:14:06Z
8,Wale,14,"Stream WALE music | Listen to songs, albums, playlists for free on ...",https://soundcloud.com/walefolarin,2025-11-15T14:14:06Z
8,Wale,15,Wale Adebanwi | Africana Studies,https://africana.sas.upenn.edu/people/wale-adebanwi,2025-11-15T14:14:06Z
8,Wale,16,Wide Wale – Pure Project,https://shop.purebrewing.org/products/wide-wale,2025-11-15T14:14:06Z
8,Wale,17,Wide Wale,https://lunatextiles.com/fabric/uww211/,2025-11-15T14:14:06Z
8,Wale,18,WALE – Network for Entrepreneurs in Wilmington,https://newilm.com/category/wale/,2025-11-15T14:14:06Z
8,Wale,19,Wale Wear - Wale Apparatus,https://www.waleapparatus.com/category/wale-wear,2025-11-15T14:14:06Z
8,Wale,20,"M.S. Workforce, Adult, & Lifelong Education (WALE) | EAHR",https://eahr.tamu.edu/academics/wale/,2025-11-15T14:14:06Z
9,#SaturdayVibes,1,Me and my girl hanging out with @azcardscheer #sat ...,https://www.facebook.com/therealccp/posts/me-and-my-girl-hanging-out-with-azcardscheer-sat-saturdayvibes-chillin-vibe-mood/1298342188321539/,2025-11-15T14:14:11Z
9,#SaturdayVibes,2,It is Saturday my dudes #saturdayvibes #saturday #crab #crabcake ...,https://www.instagram.com/p/CaeFRuSOQg2/?hl=en,2025-11-15T14:14:11Z
9,#SaturdayVibes,3,#saturdayvibes climbing & good food back on the rope again since a ...,https://www.facebook.com/petraklingler92/posts/saturdayvibes-climbing-good-food-back-on-the-rope-again-since-a-long-time-%EF%B8%8Fthank/1190576919549070/,2025-11-15T14:14:11Z
9,#SaturdayVibes,4,Saturday vibes only ☕️ . @cunja.si . #saturdayvibes #sunnydays ...,https://www.instagram.com/p/DO00pPliLOY/,2025-11-15T14:14:11Z
9,#SaturdayVibes,5,#saturdayvibes #familytime #fatherdaughtermoments #rockingblue ...,https://www.linkedin.com/posts/glorialwakabamba_saturdayvibes-familytime-fatherdaughtermoments-activity-7334535770352893952-6saL,2025-11-15T14:14:11Z
9,#SaturdayVibes,6,#SaturdayVibes Hope everyone got through yesterday's storm ...,https://x.com/s4r4h_l/status/1989623392358862904/photo/1,2025-11-15T14:14:11Z
9,#SaturdayVibes,7,#saturdayvibes #saturdaythrowback #bestfriend | Samm Marshall,https://www.linkedin.com/posts/samm-marshall_saturdayvibes-saturdaythrowback-bestfriend-activity-6712960717944844288-Kxqy,2025-11-15T14:14:11Z
9,#SaturdayVibes,8,Best #saturdayvibes Hashtags for Instagram & TikTok - Top Trends ...,https://best-hashtags.com/hashtag/saturdayvibes/,2025-11-15T14:14:11Z
9,#SaturdayVibes,9,"#halloween #saturdayvibes | Kathy Klotz-Guest MA, MBA",https://www.linkedin.com/posts/kathyklotzguest_halloween-saturdayvibes-activity-7390422200786489344-CfNz,2025-11-15T14:14:11Z
9,#SaturdayVibes,10,Discover 19 Saturday Vibes and Saturday Quotes Ideas | i love ...,https://www.pinterest.com/dicombs/saturday-vibes/,2025-11-15T14:14:11Z
9,#SaturdayVibes,11,Best #saturdayvibes Hashtags for Instagram & TikTok - Top Trends ...,https://best-hashtags.com/hashtag/saturdayvibes/,2025-11-15T14:14:11Z
9,#SaturdayVibes,12,Discover 19 Saturday Vibes and Saturday Quotes Ideas | i love ...,https://www.pinterest.com/dicombs/saturday-vibes/,2025-11-15T14:14:11Z
9,#SaturdayVibes,13,#saturdayvibes hope you got some time on the project today ...,https://www.youtube.com/shorts/cIzU6oooU5I,2025-11-15T14:14:11Z
9,#SaturdayVibes,14,Social - Enjoy your Saturday #happysaturday #saturdaymood ...,https://m.facebook.com/SocialButterflyAtl/photos/enjoy-your-saturday-happysaturday-saturdaymood-saturdaymotivation-saturdayvibes-/1037683055025230/,2025-11-15T14:14:11Z
9,#SaturdayVibes,15,Bayou - Saturday Vibes at Bayou Park Apartments! ☀️ It's a ...,https://m.facebook.com/BayouPark/photos/-saturday-vibes-at-bayou-park-apartments-%EF%B8%8Fits-a-beautiful-day-to-find-your-new-h/1261834219293002/,2025-11-15T14:14:11Z
9,#SaturdayVibes,16,"Stag - #saturdayvibes join ROADS Provided By WithYou Tea, Toast ...",https://m.facebook.com/ppg.stagmedical/photos/saturdayvibes-join-roads-provided-by-withyoutea-toast-chat-%EF%B8%8Fcarnson-house-moorga/1073055218306385/,2025-11-15T14:14:11Z
10,Judge,1,Judge - Wikipedia,https://en.wikipedia.org/wiki/Judge,2025-11-15T14:14:15Z
10,Judge,2,"Aaron Judge Stats, Age, Position, Height, Weight, Fantasy & News ...",https://www.mlb.com/player/aaron-judge-592450,2025-11-15T14:14:15Z
10,Judge,3,Aaron Judge (@thejudge44) • Instagram photos and videos,https://www.instagram.com/thejudge44/?hl=en,2025-11-15T14:14:15Z
10,Judge,4,Trump-appointed judge praises prosecutors placed on leave after ...,https://www.nbcnews.com/politics/justice-department/trump-appointed-judge-praises-prosecutors-placed-leave-calling-jan-6-r-rcna240866,2025-11-15T14:14:15Z
10,Judge,5,JUDGE PATRICK W. CORUM,https://www.utcourts.gov/en/about/courts/judges-bios/district-courts/third-district-court/patrick-w-corum.html,2025-11-15T14:14:15Z
10,Judge,6,Judge Victor P. Stabile | Superior Court Judges | Superior Court ...,https://www.pacourts.us/courts/superior-court/superior-court-judges/judge-victor-p-stabile,2025-11-15T14:14:15Z
10,Judge,7,"Aaron Judge Stats, Height, Weight, Position, Rookie Status & More ...",https://www.baseball-reference.com/players/j/judgeaa01.shtml,2025-11-15T14:14:15Z
10,Judge,8,District Judge William H. Alsup | Northern District of California ...,https://cand.uscourts.gov/judges/wha/alsup-william-h,2025-11-15T14:14:15Z
10,Judge,9,TJB | About Texas Courts | Business Court | About the Court | Judge ...,https://www.txcourts.gov/businesscourt/about-the-court/judge-stacy-rogers-sharp/,2025-11-15T14:14:15Z
10,Judge,10,Senior United States District Judge Kimberly J. Mueller - New CAED,https://www.caed.uscourts.gov/CAEDnew/index.cfm/judges/all-judges/5020/,2025-11-15T14:14:15Z
10,Judge,11,Judge Brantley Starr | Northern District of Texas | United States ...,https://www.txnd.uscourts.gov/judge/judge-brantley-starr,2025-11-15T14:14:15Z
10,Judge,12,Ona Judge | George Washington's Mount Vernon,https://www.mountvernon.org/library/digitalhistory/digital-encyclopedia/article/ona-judge,2025-11-15T14:14:15Z
10,Judge,13,Pro Tem Judge Appointments ... - Oregon Judicial Department,https://www.courts.oregon.gov/courts/pages/pro-tem.aspx,2025-11-15T14:14:15Z
10,Judge,14,Administrative Law Judge,https://www.cpuc.ca.gov/about-cpuc/divisions/administrative-law-judge,2025-11-15T14:14:15Z
10,Judge,15,Oregon Judicial Department : Presiding Judge Orders : Going to ...,https://www.courts.oregon.gov/courts/multnomah/go/pages/presiding-judge-orders.aspx,2025-11-15T14:14:15Z
10,Judge,16,Judge-by-Judge Asylum Decisions in Immigration Courts,https://tracreports.org/immigration/reports/judgereports/,2025-11-15T14:14:15Z
10,Judge,17,Judge Dan Aaron Polster | Northern District of Ohio | United States ...,https://www.ohnd.uscourts.gov/content/judge-dan-aaron-polster,2025-11-15T14:14:15Z
10,Judge,18,Judge Jane E. Magnus-Stinson | Southern District of Indiana | United ...,https://www.insd.uscourts.gov/content/judge-jane-e-magnus-stinson,2025-11-15T14:14:15Z
10,Judge,19,Judge Matthew J. Kacsmaryk | Northern District of Texas | United ...,https://www.txnd.uscourts.gov/judge/judge-matthew-kacsmaryk,2025-11-15T14:14:15Z
10,Judge,20,Senior Judge Royce C. Lamberth | District of Columbia | United ...,https://www.dcd.uscourts.gov/content/senior-judge-royce-c-lamberth,2025-11-15T14:14:15Z
11,Summer Walker,1,(@summerwalker) • Instagram photos and videos,https://www.instagram.com/summerwalker/?hl=en,2025-11-15T14:14:20Z
11,Summer Walker,2,Summer Walker: Home,https://www.summerwalkermusic.com/,2025-11-15T14:14:20Z
11,Summer Walker,3,Summer Walker - Wikipedia,https://en.wikipedia.org/wiki/Summer_Walker,2025-11-15T14:14:20Z
11,Summer Walker,4,"summerwalker on Instagram: ""Fuck My Type""",https://www.instagram.com/p/DOU4UD1DGYU/?hl=en,2025-11-15T14:14:20Z
11,Summer Walker,5,Summer Walker | Spotify,https://open.spotify.com/artist/57LYzLEk2LcFghVwuWbcuS,2025-11-15T14:14:20Z
11,Summer Walker,6,Summer Walker,https://www.facebook.com/SummerWalkerOfficial/,2025-11-15T14:14:20Z
11,Summer Walker,7,SUMMER WALKER (@IAMSUMMERWALKER) / Posts / X,https://x.com/IAMSUMMERWALKER,2025-11-15T14:14:20Z
11,Summer Walker,8,Summer Walker (@summerwalker) | TikTok,https://www.tiktok.com/@summerwalker?lang=en,2025-11-15T14:14:20Z
11,Summer Walker,9,Summer Walker - YouTube,https://www.youtube.com/@summerwalker,2025-11-15T14:14:20Z
11,Summer Walker,10,[FRESH ALBUM] Summer Walker - Finally Over It : r/hiphopheads,https://www.reddit.com/r/hiphopheads/comments/1ownlsz/fresh_album_summer_walker_finally_over_it/,2025-11-15T14:14:20Z
11,Summer Walker,11,Summer Walker,https://music.youtube.com/channel/UCSpNS4dJ8wIScwMqatIdiQw,2025-11-15T14:14:20Z
11,Summer Walker,12,"Summer Walker to release third studio album, Finally Over It, on ...",https://www.reddit.com/r/popheads/comments/1o7ftbm/summer_walker_to_release_third_studio_album/,2025-11-15T14:14:20Z
11,Summer Walker,13,Summer Walker | Global Initiative,https://globalinitiative.net/profile/summer-walker/,2025-11-15T14:14:20Z
11,Summer Walker,14,Thoughts of Summer Walker's Finally Over It? : r/rnb,https://www.reddit.com/r/rnb/comments/1owx113/thoughts_of_summer_walkers_finally_over_it/,2025-11-15T14:14:20Z
11,Summer Walker,15,Gold & Platinum - RIAA,https://www.riaa.com/gold-%20platinum/?tab_active=default-award&se=summer+walker,2025-11-15T14:14:20Z
11,Summer Walker,16,Any female artists similar to Summer Walker? : r/rnb,https://www.reddit.com/r/rnb/comments/sbnfws/any_female_artists_similar_to_summer_walker/,2025-11-15T14:14:20Z
11,Summer Walker,17,Video: Watch Summer Walker Play The Tiny Desk : NPR,https://www.npr.org/2019/10/18/770748445/summer-walker-tiny-desk-concert,2025-11-15T14:14:20Z
11,Summer Walker,18,Summer Walker is not the greatest singer but she makes AMAZING ...,https://www.reddit.com/r/rnb/comments/1humdy9/summer_walker_is_not_the_greatest_singer_but_she/,2025-11-15T14:14:20Z
11,Summer Walker,19,Summer Walker is Anxious and Awkward and I'm Glad She's Here ...,https://awesomelyluvvie.com/2019/11/summer-walker-awkward.html,2025-11-15T14:14:20Z
11,Summer Walker,20,Summer Walker's best song is _____ : r/rnb,https://www.reddit.com/r/rnb/comments/1bncqgz/summer_walkers_best_song_is/,2025-11-15T14:14:20Z
12,Kevin James,1,Kevin James (@kevinjamesofficial) • Instagram photos and videos,https://www.instagram.com/kevinjamesofficial/?hl=en,2025-11-15T14:14:24Z
12,Kevin James,2,Kevin James - Wikipedia,https://en.wikipedia.org/wiki/Kevin_James,2025-11-15T14:14:24Z
12,Kevin James,3,Kevin James,http://www.kevinjames.com/,2025-11-15T14:14:24Z
12,Kevin James,4,Kevin James - IMDb,https://www.imdb.com/name/nm0416673/,2025-11-15T14:14:24Z
12,Kevin James,5,Kevin James (@KevinJames) / Posts / X,https://x.com/KevinJames,2025-11-15T14:14:24Z
12,Kevin James,6,Kevin James,https://www.facebook.com/KevinJames/,2025-11-15T14:14:24Z
12,Kevin James,7,Kevin James (@kevinjamesofficial) | TikTok,https://www.tiktok.com/@kevinjamesofficial?lang=en,2025-11-15T14:14:24Z
12,Kevin James,8,Kevin James - YouTube,https://www.youtube.com/kevinjames,2025-11-15T14:14:24Z
12,Kevin James,9,"Kevin James | May 10, 2026 | Ticket Omaha",https://ticketomaha.com/events/kevin-james-x1p6,2025-11-15T14:14:24Z
12,Kevin James,10,Kevin James on X,https://x.com/KevinJames/status/1707098727603896581,2025-11-15T14:14:24Z
12,Kevin James,11,Kevin James - Ryman Auditorium,https://www.ryman.com/event/2026-04-09-kevin-james-at-7-pm,2025-11-15T14:14:24Z
12,Kevin James,12,Kevin James | Dr. Phillips Center for the Performing Arts,https://www.drphillipscenter.org/events/tickets/2026/kevin-james/,2025-11-15T14:14:24Z
12,Kevin James,13,Kevin James: Eat the Frog | Fox Cities Performing Arts Center,https://foxcitiespac.com/event/kevin-james-eat-the-frog/,2025-11-15T14:14:24Z
12,Kevin James,14,"Kevin James: Biography, Actor, King of Queens",https://www.biography.com/actors/kevin-james,2025-11-15T14:14:24Z
12,Kevin James,15,Meet our President - Morris Brown College,https://morrisbrown.edu/president/,2025-11-15T14:14:24Z
12,Kevin James,16,"Kevin James Bathauer Obituary September 15, 2024 - Schrader ...",https://www.schradercares.com/obituaries/kevin-bathauer,2025-11-15T14:14:24Z
12,Kevin James,17,Kevin James being two different characters. : r ...,https://www.reddit.com/r/EverybodyLovesRaymond/comments/rb0g3p/kevin_james_being_two_different_characters/,2025-11-15T14:14:24Z
12,Kevin James,18,Are Kevin James and Matt Taylor the Same Person? Watch These ...,https://www.netflix.com/tudum/articles/kevin-james-movies-tv-shows,2025-11-15T14:14:24Z
12,Kevin James,19,Obituary information for Kevin James Figuray,https://www.mossfuneral.com/obituaries/Kevin-James-Figuray?obId=33970915,2025-11-15T14:14:24Z
12,Kevin James,20,Kevin R. James - Executive Producer | LinkedIn,https://www.linkedin.com/in/kevinjames1534,2025-11-15T14:14:24Z
13,Landry Shamet,1,Landry Shamet - New York Knicks Guard - ESPN,https://www.espn.com/nba/player/_/id/3914044/landry-shamet,2025-11-15T14:14:28Z
13,Landry Shamet,2,"Landry Shamet Stats, Height, Weight, Position, Draft Status and ...",https://www.basketball-reference.com/players/s/shamela01.html,2025-11-15T14:14:28Z
13,Landry Shamet,3,Landry Shamet (@landryshamet) • Instagram photos and videos,https://www.instagram.com/landryshamet/?hl=en,2025-11-15T14:14:28Z
13,Landry Shamet,4,Landry Shamet - Wikipedia,https://en.wikipedia.org/wiki/Landry_Shamet,2025-11-15T14:14:28Z
13,Landry Shamet,5,Landry Shamet | Guard | New York Knicks | NBA.com,https://www.nba.com/player/1629013/landry-shamet,2025-11-15T14:14:28Z
13,Landry Shamet,6,Landry Shamet - Men's Basketball - Wichita State Athletics,https://goshockers.com/sports/mens-basketball/roster/landry-shamet/3306,2025-11-15T14:14:28Z
13,Landry Shamet,7,Landry Shamet (@landryshamet) / Posts / X,https://x.com/landryshamet?lang=en,2025-11-15T14:14:28Z
13,Landry Shamet,8,Landry Shamet Discussion : r/suns,https://www.reddit.com/r/suns/comments/105icps/landry_shamet_discussion/,2025-11-15T14:14:28Z
13,Landry Shamet,9,Knicks Notes: How will final roster spot shake out between Landry ...,https://sny.tv/articles/knicks-notes-navigating-final-roster-spot-shamet-brogdon-mathews,2025-11-15T14:14:28Z
13,Landry Shamet,10,Every team that starts the season with Landry Shamet ends in a ...,https://www.reddit.com/r/nba/comments/v4oup8/every_team_that_starts_the_season_with_landry/,2025-11-15T14:14:28Z
13,Landry Shamet,11,Landry Shamet - New York Knicks Guard - ESPN (PH),https://www.espn.ph/nba/player/_/id/3914044/landry-shamet,2025-11-15T14:14:28Z
13,Landry Shamet,12,"Landry Shamet - Wikipedia, la enciclopedia libre",https://es.wikipedia.org/wiki/Landry_Shamet,2025-11-15T14:14:28Z
13,Landry Shamet,13,Congratulations Landry Shamet,https://www.facebook.com/groups/1105175007095555/posts/1862328511380197/,2025-11-15T14:14:28Z
13,Landry Shamet,14,"Landry Shamet (SG, SF) Stats, News, Rumors, Bio, Video - New ...",https://sports.yahoo.com/nba/players/6037/,2025-11-15T14:14:28Z
13,Landry Shamet,15,Landry Shamet will officially be a Knick this season. Congrats on ...,https://www.facebook.com/KnicksMovement/posts/landry-shamet-will-officially-be-a-knick-this-seasoncongrats-on-making-the-team-/1400679315394430/,2025-11-15T14:14:28Z
13,Landry Shamet,16,Landry Shamet's potential as a shooting guard | Liberty Ballers,https://www.libertyballers.com/2018/10/8/17950636/landry-shamet-sixers-shooting-guard-philadelphia-76ers-2018-2019,2025-11-15T14:14:28Z
13,Landry Shamet,17,Landry Shamet - NBA G League Stats,https://stats.gleague.nba.com/player/1629013/,2025-11-15T14:14:28Z
13,Landry Shamet,18,"Karl-Anthony Towns, Landry Shamet power Knicks past Heat | New ...",https://nypost.com/2025/11/14/sports/karl-anthony-towns-landry-shamet-power-knicks-past-heat/,2025-11-15T14:14:28Z
13,Landry Shamet,19,Westchester Knicks Select Matt Ryan (1st) and Landry Shamet (2nd ...,https://westchester.gleague.nba.com/news/westchester-knicks-select-matt-ryan-1st-and-landry-shamet-2nd-in-the-2024-25-nba-g-league-draft,2025-11-15T14:14:28Z
13,Landry Shamet,20,"Suns' Landry Shamet recalls time with Sixers, trade for Tobias Harris",https://sixerswire.usatoday.com/story/sports/nba/sixers/2022/11/08/suns-landry-shamet-recalls-time-with-sixers-trade-for-tobias-harris/76160956007/,2025-11-15T14:14:28Z
14,GAME DAY,1,"Where is 'College GameDay'? 2025 schedule, locations, recaps ...",https://www.espn.com/college-football/story/_/page/gamedaykickoff2025/college-gameday-2025-schedule-locations-recaps,2025-11-15T14:14:32Z
14,GAME DAY,2,Welcome to ESPN College GameDay,https://promo.espn.com/collegegameday/,2025-11-15T14:14:32Z
14,GAME DAY,3,ROAD TRIPPING TO NASHVILLE See you soon for Mizzou Football ...,https://www.facebook.com/collegegameday/posts/road-tripping-to-nashville-see-you-soon-for-mizzou-football-vs-vanderbilt-footba/1239183494903432/,2025-11-15T14:14:32Z
14,GAME DAY,4,GAME DAY COMMUNICATIONS,http://www.gamedaypr.com/,2025-11-15T14:14:32Z
14,GAME DAY,5,Game Day Package - NYC's oldest deli,https://katzsdelicatessen.com/game-day-package.html,2025-11-15T14:14:32Z
14,GAME DAY,6,Game Day Chicken Wings Burgers & Fish - American Restaurant in ...,https://www.gamedaychickenwingsandfish.com/,2025-11-15T14:14:32Z
14,GAME DAY,7,CAMBUS Football Shuttles and game day detours | Parking and ...,https://transportation.uiowa.edu/cambus-football-shuttles-and-game-day-detours,2025-11-15T14:14:32Z
14,GAME DAY,8,Game Day Cheerleading - New York State Public High School ...,https://nysphsaa.org/sports/2021/9/16/CHEER_0916214552.aspx,2025-11-15T14:14:32Z
14,GAME DAY,9,Minnesota Golden Gopher Event Information & Game Day FAQs ...,https://gophersports.com/sports/2019/10/10/gameday,2025-11-15T14:14:32Z
14,GAME DAY,10,Game Day Ad Analytics - Undergraduate,https://eccles.utah.edu/programs/undergraduate/game-day-ad-analytics/,2025-11-15T14:14:32Z
14,GAME DAY,11,Game Day - Presto Products - Presto®,https://www.gopresto.com/product/category/game-day,2025-11-15T14:14:32Z
14,GAME DAY,12,Game Day Express - City of Roseville,https://www.roseville.ca.us/government/departments/public_works/roseville_transit/services_schedules/game_day_express,2025-11-15T14:14:32Z
14,GAME DAY,13,Game Day - Tarleton State University,https://www.tarleton.edu/gameday/,2025-11-15T14:14:32Z
14,GAME DAY,14,FOOTBALL GAME DAY GUIDE - Utah State University Athletics,https://utahstateaggies.com/sports/2018/6/19/football-gameday-guide.aspx,2025-11-15T14:14:32Z
14,GAME DAY,15,Gameday Central - University of Tennessee Athletics,https://utsports.com/sports/2019/7/23/gameday-central,2025-11-15T14:14:32Z
14,GAME DAY,16,Gameday,https://gofrogs.com/gameday/football-vs-iowa-state/football/649/,2025-11-15T14:14:32Z
14,GAME DAY,17,Game Day Collection,https://www.puravidabracelets.com/collections/game-day-collection,2025-11-15T14:14:32Z
14,GAME DAY,18,Football Game Day - Rutgers University Athletics,https://scarletknights.com/sports/2023/7/19/football-game-day.aspx,2025-11-15T14:14:32Z
14,GAME DAY,19,Football Game Day - Colorado State Athletics,https://csurams.com/footballgameday,2025-11-15T14:14:32Z
14,GAME DAY,20,Football Game Day - University of Montana Athletics,https://gogriz.com/sports/2019/6/3/FB-game-day-page,2025-11-15T14:14:32Z
15,#MeAndTheeSeriesEP1,1,#MeAndTheeSeriesEp1 WAIT FOR ME,https://x.com/usernameisharsh/status/1989652133512450470,2025-11-15T14:14:37Z
15,#MeAndTheeSeriesEP1,2,#MeAndTheeSeriesEP1 • Worldwide • Twitter Trending Hashtag,https://getdaytrends.com/trend/%23MeAndTheeSeriesEP1/,2025-11-15T14:14:37Z
15,#MeAndTheeSeriesEP1,3,"""#MeAndTheeSeriesEP1"" - Results on X | Live Posts & Updates",https://x.com/search?q=%23MeAndTheeSeriesEP1,2025-11-15T14:14:37Z
15,#MeAndTheeSeriesEP1,4,Trend Update | @ppnaravit @phuwintang @GMMTV ...,https://x.com/Trendpondphuwin/status/1989666640028692892/photo/3,2025-11-15T14:14:37Z
15,#MeAndTheeSeriesEP1,5,[BOOSTER] RT & REPLY please - Your country - GMM25 or iQIYI ...,https://x.com/PPWjourney/status/1989639261101199531,2025-11-15T14:14:37Z
15,#MeAndTheeSeriesEP1,6,"150,000 here we come! PONDPHUWIN AT MAT PREMIERE ...",https://x.com/ppwtrendsup_V2/status/1989654767426285669/photo/1,2025-11-15T14:14:37Z
15,#MeAndTheeSeriesEP1,7,Let's go higher everyone! Keep tweeting PONDPHUWIN AT MAT ...,https://x.com/ppwtrendsup_V2/status/1989637602451091527,2025-11-15T14:14:37Z
15,#MeAndTheeSeriesEP1,8,"Less than 30,000 to reach 100k! ♥️ PONDPHUWIN AT MAT ...",https://x.com/ppwtrendsup_V2/status/1989647774846263787,2025-11-15T14:14:37Z
15,#MeAndTheeSeriesEP1,9,"300,000 tweets next! PONDPHUWIN AT MAT PREMIERE ...",https://x.com/ppwtrendsup_V2/status/1989666566565499088,2025-11-15T14:14:37Z
15,#MeAndTheeSeriesEP1,10,14112025 | Instagram Story est_rvp #MeAndTheeSeriesEP1 #est_rvp,https://x.com/EstSuphabrasil/status/1989664029523198310/photo/1,2025-11-15T14:14:37Z
15,#MeAndTheeSeriesEP1,11,PondPhuwin_italia (@pondphuwin_ita) / Posts / X,https://x.com/pondphuwin_ita,2025-11-15T14:14:37Z
15,#MeAndTheeSeriesEP1,12,the smile PONDPHUWIN AT MAT PREMIERE ...,https://x.com/_softaura/status/1989665089386156363/photo/1,2025-11-15T14:14:37Z
15,#MeAndTheeSeriesEP1,13,I love your smile PONDPHUWIN AT MAT PREMIERE ...,https://x.com/_panggpond__/status/1989665414625083395/photo/1,2025-11-15T14:14:37Z
15,#MeAndTheeSeriesEP1,14,lets gooo pondphuwin PONDPHUWIN AT MAT PREMIERE ...,https://x.com/naraphuww/status/1989637121859317889/photo/1,2025-11-15T14:14:37Z
15,#MeAndTheeSeriesEP1,15,SERIES OF THE YEAR! PONDPHUWIN AT MAT PREMIERE ...,https://x.com/NarawinsBrasil/status/1989635165149434373,2025-11-15T14:14:37Z
15,#MeAndTheeSeriesEP1,16,"Different series, still the same comfort PONDPHUWIN AT MAT ...",https://x.com/bloomingsummers/status/1989635521354813600,2025-11-15T14:14:37Z
15,#MeAndTheeSeriesEP1,17,"50,000 achieved! 100,000 next! ♥️ PONDPHUWIN AT MAT ...",https://x.com/ppwtrendsup_V2/status/1989644642581950725/photo/1,2025-11-15T14:14:37Z
15,#MeAndTheeSeriesEP1,18,lets gooo peach and khun theee PONDPHUWIN AT MAT ...,https://x.com/naraphuww/status/1989636926740328632,2025-11-15T14:14:37Z
15,#MeAndTheeSeriesEP1,19,MALAYSIAN HEREEEEEE LETS GOOOO PONDPHUWIN AT MAT ...,https://x.com/jjoongnata/status/1989640567480041671,2025-11-15T14:14:37Z
15,#MeAndTheeSeriesEP1,20,Yizzzzzz galing nag start na sya sawakas tapos na ang paghihintay,https://www.facebook.com/groups/542896187764758/posts/1220567233330980/,2025-11-15T14:14:37Z
16,#Varanasi,1,Varanasi - Wikipedia,https://en.wikipedia.org/wiki/Varanasi,2025-11-15T14:14:41Z
16,#Varanasi,2,Laalasa Varanasi | UCSF Profiles,https://profiles.ucsf.edu/laalasa.varanasi,2025-11-15T14:14:41Z
16,#Varanasi,3,Usha Varanasi | School of Aquatic and Fishery Sciences,https://fish.uw.edu/faculty-research/faculty/affiliate-faculty/usha-varanasi/,2025-11-15T14:14:41Z
16,#Varanasi,4,MECHE PEOPLE: Kripa Varanasi | MIT Department of Mechanical ...,https://meche.mit.edu/people/faculty/kripa@MIT.EDU,2025-11-15T14:14:41Z
16,#Varanasi,5,Sasidhar Varanasi | Manhattan University,https://manhattan.edu/campus-directory/svaranasi01,2025-11-15T14:14:41Z
16,#Varanasi,6,Rama Adithya Varanasi | NYU Tandon School of Engineering,https://engineering.nyu.edu/staff/rama-adithya-varanasi,2025-11-15T14:14:41Z
16,#Varanasi,7,Sangeeta Varanasi | UNC Health,https://www.unchealth.org/care-services/doctors/v/sangeeta-varanasi-md,2025-11-15T14:14:41Z
16,#Varanasi,8,Varanasi Research Group – Engineering at the interface between ...,https://varanasi.mit.edu/,2025-11-15T14:14:41Z
16,#Varanasi,9,"Jayadeep Varanasi, MD | Cardiology | Greensboro | Cone Health",https://www.conehealth.com/find-a-doctor/doctor-profile/jayadeep-varanasi/,2025-11-15T14:14:41Z
16,#Varanasi,10,"Varanasi | History, Map, Population, River, Pilgrimage, & Facts ...",https://www.britannica.com/place/Varanasi,2025-11-15T14:14:41Z
16,#Varanasi,11,Varanasi Lab,https://www.umassmed.edu/varanasilab/,2025-11-15T14:14:41Z
16,#Varanasi,12,"Jeff in Venice, Death in Varanasi: Dyer, Geoff: 9780307390301 ...",https://www.amazon.com/Jeff-Venice-Death-Varanasi-Geoff/dp/0307390306,2025-11-15T14:14:41Z
16,#Varanasi,13,Arti Patel Varanasi | Johns Hopkins AAP,https://advanced.jhu.edu/directory/arti-patel-varanasi/,2025-11-15T14:14:41Z
16,#Varanasi,14,"District Varanasi, Government of Uttar Pradesh | Varanasi the city ...",https://varanasi.nic.in/,2025-11-15T14:14:41Z
16,#Varanasi,15,Usha and S. Rao Varanasi launch inaugural endowment to support ...,https://sph.washington.edu/news-events/sph-blog/varanasi-endowment-undergraduate-public-health-research,2025-11-15T14:14:41Z
16,#Varanasi,16,"Mahesh Varanasi | Electrical, Computer & Energy Engineering ...",https://www.colorado.edu/ecee/mahesh-varanasi,2025-11-15T14:14:41Z
16,#Varanasi,17,"Dr. Neeraja L Varanasi, MD - Dearborn, MI - Infectious Diseases",https://providers.corewellhealth.org/provider/neeraja-l-varanasi/3192086,2025-11-15T14:14:41Z
16,#Varanasi,18,"Sasidhar Varanasi, Ph.D.",https://www.utoledo.edu/engineering/chemical-engineering/facultystaff/sasidhar.html,2025-11-15T14:14:41Z
16,#Varanasi,19,Murali Varanasi | University of North Texas,https://engineering.unt.edu/people/murali-varanasi.html,2025-11-15T14:14:41Z
16,#Varanasi,20,Kripa Varanasi named faculty director of the Deshpande Center for ...,https://news.mit.edu/2025/kripa-varanasi-named-faculty-director-deshpande-center-0422,2025-11-15T14:14:41Z
17,Massie,1,Congressman Thomas Massie,https://massie.house.gov/,2025-11-15T14:14:46Z
17,Massie,2,Thomas Massie - Wikipedia,https://en.wikipedia.org/wiki/Thomas_Massie,2025-11-15T14:14:46Z
17,Massie,3,"Office of the Clerk, U.S. House of Representatives - Thomas Massie",https://clerk.house.gov/members/M001184,2025-11-15T14:14:46Z
17,Massie,4,Robert L. Massie - Nelson Mullins,https://www.nelsonmullins.com/professionals/robert-massie,2025-11-15T14:14:46Z
17,Massie,5,Representative Curt Massie | South Dakota Legislature,https://sdlegislature.gov/Legislators/Profile/4451/Detail,2025-11-15T14:14:46Z
17,Massie,6,Black History Month: 5 Facts About Dr. Samuel P. Massie ...,https://www.energy.gov/articles/black-history-month-5-facts-about-dr-samuel-p-massie,2025-11-15T14:14:46Z
17,Massie,7,CLINTON MASSIE LOCAL SCHOOL DISTRICT CLINTON COUNTY ...,https://ohioauditor.gov/AuditSearch/Reports/2024/Clinton-Massie_Local_School_District_2023_Clinton_FINAL.pdf,2025-11-15T14:14:46Z
17,Massie,8,Massie Township,http://www.massietownship.org/,2025-11-15T14:14:46Z
17,Massie,9,Rand Paul vows support for Thomas Massie amid Trump-backed ...,https://www.politico.com/news/2025/10/24/rand-paul-thomas-massie-primary-challenge-00621018,2025-11-15T14:14:46Z
17,Massie,10,Bronson Massie - Football - Kansas State University Athletics,https://www.kstatesports.com/sports/football/roster/bronson-massie/761,2025-11-15T14:14:46Z
17,Massie,11,"A. McCauley Massie, MD | Department of Pediatrics",https://www.med.unc.edu/pediatrics/people/a-mccauley-massie-md/,2025-11-15T14:14:46Z
17,Massie,12,"Anna M. Massie, DVM, DACVS – University of Pennsylvania, School ...",https://www.vet.upenn.edu/directory/annamassie/,2025-11-15T14:14:46Z
17,Massie,13,Victoria Massie | Faculty | The People of Rice | Rice University,https://profiles.rice.edu/faculty/victoria-massie,2025-11-15T14:14:46Z
17,Massie,14,Massie Heritage Center: Home,http://massie.sccpss.com/,2025-11-15T14:14:46Z
17,Massie,15,Samuel P. Massie Academy,https://www.pgcps.org/schools/samuel-p.-massie-academy,2025-11-15T14:14:46Z
17,Massie,16,Jenné Massie Brown | Johns Hopkins | Bloomberg School of Public ...,https://publichealth.jhu.edu/faculty/4831/jenne-massie-brown,2025-11-15T14:14:46Z
17,Massie,17,Allan B. Massie,https://med.nyu.edu/faculty/allan-b-massie,2025-11-15T14:14:46Z
17,Massie,18,Alex Massie - 2022 - Softball - Alabama State University Athletics,https://bamastatesports.com/sports/softball/roster/alex-massie/6674,2025-11-15T14:14:46Z
17,Massie,19,Johnathan Massie - Men's Basketball - University of North Texas ...,https://meangreensports.com/sports/mens-basketball/roster/johnathan-massie/6689,2025-11-15T14:14:46Z
17,Massie,20,Robert K. Massie | Columbia SIPA,https://www.sipa.columbia.edu/communities-connections/faculty/robert-k-massie,2025-11-15T14:14:46Z
18,#Caturday,1,Caturday (@catur_dayy) / Posts / X,https://x.com/catur_dayy,2025-11-15T14:14:50Z
18,#Caturday,2,Happy Caturday! #cats #caturday,https://www.facebook.com/ScottMetzgerCartoons/posts/happy-caturdaycats-caturday/1250047593145327/,2025-11-15T14:14:50Z
18,#Caturday,3,"""#caturday"" - Results on X | Live Posts & Updates",http://x.com/search?q=%23caturday&src=hash,2025-11-15T14:14:50Z
18,#Caturday,4,Woody and Wren can't contain their excitement for this #Caturday ...,https://www.facebook.com/ZooAmerica/posts/woody-and-wren-cant-contain-their-excitement-for-this-caturday-share-your-favori/1301776288655255/,2025-11-15T14:14:50Z
18,#Caturday,5,"Chris Barron | Happy Caturday, all my cat freaks. @heyitsLNC ...",https://www.instagram.com/p/DLvfVATPDdN/,2025-11-15T14:14:50Z
18,#Caturday,6,"It's #Caturday, and Fergus is here to remind us all how it's done ...",https://www.facebook.com/JacksonGalaxy/posts/its-caturday-and-fergus-is-here-to-remind-us-all-how-its-done-maximum-snuggle-mo/1303730654442895/,2025-11-15T14:14:50Z
18,#Caturday,7,Couple of years ago when babysitting Alois Happy Caturday ...,https://www.instagram.com/p/DQzMko1ESUw/,2025-11-15T14:14:50Z
18,#Caturday,8,"Happy #caturday to those who celebrate, from me & #emilymonster.",https://www.facebook.com/jgunn/posts/happy-caturday-to-those-who-celebrate-from-me-emilymonster/1243673300449656/,2025-11-15T14:14:50Z
18,#Caturday,9,#caturday | Tracy Abell,https://tracyabell.com/tag/caturday/,2025-11-15T14:14:50Z
18,#Caturday,10,"It's #Caturday, and the squad is assembled. Whatever is about to ...",https://www.facebook.com/JacksonGalaxy/posts/its-caturday-and-the-squad-is-assembled-whatever-is-about-to-happen-they-are-rea/1315164703299490/,2025-11-15T14:14:50Z
18,#Caturday,11,"Caturday at Land Park this Saturday, July 26th from 10am-12pm! : r ...",https://www.reddit.com/r/Sacramento/comments/1m7nf79/caturday_at_land_park_this_saturday_july_26th/,2025-11-15T14:14:50Z
18,#Caturday,12,Khloe is serving full Tortie queen energy this #Caturday. Draped ...,https://www.facebook.com/JacksonGalaxy/posts/khloe-is-serving-full-tortie-queen-energy-this-caturday-draped-across-her-mom-ma/1331989131617047/,2025-11-15T14:14:50Z
18,#Caturday,13,Caturday | Corvallis Oregon,https://www.corvallisoregon.gov/parksrec/page/caturday,2025-11-15T14:14:50Z
18,#Caturday,14,Happy #Caturday,https://www.facebook.com/ScottMetzgerCartoons/posts/happy-caturday/1209241777225909/,2025-11-15T14:14:50Z
18,#Caturday,15,Happy #Caturday to best cat Mia! from .hack// : r/DotHack,https://www.reddit.com/r/DotHack/comments/qe9a4g/happy_caturday_to_best_cat_mia_from_hack/,2025-11-15T14:14:50Z
18,#Caturday,16,2 perfect loafs. 1 perfect #Caturday. Romeo (orange) and Salem ...,https://www.facebook.com/JacksonGalaxy/posts/2-perfect-loafs-1-perfect-caturday-romeo-orange-and-salem-black-are-serving-up-f/1270684757747485/,2025-11-15T14:14:50Z
18,#Caturday,17,Caturday Cat Cafe — The Neighbor's Cat,https://www.theneighborscat.com/caturday-cat-cafe,2025-11-15T14:14:50Z
18,#Caturday,18,We're all here on #Caturday,https://www.facebook.com/AuthorKarinSlaughter/posts/were-all-here-on-caturday/1325293888951390/,2025-11-15T14:14:50Z
18,#Caturday,19,MAUHAUS Cat Cafe & Lounge » Our Visit to Caturday Cat Cafe,https://mauhauscafe.com/2015/08/our-visit-to-caturday-cat-cafe/,2025-11-15T14:14:50Z
18,#Caturday,20,Happy #Caturday gang! Maybelline is serving looks and lounging ...,https://www.facebook.com/JacksonGalaxy/posts/happy-caturday-gang-maybelline-is-serving-looks-and-lounging-like-a-projust-hang/1230205325128762/,2025-11-15T14:14:50Z
19,Megyn Kelly,1,Megyn Kelly - Wikipedia,https://en.wikipedia.org/wiki/Megyn_Kelly,2025-11-15T14:14:54Z
19,Megyn Kelly,2,Megyn Kelly (@megynkelly) / Posts / X,https://x.com/megynkelly,2025-11-15T14:14:54Z
19,Megyn Kelly,3,Megyn Kelly (@megynkelly) • Instagram photos and videos,https://www.instagram.com/megynkelly/?hl=en,2025-11-15T14:14:54Z
19,Megyn Kelly,4,Megyn Kelly,https://www.facebook.com/MegynKelly/,2025-11-15T14:14:54Z
19,Megyn Kelly,5,Megyn Kelly - YouTube,https://www.youtube.com/c/MegynKelly,2025-11-15T14:14:54Z
19,Megyn Kelly,6,Megyn Kelly – The Devil May Care,https://www.megynkelly.com/,2025-11-15T14:14:54Z
19,Megyn Kelly,7,The Megyn Kelly Show - Podcast - Apple Podcasts,https://podcasts.apple.com/us/podcast/the-megyn-kelly-show/id1532976305,2025-11-15T14:14:54Z
19,Megyn Kelly,8,Secretary Marco Rubio with Megyn Kelly of The Megyn Kelly Show ...,https://www.state.gov/secretary-marco-rubio-with-megyn-kelly-of-the-megyn-kelly-show,2025-11-15T14:14:54Z
19,Megyn Kelly,9,Megyn Kelly Credits Albany Law for her Career Success | Albany ...,https://www.albanylaw.edu/about/news/megyn-kelly-credits-albany-law-her-career-success,2025-11-15T14:14:54Z
19,Megyn Kelly,10,Megyn Kelly,https://www.desertdiamondarena.com/event/megyn-kelly/42/,2025-11-15T14:14:54Z
19,Megyn Kelly,11,Megyn Kelly Talks About Donald Trump And The Media : NPR,https://www.npr.org/2016/12/07/504622630/megyn-kelly-on-trump-and-the-media-were-in-a-dangerous-phase-right-now,2025-11-15T14:14:54Z
19,Megyn Kelly,12,Megyn Kelly '95 Named One of The 100 Most Influential People in ...,https://www.albanylaw.edu/about/news/megyn-kelly-95-named-one-the-100-most-influential-people-the-world-time,2025-11-15T14:14:54Z
19,Megyn Kelly,13,Megyn Kelly: Jesus and Santa were white - POLITICO,https://www.politico.com/blogs/media/2013/12/megyn-kelly-jesus-and-santa-were-white-179491,2025-11-15T14:14:54Z
19,Megyn Kelly,14,The Megyn Kelly Moment - The New York Times,https://www.nytimes.com/2015/01/25/magazine/the-megyn-kelly-moment.html,2025-11-15T14:14:54Z
19,Megyn Kelly,15,Megyn Kelly | Official Box Office | Majestic & Empire Theatres,https://www.majesticempire.com/events/megyn-kelly/,2025-11-15T14:14:54Z
19,Megyn Kelly,16,Megyn Kelly '95 Moves to Prime Time on National News | Albany ...,https://www.albanylaw.edu/spotlight/alumni/megyn-kelly-95-moves-prime-time-national-news,2025-11-15T14:14:54Z
19,Megyn Kelly,17,Trump says Fox's Megyn Kelly had 'blood coming out of her ...,https://www.washingtonpost.com/news/post-politics/wp/2015/08/07/trump-says-foxs-megyn-kelly-had-blood-coming-out-of-her-wherever/,2025-11-15T14:14:54Z
19,Megyn Kelly,18,"Megyn Kelly Live w/ Marjorie Taylor Greene, Adam Carolla, John ...",https://www.gassouthdistrict.com/events/detail/megyn-kelly,2025-11-15T14:14:54Z
19,Megyn Kelly,19,"Blowhards, Beware: Megyn Kelly Will Slay You Now | Vanity Fair",https://www.vanityfair.com/news/2015/12/megyn-kelly-fox-news-cover-story,2025-11-15T14:14:54Z
19,Megyn Kelly,20,A History of the Donald Trump-Megyn Kelly Feud - ABC News,https://abcnews.go.com/Politics/history-donald-trump-megyn-kelly-feud/story?id=36526503,2025-11-15T14:14:54Z
20,Metroid,1,Metroid,https://www.reddit.com/r/Metroid/,2025-11-15T14:14:59Z
20,Metroid,2,The official home for Metroid™ - Home,https://metroid.nintendo.com/,2025-11-15T14:14:59Z
20,Metroid,3,Metroid - Wikipedia,https://en.wikipedia.org/wiki/Metroid,2025-11-15T14:14:59Z
20,Metroid,4,So....metroid prime 4 seems pretty good. : r/Metroid,https://www.reddit.com/r/Metroid/comments/1owxuvg/sometroid_prime_4_seems_pretty_good/,2025-11-15T14:14:59Z
20,Metroid,5,"'Metroid Prime 4' looks and feels great, but I'm nervous about one ...",https://mashable.com/article/metroid-prime-4-nintendo-switch-2-hands-on-preview,2025-11-15T14:14:59Z
20,Metroid,6,Two tantalizing hours with Metroid Prime 4: Beyond,https://www.gamefile.news/p/metroid-prime-4-beyond-preview,2025-11-15T14:14:59Z
20,Metroid,7,"So far, Metroid Prime 4 doesn't feel much like Metroid at all – and I'm ...",https://www.videogameschronicle.com/features/so-far-metroid-prime-4-doesnt-feel-like-metroid-at-all/,2025-11-15T14:14:59Z
20,Metroid,8,Big & Little Metroid - Instructables,https://www.instructables.com/Big-Little-Metroid/,2025-11-15T14:14:59Z
20,Metroid,9,Metroid™ Dread for Nintendo Switch - Nintendo Official Site,https://www.nintendo.com/us/store/products/metroid-dread-switch/,2025-11-15T14:14:59Z
20,Metroid,10,Metroid (species) | Wikitroid | Fandom,https://metroid.fandom.com/wiki/Metroid_(species),2025-11-15T14:14:59Z
20,Metroid,11,"Metroid Prime 4: Beyond Is Great, But I Want To Kill One Of Its ...",https://www.nintendolife.com/previews/metroid-prime-4-beyond-is-great-but-i-want-to-kill-one-of-its-characters,2025-11-15T14:14:59Z
20,Metroid,12,"After years of waiting, I've finally tried Metroid Prime 4: Beyond – and ...",https://www.techradar.com/gaming/metroid-prime-4-beyond-preview,2025-11-15T14:14:59Z
20,Metroid,13,Every Metroid Prime 4 Beyond preview HATES Miles MacKenzie ...,https://x.com/KirPinkFury/status/1989341551731052553,2025-11-15T14:14:59Z
20,Metroid,14,Metroid: Mother? | SomeOrdinaryGamers Wiki | Fandom,https://someordinarygamers.fandom.com/wiki/Metroid:_Mother%3F,2025-11-15T14:14:59Z
20,Metroid,15,Metroid Prime 4: Beyond delivers the series' trademark gameplay in ...,https://www.eurogamer.net/metroid-prime-4-beyond-delivers-the-series-trademark-gameplay-in-spades-but-i-fear-one-very-annoying-addition-might-derail-the-whole-thing,2025-11-15T14:14:59Z
20,Metroid,16,Metroid Prime and Player Agency in Narrative,https://www.gamedeveloper.com/design/metroid-prime-and-player-agency-in-narrative,2025-11-15T14:14:59Z
20,Metroid,17,Metroid Dread: The Kotaku Review - Kotaku,https://kotaku.com/metroid-dread-the-kotaku-review-1847823602,2025-11-15T14:14:59Z
20,Metroid,18,4 Questions I Have About Metroid Prime 4: Beyond's Story,https://www.vice.com/en/article/4-questions-i-have-about-metroid-prime-4-beyonds-story/,2025-11-15T14:14:59Z
20,Metroid,19,'Metroid Prime 1–3: A Visual Retrospective' Book Review: Extremely ...,https://www.forbes.com/sites/olliebarder/2025/10/23/metroid-prime-13-a-visual-retrospective-book-review-extremely-thorough/,2025-11-15T14:14:59Z
20,Metroid,20,Metroid Prime 4: Beyond Preview - Game Informer,https://gameinformer.com/preview/2025/11/14/metroid-prime-4-with-mouse-controls-is-mind-bendingly-good,2025-11-15T14:14:59Z
21,PONDPHUWIN AT MAT PREMIERE,1,Let's go higher everyone! Keep tweeting PONDPHUWIN AT MAT ...,https://x.com/ppwtrendsup_V2/status/1989637602451091527,2025-11-15T14:15:03Z
21,PONDPHUWIN AT MAT PREMIERE,2,PONDPHUWIN AT MAT PREMIERE • Worldwide • Twitter Trending ...,https://getdaytrends.com/trend/PONDPHUWIN%20AT%20MAT%20PREMIERE/,2025-11-15T14:15:03Z
21,PONDPHUWIN AT MAT PREMIERE,3,"50,000 achieved! 100,000 next! ♥️ PONDPHUWIN AT MAT ...",https://x.com/ppwtrendsup_V2/status/1989644642581950725/photo/1,2025-11-15T14:15:03Z
21,PONDPHUWIN AT MAT PREMIERE,4,100K Posts Already Go Go PONDPHUWIN AT MAT PREMIERE ...,https://x.com/naravit_trend/status/1989652127682367893,2025-11-15T14:15:03Z
21,PONDPHUWIN AT MAT PREMIERE,5,lets gooo pondphuwin PONDPHUWIN AT MAT PREMIERE ...,https://x.com/naraphuww/status/1989637121859317889/photo/1,2025-11-15T14:15:03Z
21,PONDPHUWIN AT MAT PREMIERE,6,"300,000 tweets next! PONDPHUWIN AT MAT PREMIERE ...",https://x.com/ppwtrendsup_V2/status/1989666566565499088,2025-11-15T14:15:03Z
21,PONDPHUWIN AT MAT PREMIERE,7,"Congratulations on 100,000 tweets everyone! Let's unlock 200k ...",https://x.com/ppwtrendsup_V2/status/1989651843094646987,2025-11-15T14:15:03Z
21,PONDPHUWIN AT MAT PREMIERE,8,"150,000 here we come! PONDPHUWIN AT MAT PREMIERE ...",https://x.com/ppwtrendsup_V2/status/1989654767426285669,2025-11-15T14:15:03Z
21,PONDPHUWIN AT MAT PREMIERE,9,lets gooo peach and khun theee PONDPHUWIN AT MAT ...,https://x.com/naraphuww/status/1989636926740328632,2025-11-15T14:15:03Z
21,PONDPHUWIN AT MAT PREMIERE,10,I love your smile PONDPHUWIN AT MAT PREMIERE ...,https://x.com/_panggpond__/status/1989665414625083395/photo/1,2025-11-15T14:15:03Z
21,PONDPHUWIN AT MAT PREMIERE,11,SERIES OF THE YEAR! PONDPHUWIN AT MAT PREMIERE ...,https://x.com/NarawinsBrasil/status/1989635165149434373,2025-11-15T14:15:03Z
21,PONDPHUWIN AT MAT PREMIERE,12,"Less than 30,000 to reach 100k! ♥️ PONDPHUWIN AT MAT ...",https://x.com/ppwtrendsup_V2/status/1989647774846263787,2025-11-15T14:15:03Z
21,PONDPHUWIN AT MAT PREMIERE,13,Trend Update | @ppnaravit @phuwintang @GMMTV ...,https://x.com/Trendpondphuwin/status/1989666640028692892/photo/3,2025-11-15T14:15:03Z
21,PONDPHUWIN AT MAT PREMIERE,14,cutie PEACH is coming to town!! @phuwintang PONDPHUWIN AT ...,https://x.com/Phuwin_IDFC/status/1989635569962635603,2025-11-15T14:15:03Z
21,PONDPHUWIN AT MAT PREMIERE,15,the smile PONDPHUWIN AT MAT PREMIERE ...,https://x.com/_softaura/status/1989665089386156363/photo/1,2025-11-15T14:15:03Z
21,PONDPHUWIN AT MAT PREMIERE,16,"Different series, still the same comfort PONDPHUWIN AT MAT ...",https://x.com/bloomingsummers/status/1989635521354813600,2025-11-15T14:15:03Z
21,PONDPHUWIN AT MAT PREMIERE,17,"We are near 200,000 tweets! Keep going PONDPHUWIN AT MAT ...",https://x.com/ppwtrendsup_V2/status/1989660908050944222/photo/1,2025-11-15T14:15:03Z
21,PONDPHUWIN AT MAT PREMIERE,18,Update Trend,https://x.com/naravit_trend/status/1989647423313252467/photo/1,2025-11-15T14:15:03Z
21,PONDPHUWIN AT MAT PREMIERE,19,PondPhuwin make every emotion hit harder than words ...,https://x.com/boost4phuwin/status/1989645804198662152,2025-11-15T14:15:03Z
21,PONDPHUWIN AT MAT PREMIERE,20,I just now that PX actually hv commented about this too ...,https://x.com/Farah_91Babyz/status/1989646306802028577,2025-11-15T14:15:03Z
22,Marjorie Taylor Greene,1,U.S. Representative Marjorie Taylor Greene,https://greene.house.gov/,2025-11-15T14:15:08Z
22,Marjorie Taylor Greene,2,Marjorie Taylor Greene - Wikipedia,https://en.wikipedia.org/wiki/Marjorie_Taylor_Greene,2025-11-15T14:15:08Z
22,Marjorie Taylor Greene,3,Marjorie Taylor Greene | Congress.gov | Library of Congress,https://www.congress.gov/member/marjorie-greene/G000596,2025-11-15T14:15:08Z
22,Marjorie Taylor Greene,4,What's happening with Marjorie Taylor Greene? Why the Maga ...,https://www.theguardian.com/us-news/ng-interactive/2025/oct/19/marjorie-taylor-greene-breaks-republican-ranks,2025-11-15T14:15:08Z
22,Marjorie Taylor Greene,5,Rep. Marjorie Taylor Greene (@RepMTG) / Posts / X,https://x.com/RepMTG,2025-11-15T14:15:08Z
22,Marjorie Taylor Greene,6,Marjorie Taylor Greene vents frustration over shutdown strategy at ...,https://www.cnn.com/2025/10/28/politics/marjorie-taylor-greene-mike-johnson-shutdown-house,2025-11-15T14:15:08Z
22,Marjorie Taylor Greene,7,Marjorie Taylor Greene (@mtgreenee) / Posts / X,https://x.com/mtgreenee?lang=en,2025-11-15T14:15:08Z
22,Marjorie Taylor Greene,8,Trump cuts ties with Marjorie Taylor Greene : NPR,https://www.npr.org/2025/11/15/g-s1-97954/trump-marjorie-taylor-greene,2025-11-15T14:15:08Z
22,Marjorie Taylor Greene,9,Trump targets longtime MAGA ally Marjorie Taylor Greene,https://www.bbc.com/news/articles/c9wv4dx05q5o,2025-11-15T14:15:08Z
22,Marjorie Taylor Greene,10,Congressman Jimmy Gomez to Introduce Resolution Expelling ...,https://gomez.house.gov/news/documentsingle.aspx?DocumentID=2222,2025-11-15T14:15:08Z
22,Marjorie Taylor Greene,11,Trump breaks with 'wacky' Marjorie Taylor Greene - POLITICO,https://www.politico.com/news/2025/11/14/trump-mtg-aca-epstein-massie-00653412,2025-11-15T14:15:08Z
22,Marjorie Taylor Greene,12,"Marjorie Taylor Greene says ""I don't see political party lines"" on ...",https://www.cbsnews.com/news/marjorie-taylor-greene-health-care-congress/,2025-11-15T14:15:08Z
22,Marjorie Taylor Greene,13,Marjorie Taylor Greene spoke at an event led by a white nationalist ...,https://georgiarecorder.com/2022/03/01/marjorie-taylor-greene-spoke-at-an-event-led-by-a-white-nationalist-and-has-no-regrets/,2025-11-15T14:15:08Z
22,Marjorie Taylor Greene,14,"Trump Cuts Ties With Marjorie Taylor Greene, Calling Her 'Wacky ...",https://www.nytimes.com/2025/11/14/us/politics/trump-marjorie-taylor-greene-split.html,2025-11-15T14:15:08Z
22,Marjorie Taylor Greene,15,Marjorie Taylor Greene,https://clerk.house.gov/members/G000596,2025-11-15T14:15:08Z
22,Marjorie Taylor Greene,16,Trump says he's withdrawing support for Marjorie Taylor Greene ...,https://www.cbsnews.com/news/trump-withdrawing-support-marjorie-taylor-greene/,2025-11-15T14:15:08Z
22,Marjorie Taylor Greene,17,Rep. Marjorie Taylor Greene questions if Trump is still the 'America ...,https://www.nbcnews.com/politics/politics-news/marjorie-taylor-greene-questions-trump-america-first-foreign-trips-rcna243323,2025-11-15T14:15:08Z
22,Marjorie Taylor Greene,18,"Trump cuts ties with Marjorie Taylor Greene, calling her a ""ranting ...",https://www.axios.com/2025/11/15/trump-marjorie-taylor-greene-endorsement-epstein,2025-11-15T14:15:08Z
22,Marjorie Taylor Greene,19,Trump withdraws support for former MAGA champion Marjorie ...,https://www.aljazeera.com/news/2025/11/15/trump-withdraws-support-for-former-maga-champion-marjorie-taylor-greene,2025-11-15T14:15:08Z
22,Marjorie Taylor Greene,20,Trump withdraws support for longtime ally Marjorie Taylor Greene ...,https://www.reuters.com/world/us/trump-withdraws-support-marjorie-taylor-greene-2025-11-15/,2025-11-15T14:15:08Z
23,Fields,1,Justin Fields - New York Jets Quarterback - ESPN,https://www.espn.com/nfl/player/_/id/4362887/justin-fields,2025-11-15T14:15:12Z
23,Fields,2,Fields Medal | International Mathematical Union – IMU Awards,https://www.mathunion.org/imu-awards/fields-medal,2025-11-15T14:15:12Z
23,Fields,3,Lee Fields | Lee Fields,https://www.leefieldsandtheexpressions.com/,2025-11-15T14:15:12Z
23,Fields,4,Mrs. Fields,https://www.mrsfields.com/,2025-11-15T14:15:12Z
23,Fields,5,Connor Fields (@connorfields11) • Instagram photos and videos,https://www.instagram.com/connorfields11/?hl=en,2025-11-15T14:15:12Z
23,Fields,6,"Justin Fields Stats, Height, Weight, Position, Draft, College | Pro ...",https://www.pro-football-reference.com/players/F/FielJu00.htm,2025-11-15T14:15:12Z
23,Fields,7,Rodan + Fields® | Dermatologist Created Skin + Hair Products,https://www.rodanandfields.com/en-us/,2025-11-15T14:15:12Z
23,Fields,8,Field's Premiere Steakhouse in Wisconsin Dells at the Wilderness ...,https://www.fieldsatthewilderness.com/,2025-11-15T14:15:12Z
23,Fields,9,FIELDS,http://insti.physics.sunysb.edu/~siegel/errata.html,2025-11-15T14:15:12Z
23,Fields,10,"Rob Fields - EVP, Chief Clinical Officer, Beth Israel Lahey Health ...",https://www.linkedin.com/in/robfieldsmd,2025-11-15T14:15:12Z
23,Fields,11,Fields - C# | Microsoft Learn,https://learn.microsoft.com/en-us/dotnet/csharp/programming-guide/classes-and-structs/fields,2025-11-15T14:15:12Z
23,Fields,12,Jonathan fields: Home,https://www.jonathanfields.com/,2025-11-15T14:15:12Z
23,Fields,13,Alanna Fields,https://www.alannafields.com/,2025-11-15T14:15:12Z
23,Fields,14,The Flower Fields: Home - Carlsbad,https://www.theflowerfields.com/,2025-11-15T14:15:12Z
23,Fields,15,Fields,https://arxiv.org/abs/hep-th/9912205,2025-11-15T14:15:12Z
23,Fields,16,Package fields - CRAN,https://cran.r-project.org/package=fields,2025-11-15T14:15:12Z
23,Fields,17,Acoustic Fields - YouTube,https://www.youtube.com/user/AcousticFields,2025-11-15T14:15:12Z
23,Fields,18,Justin Fields on X,https://x.com/justnfields/status/1769143162809807344?lang=en,2025-11-15T14:15:12Z
23,Fields,19,Fields Auto Group | Premier Luxury Auto Group,https://www.fieldsauto.com/,2025-11-15T14:15:12Z
23,Fields,20,Representative Cleo Fields |,http://fields.house.gov/,2025-11-15T14:15:12Z
24,America,1,"America - ""Ventura Highway"" Official Home",https://venturahighway.com/,2025-11-15T14:15:16Z
24,America,2,United States - Wikipedia,https://en.wikipedia.org/wiki/United_States,2025-11-15T14:15:16Z
24,America,3,"Bank of America - Banking, Credit Cards, Loans and Merrill Investing",https://www.bankofamerica.com/,2025-11-15T14:15:16Z
24,America,4,Feeding America: U.S. Hunger Relief Organization,https://www.feedingamerica.org/,2025-11-15T14:15:16Z
24,America,5,America Magazine - Catholic news and analysis,https://www.americamagazine.org/,2025-11-15T14:15:16Z
24,America,6,Teach for America: Find Your Purpose | Teaching Programs,https://www.teachforamerica.org/,2025-11-15T14:15:16Z
24,America,7,Wreaths Across America: Home,https://www.wreathsacrossamerica.org/,2025-11-15T14:15:16Z
24,America,8,The Catholic University of America,https://www.catholic.edu/,2025-11-15T14:15:16Z
24,America,9,Scouting America | Prepared. For Life.™,https://www.scouting.org/,2025-11-15T14:15:16Z
24,America,10,America Makes: Home,https://www.americamakes.us/,2025-11-15T14:15:16Z
24,America,11,Amusement Park | California's Great America,https://www.sixflags.com/cagreatamerica,2025-11-15T14:15:16Z
24,America,12,Home | Mall of America®,https://www.mallofamerica.com/,2025-11-15T14:15:16Z
24,America,13,Spaceport America-The World's First Purpose-Built Commercial ...,https://spaceportamerica.com/,2025-11-15T14:15:16Z
24,America,14,America | Spotify,https://open.spotify.com/artist/35U9lQaRWSQISxQAB94Meo,2025-11-15T14:15:16Z
24,America,15,Geological Society of America,https://www.geosociety.org/,2025-11-15T14:15:16Z
24,America,16,Home - Research!America - A Research Advocacy Alliance,https://www.researchamerica.org/,2025-11-15T14:15:16Z
24,America,17,Ecological Society of America – The Nation's Largest Community of ...,https://esa.org/,2025-11-15T14:15:16Z
24,America,18,"The Grand America Hotel | Official Hotel Website | Salt Lake City, Utah",https://www.grandamerica.com/,2025-11-15T14:15:16Z
24,America,19,Road America,https://www.roadamerica.com/,2025-11-15T14:15:16Z
24,America,20,Connect America Fund (CAF) | Federal Communications Commission,https://www.fcc.gov/general/connect-america-fund-caf,2025-11-15T14:15:16Z
25,Rory,1,RORY (@rorymcilroy) • Instagram photos and videos,https://www.instagram.com/rorymcilroy/?hl=en,2025-11-15T14:15:20Z
25,Rory,2,Rory McIlroy: Home,http://www.rorymcilroy.com/,2025-11-15T14:15:20Z
25,Rory,3,Rory Sutherland (@rorysutherland) / Posts / X,https://x.com/rorysutherland?lang=en,2025-11-15T14:15:20Z
25,Rory,4,"Rory Sutherland - London, England, United Kingdom | Professional ...",https://uk.linkedin.com/in/rorysutherland,2025-11-15T14:15:20Z
25,Rory,5,Rory (@thisisrory) / Posts / X,https://x.com/thisisrory?lang=en,2025-11-15T14:15:20Z
25,Rory,6,Rory Block | 7 Time Blues Music Award Winner,https://www.roryblock.com/,2025-11-15T14:15:20Z
25,Rory,7,RØRY,https://www.facebook.com/its.R.0.R.Y/,2025-11-15T14:15:20Z
25,Rory,8,Rory McIlroy - Wikipedia,https://en.wikipedia.org/wiki/Rory_McIlroy,2025-11-15T14:15:20Z
25,Rory,9,"Rory Vaden, MBA CSP CPAE - New York Times bestselling author ...",https://www.linkedin.com/in/roryvaden,2025-11-15T14:15:20Z
25,Rory,10,Rory Scovel,https://www.facebook.com/roryscovelcomedy/,2025-11-15T14:15:20Z
25,Rory,11,What Rory Gilmore Got Wrong | Yale College Undergraduate ...,https://admissions.yale.edu/bulldogs-blogs/lily/2021/12/21/what-rory-gilmore-got-wrong,2025-11-15T14:15:20Z
25,Rory,12,Rory Duffy - YouTube,https://www.youtube.com/roryduffy,2025-11-15T14:15:20Z
25,Rory,13,Do you think Rory ever considers Paris her best friend? : r/GilmoreGirls,https://www.reddit.com/r/GilmoreGirls/comments/wqdux3/do_you_think_rory_ever_considers_paris_her_best/,2025-11-15T14:15:20Z
25,Rory,14,Rory Staunton - End Sepsis,https://www.endsepsis.org/about-rory-staunton/,2025-11-15T14:15:20Z
25,Rory,15,Rory & Max : r/GilmoreGirls,https://www.reddit.com/r/GilmoreGirls/comments/1bg0lab/rory_max/,2025-11-15T14:15:20Z
25,Rory,16,"Rory Eugene Monk Obituary March 22, 2025 - Schaudt Funeral ...",https://www.schaudtfuneralservice.com/obituaries/rory-monk,2025-11-15T14:15:20Z
25,Rory,17,How did Rory graduate on time? : r/GilmoreGirls,https://www.reddit.com/r/GilmoreGirls/comments/1jjujcl/how_did_rory_graduate_on_time/,2025-11-15T14:15:20Z
25,Rory,18,Obituary information for Rory Patrick Broderick,https://www.friedrichsfh.com/obituaries/Rory-Patrick-Broderick?obId=34461005,2025-11-15T14:15:20Z
25,Rory,19,What are your predictions on how Rory's future will turn out ...,https://www.reddit.com/r/GilmoreGirls/comments/1iaxqfp/what_are_your_predictions_on_how_rorys_future/,2025-11-15T14:15:20Z
25,Rory,20,Rory Mitchell - FOCUS,https://focus.org/missionaries/rory-mitchell/,2025-11-15T14:15:20Z
1,#UFC322,1,VeChain UFC 322: Della Maddalena vs Makhachev | UFC,https://www.ufc.com/event/ufc-322,2025-11-16T03:18:20Z
1,#UFC322,2,UFC 322 - Wikipedia,https://en.wikipedia.org/wiki/UFC_322,2025-11-16T03:18:20Z
1,#UFC322,3,UFC 322: Della Maddalena vs. Makhachev Live Fight Coverage ...,https://www.espn.com/mma/fightcenter/_/id/600055729/league/ufc,2025-11-16T03:18:20Z
1,#UFC322,4,#UFC322,https://www.facebook.com/bulletvalentina/posts/ufc322-/1376201377203927/,2025-11-16T03:18:20Z
1,#UFC322,5,UFC 322: Della Maddalena vs. Makhachev | MMA Event | Tapology,https://www.tapology.com/fightcenter/events/132653-ufc-322,2025-11-16T03:18:20Z
1,#UFC322,6,Training camp #UFC322,https://www.facebook.com/bulletvalentina/posts/training-camp-ufc322-/1367485044742227/,2025-11-16T03:18:20Z
1,#UFC322,7,I can already hear the sound #ufc322 #nyc #ny #robocop,https://x.com/gregory_mma/status/1989389579091333339,2025-11-16T03:18:20Z
1,#UFC322,8,Valentina - #UFC322 #NewYork | Facebook,https://www.facebook.com/bulletvalentina/photos/ufc322-newyork-/1378655523625179/,2025-11-16T03:18:20Z
1,#UFC322,9,Day 3 in NYC! #ufc322 #nyc #Robocop #newyork,https://x.com/gregory_mma/status/1989051120434704579,2025-11-16T03:18:20Z
1,#UFC322,10,"UFC 322 Tickets Nov 15, 2025 New York, NY | Ticketmaster",https://www.ticketmaster.com/ufc-322-new-york-new-york-11-15-2025/event/3B00631D915A0CB0,2025-11-16T03:18:20Z
1,#UFC322,11,Bo Nickal will fight Rodolfo Vieira at #UFC322 at MSG on November ...,https://www.reddit.com/r/MMA/comments/1n7wsf9/bo_nickal_will_fight_rodolfo_vieira_at_ufc322_at/,2025-11-16T03:18:20Z
1,#UFC322,12,UFC UFC 322 Merchandise | www.ufcstore.com,https://www.ufcstore.com/en/ufc-322/c-7874595142+z-7286-1600383897,2025-11-16T03:18:20Z
1,#UFC322,13,"Serhiy Sidey is out of #UFC322, multiple sources say. Malcolm ...",https://www.reddit.com/r/MMA/comments/1o5ya6g/serhiy_sidey_is_out_of_ufc322_multiple_sources/,2025-11-16T03:18:20Z
1,#UFC322,14,UFC 322: Della Maddalena vs. Makhachev Live Fight Coverage ...,https://www.espn.com.au/mma/fightcenter/_/id/600055729/league/ufc,2025-11-16T03:18:20Z
1,#UFC322,15,UFC 322: Della Maddalena vs Makhachev Live Stream on Kayo PPV,https://mainevent.kayosports.com.au/ufc/ufc-322,2025-11-16T03:18:20Z
1,#UFC322,16,UFC 322 | Combat Sports | Madison Square Garden,https://www.msg.com/events-tickets/ultimate-fighting-championship-ufc-madison-square-garden-november-2025/3B00631D915A0CB0,2025-11-16T03:18:20Z
1,#UFC322,17,UFC 322 live updates: Jack Della Maddalena vs. Islam Makhachev ...,https://sports.yahoo.com/mma/breaking-news/live/ufc-322-live-updates-jack-della-maddalena-vs-islam-makhachev-results-round-by-round-analysis-and-highlights-070023350.html,2025-11-16T03:18:20Z
1,#UFC322,18,UFC 322 - Della Maddalena vs. Makhachev,https://www.sherdog.com/events/UFC-322-Della-Maddalena-vs-Makhachev-109394,2025-11-16T03:18:20Z
1,#UFC322,19,UFC 322,https://liveatthebatteryatlanta.com/Events-and-Entertainment/Events/20251115-UFC-322,2025-11-16T03:18:20Z
1,#UFC322,20,"UFC 322 fight card: Date, odds, complete guide for Della Maddalena ...",https://www.cbssports.com/ufc/news/ufc-322-fight-card-date-odds-location-start-time-rumors-latest-news-complete-guide/,2025-11-16T03:18:20Z
2,Bama,1,The University of Alabama,https://www.ua.edu/,2025-11-16T03:18:24Z
2,Bama,2,"Alabama Crimson Tide Scores, Stats and Highlights - ESPN",https://www.espn.com/college-football/team/_/id/333/alabama-crimson-tide,2025-11-16T03:18:24Z
2,Bama,3,Bama Companies: Home,https://www.bama.com/,2025-11-16T03:18:24Z
2,Bama,4,FLORA-BAMA | WORLD FAMOUS BEACH BAR AND LIVE MUSIC,https://www.florabama.com/,2025-11-16T03:18:24Z
2,Bama,5,Bay Area Manufacturers Association - Home,https://www.bama-fl.org/,2025-11-16T03:18:24Z
2,Bama,6,Alabama Athletics - Official Athletics Website,https://rolltide.com/,2025-11-16T03:18:24Z
2,Bama,7,Bama Manual Archive,https://bama.edebris.com/,2025-11-16T03:18:24Z
2,Bama,8,Football - Alabama Athletics,https://rolltide.com/sports/football,2025-11-16T03:18:24Z
2,Bama,9,Bama Dining,https://bamadining.ua.edu/,2025-11-16T03:18:24Z
2,Bama,10,Bama Barbie takes NY,https://www.instagram.com/p/DNZlhtNgDsu/,2025-11-16T03:18:24Z
2,Bama,11,MAT-BAMA Program | Lehman College Catalog,https://lehman-undergraduate.catalog.cuny.edu/programs/MAT-BAMA,2025-11-16T03:18:24Z
2,Bama,12,San Francisco Bay Area Multihull Association: SFBAMA,https://sfbama.org/,2025-11-16T03:18:24Z
2,Bama,13,When Jimmy wrote the song “Bama Breeze” about the aka “Flora ...,https://www.facebook.com/groups/BuffettNews/posts/10161588617938385/,2025-11-16T03:18:24Z
2,Bama,14,Flora-Bama Yacht Club,https://www.florabamayachtclub.com/,2025-11-16T03:18:24Z
2,Bama,15,D.C. Schools Celebrate Being 'Bamas' Once A Year | DCist,https://dcist.com/story/17/04/13/bama-day-dc/,2025-11-16T03:18:24Z
2,Bama,16,Bama Beach Bum - YouTube,https://www.youtube.com/@BamaBeachBum,2025-11-16T03:18:24Z
2,Bama,17,Beat Bama Food Drive - BBFD - AUinvolve,https://auburn.campuslabs.com/engage/organization/beatbamafooddrive,2025-11-16T03:18:24Z
2,Bama,18,Bama Family – University of Alabama BrandShop,https://supestoreua.ccbrands.com/collections/bama-family,2025-11-16T03:18:24Z
2,Bama,19,Frequently Asked Questions | Orientation,https://orientation.ua.edu/faq/,2025-11-16T03:18:24Z
2,Bama,20,Lakeside Dining Hall - Bama Dining,http://ua.campusdish.com/en/locationsandmenus/lakesidedininghall/,2025-11-16T03:18:24Z
3,Arch Manning,1,Arch Manning - Texas Longhorns Quarterback - ESPN,https://www.espn.com/college-football/player/_/id/4870906/arch-manning,2025-11-16T03:18:28Z
3,Arch Manning,2,Arch Manning - Wikipedia,https://en.wikipedia.org/wiki/Arch_Manning,2025-11-16T03:18:28Z
3,Arch Manning,3,Arch Manning (@archmanning) • Instagram photos and videos,https://www.instagram.com/archmanning/?hl=en,2025-11-16T03:18:28Z
3,Arch Manning,4,Arch Manning - Football - University of Texas Athletics,https://texaslonghorns.com/sports/football/roster/arch-manning/12568,2025-11-16T03:18:28Z
3,Arch Manning,5,"Arch Manning College Stats, School, Draft, Gamelog, Splits ...",https://www.sports-reference.com/cfb/players/arch-manning-1.html,2025-11-16T03:18:28Z
3,Arch Manning,6,Arch Manning (@ArchManning) / Posts / X,https://x.com/ArchManning,2025-11-16T03:18:28Z
3,Arch Manning,7,Arch Manning Quarterback: Pocket Passer Recruiting Profile - ESPN,http://www.espn.com/college-sports/football/recruiting/player/_/id/242188/arch-manning,2025-11-16T03:18:28Z
3,Arch Manning,8,Arch Manning - Texas Longhorns Quarterback - ESPN (UK),https://www.espn.co.uk/college-football/player/_/id/4870906/arch-manning,2025-11-16T03:18:28Z
3,Arch Manning,9,"Texas QB Arch Manning practices, but remains in concussion ...",https://sports.yahoo.com/college-football/breaking-news/article/texas-qb-arch-manning-practices-but-remains-in-concussion-protocol-ahead-of-showdown-with-no-9-vanderbilt-170118546.html,2025-11-16T03:18:28Z
3,Arch Manning,10,Arch Manning's recruitment came down to Texas vs. Georgia: How ...,https://www.reddit.com/r/CFB/comments/1owxwpj/arch_mannings_recruitment_came_down_to_texas_vs/,2025-11-16T03:18:28Z
3,Arch Manning,11,Arch Manning in concussion protocol for No. 20 Texas | AP News,https://apnews.com/article/texas-arch-manning-concussion-aefe441bfee0405ee2e322fade793825,2025-11-16T03:18:28Z
3,Arch Manning,12,Arch Manning Responds Calmly to Being Labeled College ...,https://www.reddit.com/r/LonghornNation/comments/1o6pshd/arch_manning_responds_calmly_to_being_labeled/,2025-11-16T03:18:28Z
3,Arch Manning,13,Arch Manning injury update: Latest news on Texas QB's status vs ...,https://www.cbssports.com/college-football/news/arch-manning-injury-update-concussion-protocol-texas-qb-vanderbilt/,2025-11-16T03:18:28Z
3,Arch Manning,14,Draft Arch Manning and let's have this era's Manning/Harrison duo ...,https://www.reddit.com/r/AZCardinals/comments/1fsgysn/draft_arch_manning_and_lets_have_this_eras/,2025-11-16T03:18:28Z
3,Arch Manning,15,Arch Manning when he isn't playing Lousiana-Monroe,https://www.facebook.com/nflmemes4you/posts/arch-manning-when-he-isnt-playing-lousiana-monroe/818514810741304/,2025-11-16T03:18:28Z
3,Arch Manning,16,Kirby Smart makes something clear on nepotism claims about Arch ...,https://www.reddit.com/r/LonghornNation/comments/1oubn80/kirby_smart_makes_something_clear_on_nepotism/,2025-11-16T03:18:28Z
3,Arch Manning,17,"Arch Manning, a new American hero and charming comeback kid at ...",https://www.usatoday.com/story/sports/ncaaf/2025/10/15/arch-manning-texas-football-quarterback-the-athletic-flop-story-comeback/86666953007/,2025-11-16T03:18:28Z
3,Arch Manning,18,Do people really think Arch Manning will play so well next year that ...,https://www.reddit.com/r/NFL_Draft/comments/1hp26yl/do_people_really_think_arch_manning_will_play_so/,2025-11-16T03:18:28Z
3,Arch Manning,19,The Unbearable Weight of Being Arch Manning,https://www.texasmonthly.com/arts-entertainment/arch-manning-ut-football-quarterback/,2025-11-16T03:18:28Z
3,Arch Manning,20,How Arch Manning Declares in 2026 : r/DynastyFF,https://www.reddit.com/r/DynastyFF/comments/1jpttp0/how_arch_manning_declares_in_2026/,2025-11-16T03:18:28Z
4,#AEWCollision,1,All Elite Wrestling (@AEW) / Posts / X,https://x.com/AEW,2025-11-16T03:18:33Z
4,#AEWCollision,2,You know what it is! #AEWCollision live in Texas tonight at 8pm,https://www.facebook.com/RealLadyFrost/posts/you-know-what-it-is-aewcollision-live-in-texas-tonight-at-8pm/972519554886672/,2025-11-16T03:18:33Z
4,#AEWCollision,3,"Tonight, next on @TNTdrama, we're ready for #AEWCollision 8pm ...",https://www.instagram.com/p/C8iQ16LRIZS/,2025-11-16T03:18:33Z
4,#AEWCollision,4,Thanks for watching #AEWCollision. Go Birds. Let's clinch today ...,https://www.facebook.com/IanRiccaboni/posts/thanks-for-watching-aewcollisiongo-birdslets-clinch-today-philsphoto-havlik_phot/1212275897390963/,2025-11-16T03:18:33Z
4,#AEWCollision,5,It's a great night for a fight!!! Who's ready for #AEWCollision Shout ...,https://www.instagram.com/p/CvBBxkNSoYd/?hl=en,2025-11-16T03:18:33Z
4,#AEWCollision,6,AEW Collision - Wikipedia,https://en.wikipedia.org/wiki/AEW_Collision,2025-11-16T03:18:33Z
4,#AEWCollision,7,#aewcollision,https://www.instagram.com/p/Ctpp1i1Lycf/?hl=en,2025-11-16T03:18:33Z
4,#AEWCollision,8,Is AEW Collision good? : r/AEWOfficial,https://www.reddit.com/r/AEWOfficial/comments/153uo45/is_aew_collision_good/,2025-11-16T03:18:33Z
4,#AEWCollision,9,"Watch #AEWCollision tonight, or else. @aew",https://www.instagram.com/p/DGY_I3DTLw7/?hl=en,2025-11-16T03:18:33Z
4,#AEWCollision,10,AEW: Collision | TNT - YouTube,https://www.youtube.com/playlist?list=PLJ4e4Lb87XTw8VaAEGY9qfnhS5HJUzVow,2025-11-16T03:18:33Z
4,#AEWCollision,11,Will You Be Watching #AEWCollision Tonight?,https://www.instagram.com/p/DPZ0YO9jqDU/?hl=en,2025-11-16T03:18:33Z
4,#AEWCollision,12,"AEW Collision Results, Recap: July 26, 2025 — Dustin Rhodes ...",https://www.allelitewrestling.com/post/aew-collision-results-recap-july-26-2025,2025-11-16T03:18:33Z
4,#AEWCollision,13,All Elite Wrestling: Collision | TNTdrama.com,https://www.tntdrama.com/shows/all-elite-wrestling-collision,2025-11-16T03:18:33Z
4,#AEWCollision,14,AEW Collision (and Rampage): No one is Tranquilo in the Main ...,https://slamwrestling.net/report/aew-collision-and-rampage-no-one-is-tranquilo-in-the-main-event/,2025-11-16T03:18:33Z
4,#AEWCollision,15,#thebilalvakanihr #aewdynamite #aewcollision #aewallout #toronto ...,https://www.linkedin.com/posts/bilalv_thebilalvakanihr-aewdynamite-aewcollision-activity-7374834999717629953-Jpng,2025-11-16T03:18:33Z
4,#AEWCollision,16,#aewcollision | TikTok,https://www.tiktok.com/tag/aewcollision?lang=en,2025-11-16T03:18:33Z
4,#AEWCollision,17,AEW Collision Recap – 11/8/2025 | The Outerhaven,https://www.theouterhaven.net/aew-collision-recap-11-8-2025/,2025-11-16T03:18:33Z
4,#AEWCollision,18,"AEW Collision - Wikipedia, la enciclopedia libre",https://es.wikipedia.org/wiki/AEW_Collision,2025-11-16T03:18:33Z
4,#AEWCollision,19,Latest On Talent Reportedly Refusing To Lose On AEW Collision,https://www.sescoops.com/news/aew/aew-collision-card-change-nixon-newell-lose/,2025-11-16T03:18:33Z
4,#AEWCollision,20,#JurassicExpress give #YoungBucks some charity! #AEWCollision ...,https://m.youtube.com/shorts/jK8hW4M0AKk?vl=ja,2025-11-16T03:18:33Z
5,Georgia,1,Georgia.gov,https://georgia.gov/,2025-11-16T03:18:37Z
5,Georgia,2,Georgia (country) - Wikipedia,https://en.wikipedia.org/wiki/Georgia_(country),2025-11-16T03:18:37Z
5,Georgia,3,Georgia Institute of Technology,https://gatech.edu/node/1,2025-11-16T03:18:37Z
5,Georgia,4,Georgia (U.S. state) - Wikipedia,https://en.wikipedia.org/wiki/Georgia_(U.S._state),2025-11-16T03:18:37Z
5,Georgia,5,Georgia State University,https://www.gsu.edu/,2025-11-16T03:18:37Z
5,Georgia,6,UGA,https://www.uga.edu/,2025-11-16T03:18:37Z
5,Georgia,7,Georgia Department of Labor,https://dol.georgia.gov/,2025-11-16T03:18:37Z
5,Georgia,8,Legislation Search - Georgia General Assembly,https://www.legis.ga.gov/legislation/all,2025-11-16T03:18:37Z
5,Georgia,9,Georgia Aquarium Visit Today | Georgia Aquarium in Downtown ...,https://www.georgiaaquarium.org/,2025-11-16T03:18:37Z
5,Georgia,10,SB 351 - Georgia General Assembly,https://www.legis.ga.gov/legislation/66023,2025-11-16T03:18:37Z
5,Georgia,11,Georgia Department of Economic Development | #1 State for Business,https://georgia.org/,2025-11-16T03:18:37Z
5,Georgia,12,Georgia Secretary of State: Homepage,https://sos.ga.gov/,2025-11-16T03:18:37Z
5,Georgia,13,Georgia,https://georgiauk.com/,2025-11-16T03:18:37Z
5,Georgia,14,Explore Georgia: Ready. Set. Georgia,https://exploregeorgia.org/,2025-11-16T03:18:37Z
5,Georgia,15,"Georgia Bulldogs Scores, Stats and Highlights - ESPN",https://www.espn.com/college-football/team/_/id/61/georgia-bulldogs,2025-11-16T03:18:37Z
5,Georgia,16,Georgia Bulldogs - University of Georgia Athletics,https://georgiadogs.com/,2025-11-16T03:18:37Z
5,Georgia,17,Georgia Department of Driver Services,https://dds.georgia.gov/,2025-11-16T03:18:37Z
5,Georgia,18,"Georgia Southern University | Statesboro, Savannah & Hinesville",https://www.georgiasouthern.edu/,2025-11-16T03:18:37Z
5,Georgia,19,Georgia Power | Reliable Energy for a Growing Georgia,https://www.georgiapower.com/,2025-11-16T03:18:37Z
5,Georgia,20,Welcome to Georgia-Pacific | Georgia-Pacific,https://www.gp.com/,2025-11-16T03:18:37Z
6,Noah Thomas,1,Noah Thomas - Georgia Bulldogs Wide Receiver - ESPN,https://www.espn.com/college-football/player/_/id/4718457/noah-thomas,2025-11-16T03:18:41Z
6,Noah Thomas,2,Noah Thomas - 2025 - Football - University of Georgia Athletics,https://georgiadogs.com/sports/football/roster/noah-thomas/9614,2025-11-16T03:18:41Z
6,Noah Thomas,3,Noah Thomas - Football - Texas A&M Athletics - 12thMan.com,https://12thman.com/sports/football/roster/noah-thomas/11591,2025-11-16T03:18:41Z
6,Noah Thomas,4,"Noah Thomas, Georgia, Wide Receiver",https://247sports.com/player/noah-thomas-46098459/,2025-11-16T03:18:41Z
6,Noah Thomas,5,Noah Thomas (@noahnoahthomasthomas) • Instagram photos and ...,https://www.instagram.com/noahnoahthomasthomas/?hl=en,2025-11-16T03:18:41Z
6,Noah Thomas,6,Noah Thomas (American football) - Wikipedia,https://en.wikipedia.org/wiki/Noah_Thomas_(American_football),2025-11-16T03:18:41Z
6,Noah Thomas,7,Does anyone know why Noah Thomas hasn't been playing? : r ...,https://www.reddit.com/r/georgiabulldogs/comments/1nvqd03/does_anyone_know_why_noah_thomas_hasnt_been/,2025-11-16T03:18:41Z
6,Noah Thomas,8,"Noah Thomas College Stats, School, Draft, Gamelog, Splits ...",https://www.sports-reference.com/cfb/players/noah-thomas-1.html,2025-11-16T03:18:41Z
6,Noah Thomas,9,Noah Thomas - Football - Oregon State University Athletics,https://osubeavers.com/sports/football/roster/noah-thomas/11242,2025-11-16T03:18:41Z
6,Noah Thomas,10,Noah Thomas (@Noah_Thomas7) / Posts / X,https://x.com/Noah_Thomas7,2025-11-16T03:18:41Z
6,Noah Thomas,11,"Noah Cardin Obituary (02/17/2000 - 08/20/2025) - Birmingham, AL ...",https://obits.al.com/us/obituaries/birmingham/name/noah-cardin-obituary?id=59342390,2025-11-16T03:18:41Z
6,Noah Thomas,12,Noah Thomas (@Thomas3Noah) / Posts / X,https://x.com/Thomas3Noah,2025-11-16T03:18:41Z
6,Noah Thomas,13,Noah Thomas - 2021 - Football - Rose-Hulman Institute of Technology,https://athletics.rose-hulman.edu/sports/football/roster/noah-thomas/13378,2025-11-16T03:18:41Z
6,Noah Thomas,14,Noah Thomas - 2020-21 - Men's Basketball - Drake University ...,https://godrakebulldogs.com/sports/mens-basketball/roster/noah-thomas/6860,2025-11-16T03:18:41Z
6,Noah Thomas,15,Noah Thomas Music,https://www.facebook.com/p/Noah-Thomas-Music-61569157630736/,2025-11-16T03:18:41Z
6,Noah Thomas,16,Noah Thomas - Football - Wayne State University Athletics,https://wsuathletics.com/sports/football/roster/noah-thomas/12813,2025-11-16T03:18:41Z
6,Noah Thomas,17,National media calls out Noah Thomas' lack of usage in Georgia's ...,https://www.dawgnation.com/football/around-the-dawghouse/national-media-calls-out-noah-thomas-lack-usage-georgias-offense/U7335OBQGBB7VCIXDH3F4TEXRI/,2025-11-16T03:18:41Z
6,Noah Thomas,18,Fundraiser by Noah Thomas : Support Noah in His Cancer Battle,https://www.gofundme.com/f/support-noah-in-his-cancer-battle,2025-11-16T03:18:41Z
6,Noah Thomas,19,Noah Thomas - 2024-25 - Men's Basketball - University of Arkansas ...,https://uamsports.com/sports/mens-basketball/roster/noah-thomas/5134,2025-11-16T03:18:41Z
6,Noah Thomas,20,Noah Thomas - Baseball - McPherson College Athletics,https://macbulldogs.com/sports/baseball/roster/noah-thomas/10757,2025-11-16T03:18:41Z
7,James Peoples,1,James Peoples - Ohio State Buckeyes Running Back - ESPN,https://www.espn.com/college-football/player/_/id/5110454/james-peoples,2025-11-16T03:18:46Z
7,James Peoples,2,James Peoples | 2025 | Football | Ohio State,https://ohiostatebuckeyes.com/sports/football/roster/james-peoples/12297,2025-11-16T03:18:46Z
7,James Peoples,3,James Peoples (@jamespeoples8) • Instagram photos and videos,https://www.instagram.com/jamespeoples8/?hl=en,2025-11-16T03:18:46Z
7,James Peoples,4,James Peoples (American football) - Wikipedia,https://en.wikipedia.org/wiki/James_Peoples_(American_football),2025-11-16T03:18:46Z
7,James Peoples,5,"James Peoples, Ohio State, Running Back",https://247sports.com/player/james-peoples-46118013/,2025-11-16T03:18:46Z
7,James Peoples,6,James Peoples - Faculty & Staff Directory - Economics - Milwaukee,https://uwm.edu/economics/people/peoples-james/,2025-11-16T03:18:46Z
7,James Peoples,7,"James Peoples College Stats, School, Draft, Gamelog, Splits ...",https://www.sports-reference.com/cfb/players/james-peoples-1.html,2025-11-16T03:18:46Z
7,James Peoples,8,"Dr. James Peoples, III, MD - Harrisburg, PA - Neurocritical Care",https://providers.upmc.com/provider/james-peoples-iii/2536576,2025-11-16T03:18:46Z
7,James Peoples,9,"Condolences for passing of James Peoples, nephew of Mike",https://www.facebook.com/groups/704464712932691/posts/10052339501478452/,2025-11-16T03:18:46Z
7,James Peoples,10,Coller Capital hires James Peoples | News & PR,https://www.collercapital.com/coller-capital-announces-james-peoples-to-lead-wealth-distribution-in-northern-europe/,2025-11-16T03:18:46Z
7,James Peoples,11,Oral Surgery Houston TX | Dental Implant Experts | Best Oral Surgeon,https://www.peoplesimplants.com/,2025-11-16T03:18:46Z
7,James Peoples,12,"James Blair Peoples, M.D. Obituary July 19, 2002 ... - Dayton",https://www.routsong.com/obituaries/james-blair-peoples-md,2025-11-16T03:18:46Z
7,James Peoples,13,Expected Ohio State star is losing opportunities after flailing in early ...,https://atozsports.com/college-football/ohio-state-buckeyes-news/expected-ohio-state-star-james-peoples-losing-opportunities-after-flailing-early-season-touches/,2025-11-16T03:18:46Z
7,James Peoples,14,"James Llewellyn Peoples Obituary May 27, 2025 ... - Noblesville",https://www.randallroberts.com/obituaries/james-peoples,2025-11-16T03:18:46Z
7,James Peoples,15,"James Lloyd Peoples Obituary August 11, 2025 - Currie-Jefferson ...",https://www.curriejefferson.com/obituaries/james-peoples,2025-11-16T03:18:46Z
7,James Peoples,16,Obituary information for James Peoples - Ashtabula,https://www.ducro.com/obituaries/James-Peoples?obId=42636710,2025-11-16T03:18:46Z
7,James Peoples,17,"Houston Oral Surgeon | James R. Peoples, III, DDS | Implant Specialist",https://www.peoplesimplants.com/meet-us/dr-james-r-peoples/,2025-11-16T03:18:46Z
7,James Peoples,18,James (@James_peoples17) / Posts / X,https://x.com/James_peoples17,2025-11-16T03:18:46Z
7,James Peoples,19,James Peoples MD | Baptist Health Care,https://www.ebaptisthealthcare.org/physicians/james-peoples-md,2025-11-16T03:18:46Z
7,James Peoples,20,Obituary information for James Joseph Peoples - Franklin Lakes,https://www.vpmemorial.com/obituaries/James-Joseph-Peoples?obId=43566572,2025-11-16T03:18:46Z
8,Bronny,1,(@bronny) • Instagram photos and videos,https://www.instagram.com/bronny/?hl=en,2025-11-16T03:18:50Z
8,Bronny,2,Bronny James - Los Angeles Lakers Guard - ESPN,https://www.espn.com/nba/player/_/id/4683774/bronny-james,2025-11-16T03:18:50Z
8,Bronny,3,0. (@bronny) | TikTok,https://www.tiktok.com/@bronny?lang=en,2025-11-16T03:18:50Z
8,Bronny,4,It's a flex to have your son alongside you in the nba it reflects ...,https://x.com/FCHWPO/status/1813148428119207946?lang=en,2025-11-16T03:18:50Z
8,Bronny,5,Bronny James - Wikipedia,https://en.wikipedia.org/wiki/Bronny_James,2025-11-16T03:18:50Z
8,Bronny,6,Bronny James | Guard | Los Angeles Lakers | NBA.com,https://www.nba.com/player/1642355/bronny-james,2025-11-16T03:18:50Z
8,Bronny,7,Will Bronny James even become a relevant college basketball player!,https://www.reddit.com/r/Basketball/comments/196wcht/will_bronny_james_even_become_a_relevant_college/,2025-11-16T03:18:50Z
8,Bronny,8,"Bronny James Stats, Height, Weight, Position, Draft Status and more ...",https://www.basketball-reference.com/players/j/jamesbr02.html,2025-11-16T03:18:50Z
8,Bronny,9,Will Bronny James ever be a starter? : r/nbadiscussion,https://www.reddit.com/r/nbadiscussion/comments/1o7bqmo/will_bronny_james_ever_be_a_starter/,2025-11-16T03:18:50Z
8,Bronny,10,It took just one game for Bronny James to prove JJ Redick right,https://lakeshowlife.com/it-took-just-one-game-bronny-james-prove-jj-redick-right-lakers,2025-11-16T03:18:50Z
8,Bronny,11,"[Bob Myers] ""Rich Paul is calling teams, don't take Bronny James ... if ...",https://www.reddit.com/r/sixers/comments/1dq2cd5/bob_myers_rich_paul_is_calling_teams_dont_take/,2025-11-16T03:18:50Z
8,Bronny,12,Bronny James Scores Career-High 39 Points in South Bay Victory ...,https://southbay.gleague.nba.com/news/bronny-james-scores-career-high-39-points-in-south-bay-victory,2025-11-16T03:18:50Z
8,Bronny,13,Was Bronny's entire prep career fabricated for clicks? : r/NBA_Draft,https://www.reddit.com/r/NBA_Draft/comments/1guvsnf/was_bronnys_entire_prep_career_fabricated_for/,2025-11-16T03:18:50Z
8,Bronny,14,Bronny just called out Michael Jordan,https://www.facebook.com/CBSSports/posts/bronny-just-called-out-michael-jordan-/1044172397078802/,2025-11-16T03:18:50Z
8,Bronny,15,Bronny James and NBA future? : r/Basketball,https://www.reddit.com/r/Basketball/comments/1bv4vql/bronny_james_and_nba_future/,2025-11-16T03:18:50Z
8,Bronny,16,LeBron James - S/O my son Bronny and his teammates Gulf Coast ...,https://www.facebook.com/photo.php?fbid=10152943982123944&id=64637653943&set=a.10151352064168944,2025-11-16T03:18:50Z
8,Bronny,17,I wonder what happens to Bronny once LeBron retires : r/lakers,https://www.reddit.com/r/lakers/comments/1ii4ty7/i_wonder_what_happens_to_bronny_once_lebron/,2025-11-16T03:18:50Z
8,Bronny,18,Bronny James - Basketball Recruiting - Player Profiles - ESPN,http://www.espn.com/college-sports/basketball/recruiting/player/_/id/239348/bronny-james,2025-11-16T03:18:50Z
8,Bronny,19,Rachel Nichols says the criticism surrounding Bronny James is ...,https://www.reddit.com/r/lakers/comments/1e74ri4/rachel_nichols_says_the_criticism_surrounding/,2025-11-16T03:18:50Z
8,Bronny,20,Bronny James — a prince or a jester? - The Tufts Daily,https://www.tuftsdaily.com/article/2024/10/bronny-james-a-prince-or-a-jester,2025-11-16T03:18:50Z
9,Wingo,1,Wingo | Cheap tickets to Colombia and Latin America,https://www.wingo.com/en,2025-11-16T03:18:54Z
9,Wingo,2,Wingo's – DC's Best Wings,https://wingos.com/,2025-11-16T03:18:54Z
9,Wingo,3,Barker v. Wingo | 407 U.S. 514 (1972) | Justia U.S. Supreme Court ...,https://supreme.justia.com/cases/federal/us/407/514/,2025-11-16T03:18:54Z
9,Wingo,4,Wingo (airline) - Wikipedia,https://en.wikipedia.org/wiki/Wingo_(airline),2025-11-16T03:18:54Z
9,Wingo,5,John Wingo - Stites & Harbison PLLC,https://www.stites.com/attorneys/john-r-wingo/,2025-11-16T03:18:54Z
9,Wingo,6,"Mr. Harry Wingo, J.D. > College of Information and Cyberspace ...",https://cic.ndu.edu/About/Faculty-Staff/Article-View/Article/1051350/mr-harry-wingo-jd/,2025-11-16T03:18:54Z
9,Wingo,7,Turner A. Wingo Auditorium - Mississippi State University Libraries,https://www.library.msstate.edu/oldmain/turner-wingo-auditorium,2025-11-16T03:18:54Z
9,Wingo,8,"Jana Wingo, PhD | Northwestern Medicine",https://www.nm.org/doctors/1952784589/jana-wingo-phd,2025-11-16T03:18:54Z
9,Wingo,9,Aliza Wingo | UC Davis Profiles,https://profiles.ucdavis.edu/aliza.wingo,2025-11-16T03:18:54Z
9,Wingo,10,"Urologist in Charleston, SC | Marshall Scott Wingo, MD",https://lowcountryurology.com/providers/marshall-scott-wingo-md/,2025-11-16T03:18:54Z
9,Wingo,11,Wingo-WHAT? – Philadelphia Water Department,https://water.phila.gov/drops/wingo-what/,2025-11-16T03:18:54Z
9,Wingo,12,"Majken T. Wingo, M.D. - Doctors and Medical Staff - Mayo Clinic",https://www.mayoclinic.org/biographies/wingo-majken-t-m-d/bio-20112697,2025-11-16T03:18:54Z
9,Wingo,13,WINGO!,https://www.arapahoebasin.com/event/wingo/,2025-11-16T03:18:54Z
9,Wingo,14,The Wingo Dog Collection,https://wingooutdoors.com/collections/wingo-dog-collection,2025-11-16T03:18:54Z
9,Wingo,15,Disney Car Toys Wingo : Toys & Games - Amazon.com,https://www.amazon.com/Mattel-L5259-Cars-Wingo/dp/B000K9QX4I,2025-11-16T03:18:54Z
9,Wingo,16,Trey Wingo - YouTube,https://www.youtube.com/@treywingopresents,2025-11-16T03:18:54Z
9,Wingo,17,WINGO (@DerekWingo) / Posts / X,https://x.com/DerekWingo,2025-11-16T03:18:54Z
9,Wingo,18,Rebecca Wingo - 7/20 Memorial Foundation,https://www.7-20memorial.org/rebecca-wingo,2025-11-16T03:18:54Z
9,Wingo,19,Abby Wingo - Softball - Seton Hall University Athletics,https://shupirates.com/sports/softball/roster/abby-wingo/6818,2025-11-16T03:18:54Z
9,Wingo,20,Wingo Elementary: Home,https://wingo.graves.kyschools.us/,2025-11-16T03:18:54Z
10,Ole Miss,1,University of Mississippi | Ole Miss,https://olemiss.edu/,2025-11-16T03:18:59Z
10,Ole Miss,2,Ole Miss Athletics - Hotty Toddy,https://olemisssports.com/,2025-11-16T03:18:59Z
10,Ole Miss,3,Department of Student Housing | Ole Miss,https://olemiss.edu/housing/,2025-11-16T03:18:59Z
10,Ole Miss,4,"Ole Miss Rebels Scores, Stats and Highlights - ESPN",https://www.espn.com/college-football/team/_/id/145/ole-miss-rebels,2025-11-16T03:18:59Z
10,Ole Miss,5,National Center for Physical Acoustics | Ole Miss,https://olemiss.edu/ncpa/,2025-11-16T03:18:59Z
10,Ole Miss,6,Football - Ole Miss Athletics - Hotty Toddy,https://olemisssports.com/sports/football,2025-11-16T03:18:59Z
10,Ole Miss,7,Office of Accounting | Ole Miss,https://olemiss.edu/accounting/,2025-11-16T03:18:59Z
10,Ole Miss,8,University of Mississippi - Wikipedia,https://en.wikipedia.org/wiki/University_of_Mississippi,2025-11-16T03:18:59Z
10,Ole Miss,9,2025 Football Schedule - Ole Miss Athletics - Hotty Toddy,https://olemisssports.com/sports/football/schedule,2025-11-16T03:18:59Z
10,Ole Miss,10,Ole Miss Rebels football - Wikipedia,https://en.wikipedia.org/wiki/Ole_Miss_Rebels_football,2025-11-16T03:18:59Z
10,Ole Miss,11,Home Page | Communiversity | Ole Miss,https://www.outreach.olemiss.edu/communiversity/,2025-11-16T03:18:59Z
10,Ole Miss,12,"Clinics, Centers & Institutes | Ole Miss",https://law.olemiss.edu/research-and-practice/clinics-centers-and-institutes/,2025-11-16T03:18:59Z
10,Ole Miss,13,Coronavirus Disease (COVID-19) | University of Mississippi,https://coronavirus.olemiss.edu/,2025-11-16T03:18:59Z
10,Ole Miss,14,Admission Application,https://connect.olemiss.edu/apply/,2025-11-16T03:18:59Z
10,Ole Miss,15,Ole Miss Alumni Association,https://www.olemissalumni.com/,2025-11-16T03:18:59Z
10,Ole Miss,16,Ole Miss Athletic Foundation,https://givetoathletics.com/,2025-11-16T03:18:59Z
10,Ole Miss,17,University of Mississippi | Give,https://ignite.olemiss.edu/,2025-11-16T03:18:59Z
10,Ole Miss,18,School of Pharmacy | Ole Miss,https://pharmacy.olemiss.edu/,2025-11-16T03:18:59Z
10,Ole Miss,19,School of Applied Sciences | Ole Miss,https://sas.olemiss.edu/,2025-11-16T03:18:59Z
10,Ole Miss,20,UM Libraries | Ole Miss,https://libraries.olemiss.edu/,2025-11-16T03:18:59Z
11,Jeremiah Smith,1,Jeremiah Smith - Ohio State Buckeyes Wide Receiver - ESPN,https://www.espn.com/college-football/player/_/id/5079720/jeremiah-smith,2025-11-16T03:19:03Z
11,Jeremiah Smith,2,Jeremiah Smith (@primetimejj_.4) • Instagram photos and videos,https://www.instagram.com/primetimejj_.4/?hl=en,2025-11-16T03:19:03Z
11,Jeremiah Smith,3,Jeremiah Smith | 2025 | Football | Ohio State,https://ohiostatebuckeyes.com/sports/football/roster/jeremiah-smith/12311,2025-11-16T03:19:03Z
11,Jeremiah Smith,4,Jeremiah Smith (American football) - Wikipedia,https://en.wikipedia.org/wiki/Jeremiah_Smith_(American_football),2025-11-16T03:19:03Z
11,Jeremiah Smith,5,"Jeremiah Smith College Stats, School, Draft, Gamelog, Splits ...",https://www.sports-reference.com/cfb/players/jeremiah-smith-2.html,2025-11-16T03:19:03Z
11,Jeremiah Smith,6,Jeremiah Smith - Ohio State Buckeyes Wide Receiver - ESPN (UK),https://www.espn.co.uk/college-football/player/_/id/5079720/jeremiah-smith,2025-11-16T03:19:03Z
11,Jeremiah Smith,7,"Jeremiah Smith, Ohio State, Wide Receiver",https://247sports.com/player/jeremiah-smith-46114094/,2025-11-16T03:19:03Z
11,Jeremiah Smith,8,Jeremiah Smith (@Jermiah_Smith1) / Posts / X,https://x.com/Jermiah_Smith1,2025-11-16T03:19:03Z
11,Jeremiah Smith,9,Jeramiah Smith | University of Kentucky College of Arts & Sciences,https://bio.as.uky.edu/users/jjsmit3,2025-11-16T03:19:03Z
11,Jeremiah Smith,10,Jeremiah Smith : r/MiamiHurricanes,https://www.reddit.com/r/MiamiHurricanes/comments/1hrjrw2/jeremiah_smith/,2025-11-16T03:19:03Z
11,Jeremiah Smith,11,"Jeremiah Smith opens up about fame, fear and fun | Ohio State ...",https://alumnimagazine.osu.edu/story/jeremiah-smith,2025-11-16T03:19:03Z
11,Jeremiah Smith,12,Jeremiah Smith - 2024-25 - Men's Basketball - Plattsburgh State ...,https://gocardinalsports.com/sports/mens-basketball/roster/jeremiah-smith/12572,2025-11-16T03:19:03Z
11,Jeremiah Smith,13,"5* WR Jeremiah Smith ""right now I'm commited to Florida State"" : r ...",https://www.reddit.com/r/fsusports/comments/18dc6ej/5_wr_jeremiah_smith_right_now_im_commited_to/,2025-11-16T03:19:03Z
11,Jeremiah Smith,14,Jeremiah Smith – Football – Georgia Tech Yellow Jackets,https://ramblinwreck.com/roster/jeremiah-smith/,2025-11-16T03:19:03Z
11,Jeremiah Smith,15,Will Jeremiah Smith finish his college career as a Buckeye? : r ...,https://www.reddit.com/r/OhioStateFootball/comments/1fs3czc/will_jeremiah_smith_finish_his_college_career_as/,2025-11-16T03:19:03Z
11,Jeremiah Smith,16,Jeremiah Smith's Potential Opt-Out and NFL Entry,https://www.facebook.com/groups/FloridaGatorNation/posts/8506036792833692/,2025-11-16T03:19:03Z
11,Jeremiah Smith,17,Why am I just now realizing that Jeremiah Smith and Geno Smith are ...,https://www.reddit.com/r/OhioStateFootball/comments/1f2pcs3/why_am_i_just_now_realizing_that_jeremiah_smith/,2025-11-16T03:19:03Z
11,Jeremiah Smith,18,Jeremiah Smith - Brand and markety stuff for 5&2 Studios | LinkedIn,https://www.linkedin.com/in/merejiah,2025-11-16T03:19:03Z
11,Jeremiah Smith,19,Jeremiah Smith opened up about how his personal life has changed ...,https://www.reddit.com/r/OhioStateFootball/comments/1kydtzl/jeremiah_smith_opened_up_about_how_his_personal/,2025-11-16T03:19:03Z
11,Jeremiah Smith,20,Jeremiah Smith – Track and Field Results & Statistics - TFRRS,https://www.tfrrs.org/athletes/9012931/Kansas/Jeremiah_Smith.html,2025-11-16T03:19:03Z
12,Lebby,1,Lebby Snacks - Deliciously Dry Roasted Chickpea Snacks – Lebby ...,https://lebbysnacks.com/,2025-11-16T03:19:07Z
12,Lebby,2,Jeff Lebby - Wikipedia,https://en.wikipedia.org/wiki/Jeff_Lebby,2025-11-16T03:19:07Z
12,Lebby,3,"Eric B. Lebby, MD | Lehigh Valley Health Network",https://www.lvhn.org/doctors/eric-lebby,2025-11-16T03:19:07Z
12,Lebby,4,Lebby Eyres (@lebbyeyres) • Instagram photos and videos,https://www.instagram.com/lebbyeyres/?hl=en,2025-11-16T03:19:07Z
12,Lebby,5,Jeff Lebby - Football Coach - Mississippi State,https://hailstate.com/sports/football/roster/coaches/jeff-lebby/3086,2025-11-16T03:19:07Z
12,Lebby,6,Jeff Lebby - Offensive Coordinator / Quarterbacks - Football ...,https://soonersports.com/sports/football/roster/coaches/jeff-lebby/700,2025-11-16T03:19:07Z
12,Lebby,7,Jeff Lebby - Football Coach - Ole Miss Athletics - Hotty Toddy,https://olemisssports.com/sports/football/roster/coaches/jeff-lebby/707,2025-11-16T03:19:07Z
12,Lebby,8,Jeff Lebby (@Coach_Leb) / Posts / X,https://x.com/Coach_Leb,2025-11-16T03:19:07Z
12,Lebby,9,Obituary information for Kyle Louis Lebby,https://www.biggersfh.com/obituaries/Kyle-Louis-Lebby?obId=28112414,2025-11-16T03:19:07Z
12,Lebby,10,"So for those who know more about Lebby than I do, would he ...",https://www.reddit.com/r/CFB/comments/183bgxi/so_for_those_who_know_more_about_lebby_than_i_do/,2025-11-16T03:19:07Z
12,Lebby,11,"""I honestly really believe that Jeff Lebby deserves right now to be up ...",https://www.facebook.com/SECNetwork/posts/i-honestly-really-believe-that-jeff-lebby-deserves-right-now-to-be-up-for-coach-/1357163605761667/,2025-11-16T03:19:07Z
12,Lebby,12,So Jeff Lebby : r/sooners,https://www.reddit.com/r/sooners/comments/raemuf/so_jeff_lebby/,2025-11-16T03:19:07Z
12,Lebby,13,"David Lebby | Atlanta, GA | Finnegan | Leading IP+ Law Firm",https://www.finnegan.com/en/professionals/david-lebby.html,2025-11-16T03:19:07Z
12,Lebby,14,Obituary information for Marvin S. Lebby,https://www.cunninghamfh.com/obituaries/Marvin-S-Lebby?obId=43621584,2025-11-16T03:19:07Z
12,Lebby,15,Michael Lebby | Optica,https://www.optica.org/about/leadership_and_volunteers/board/michael_lebby/,2025-11-16T03:19:07Z
12,Lebby,16,Jeff Lebby - Football Coach - Baylor,https://baylorbears.com/sports/football/roster/coaches/jeff-lebby/289,2025-11-16T03:19:07Z
12,Lebby,17,Stephanie Lebby - Skiing - Dartmouth College Athletics,https://dartmouthsports.com/sports/alpine-skiing/roster/stephanie-lebby/8671,2025-11-16T03:19:07Z
12,Lebby,18,Jeff Lebby - UCF Athletics - Official Athletics Website,https://ucfknights.com/staff/jeff-lebby,2025-11-16T03:19:07Z
12,Lebby,19,Michael Lebby - GenusTechnik Inc. | LinkedIn,https://www.linkedin.com/in/lebby,2025-11-16T03:19:07Z
12,Lebby,20,"Jeff Lebby, Oklahoma, Offensive Tackle",https://247sports.com/player/jeff-lebby-50438/,2025-11-16T03:19:07Z
13,#Svengoolie,1,Svengoolie,https://www.facebook.com/therealsvengoolie/,2025-11-16T03:19:12Z
13,#Svengoolie,2,Svengoolie (@Svengoolie) / Posts / X,https://x.com/Svengoolie,2025-11-16T03:19:12Z
13,#Svengoolie,3,Svengoolie - MeTV.com,https://metv.com/svengoolie,2025-11-16T03:19:12Z
13,#Svengoolie,4,"""Son of Dracula"" Coming up on Svengoolie on Saturday, June 14 ...",https://www.facebook.com/therealsvengoolie/posts/son-of-dracula-coming-up-on-svengoolie-on-saturday-june-14-2025-at-8p7c-on-metv-/1235424877969181/,2025-11-16T03:19:12Z
13,#Svengoolie,5,Svengoolie - Wikipedia,https://en.wikipedia.org/wiki/Svengoolie,2025-11-16T03:19:12Z
13,#Svengoolie,6,"""Werewolf of London"" Coming up on Svengoolie on Saturday ...",https://www.facebook.com/therealsvengoolie/posts/werewolf-of-london-coming-up-on-svengoolie-on-saturday-august-9-2025-at-8p7c-on-/1277543150424020/,2025-11-16T03:19:12Z
13,#Svengoolie,7,Svengoolie accent? : r/svengoolie,https://www.reddit.com/r/svengoolie/comments/1imyhut/svengoolie_accent/,2025-11-16T03:19:12Z
13,#Svengoolie,8,MeTV.com - Svengoolie,https://www.metv.com/svengoolie/blog/goodbye-to-the-original-sven-8211-jerry-g-bishop,2025-11-16T03:19:12Z
13,#Svengoolie,9,#Nostalgiaferatoo meets #Bizarro. A commission sketch at #C2E2 ...,https://www.instagram.com/p/DIW7qHZPLp9/,2025-11-16T03:19:12Z
13,#Svengoolie,10,MeTV.com - Svengoolie,https://www.metv.com/svengoolie/blog/one-year-ago-today,2025-11-16T03:19:12Z
13,#Svengoolie,11,MADness #130- Svengoolie!,https://www.tomrichmond.com/madness-130-svengoolie/28/10/2024/,2025-11-16T03:19:12Z
13,#Svengoolie,12,Svengoolie — MeTV Mall,https://metvmall.com/collections/svengoolie,2025-11-16T03:19:12Z
13,#Svengoolie,13,Svengoolie - Ankin Law,https://ankinlaw.com/svengoolie/,2025-11-16T03:19:12Z
13,#Svengoolie,14,Delving into the Dynamics of Svengoolie's New Coffin! | Terror from ...,https://terrordaves.com/2013/09/10/digging-into-the-dynamics-of-svengoolies-new-coffin/,2025-11-16T03:19:12Z
13,#Svengoolie,15,Svengoolie (TV Series 1995– ) - IMDb,https://www.imdb.com/title/tt0414777/,2025-11-16T03:19:12Z
13,#Svengoolie,16,Toynk Svengoolie Retro-Style Metal Tin Lunch Box ... - Amazon.com,https://www.amazon.com/Svengoolie-Retro-Style-Reusable-Storage-Organizer/dp/B0CS4X3VHM,2025-11-16T03:19:12Z
13,#Svengoolie,17,Svengoolie - YouTube,https://www.youtube.com/playlist?list=PLWwWORoWDqGk_qyVoDBEAN0xDWk3u-pW3,2025-11-16T03:19:12Z
13,#Svengoolie,18,From Vampira to Svengoolie – The undying world of the horror host ...,https://nikdirga.com/2024/06/20/from-vampira-to-svengoolie-the-undying-world-of-the-horror-host/,2025-11-16T03:19:12Z
13,#Svengoolie,19,POSTPONED - Meet Svengoolie! - Eisenhower Public Library,https://eisenhowerlibrary.org/meet-svengoolie/,2025-11-16T03:19:12Z
13,#Svengoolie,20,Rich Koz – Chicago Magazine,https://www.chicagomag.com/chicago-magazine/october-2017/rich-koz/,2025-11-16T03:19:12Z
14,Ty Simpson,1,Ty Simpson - Alabama Crimson Tide Quarterback - ESPN,https://www.espn.com/college-football/player/_/id/4685522/ty-simpson,2025-11-16T03:19:16Z
14,Ty Simpson,2,Ty Simpson (@ty_simpson06) • Instagram photos and videos,https://www.instagram.com/ty_simpson06/?hl=en,2025-11-16T03:19:16Z
14,Ty Simpson,3,Ty Simpson - Football - Alabama Athletics,https://rolltide.com/sports/football/roster/ty-simpson/13841,2025-11-16T03:19:16Z
14,Ty Simpson,4,"Ty Simpson College Stats, School, Draft, Gamelog, Splits | College ...",https://www.sports-reference.com/cfb/players/ty-simpson-1.html,2025-11-16T03:19:16Z
14,Ty Simpson,5,Ty Simpson - Wikipedia,https://en.wikipedia.org/wiki/Ty_Simpson,2025-11-16T03:19:16Z
14,Ty Simpson,6,Ty Simpson on X,https://x.com/ty_simpson06/status/1468356020946841605,2025-11-16T03:19:16Z
14,Ty Simpson,7,"Ty Simpson on X: ""Due to inclement weather, and the closing of my ...",https://twitter.com/ty_simpson06/status/1361368705163214859?ref_src=twsrc%5Etfw,2025-11-16T03:19:16Z
14,Ty Simpson,8,Ty Simpson (@ty_simpson06) / Posts / X,https://x.com/ty_simpson06?lang=en,2025-11-16T03:19:16Z
14,Ty Simpson,9,Do Ty Simpson and Dante Moore have anything to gain by returning ...,https://www.reddit.com/r/CFB/comments/1ovawa6/do_ty_simpson_and_dante_moore_have_anything_to/,2025-11-16T03:19:16Z
14,Ty Simpson,10,"Ty Simpson, Alabama, Quarterback",https://247sports.com/player/ty-simpson-46056473/,2025-11-16T03:19:16Z
14,Ty Simpson,11,Ty Simpson - Alabama Crimson Tide Quarterback - ESPN (AU),https://www.espn.com.au/college-football/player/_/id/4685522/ty-simpson,2025-11-16T03:19:16Z
14,Ty Simpson,12,Ty Simpson: Why I chose Alabama football over Tennessee Vols,https://www.tuscaloosanews.com/story/sports/2021/12/15/ty-simpson-alabama-football-recruiting-tennessee-vols-oklahoma/6466064001/,2025-11-16T03:19:16Z
14,Ty Simpson,13,Ty Simpson let everyone know that Ryan Williams is still one of the ...,https://www.facebook.com/CrimsonTide.alcom/posts/ty-simpson-let-everyone-know-that-ryan-williams-is-still-one-of-the-best-players/1220076773494469/,2025-11-16T03:19:16Z
14,Ty Simpson,14,Watch Alabama QB Ty Simpson's message for South Carolina ...,https://www.al.com/alabamafootball/2025/10/watch-ty-simpsons-message-for-south-carolina-student-section-after-win.html,2025-11-16T03:19:16Z
14,Ty Simpson,15,Ty Simpson Quarterback: Dual Threat Recruiting Profile - ESPN,http://www.espn.com/college-sports/football/recruiting/player/_/id/240610/ty-simpson,2025-11-16T03:19:16Z
14,Ty Simpson,16,Alabama QB Ty Simpson wants 'people to know I'm a Christian first',https://sportsspectrum.com/sport/football/2025/09/25/alabama-ty-simpson-hot-start-christian-first/,2025-11-16T03:19:16Z
14,Ty Simpson,17,Ty Simpson - Alabama Crimson Tide - Quarterback,https://www.on3.com/rivals/ty-simpson-117106/,2025-11-16T03:19:16Z
14,Ty Simpson,18,Ty Simpson - Camp Director | LinkedIn,https://www.linkedin.com/in/ty-simpson-13045aa,2025-11-16T03:19:16Z
14,Ty Simpson,19,Alabama QB Ty Simpson rising up 2026 NFL draft boards: Could he ...,https://www.cbssports.com/college-football/news/could-alabamas-ty-simpson-be-a-one-and-done-starter-scouts-see-him-as-a-potential-2026-first-round-pick/,2025-11-16T03:19:16Z
14,Ty Simpson,20,QB Ty Simpson near perfect in No. 19 Bama's win over Wisconsin ...,https://www.secsports.com/news/2025/09/qb-ty-simpson-near-perfect-in-no-19-bamas-win-over-wisconsin,2025-11-16T03:19:16Z
15,UConn,1,University of Connecticut,https://uconn.edu/,2025-11-16T03:19:20Z
15,UConn,2,UConn Athletics,https://uconnhuskies.com/,2025-11-16T03:19:20Z
15,UConn,3,UConn Health: Home,https://health.uconn.edu/,2025-11-16T03:19:20Z
15,UConn,4,Women's Basketball - University of Connecticut Athletics,https://uconnhuskies.com/sports/womens-basketball,2025-11-16T03:19:20Z
15,UConn,5,UConn (@UConn) / Posts / X,https://x.com/UConn,2025-11-16T03:19:20Z
15,UConn,6,University of Connecticut - Wikipedia,https://en.wikipedia.org/wiki/University_of_Connecticut,2025-11-16T03:19:20Z
15,UConn,7,Apply to UConn – Undergraduate Admissions,https://admissions.uconn.edu/apply/,2025-11-16T03:19:20Z
15,UConn,8,UConn Stamford,https://stamford.uconn.edu/,2025-11-16T03:19:20Z
15,UConn,9,UConn Today: Home,https://today.uconn.edu/,2025-11-16T03:19:20Z
15,UConn,10,"UConn Huskies Scores, Stats and Highlights - ESPN",https://www.espn.com/mens-college-basketball/team/_/id/41/uconn-huskies,2025-11-16T03:19:20Z
15,UConn,11,UConn (@uconn) • Instagram photos and videos,https://www.instagram.com/uconn/?hl=en,2025-11-16T03:19:20Z
15,UConn,12,"University Planning, Design and Construction: Home",https://updc.uconn.edu/,2025-11-16T03:19:20Z
15,UConn,13,2025-2026 Direct Costs and Cost of Attendance | Office of Student ...,https://financialaid.uconn.edu/cost/,2025-11-16T03:19:20Z
15,UConn,14,UConn CLEAR,https://clear.uconn.edu/,2025-11-16T03:19:20Z
15,UConn,15,UConn Forest: Home,https://forest.uconn.edu/,2025-11-16T03:19:20Z
15,UConn,16,UConn Linguistics,https://linguistics.uconn.edu/,2025-11-16T03:19:20Z
15,UConn,17,UConn Mathematics,https://math.uconn.edu/,2025-11-16T03:19:20Z
15,UConn,18,Adventure Center | UConn Recreation,https://recreation.uconn.edu/adventure-center/,2025-11-16T03:19:20Z
15,UConn,19,"UConn Extension | College of Agriculture, Health and Natural ...",https://cahnr.uconn.edu/extension/,2025-11-16T03:19:20Z
15,UConn,20,2025-26 Academic Calendar | Office of the Registrar,https://registrar.uconn.edu/academic-calendar/,2025-11-16T03:19:20Z
16,Shapen,1,Blake Shapen - Mississippi State Bulldogs Quarterback - ESPN,https://www.espn.com/college-football/player/_/id/4565315/blake-shapen,2025-11-16T03:19:25Z
16,Shapen,2,SHAPEN barefoot: Barefoot with style - We bring beauty to the world ...,https://www.shapenbarefoot.com/en,2025-11-16T03:19:25Z
16,Shapen,3,SHAPEN Definition & Meaning - Merriam-Webster,https://www.merriam-webster.com/dictionary/shapen,2025-11-16T03:19:25Z
16,Shapen,4,Blake Shapen - Football - Mississippi State,https://hailstate.com/sports/football/roster/blake-shapen/12332,2025-11-16T03:19:25Z
16,Shapen,5,Barefoot Shoes For Women,https://www.shapenbarefoot.com/en/women-s-barefoot-shoes,2025-11-16T03:19:25Z
16,Shapen,6,Shapen - Create 3D models from images,https://shapen.com/,2025-11-16T03:19:25Z
16,Shapen,7,Blake Shapen (@BShapen) / Posts / X,https://x.com/BShapen,2025-11-16T03:19:25Z
16,Shapen,8,Blake Shapen (@bshape8) • Instagram photos and videos,https://www.instagram.com/bshape8/,2025-11-16T03:19:25Z
16,Shapen,9,Blake Shapen - Football - Baylor,https://baylorbears.com/sports/football/roster/blake-shapen/12324,2025-11-16T03:19:25Z
16,Shapen,10,Shapen Brand | Anya's Shop,https://anyas-shop.com/collections/shapen,2025-11-16T03:19:25Z
16,Shapen,11,Used Cars Trucks & SUVs For Sale | Shapen Toyota near Tyler,https://www.shapentoyota.com/used-inventory/index.htm,2025-11-16T03:19:25Z
16,Shapen,12,Shapen – Anya's Shop,https://anyas-shop.com/pages/shapen,2025-11-16T03:19:25Z
16,Shapen,13,The Gregory Shapen Public Health Fellowship - Howard Brown Health,https://howardbrown.org/era/education/shapen-public-health-fellowship/,2025-11-16T03:19:25Z
16,Shapen,14,Shapen Tulip Flats – Anya's Shop,https://anyas-shop.com/products/shapen-tulip-flats,2025-11-16T03:19:25Z
16,Shapen,15,Has anyone here tried on Shapen Poppy or Shapen Orchid? : r ...,https://www.reddit.com/r/barefootshoestalk/comments/1jtgr21/has_anyone_here_tried_on_shapen_poppy_or_shapen/,2025-11-16T03:19:25Z
16,Shapen,16,Shapen,https://cooleastmarket.com/collections/shapen,2025-11-16T03:19:25Z
16,Shapen,17,Shapen Barefoot Footwear | Elegant Comfort for Daily Wear,https://www.happylittlesoles.co.uk/products/brand-1/shapen.html,2025-11-16T03:19:25Z
16,Shapen,18,Blake Shapen injury update as Mississippi State QB exits vs Arkansas,https://www.clarionledger.com/story/sports/college/mississippi-state/2025/11/01/blake-shapen-injury-update-mississippi-state-arkansas-qb/87040652007/,2025-11-16T03:19:25Z
16,Shapen,19,"Blake Shapen College Stats, School, Draft, Gamelog, Splits ...",https://www.sports-reference.com/cfb/players/blake-shapen-1.html,2025-11-16T03:19:25Z
16,Shapen,20,Shapen – Bprimal Footwear,https://bprimal.com.au/collections/shapen,2025-11-16T03:19:25Z
17,#GoDawgs,1,University of Washington Athletics - Official Athletics Website,https://gohuskies.com/,2025-11-16T03:19:29Z
17,#GoDawgs,2,Georgia Football (@GeorgiaFootball) / Posts / X,https://x.com/GeorgiaFootball?lang=en,2025-11-16T03:19:29Z
17,#GoDawgs,3,Ain't Nothin' Finer ❤️ #NothingFiner | #GoDawgs,https://www.facebook.com/ugaredcoatband/posts/aint-nothin-finer-%EF%B8%8Fnothingfiner-godawgs/1353143069503547/,2025-11-16T03:19:29Z
17,#GoDawgs,4,Georgia Bulldogs - University of Georgia Athletics,https://georgiadogs.com/,2025-11-16T03:19:29Z
17,#GoDawgs,5,fall ball (so far) photo dump #Team30 | #GoDawgs,https://www.facebook.com/UGAsoftball/posts/-fall-ball-so-far-photo-dumpteam30-godawgs/1246732314148369/,2025-11-16T03:19:29Z
17,#GoDawgs,6,Let's go Dawgs!!!! #GoDawgs #GeorgiaBullDogs #Georgia,https://www.instagram.com/p/CnNNMRvvmip/,2025-11-16T03:19:29Z
17,#GoDawgs,7,#prouddad #godawgs | Ed Bastian | 764 comments,https://www.linkedin.com/posts/edbastian_prouddad-godawgs-activity-6740674256641822720-NBOx,2025-11-16T03:19:29Z
17,#GoDawgs,8,June check-in from GymDogs all over! #GoDawgs ...,https://www.instagram.com/p/DKxu0tuS0eZ/?hl=en,2025-11-16T03:19:29Z
17,#GoDawgs,9,#workanniversary #highereducation #godawgs | S. Jack Hu | 88 ...,https://www.linkedin.com/posts/s-jack-hu-10840562_workanniversary-highereducation-godawgs-activity-7080600505856507905-xVqO,2025-11-16T03:19:29Z
17,#GoDawgs,10,Happy Finals Season! Good Luck and Finish the Drill!! #godawgs ...,https://www.instagram.com/p/Cl7AMKVP1Oj/,2025-11-16T03:19:29Z
17,#GoDawgs,11,#riskmanagement #godawgs #constructioninsurance ...,https://www.linkedin.com/posts/danette-beck-882767a_riskmanagement-godawgs-constructioninsurance-activity-7239358079350288385-w-gf,2025-11-16T03:19:29Z
17,#GoDawgs,12,Georgia does what Bama and Texas couldn't. Win! #GoDawgs : r ...,https://www.reddit.com/r/secfootball/comments/1n4ginb/georgia_does_what_bama_and_texas_couldnt_win/,2025-11-16T03:19:29Z
17,#GoDawgs,13,#salukistrong #godawgs #siu #highered #leadership ...,https://www.linkedin.com/posts/yemiakisanya_salukistrong-godawgs-siu-activity-7386127586579578881-8m_w,2025-11-16T03:19:29Z
17,#GoDawgs,14,"Nitro Tuggle on X: ""#GoDawgs https://t.co/4TDuk4FKZq"" / X",https://twitter.com/nitrotuggle333/status/1642159107594498048,2025-11-16T03:19:29Z
17,#GoDawgs,15,"#godawgs | Mohamed ""Mo"" Massaquoi",https://www.linkedin.com/posts/mohamedmassaquoi_godawgs-activity-7392168737728118784-2ZBr,2025-11-16T03:19:29Z
17,#GoDawgs,16,Be comfortable being uncomfortable #kirbysmart #uga #godawgs ...,https://www.youtube.com/shorts/kVNnspTAo6s,2025-11-16T03:19:29Z
17,#GoDawgs,17,#uwfoster #godawgs | Karen Luey,https://www.linkedin.com/posts/karen-luey-1b8a343_uwfoster-godawgs-activity-7306163421924732928-6Qnk,2025-11-16T03:19:29Z
17,#GoDawgs,18,"Billy ""Papa GoDawgs"" Holbrook Obituary January 8, 2025 ... - Hiram",https://www.samclarkfuneralhome.com/obituaries/billy-papagodawgs-holbrook,2025-11-16T03:19:29Z
17,#GoDawgs,19,Go - 2️⃣0️⃣ DAYS‼️ ⚫️ #GoDawgs #DawgNation ...,https://m.facebook.com/dawgforlife34/photos/2%EF%B8%8F%E2%83%A30%EF%B8%8F%E2%83%A3-days%EF%B8%8F-%EF%B8%8Fgodawgs-dawgnation-georgiafootball-countdowntokickoff-collegefootb/1313462377452563/,2025-11-16T03:19:29Z
17,#GoDawgs,20,"“Go Dawgs” Aircraft - Alaska Airlines, Hawaiian Airlines and Horizon ...",https://news.alaskaair.com/images-videos/go-dawgs-aircraft/,2025-11-16T03:19:29Z
18,Sark,1,"SARK - Bestselling Author, Artist, Speaker & Mentor",https://www.planetsark.com/,2025-11-16T03:19:33Z
18,Sark,2,Sark - Wikipedia,https://en.wikipedia.org/wiki/Sark,2025-11-16T03:19:33Z
18,Sark,3,Sark | Tron Wiki | Fandom,https://tron.fandom.com/wiki/Sark,2025-11-16T03:19:33Z
18,Sark,4,HOME | Isle of Sark,https://www.sark.co.uk/,2025-11-16T03:19:33Z
18,Sark,5,Mr Sark (@sark) / Posts / X,https://x.com/sark?lang=en,2025-11-16T03:19:33Z
18,Sark,6,Sark — Hoard's Dairyman Farm Creamery,https://www.hoardscreamery.com/store/p/sark,2025-11-16T03:19:33Z
18,Sark,7,CUTTY SARK GINGER ALE READY-TO-DRINK,https://cutty-sark.com/products/cutty-sark-ginger-ale-ready-drink,2025-11-16T03:19:33Z
18,Sark,8,SARK,https://www.facebook.com/PlanetSARK/,2025-11-16T03:19:33Z
18,Sark,9,Cutty Sark | Royal Museums Greenwich,https://www.rmg.co.uk/cutty-sark,2025-11-16T03:19:33Z
18,Sark,10,CUTTY SARK Original,https://cutty-sark.com/products/cutty-sark-original,2025-11-16T03:19:33Z
18,Sark,11,Home - Sark Tile New,https://sarktile.com/,2025-11-16T03:19:33Z
18,Sark,12,Cutty Sark Scotch,https://www.abc.virginia.gov/products/scotch/cutty-sark-scotch?productSize=0,2025-11-16T03:19:33Z
18,Sark,13,tmr232/Sark: IDAPython Made Easy - GitHub,https://github.com/tmr232/Sark,2025-11-16T03:19:33Z
18,Sark,14,How was Sark in Flynn's arcade? : r/tron,https://www.reddit.com/r/tron/comments/1fujyoj/how_was_sark_in_flynns_arcade/,2025-11-16T03:19:33Z
18,Sark,15,Jordi Sark | Travel Photographer (@jordisark) • Instagram photos ...,https://www.instagram.com/jordisark/,2025-11-16T03:19:33Z
18,Sark,16,Mr Sark - YouTube,https://www.youtube.com/channel/UCNPCx6BWK0ID6UKO1QicOmQ,2025-11-16T03:19:33Z
18,Sark,17,Buy Cutty Sark Gifts | Souvenirs | Royal Museums Greenwich Shop,https://shop.rmg.co.uk/collections/cutty-sark,2025-11-16T03:19:33Z
18,Sark,18,Coach Sark (@steve.sarkisian) • Instagram photos and videos,https://www.instagram.com/steve.sarkisian/?hl=en,2025-11-16T03:19:33Z
18,Sark,19,"Caragh Chocolates | Sark, Channel Islands",https://www.caraghchocolates.com/,2025-11-16T03:19:33Z
18,Sark,20,Review 003: Cutty Sark Prohibition - 50% - NAS - Blended Scotch ...,https://www.reddit.com/r/Scotch/comments/1h8ccti/review_003_cutty_sark_prohibition_50_nas_blended/,2025-11-16T03:19:33Z
19,#HookEm,1,Hookem.com (@bevobeat) / Posts / X,https://x.com/bevobeat?lang=en,2025-11-16T03:19:38Z
19,#HookEm,2,Hook 'Em - University of Texas Athletics,https://texaslonghorns.com/sports/hook-em,2025-11-16T03:19:38Z
19,#HookEm,3,Does Hook 'Em ever do a reveal? : r/UTAustin,https://www.reddit.com/r/UTAustin/comments/1iyajpi/does_hook_em_ever_do_a_reveal/,2025-11-16T03:19:38Z
19,#HookEm,4,TX OU. #HookEm,https://www.facebook.com/KristenCurrieTV/posts/tx-ou-hookem/1361446155344627/,2025-11-16T03:19:38Z
19,#HookEm,5,"Texas Longhorns football, basketball, baseball, sports news - Austin ...",https://www.statesman.com/hookem/,2025-11-16T03:19:38Z
19,#HookEm,6,"My momma and baby sister, Sugar, enjoying the snow #hookem",https://www.instagram.com/p/C2IqzJ7pNUj/,2025-11-16T03:19:38Z
19,#HookEm,7,"#careermilestone #consultingjourney #hookem | James ""Craig ...",https://www.linkedin.com/posts/jamescraigjones_careermilestone-consultingjourney-hookem-activity-7357233326962675712-lvbO,2025-11-16T03:19:38Z
19,#HookEm,8,Something in the Burnt Orange #HookEm,https://www.instagram.com/p/Cuk8A27MBwu/?hl=en,2025-11-16T03:19:38Z
19,#HookEm,9,#hookem #wreckem #proudmom | Amanda Crawford | 17 comments,https://www.linkedin.com/posts/amanda-crawford-dir_hookem-wreckem-proudmom-activity-7376643048643940352-QNG5,2025-11-16T03:19:38Z
19,#HookEm,10,Hook 'em Arts - Texas Performing Arts,https://texasperformingarts.org/learn-and-engage/for-ut-students/hook-em-arts/,2025-11-16T03:19:38Z
19,#HookEm,11,Hook 'Em - Wikipedia,https://en.wikipedia.org/wiki/Hook_%27Em,2025-11-16T03:19:38Z
19,#HookEm,12,Hook 'em Hut – WCP | University Housing and Dining,https://housing.utexas.edu/dining/dining-locations/convenience-stores/hook-em-hut-wcp,2025-11-16T03:19:38Z
19,#HookEm,13,Hook'em Hut | University Unions,https://universityunions.utexas.edu/hookem-hut,2025-11-16T03:19:38Z
19,#HookEm,14,Hook 'em & Cook 'em: Hookem & Cookem Outfitters,https://www.hookemcookem.com/,2025-11-16T03:19:38Z
19,#HookEm,15,"709 | Hook'em - Vacation Rental in Nags Head, NC | Joe Lamb Jr ...",https://www.joelambjr.com/outer-banks-rentals/nags-head/709-hookem,2025-11-16T03:19:38Z
19,#HookEm,16,Hook 'Em Mascot Tryout Information Session - Texas Today: UT ...,https://calendar.utexas.edu/event/hook-em-mascot-tryout-information-session,2025-11-16T03:19:38Z
19,#HookEm,17,Ike's Hook'em Early Kids Program | The Ike Foundation,https://theikefoundation.org/programs/ikes-hookem-early/,2025-11-16T03:19:38Z
19,#HookEm,18,Hook 'Em Here Harlingen - College of Education - UT Austin,https://education.utexas.edu/hook-em-here/heh-harlingen/,2025-11-16T03:19:38Z
19,#HookEm,19,Texas Longhorns Hook'Em Mitts – University Co-op,https://www.universitycoop.com/products/texas-longhorns-hookem-mitts,2025-11-16T03:19:38Z
19,#HookEm,20,Behind the horns: Students who served as Hook 'Em – The Daily ...,https://thedailytexan.com/2025/10/09/behind-the-horns-students-who-served-as-hook-em/,2025-11-16T03:19:38Z
20,CJ Allen,1,CJ Allen - Georgia Bulldogs Linebacker - ESPN,https://www.espn.com/college-football/player/_/id/4870598/cj-allen,2025-11-16T03:19:42Z
20,CJ Allen,2,CJ Allen - 2025 - Football - University of Georgia Athletics,https://georgiadogs.com/sports/football/roster/cj-allen/7438,2025-11-16T03:19:42Z
20,CJ Allen,3,CJ Allen (American football) - Wikipedia,https://en.wikipedia.org/wiki/CJ_Allen_(American_football),2025-11-16T03:19:42Z
20,CJ Allen,4,"CJ Allen, Georgia, Linebacker",https://247sports.com/player/cj-allen-46103166/,2025-11-16T03:19:42Z
20,CJ Allen,5,"C.J. Allen College Stats, School, Draft, Gamelog, Splits | College ...",https://www.sports-reference.com/cfb/players/cj-allen-1.html,2025-11-16T03:19:42Z
20,CJ Allen,6,CJ Allen | Team USA,https://www.teamusa.com/profiles/cj-allen,2025-11-16T03:19:42Z
20,CJ Allen,7,CJ Allen - VP of Product at Expedia Group | Driving Consumer ...,https://www.linkedin.com/in/cjallen,2025-11-16T03:19:42Z
20,CJ Allen,8,C3 (@cjallen3) • Instagram photos and videos,https://www.instagram.com/cjallen3/,2025-11-16T03:19:42Z
20,CJ Allen,9,CJ Allen – Track and Field Results & Statistics - TFRRS,https://www.tfrrs.org/athletes/4641161/Washington_State/CJ_Allen.html,2025-11-16T03:19:42Z
20,CJ Allen,10,NFL Draft 2026 Scouting Report for Georgia LB CJ Allen,https://bleacherreport.com/articles/25253011-nfl-draft-2026-scouting-report-georgia-lb-cj-allen,2025-11-16T03:19:42Z
20,CJ Allen,11,C.J. Allen Upper Extremity & Hand Therapy | Occupational Therapy,https://www.cjhandtherapy.com/,2025-11-16T03:19:42Z
20,CJ Allen,12,CJ ALLEN | Profile | World Athletics,https://worldathletics.org/athletes/united-states/cj-allen-14627624,2025-11-16T03:19:42Z
20,CJ Allen,13,CJ Allen Linebacker Georgia | NFL Draft Profile & Scouting Report,https://www.nfldraftbuzz.com/Player/CJ-Allen-LB-Georgia,2025-11-16T03:19:42Z
20,CJ Allen,14,Contact Us - C.J. Allen OT Upper Extremity & Hand Therapy,https://www.cjhandtherapy.com/contact/,2025-11-16T03:19:42Z
20,CJ Allen,15,CJ Allen,https://www.officialcjallen.com/,2025-11-16T03:19:42Z
20,CJ Allen,16,CJ Allen Jr. - Football - Georgia Southern University Athletics,https://gseagles.com/sports/football/roster/cj-allen-jr-/6969,2025-11-16T03:19:42Z
20,CJ Allen,17,C.J. Allen-Jones - Football - University of Hawai'i at Manoa Athletics,https://hawaiiathletics.com/sports/football/roster/c-j--allen-jones/2380,2025-11-16T03:19:42Z
20,CJ Allen,18,About Us - C.J. Allen OT Upper Extremity & Hand Therapy,https://www.cjhandtherapy.com/about/,2025-11-16T03:19:42Z
20,CJ Allen,19,CJ Allen - Track & Field - Washington State University Athletics,https://wsucougars.com/sports/track-and-field/roster/cj-allen/3519,2025-11-16T03:19:42Z
20,CJ Allen,20,CJ Allen for Heisman : r/georgiabulldogs,https://www.reddit.com/r/georgiabulldogs/comments/1o4f9hc/cj_allen_for_heisman/,2025-11-16T03:19:42Z
21,Kopylov,1,Roman Kopylov (Middleweight) MMA Profile - ESPN,https://www.espn.com/mma/fighter/_/id/4300149/roman-kopylov,2025-11-16T03:19:46Z
21,Kopylov,2,Roman Kopylov - Wikipedia,https://en.wikipedia.org/wiki/Roman_Kopylov,2025-11-16T03:19:46Z
21,Kopylov,3,Roman Kopylov Record: 14-4-0,http://ufcstats.com/fighter-details/9d83f6da776ff7d6,2025-11-16T03:19:46Z
21,Kopylov,4,Roman Kopylov | UFC,https://www.ufc.com/athlete/roman-kopylov,2025-11-16T03:19:46Z
21,Kopylov,5,Roman Kopylov | MMA Fighter Page | Tapology,https://www.tapology.com/fightcenter/fighters/138424-roman-kopylov,2025-11-16T03:19:46Z
21,Kopylov,6,"Roman Kopylov MMA Stats, Pictures, News, Videos, Biography ...",https://www.sherdog.com/fighter/Roman-Kopylov-232601,2025-11-16T03:19:46Z
21,Kopylov,7,Roman Kopylov vs Chris Curtis set for UFC Event on January 11th : r ...,https://www.reddit.com/r/MMA/comments/1fwrjjc/roman_kopylov_vs_chris_curtis_set_for_ufc_event/,2025-11-16T03:19:46Z
21,Kopylov,8,"Claire Kopylov, CRNP | Trinity Health Mid-Atlantic",https://www.trinityhealthma.org/provider/claire-kopylov-crnp,2025-11-16T03:19:46Z
21,Kopylov,9,[SPOILER] Roman Kopylov vs. César Almeida : r/MMA,https://www.reddit.com/r/MMA/comments/1d62n7n/spoiler_roman_kopylov_vs_c%C3%A9sar_almeida/,2025-11-16T03:19:46Z
21,Kopylov,10,"David Kopylov, MD | Summit Health Radiology",https://www.summithealth.com/doctors/provider/1366897415,2025-11-16T03:19:46Z
21,Kopylov,11,"Andrei Kopylov, MD | Anesthesiology",https://www.huntingtonhealth.org/physicians/andrei-v-kopylov-md/,2025-11-16T03:19:46Z
21,Kopylov,12,ANTON KOPYLOV (@antoncopy) • Instagram photos and videos,https://www.instagram.com/antoncopy/?hl=en,2025-11-16T03:19:46Z
21,Kopylov,13,JetBlue Promotes Dmitry Kopylov to ... - JetBlue Airways Corporation,https://news.jetblue.com/latest-news/press-release-details/2021/JetBlue-Promotes-Dmitry-Kopylov-to-Vice-President-Strategic-Sourcing-and-Fleet-06-03-2021/default.aspx,2025-11-16T03:19:46Z
21,Kopylov,14,‪Igor Kopylov‬ - ‪Google Scholar‬,https://scholar.google.com/citations?user=canLUdYAAAAJ&hl=en,2025-11-16T03:19:46Z
21,Kopylov,15,Third European Evidence-based Consensus on Diagnosis and ...,https://pubmed.ncbi.nlm.nih.gov/28513805/,2025-11-16T03:19:46Z
21,Kopylov,16,Sergei Kopylov: Graduate Students: About: Department of ...,https://math.indiana.edu/about/graduate-students/Kopylov-Sergei.html,2025-11-16T03:19:46Z
21,Kopylov,17,ECCO Guidelines on Therapeutics in Crohn's Disease: Medical ...,https://pubmed.ncbi.nlm.nih.gov/38877997/,2025-11-16T03:19:46Z
21,Kopylov,18,Frank Kopylov (@frank.kopylov) • Instagram photos and videos,https://www.instagram.com/frank.kopylov/?hl=en,2025-11-16T03:19:46Z
21,Kopylov,19,"Papiers Dominotes Italien, Marc Kopylov - Paper Foundation",https://paper.foundation/product/papiers-dominotes-italien-marc-kopylov/,2025-11-16T03:19:46Z
21,Kopylov,20,Dr Maxim Kopylov - ZAGA Center Moscow - ZAGA Centers,https://zagacenters.com/zaga-network/dr-maxim-kopylov-zaga-center-moscow/,2025-11-16T03:19:46Z
22,Iowa,1,The University of Iowa,https://uiowa.edu/,2025-11-16T03:19:51Z
22,Iowa,2,Iowa.gov: Welcome,https://www.iowa.gov/,2025-11-16T03:19:51Z
22,Iowa,3,Iowa - Wikipedia,https://en.wikipedia.org/wiki/Iowa,2025-11-16T03:19:51Z
22,Iowa,4,Iowa State University,https://www.iastate.edu/,2025-11-16T03:19:51Z
22,Iowa,5,Iowa Department of Health and Human Services,https://hhs.iowa.gov/,2025-11-16T03:19:51Z
22,Iowa,6,Iowa DNR,https://www.iowadnr.gov/,2025-11-16T03:19:51Z
22,Iowa,7,"Travel Iowa | Explore Iowa Attractions, Events & Scenic Road Trips",https://www.traveliowa.com/,2025-11-16T03:19:51Z
22,Iowa,8,Home Page - Iowa Hawkeyes Athletics - Official Athletics Website,https://hawkeyesports.com/,2025-11-16T03:19:51Z
22,Iowa,9,Iowa Department of Education Homepage | Department of Education,https://educate.iowa.gov/,2025-11-16T03:19:51Z
22,Iowa,10,Iowa Department of Revenue | Department of Revenue,https://revenue.iowa.gov/,2025-11-16T03:19:51Z
22,Iowa,11,Iowa DOT,https://iowadot.gov/,2025-11-16T03:19:51Z
22,Iowa,12,Home | Iowa Secretary of State - Paul D. Pate,http://sos.iowa.gov/,2025-11-16T03:19:51Z
22,Iowa,13,Iowa State Fair | Home,https://www.iowastatefair.org/,2025-11-16T03:19:51Z
22,Iowa,14,"Town of Iowa, LA: Home",https://iowala.org/,2025-11-16T03:19:51Z
22,Iowa,15,Iowa 511 Travel Information Map,https://www.511ia.org/,2025-11-16T03:19:51Z
22,Iowa,16,"Iowa Hawkeyes Scores, Stats and Highlights - ESPN",https://www.espn.com/college-football/team/_/id/2294/iowa-hawkeyes,2025-11-16T03:19:51Z
22,Iowa,17,Iowa DOT online services,https://mymvd.iowadot.gov/,2025-11-16T03:19:51Z
22,Iowa,18,the Iowa Utilities Commission,https://iuc.iowa.gov/,2025-11-16T03:19:51Z
22,Iowa,19,Iowa SF 262,https://www.legis.iowa.gov/legislation/BillBook?ba=SF%20262&ga=90,2025-11-16T03:19:51Z
22,Iowa,20,Iowa Department of Inspections and Appeals,https://dial.iowa.gov/,2025-11-16T03:19:51Z
23,jungkook,1,Jung Kook - Wikipedia,https://en.wikipedia.org/wiki/Jung_Kook,2025-11-16T03:19:55Z
23,jungkook,2,JK (@mnijungkook) • Instagram photos and videos,https://www.instagram.com/mnijungkook/?hl=en,2025-11-16T03:19:55Z
23,jungkook,3,Jung Kook | Spotify,https://open.spotify.com/artist/6HaGTQPmzraVmaVxvz6EUc,2025-11-16T03:19:55Z
23,jungkook,4,JUNGKOOK (전정국) Updates (@jungkook_bighitentertainment ...,https://www.instagram.com/jungkook_bighitentertainment/?hl=en,2025-11-16T03:19:55Z
23,jungkook,5,Why did BigHit have Jungkook rap? : r/bangtan,https://www.reddit.com/r/bangtan/comments/6em8e0/why_did_bighit_have_jungkook_rap/,2025-11-16T03:19:55Z
23,jungkook,6,I Literally Wrote the Book on Jungkook. Here Are 5 Striking Things I ...,https://www.vogue.com/article/5-striking-things-i-learned-about-jungkook,2025-11-16T03:19:55Z
23,jungkook,7,How do people feel about Jungkook's name in South Korea? : r ...,https://www.reddit.com/r/bangtan/comments/1m7pazh/how_do_people_feel_about_jungkooks_name_in_south/,2025-11-16T03:19:55Z
23,jungkook,8,Why is Jungkook so calm and quiet after his military discharge?,https://www.facebook.com/groups/440165454181397/posts/1238622971002304/,2025-11-16T03:19:55Z
23,jungkook,9,What is your favorite Jungkook 2023 Weverse live and Why? : r ...,https://www.reddit.com/r/bangtan/comments/1fq7ng7/what_is_your_favorite_jungkook_2023_weverse_live/,2025-11-16T03:19:55Z
23,jungkook,10,"""#Jungkook"" - Results on X | Live Posts & Updates",https://x.com/search?q=%23Jungkook&src=hashtag_click,2025-11-16T03:19:55Z
23,jungkook,11,Jungkook and Jimin's collabs are average songs : r ...,https://www.reddit.com/r/unpopularkpopopinions/comments/10e2a61/jungkook_and_jimins_collabs_are_average_songs/,2025-11-16T03:19:55Z
23,jungkook,12,Jungkook Global,https://jungkookglobal.com/,2025-11-16T03:19:55Z
23,jungkook,13,BTS Jungkook's Makguksu (perilla oil noodle) : r/KoreanFood,https://www.reddit.com/r/KoreanFood/comments/1ld4vql/bts_jungkooks_makguksu_perilla_oil_noodle/,2025-11-16T03:19:55Z
23,jungkook,14,Is it possible to date Jungkook as a foreigner? Would he like me just ...,https://www.quora.com/Is-it-possible-to-date-Jungkook-as-a-foreigner-Would-he-like-me-just-as-much-if-I-was-a-Korean-citizen,2025-11-16T03:19:55Z
23,jungkook,15,Jungkook's pre-debut adventure in LA [Translation],https://www.thildekoldholdt.com/post/2017/11/11/trans-jungkooks-pre-debut-adventure-in-la,2025-11-16T03:19:55Z
23,jungkook,16,What can you do if you have a crush on Jungkook from BTS? - Quora,https://www.quora.com/What-can-you-do-if-you-have-a-crush-on-Jungkook-from-BTS,2025-11-16T03:19:55Z
23,jungkook,17,Someone please show me that full picture which was in Jungkook's ...,https://btsarmyuniverse.quora.com/Can-someone-show-me-the-full-picture-in-Jungkooks-room-in-LV-Even-other-BTS-members-were-trying-to-hide-it-with-cushio,2025-11-16T03:19:55Z
23,jungkook,18,mnijungkook (@jungkook) | TikTok,https://www.tiktok.com/@jungkook?lang=en,2025-11-16T03:19:55Z
23,jungkook,19,Funko POP! Rocks: Minions X BTS - Jungkook - Jung ... - Amazon.com,https://www.amazon.com/Funko-Pop-Rocks-Minions-Jung/dp/B0D426GWKQ,2025-11-16T03:19:55Z
23,jungkook,20,SNS || jeon jungkook - ☀︎ - Wattpad,https://www.wattpad.com/story/153197763-sns-jeon-jungkook-%E2%9C%93,2025-11-16T03:19:55Z
24,Ahmad Hardy,1,Ahmad Hardy - Missouri Tigers Running Back - ESPN,https://www.espn.com/college-football/player/_/id/5197065/ahmad-hardy,2025-11-16T03:19:59Z
24,Ahmad Hardy,2,Ahmad Hardy - Football - University of Missouri Athletics,https://mutigers.com/sports/football/roster/ahmad-hardy/28684,2025-11-16T03:19:59Z
24,Ahmad Hardy,3,Ahmad Hardy - Wikipedia,https://en.wikipedia.org/wiki/Ahmad_Hardy,2025-11-16T03:19:59Z
24,Ahmad Hardy,4,"Ahmad Hardy College Stats, School, Draft, Gamelog, Splits | College ...",https://www.sports-reference.com/cfb/players/ahmad-hardy-1.html,2025-11-16T03:19:59Z
24,Ahmad Hardy,5,Ahmad Hardy - Football - University of Louisiana Monroe Athletics,https://ulmwarhawks.com/sports/football/roster/ahmad-hardy/6695,2025-11-16T03:19:59Z
24,Ahmad Hardy,6,"Ahmad Hardy, Missouri, Running Back",https://247sports.com/player/ahmad-hardy-46147514/,2025-11-16T03:19:59Z
24,Ahmad Hardy,7,Ahmad Hardy (@d1_hardy) • Instagram photos and videos,https://www.instagram.com/d1_hardy/?hl=en,2025-11-16T03:19:59Z
24,Ahmad Hardy,8,Ahmad Hardy - Missouri Tigers Running Back - ESPN (UK),https://www.espn.co.uk/college-football/player/_/id/5197065/ahmad-hardy,2025-11-16T03:19:59Z
24,Ahmad Hardy,9,"Mizzou's Ahmad Hardy: How ""Mighty Man"" became the country's ...",https://www.cbssports.com/college-football/news/mighty-man-how-mizzous-ahmad-hardy-rose-from-mississippi-dirt-roads-to-the-countrys-best-running-back/,2025-11-16T03:19:59Z
24,Ahmad Hardy,10,Ahmad hardy on X,https://x.com/Ahmadhardy29/status/1926470858119197084?lang=en,2025-11-16T03:19:59Z
24,Ahmad Hardy,11,"If Lawrence County's Ahmad Hardy is not on our radar, he should be ...",https://www.facebook.com/groups/885013951579995/posts/6802277439853587/,2025-11-16T03:19:59Z
24,Ahmad Hardy,12,Ahmad hardy (@Ahmadhardy29) / Posts / X,https://x.com/Ahmadhardy29,2025-11-16T03:19:59Z
24,Ahmad Hardy,13,Ahmad Hardy leads the SEC in rushing by 285 yards (and some ...,https://www.reddit.com/r/miz/comments/1ntkj3k/ahmad_hardy_leads_the_sec_in_rushing_by_285_yards/,2025-11-16T03:19:59Z
24,Ahmad Hardy,14,Ahmad Hardy is making sure his mom never has to work again ❤️,https://www.facebook.com/CBSSports/posts/ahmad-hardy-is-making-sure-his-mom-never-has-to-work-again-%EF%B8%8F/1377649350397770/,2025-11-16T03:19:59Z
24,Ahmad Hardy,15,ULM RB Ahmad Hardy transfers to Missouri : r/CFB,https://www.reddit.com/r/CFB/comments/1hhhjxb/ulm_rb_ahmad_hardy_transfers_to_missouri/,2025-11-16T03:19:59Z
24,Ahmad Hardy,16,EXCLUSIVE RELEASE: Ahmad Hardy Illustrated Black Tee - NIL Store,https://nil.store/mizzou/products/exclusive-release-ahmad-hardy-illustrated-black-tee,2025-11-16T03:19:59Z
24,Ahmad Hardy,17,Ahmad Hardy Blue Chip 93 OVR - College Football 26 - CFB.FAN,https://cfb.fan/players/23902-ahmad-hardy/,2025-11-16T03:19:59Z
24,Ahmad Hardy,18,Ahmad Hardy's Locker Room - NIL Store,https://nil.store/mizzou/miz-ahmad-hardy-29,2025-11-16T03:19:59Z
24,Ahmad Hardy,19,Ahmad Hardy | Shop Ahmad Hardy NIL Apparel,https://influxermerch.com/athletes/ahmad-hardy,2025-11-16T03:19:59Z
24,Ahmad Hardy,20,"""I Want to be the Next Ahmad Hardy"" - by VP - VolumePigs",https://www.volumepigs.com/p/i-want-to-be-the-next-ahmad-hardy,2025-11-16T03:19:59Z
25,Bo Jackson,1,Bo Jackson - Wikipedia,https://en.wikipedia.org/wiki/Bo_Jackson,2025-11-16T03:20:04Z
25,Bo Jackson,2,"Bo Jackson Stats, Height, Weight, Position, Rookie Status & More ...",https://www.baseball-reference.com/players/j/jacksbo01.shtml,2025-11-16T03:20:04Z
25,Bo Jackson,3,Bo Jackson - Ohio State Buckeyes Running Back - ESPN,https://www.espn.com/college-football/player/_/id/5141517/bo-jackson,2025-11-16T03:20:04Z
25,Bo Jackson,4,Bo Jackson (@BoJackson) / Posts / X,https://x.com/BoJackson?lang=en,2025-11-16T03:20:04Z
25,Bo Jackson,5,Bo Jackson (@bojackson) • Instagram photos and videos,https://www.instagram.com/bojackson/?hl=en,2025-11-16T03:20:04Z
25,Bo Jackson,6,"Bo Jackson Stats, Height, Weight, Position, Draft, College | Pro ...",https://www.pro-football-reference.com/players/J/JackBo00.htm,2025-11-16T03:20:04Z
25,Bo Jackson,7,Bo Jackson - Football 1982 - Auburn Tigers - Official Athletics Website,https://auburntigers.com/sports/football/roster/player/bo-jackson,2025-11-16T03:20:04Z
25,Bo Jackson,8,Bo Jackson - Heisman,https://www.heisman.com/heisman-winners/bo-jackson/,2025-11-16T03:20:04Z
25,Bo Jackson,9,Why is Bo Jackson so revered? : r/Oldschool_NFL,https://www.reddit.com/r/Oldschool_NFL/comments/1h1laqs/why_is_bo_jackson_so_revered/,2025-11-16T03:20:04Z
25,Bo Jackson,10,BO JACKSON,https://bojacksonenterprises.com/,2025-11-16T03:20:04Z
25,Bo Jackson,11,Bo Jackson's startling hindsight: 'I would have never played football',https://www.usatoday.com/story/sports/mlb/columnist/bob-nightengale/2017/01/12/bo-jackson-football-cte-mlb/96492338/,2025-11-16T03:20:04Z
25,Bo Jackson,12,"The Legend of Bo. OK, so one day in New York, Bo Jackson… | by ...",https://medium.com/joeblogs/the-legend-of-bo-f7e5b8a3ca2e,2025-11-16T03:20:04Z
25,Bo Jackson,13,Bo Jackson - All-Time Roster - History | Raiders.com,https://www.raiders.com/history/all-time-roster/bios-j/bo-jackson,2025-11-16T03:20:04Z
25,Bo Jackson,14,Why Bo Chose Baseball,https://thelab.bleacherreport.com/why-bo-chose-baseball/,2025-11-16T03:20:04Z
25,Bo Jackson,15,ESPN - Bo Jackson when asked about his relationship with Cam ...,https://www.facebook.com/photo.php?fbid=1197165513663536&id=104266592953439&set=a.114588455254586,2025-11-16T03:20:04Z
25,Bo Jackson,16,Bo Jackson - Album by Boldy James | Spotify,https://open.spotify.com/album/1KHFw3hsKvNGGCkXKQMrbT,2025-11-16T03:20:04Z
25,Bo Jackson,17,"Bo Jackson Stats, Age, Position, Height, Weight, Fantasy & News ...",https://www.mlb.com/player/bo-jackson-116446,2025-11-16T03:20:04Z
25,Bo Jackson,18,Bo Bikes Bama,https://bobikesbama.com/,2025-11-16T03:20:04Z
25,Bo Jackson,19,Who wants to trade with me? I'll swap a signed jersey AND host you ...,https://www.facebook.com/BoJacksonOfficial/posts/who-wants-to-trade-with-meill-swap-a-signed-jersey-and-host-you-2-of-your-friend/1094956455328736/,2025-11-16T03:20:04Z
25,Bo Jackson,20,Bo Knows Speed: The real story behind football's most legendary 40 ...,https://www.raiders.com/news/bo-knows-40-yard-dashes-20411732,2025-11-16T03:20:04Z
1,#UFC322,1,VeChain UFC 322: Della Maddalena vs Makhachev | UFC,https://www.ufc.com/event/ufc-322,2025-11-16T14:13:35Z
1,#UFC322,2,UFC 322 - Wikipedia,https://en.wikipedia.org/wiki/UFC_322,2025-11-16T14:13:35Z
1,#UFC322,3,UFC 322: Della Maddalena vs. Makhachev Fight Results - ESPN,https://www.espn.com/mma/fightcenter/_/id/600055729/league/ufc,2025-11-16T14:13:35Z
1,#UFC322,4,Islam & Khabib. Legendary #UFC322,https://www.facebook.com/ESPN/posts/islam-khabib-legendary-ufc322/4127659492062957/,2025-11-16T14:13:35Z
1,#UFC322,5,UFC 322: Della Maddalena vs. Makhachev | MMA Event | Tapology,https://www.tapology.com/fightcenter/events/132653-ufc-322,2025-11-16T14:13:35Z
1,#UFC322,6,#AndStill #UFC322 #NewYork #MSG,https://www.facebook.com/bulletvalentina/posts/andstill-ufc322-newyork-msg/1382215576602507/,2025-11-16T14:13:35Z
1,#UFC322,7,Day 3 in NYC! #ufc322 #nyc #Robocop #newyork,https://x.com/gregory_mma/status/1989051120434704579,2025-11-16T14:13:35Z
1,#UFC322,8,DELLA MADDALENA vs MAKHACHEV! #VeChain #UFC322 is LIVE ...,https://www.facebook.com/danawhite/posts/della-maddalena-vs-makhachev-vechain-ufc322-is-live-tomorrow-on-espn-ppv/1373607554130646/,2025-11-16T14:13:35Z
1,#UFC322,9,Robocop in the New York vibe #ufc322 #nyc #robocop #nyc,https://x.com/gregory_mma/status/1989168375403278564,2025-11-16T14:13:35Z
1,#UFC322,10,"UFC 322 Tickets Nov 15, 2025 New York, NY | Ticketmaster",https://www.ticketmaster.com/ufc-322-new-york-new-york-11-15-2025/event/3B00631D915A0CB0,2025-11-16T14:13:35Z
1,#UFC322,11,"Serhiy Sidey is out of #UFC322, multiple sources say. Malcolm ...",https://www.reddit.com/r/MMA/comments/1o5ya6g/serhiy_sidey_is_out_of_ufc322_multiple_sources/,2025-11-16T14:13:35Z
1,#UFC322,12,UFC 322 | Combat Sports | Madison Square Garden,https://www.msg.com/events-tickets/ultimate-fighting-championship-ufc-madison-square-garden-november-2025/3B00631D915A0CB0,2025-11-16T14:13:35Z
1,#UFC322,13,9 of the best Covers #UFC322 : r/ufc,https://www.reddit.com/r/ufc/comments/1oxl63w/9_of_the_best_covers_ufc322/,2025-11-16T14:13:35Z
1,#UFC322,14,'What a disappointment of a champion': Ilia Topuria blasts Islam ...,https://sports.yahoo.com/mma/breaking-news/article/what-a-disappointment-of-a-champion-ilia-topuria-blasts-islam-makhachev-after-ufc-322-other-fighters-react-070810841.html,2025-11-16T14:13:35Z
1,#UFC322,15,UFC 322: Della Maddalena vs Makhachev Live Stream on Kayo PPV,https://mainevent.kayosports.com.au/ufc/ufc-322,2025-11-16T14:13:35Z
1,#UFC322,16,[OffIcIaL!#STREAMs]UFC322 LIVE Ｓｔｒｅａｍｓ Ｆｒｅｅ ＯＮ ...,https://library.fortlewis.edu/Portals/7/LiveForms/temp/video-ufc-tonight-gftgdsaus-media0000000d6544t5th.html,2025-11-16T14:13:35Z
1,#UFC322,17,UFC 322: Della Maddalena vs. Makhachev Fight Results - ESPN (IN),https://www.espn.in/mma/fightcenter/_/id/600055729/league/ufc,2025-11-16T14:13:35Z
1,#UFC322,18,UFC 322: Della Maddalena vs. Makhachev Fight Results - ESPN (UK),https://www.espn.co.uk/mma/fightcenter/_/id/600055729/league/ufc,2025-11-16T14:13:35Z
1,#UFC322,19,UFC 322 - Della Maddalena vs. Makhachev,https://www.sherdog.com/events/UFC-322-Della-Maddalena-vs-Makhachev-109394,2025-11-16T14:13:35Z
1,#UFC322,20,"UFC 322 card, results, highlights, winners from Islam Makhachev vs ...",https://www.cbssports.com/ufc/news/ufc-322-fight-card-date-odds-location-start-time-rumors-latest-news-complete-guide/,2025-11-16T14:13:35Z
2,Epstein,1,Jeffrey Epstein - Wikipedia,https://en.wikipedia.org/wiki/Jeffrey_Epstein,2025-11-16T14:13:39Z
2,Epstein,2,Multi-disciplinary Design and Construction | Epstein,https://www.epsteinglobal.com/,2025-11-16T14:13:39Z
2,Epstein,3,"Indictment, JEFFREY EPSTEIN",https://www.justice.gov/usao-sdny/press-release/file/1180481/dl,2025-11-16T14:13:39Z
2,Epstein,4,Jeffrey Epstein cultivated celebrity relationships for years. Many ...,https://www.cbsnews.com/news/jeffrey-epstein-celebrity-relationships-documents/,2025-11-16T14:13:39Z
2,Epstein,5,Who was Jeffrey Epstein? The disgraced financier with powerful ...,https://www.bbc.com/news/world-us-canada-48913377,2025-11-16T14:13:39Z
2,Epstein,6,Listen To The Jeffrey Epstein Tapes: 'I Was Donald Trump's Closest ...,https://docs.house.gov/meetings/JU/JU08/20250227/117951/HHRG-119-JU08-20250227-SD006-U6.pdf,2025-11-16T14:13:39Z
2,Epstein,7,Oversight Committee Releases Additional Epstein Estate Documents,https://oversight.house.gov/release/oversight-committee-releases-additional-epstein-estate-documents/,2025-11-16T14:13:39Z
2,Epstein,8,Epstein Becker Green - Law Firm,https://www.ebglaw.com/,2025-11-16T14:13:39Z
2,Epstein,9,Harvey Epstein - Assembly District 74 |Assembly Member Directory ...,https://nyassembly.gov/mem/Harvey-Epstein/contact/,2025-11-16T14:13:39Z
2,Epstein,10,Watch Jeffrey Epstein: Filthy Rich | Netflix Official Site,https://www.netflix.com/title/80224905,2025-11-16T14:13:39Z
2,Epstein,11,Text - H.R.4405 - 119th Congress (2025-2026): Epstein Files ...,https://www.congress.gov/bill/119th-congress/house-bill/4405/text,2025-11-16T14:13:39Z
2,Epstein,12,Epstein White House Briefing Cold Open - SNL - YouTube,https://www.youtube.com/watch?v=hkF1R0oe8OA,2025-11-16T14:13:39Z
2,Epstein,13,Text - H.Res.581 - 119th Congress (2025-2026): Providing for ...,https://www.congress.gov/bill/119th-congress/house-resolution/581/text,2025-11-16T14:13:39Z
2,Epstein,14,Jason I. Epstein - Nelson Mullins,https://www.nelsonmullins.com/professionals/jason-epstein,2025-11-16T14:13:39Z
2,Epstein,15,"Laurence Mark Epstein, MD | Northwell Health",https://www.northwell.edu/find-care/find-a-doctor/dr-laurence-mark-epstein-md-1457318859,2025-11-16T14:13:39Z
2,Epstein,16,Richard Epstein - Overview | NYU School of Law,https://its.law.nyu.edu/facultyprofiles/index.cfm?fuseaction=profile.overview&personid=26355,2025-11-16T14:13:39Z
2,Epstein,17,Shira Eve Epstein | The City College of New York,https://www.ccny.cuny.edu/profiles/shira-eve-epstein,2025-11-16T14:13:39Z
2,Epstein,18,Dr. Marc E. Epstein,https://www.cdfa.ca.gov/plant/ppd/staff/mepstein.html,2025-11-16T14:13:39Z
2,Epstein,19,House Oversight Committee Releases Jeffrey Epstein Email ...,https://oversightdemocrats.house.gov/news/press-releases/house-oversight-committee-releases-jeffrey-epstein-email-correspondence-raising,2025-11-16T14:13:39Z
2,Epstein,20,Epstein-Barr viral DNA in tissues of Hodgkin's disease,https://pubmed.ncbi.nlm.nih.gov/2821817/,2025-11-16T14:13:39Z
3,Good Sunday,1,Good Sunday,https://drinkgoodsunday.com/,2025-11-16T14:13:44Z
3,Good Sunday,2,Introducing Our Good Sunday Brand - Thursday Launch at 7pm,https://www.instagram.com/reel/DQR7EiTjFHP/?hl=en,2025-11-16T14:13:44Z
3,Good Sunday,3,Sunday Goods | Premium AZ Dispensaries,https://sundaygoods.com/,2025-11-16T14:13:44Z
3,Good Sunday,4,Good Sunday Lemon Vodka Soda 6pk 12oz Cans 4.5% ABV - Good ...,https://bevmo.com/products/102847,2025-11-16T14:13:44Z
3,Good Sunday,5,Sunday Riley Good Genes Lactic Acid Treatment,https://sundayriley.com/products/good-genes-lactic-acid-treatment,2025-11-16T14:13:44Z
3,Good Sunday,6,GOOD SUNDAY LIMITED overview - Find and update company ...,https://find-and-update.company-information.service.gov.uk/company/15645065,2025-11-16T14:13:44Z
3,Good Sunday,7,How Good Sunday LC is? : r/SundayMainsHSR,https://www.reddit.com/r/SundayMainsHSR/comments/1gpxocm/how_good_sunday_lc_is/,2025-11-16T14:13:44Z
3,Good Sunday,8,Good For Sunday – Made in Canada clothing & loungewear,https://goodforsunday.com/,2025-11-16T14:13:44Z
3,Good Sunday,9,8 Qualities of a Great Sunday School Teacher – Disciplr,https://disciplr.com/2015/04/15/8-qualities-great-sunday-school-teacher/,2025-11-16T14:13:44Z
3,Good Sunday,10,Sunday Green 2025 – Good Good Golf,https://goodgoodgolf.com/collections/sunday-green-2025,2025-11-16T14:13:44Z
3,Good Sunday,11,Good Sunday Hoodie – Full Wedge Golf,https://fullwedgegolf.com/products/good-sunday-hoodie,2025-11-16T14:13:44Z
3,Good Sunday,12,What are some good Sunday Brunch spots in Lafayette?,https://www.facebook.com/groups/437445600497753/posts/1512340729674896/,2025-11-16T14:13:44Z
3,Good Sunday,13,Sunday Green 2025 – Good Good Golf,https://goodgoodgolf.com/collections/sunday-green-2025,2025-11-16T14:13:44Z
3,Good Sunday,14,"What are good Sunday morning breakfast spots in Columbus, Ohio?",https://www.facebook.com/groups/1129708133725102/posts/24699447892991128/,2025-11-16T14:13:44Z
3,Good Sunday,15,"Good Sunday Watermelon Lime Vodka Soda Cocktail, 6 cans ...",https://www.ralphs.com/p/good-sunday-watermelon-lime-vodka-soda-cocktail/0062834724005,2025-11-16T14:13:44Z
3,Good Sunday,16,What is a good Sunday morning breakfast place near I-10 from ...,https://www.facebook.com/groups/TallahasseeFoodies/posts/9196075730482944/,2025-11-16T14:13:44Z
3,Good Sunday,17,Good Sunday Light Lemon Vodka Soda | LCBO,https://www.lcbo.com/en/good-sunday-light-lemon-vodka-soda-41071,2025-11-16T14:13:44Z
3,Good Sunday,18,What are good Sunday brunch places in Gainesville that have ...,https://www.facebook.com/groups/eatgnv/posts/1455986732222573/,2025-11-16T14:13:44Z
3,Good Sunday,19,Are you having a nice Sunday so far? - Quora,https://www.quora.com/Are-you-having-a-nice-Sunday-so-far,2025-11-16T14:13:44Z
3,Good Sunday,20,What restaurants in Macomb County have good Sunday specials for ...,https://www.facebook.com/groups/thefoodiemo/posts/1715885822583996/,2025-11-16T14:13:44Z
4,South Carolina,1,South Carolina: Home,https://sc.gov/,2025-11-16T14:13:48Z
4,South Carolina,2,University of South Carolina,https://sc.edu/,2025-11-16T14:13:48Z
4,South Carolina,3,South Carolina - Wikipedia,https://en.wikipedia.org/wiki/South_Carolina,2025-11-16T14:13:48Z
4,South Carolina,4,South Carolina Tourism Official Site | South Carolina Vacations,https://discoversouthcarolina.com/,2025-11-16T14:13:48Z
4,South Carolina,5,South Carolina Department of Natural Resources,https://www.dnr.sc.gov/,2025-11-16T14:13:48Z
4,South Carolina,6,South Carolina State University,https://www2.scsu.edu/,2025-11-16T14:13:48Z
4,South Carolina,7,"The Medical University of South Carolina | MUSC | Charleston, SC",https://web.musc.edu/,2025-11-16T14:13:48Z
4,South Carolina,8,South Carolina Department of Employment and Workforce,https://dew.sc.gov/,2025-11-16T14:13:48Z
4,South Carolina,9,South Carolina Department of Revenue: Home,https://dor.sc.gov/,2025-11-16T14:13:48Z
4,South Carolina,10,SCDMV,https://scdmvonline.com/,2025-11-16T14:13:48Z
4,South Carolina,11,University of South Carolina Athletics – Official Athletics Website,https://gamecocksonline.com/,2025-11-16T14:13:48Z
4,South Carolina,12,"South Carolina Department of Labor, Licensing and Regulation ...",https://llr.sc.gov/,2025-11-16T14:13:48Z
4,South Carolina,13,Football – University of South Carolina Athletics,https://gamecocksonline.com/sports/football/,2025-11-16T14:13:48Z
4,South Carolina,14,South Carolina Department of Transportation,https://www.scdot.org/,2025-11-16T14:13:48Z
4,South Carolina,15,South Carolina Emergency Management Division,https://www.scemd.org/,2025-11-16T14:13:48Z
4,South Carolina,16,"South Carolina Gamecocks Scores, Stats and Highlights - ESPN",https://www.espn.com/college-football/team/_/id/2579/south-carolina-gamecocks,2025-11-16T14:13:48Z
4,South Carolina,17,SC Secretary of State: Home,https://sos.sc.gov/,2025-11-16T14:13:48Z
4,South Carolina,18,South Carolina Election Commission: Home - SC Votes,https://scvotes.gov/,2025-11-16T14:13:48Z
4,South Carolina,19,South Carolina Department of Commerce | From launch to legacy,https://www.sccommerce.com/,2025-11-16T14:13:48Z
4,South Carolina,20,BlueCross BlueShield of South Carolina: Health Insurance ...,http://southcarolinablues.com/,2025-11-16T14:13:48Z
5,Texas A&M,1,Texas A&M University,https://www.tamu.edu/index.html,2025-11-16T14:13:53Z
5,Texas A&M,2,Texas A&M Athletics - 12thMan.com - Official Athletics Website,https://12thman.com/,2025-11-16T14:13:53Z
5,Texas A&M,3,Texas A&M University - Wikipedia,https://en.wikipedia.org/wiki/Texas_A%26M_University,2025-11-16T14:13:53Z
5,Texas A&M,4,"Texas A&M Aggies Scores, Stats and Highlights - ESPN",https://www.espn.com/college-football/team/_/id/245/texas-am-aggies,2025-11-16T14:13:53Z
5,Texas A&M,5,Texas A&M University-Corpus Christi: Welcome Home,https://www.tamucc.edu/,2025-11-16T14:13:53Z
5,Texas A&M,6,Texas A&M University-San Antonio,https://www.tamusa.edu/,2025-11-16T14:13:53Z
5,Texas A&M,7,East Texas A&M University,https://www.etamu.edu/,2025-11-16T14:13:53Z
5,Texas A&M,8,Texas A&M University-Texarkana,https://tamut.edu/,2025-11-16T14:13:53Z
5,Texas A&M,9,Texas A&M AgriLife Extension Service,https://agrilifeextension.tamu.edu/,2025-11-16T14:13:53Z
5,Texas A&M,10,Texas A&M University Kingsville,https://www.tamuk.edu/,2025-11-16T14:13:53Z
5,Texas A&M,11,Home - THE TEXAS A&M UNIVERSITY SYSTEM,https://www.tamus.edu/,2025-11-16T14:13:53Z
5,Texas A&M,12,"Texas A&M University at Galveston - Texas A&M Galveston, TX",https://www.tamug.edu/,2025-11-16T14:13:53Z
5,Texas A&M,13,Home - Texas A&M College of Veterinary Medicine & Biomedical ...,https://vetmed.tamu.edu/,2025-11-16T14:13:53Z
5,Texas A&M,14,Texas A&M Transportation Institute: Transportation Research,https://tti.tamu.edu/,2025-11-16T14:13:53Z
5,Texas A&M,15,College of Agriculture & Life Sciences: Home,https://aglifesciences.tamu.edu/,2025-11-16T14:13:53Z
5,Texas A&M,16,Texas A&M AgriLife Research,https://agriliferesearch.tamu.edu/,2025-11-16T14:13:53Z
5,Texas A&M,17,Texas A&M University Engineering: College of Engineering,https://engineering.tamu.edu/index.html,2025-11-16T14:13:53Z
5,Texas A&M,18,Texas A&M International University,https://www.tamiu.edu/,2025-11-16T14:13:53Z
5,Texas A&M,19,Texas A&M AgriLife: Home,https://agrilife.tamu.edu/,2025-11-16T14:13:53Z
5,Texas A&M,20,Freshman | Admissions - Admissions,https://admissions.tamu.edu/apply/freshman,2025-11-16T14:13:53Z
6,Bama,1,The University of Alabama,https://www.ua.edu/,2025-11-16T14:13:57Z
6,Bama,2,"Alabama Crimson Tide Scores, Stats and Highlights - ESPN",https://www.espn.com/college-football/team/_/id/333/alabama-crimson-tide,2025-11-16T14:13:57Z
6,Bama,3,Bama Companies: Home,https://www.bama.com/,2025-11-16T14:13:57Z
6,Bama,4,FLORA-BAMA | WORLD FAMOUS BEACH BAR AND LIVE MUSIC,https://www.florabama.com/,2025-11-16T14:13:57Z
6,Bama,5,Bay Area Manufacturers Association - Home,https://www.bama-fl.org/,2025-11-16T14:13:57Z
6,Bama,6,Alabama Athletics - Official Athletics Website,https://rolltide.com/,2025-11-16T14:13:57Z
6,Bama,7,Bama Manual Archive,https://bama.edebris.com/,2025-11-16T14:13:57Z
6,Bama,8,Football - Alabama Athletics,https://rolltide.com/sports/football,2025-11-16T14:13:57Z
6,Bama,9,Bama Dining,https://bamadining.ua.edu/,2025-11-16T14:13:57Z
6,Bama,10,MAT-BAMA Program | Lehman College Catalog,https://lehman-undergraduate.catalog.cuny.edu/programs/MAT-BAMA,2025-11-16T14:13:57Z
6,Bama,11,San Francisco Bay Area Multihull Association: SFBAMA,https://sfbama.org/,2025-11-16T14:13:57Z
6,Bama,12,When Jimmy wrote the song “Bama Breeze” about the aka “Flora ...,https://www.facebook.com/groups/BuffettNews/posts/10161588617938385/,2025-11-16T14:13:57Z
6,Bama,13,Escherichia coli K-12 substr. MG1655 bamA,https://biocyc.org/ECOLI/NEW-IMAGE?type=GENE&object=G6093,2025-11-16T14:13:57Z
6,Bama,14,Flora-Bama Yacht Club,https://www.florabamayachtclub.com/,2025-11-16T14:13:57Z
6,Bama,15,D.C. Schools Celebrate Being 'Bamas' Once A Year | DCist,https://dcist.com/story/17/04/13/bama-day-dc/,2025-11-16T14:13:57Z
6,Bama,16,Bama Beach Bum - YouTube,https://www.youtube.com/@BamaBeachBum,2025-11-16T14:13:57Z
6,Bama,17,Beat Bama Food Drive - BBFD - AUinvolve,https://auburn.campuslabs.com/engage/organization/beatbamafooddrive,2025-11-16T14:13:57Z
6,Bama,18,Bama Family – University of Alabama BrandShop,https://supestoreua.ccbrands.com/collections/bama-family,2025-11-16T14:13:57Z
6,Bama,19,Frequently Asked Questions | Orientation,https://orientation.ua.edu/faq/,2025-11-16T14:13:57Z
6,Bama,20,ExoELISA-ULTRA BamA Complete Kit | System Biosciences,https://www.systembio.com/products/exosome-research/exosome-quantitation/exoelisa-ultra-bama-complete-kit,2025-11-16T14:13:57Z
7,Bubba,1,"BUBBA | Fishing Gear, Knives, and Tools",https://www.bubba.com/,2025-11-16T14:14:02Z
7,Bubba,2,Bubba - Southern Comforts Restaurant,https://www.bubbadsm.com/,2025-11-16T14:14:02Z
7,Bubba,3,Bubba's 33: Home,https://www.bubbas33.com/,2025-11-16T14:14:02Z
7,Bubba,4,Bubba Wallace (@bubbawallace) • Instagram photos and videos,https://www.instagram.com/bubbawallace/?hl=en,2025-11-16T14:14:02Z
7,Bubba,5,Bubba - Wikipedia,https://en.wikipedia.org/wiki/Bubba,2025-11-16T14:14:02Z
7,Bubba,6,Bubba Gump Shrimp Co. | Seafood Restaurant,https://www.bubbagump.com/,2025-11-16T14:14:02Z
7,Bubba,7,bubba watson (@bubbawatson) / Posts / X,https://x.com/bubbawatson?lang=en,2025-11-16T14:14:02Z
7,Bubba,8,Bubba Sparxxx Music,https://www.facebook.com/TheRealBubbaK/,2025-11-16T14:14:02Z
7,Bubba,9,BUBBA - Album by KAYTRANADA | Spotify,https://open.spotify.com/album/5FQ4sOGqRWUA5wO20AwPcO,2025-11-16T14:14:02Z
7,Bubba,10,Bubba's – Restaurant & Bar – Traverse City Restaurant,https://www.tcbubbas.com/,2025-11-16T14:14:02Z
7,Bubba,11,"Home • Bubba's ""Cooks Country"" • Dallas, TX",https://bubbascookscountry.com/,2025-11-16T14:14:02Z
7,Bubba,12,"Bubba's Frozen Custard - Burger Joint in Pewaukee, WI",https://www.bubbasfrozencustard.com/,2025-11-16T14:14:02Z
7,Bubba,13,"Bubba Brand: Your Favorite Water Bottles, Jugs, & Tumblers",https://www.bubbabrands.com/,2025-11-16T14:14:02Z
7,Bubba,14,Mama.Papa.Bubba.: Home,https://mamapapabubba.com/,2025-11-16T14:14:02Z
7,Bubba,15,Angus Beef BUBBA burger | The Classic 100 ... - BUBBA Burger,https://bubbafoods.com/products/angus-beef/,2025-11-16T14:14:02Z
7,Bubba,16,"Obituary information for Brandon ""Bubba"" Brewster",https://www.williams-kampp.com/obituaries/Brandon-Bubba-Brewster?obId=43941330,2025-11-16T14:14:02Z
7,Bubba,17,Did DJ carry Bubba? : r/Inkmaster,https://www.reddit.com/r/Inkmaster/comments/1hwj21m/did_dj_carry_bubba/,2025-11-16T14:14:02Z
7,Bubba,18,Golden Isles Favorite Bubba Garcia's arrives in Savannah - Eat It ...,https://eatitandlikeit.com/golden-isles-favorite-bubba-garcias-arrives-in-savannah/,2025-11-16T14:14:02Z
7,Bubba,19,"James Purnell ""Bubba"" Brinkley, Sr. Obituary October 20, 2025 ...",https://www.sumnerfuneral.com/obituaries/james-brinkley-sr,2025-11-16T14:14:02Z
7,Bubba,20,"A Tribute To Bubba, Wild Curly Stallion of Salt Wells Creek - Wild ...",https://www.wildhoofbeats.com/blog/a-tribute-to-bubba-wild-curly-stallion-of-salt-wells-creek,2025-11-16T14:14:02Z
8,Bill Clinton,1,Bill Clinton - Wikipedia,https://en.wikipedia.org/wiki/Bill_Clinton,2025-11-16T14:14:06Z
8,Bill Clinton,2,Bill Clinton (@BillClinton) / Posts / X,https://x.com/BillClinton,2025-11-16T14:14:06Z
8,Bill Clinton,3,Homepage | William J. Clinton Presidential Library and Museum,https://www.clintonlibrary.gov/home,2025-11-16T14:14:06Z
8,Bill Clinton,4,Clinton Foundation: Home,https://www.clintonfoundation.org/,2025-11-16T14:14:06Z
8,Bill Clinton,5,Clinton Biographies | William J. Clinton Presidential Library and ...,https://www.clintonlibrary.gov/research/clinton-biographies,2025-11-16T14:14:06Z
8,Bill Clinton,6,"For 50 years, you have kept me thinking, laughing, and growing ...",https://www.facebook.com/billclinton/posts/for-50-years-you-have-kept-me-thinking-laughing-and-growing-you-inspire-me-every/1373006050847988/,2025-11-16T14:14:06Z
8,Bill Clinton,7,William J. Clinton - White House Historical Association,https://www.whitehousehistory.org/bios/william-clinton,2025-11-16T14:14:06Z
8,Bill Clinton,8,My statement on the ceasefire between Israel and Hamas:,https://www.facebook.com/billclinton/posts/1375070267308233/,2025-11-16T14:14:06Z
8,Bill Clinton,9,President Clinton's 1996 State of the Union Address as delivered,https://clintonwhitehouse4.archives.gov/WH/New/other/sotu.html,2025-11-16T14:14:06Z
8,Bill Clinton,10,The Clinton Presidency: Expanding Education Opportunity,https://clintonwhitehouse5.archives.gov/WH/Accomplishments/eightyears-05.html,2025-11-16T14:14:06Z
8,Bill Clinton,11,"Bill Clinton - Presidency, Age & Facts",https://www.biography.com/political-figures/bill-clinton,2025-11-16T14:14:06Z
8,Bill Clinton,12,"Bill Clinton | Biography, Presidency, Impeachment, & Facts | Britannica",https://www.britannica.com/biography/Bill-Clinton,2025-11-16T14:14:06Z
8,Bill Clinton,13,Address Before a Joint Session of the Congress on the State of the ...,https://www.presidency.ucsb.edu/documents/address-before-joint-session-the-congress-the-state-the-union-11,2025-11-16T14:14:06Z
8,Bill Clinton,14,Presidential Approval Ratings -- Bill Clinton | Gallup Historical Trends,https://news.gallup.com/poll/116584/presidential-approval-ratings-bill-clinton.aspx,2025-11-16T14:14:06Z
8,Bill Clinton,15,First Inaugural Address of William J. Clinton - The Avalon Project,https://avalon.law.yale.edu/20th_century/clinton1.asp,2025-11-16T14:14:06Z
8,Bill Clinton,16,"Bill Clinton on X: ""Jackie Avant was a wonderful woman, a great ...",https://twitter.com/billclinton/status/1466132862164480001,2025-11-16T14:14:06Z
8,Bill Clinton,17,"Remarks at Vietnam National University in Hanoi, Vietnam | The ...",https://www.presidency.ucsb.edu/documents/remarks-vietnam-national-university-hanoi-vietnam,2025-11-16T14:14:06Z
8,Bill Clinton,18,William J. Clinton | National Portrait Gallery,https://npg.si.edu/learn/access-programs/verbal-description-tours/william-j-clinton,2025-11-16T14:14:06Z
8,Bill Clinton,19,William Jefferson Clinton - National Governors Association,https://www.nga.org/governor/william-jefferson-clinton/,2025-11-16T14:14:06Z
8,Bill Clinton,20,Articles of Impeachment Against William Jefferson Clinton,https://www.congress.gov/105/bills/hres611/BILLS-105hres611enr.pdf,2025-11-16T14:14:06Z
9,#sundayvibes,1,Lazy Sunday morning #sundayvibes #Comet #lazyday #dog ...,https://www.facebook.com/itsbrainey/posts/lazy-sunday-morning-sundayvibes-comet-lazyday-dog-chinesecrested-doglife/1363208059141826/,2025-11-16T14:14:12Z
9,#sundayvibes,2,"""#sundayvibes"" - Results on X | Live Posts & Updates",https://x.com/search?q=%23sundayvibes&src=trend_click&vertical=trends,2025-11-16T14:14:12Z
9,#sundayvibes,3,#SundayVibes,https://www.facebook.com/GalGadot/posts/sundayvibes/10154327484188926/,2025-11-16T14:14:12Z
9,#sundayvibes,4,Sunday vibes #sundayvibes,https://www.instagram.com/p/DNvuNyB4sxD/,2025-11-16T14:14:12Z
9,#sundayvibes,5,#sundayvibes #reflection #coaching | Caroline Leach,https://www.linkedin.com/posts/leachcaroline_sundayvibes-reflection-coaching-activity-7101571123879821312-OkN0,2025-11-16T14:14:12Z
9,#sundayvibes,6,Sunday vibes #sundayvibes and some Louise Gluck,https://www.instagram.com/p/DGa3X97xMZL/?hl=en,2025-11-16T14:14:12Z
9,#sundayvibes,7,#sundayvibes #watercolor #paintingoftheday | Liron Yanconsky,https://www.linkedin.com/posts/lironyan_sundayvibes-watercolor-paintingoftheday-activity-6941712527122669568-mv4G,2025-11-16T14:14:12Z
9,#sundayvibes,8,Chasing light and finding magic in every moment. #SeeTheLight ...,https://www.instagram.com/p/DKpAURKtres/?hl=en,2025-11-16T14:14:12Z
9,#sundayvibes,9,Discover 39 Sunday vibes and sunday quotes ideas in 2025 ...,https://www.pinterest.com/melissadriskill/sunday-vibes/,2025-11-16T14:14:12Z
9,#sundayvibes,10,#sundayvibes,https://www.instagram.com/p/DMDv9hjx2WS/?hl=en,2025-11-16T14:14:12Z
9,#sundayvibes,11,#sundayvibes #parenting101 #schoolproject | Meera Sanghvi ...,https://www.linkedin.com/posts/meerasanghvi_sundayvibes-parenting101-schoolproject-activity-7162451267112329216-NsZE,2025-11-16T14:14:12Z
9,#sundayvibes,12,#quotes #sumanghoseleadership #quote #sundayfunday ...,https://www.linkedin.com/posts/sumanghose_quotes-sumanghoseleadership-quote-activity-7228747438067474433-mbMJ,2025-11-16T14:14:12Z
9,#sundayvibes,13,Clarkston - Enjoy your Sunday. #sundaymorning #sundayvibes ...,https://m.facebook.com/clarkstonfamilyfarm/photos/enjoy-your-sundaysundaymorning-sundayvibes-clarkstonfamilyfarm/1027649756234150/,2025-11-16T14:14:12Z
9,#sundayvibes,14,GoAbroad.com - Some Sunday wisdom #SundayWisdom ...,https://m.facebook.com/GoAbroadCom/photos/some-sunday-wisdom-sundaywisdom-sundayvibes/721045080059932/,2025-11-16T14:14:12Z
9,#sundayvibes,15,"Clare Marie Bailey on X: ""Happy Roid Week! #polaroid ...",https://twitter.com/ClaremBailey/status/1782126103034835392,2025-11-16T14:14:12Z
9,#sundayvibes,16,BlessedSundayMorning #SundayWithKids #FamilyBlessings ...,https://www.youtube.com/shorts/rYQFdrlV2s4,2025-11-16T14:14:12Z
10,Massie,1,Congressman Thomas Massie,https://massie.house.gov/,2025-11-16T14:14:16Z
10,Massie,2,Thomas Massie - Wikipedia,https://en.wikipedia.org/wiki/Thomas_Massie,2025-11-16T14:14:16Z
10,Massie,3,"Thomas Massie - Office of the Clerk, U.S. House of Representatives",https://clerk.house.gov/members/M001184,2025-11-16T14:14:16Z
10,Massie,4,Robert L. Massie - Nelson Mullins,https://www.nelsonmullins.com/professionals/robert-massie,2025-11-16T14:14:16Z
10,Massie,5,Representative Curt Massie | South Dakota Legislature,https://sdlegislature.gov/Legislators/Profile/4451/Detail,2025-11-16T14:14:16Z
10,Massie,6,Black History Month: 5 Facts About Dr. Samuel P. Massie ...,https://www.energy.gov/articles/black-history-month-5-facts-about-dr-samuel-p-massie,2025-11-16T14:14:16Z
10,Massie,7,CLINTON MASSIE LOCAL SCHOOL DISTRICT CLINTON COUNTY ...,https://ohioauditor.gov/AuditSearch/Reports/2024/Clinton-Massie_Local_School_District_2023_Clinton_FINAL.pdf,2025-11-16T14:14:16Z
10,Massie,8,Bronson Massie - Football - Kansas State University Athletics,https://www.kstatesports.com/sports/football/roster/bronson-massie/761,2025-11-16T14:14:16Z
10,Massie,9,Rand Paul vows support for Thomas Massie amid Trump-backed ...,https://www.politico.com/news/2025/10/24/rand-paul-thomas-massie-primary-challenge-00621018,2025-11-16T14:14:16Z
10,Massie,10,Massie Township,http://www.massietownship.org/,2025-11-16T14:14:16Z
10,Massie,11,"A. McCauley Massie, MD | Department of Pediatrics",https://www.med.unc.edu/pediatrics/people/a-mccauley-massie-md/,2025-11-16T14:14:16Z
10,Massie,12,"Anna M. Massie, DVM, DACVS – University of Pennsylvania, School ...",https://www.vet.upenn.edu/directory/annamassie/,2025-11-16T14:14:16Z
10,Massie,13,Victoria Massie | Faculty | The People of Rice | Rice University,https://profiles.rice.edu/faculty/victoria-massie,2025-11-16T14:14:16Z
10,Massie,14,Massie Heritage Center: Home,http://massie.sccpss.com/,2025-11-16T14:14:16Z
10,Massie,15,Samuel P. Massie Academy,https://www.pgcps.org/schools/samuel-p.-massie-academy,2025-11-16T14:14:16Z
10,Massie,16,Jenné Massie Brown | Johns Hopkins | Bloomberg School of Public ...,https://publichealth.jhu.edu/faculty/4831/jenne-massie-brown,2025-11-16T14:14:16Z
10,Massie,17,Allan B. Massie,https://med.nyu.edu/faculty/allan-b-massie,2025-11-16T14:14:16Z
10,Massie,18,Alex Massie - 2022 - Softball - Alabama State University Athletics,https://bamastatesports.com/sports/softball/roster/alex-massie/6674,2025-11-16T14:14:16Z
10,Massie,19,Johnathan Massie - Men's Basketball - University of North Texas ...,https://meangreensports.com/sports/mens-basketball/roster/johnathan-massie/6689,2025-11-16T14:14:16Z
10,Massie,20,Robert K. Massie | Columbia SIPA,https://www.sipa.columbia.edu/communities-connections/faculty/robert-k-massie,2025-11-16T14:14:16Z
11,Prates,1,Carlos Prates (Welterweight) MMA Profile - ESPN,https://www.espn.com/mma/fighter/_/id/4294832/carlos-prates,2025-11-16T14:14:20Z
11,Prates,2,Carlos Prates (@thenightmare_170) • Instagram photos and videos,https://www.instagram.com/thenightmare_170/?hl=en,2025-11-16T14:14:20Z
11,Prates,3,"Carlos Prates (""The Nightmare"") | MMA Fighter Page | Tapology",https://www.tapology.com/fightcenter/fighters/36554-carlos-prates-carlao,2025-11-16T14:14:20Z
11,Prates,4,Carlos Prates - Wikipedia,https://en.wikipedia.org/wiki/Carlos_Prates,2025-11-16T14:14:20Z
11,Prates,5,"Ivan Prates, Ph.D.",https://www.ivanprates.org/,2025-11-16T14:14:20Z
11,Prates,6,Carlos Prates (Peso Welter) Perfil de MMA - ESPN DEPORTES,https://espndeportes.espn.com/mma/peleador/_/id/4294832/carlos-prates,2025-11-16T14:14:20Z
11,Prates,7,Carlos Prates Record: 23-7-0,http://ufcstats.com/fighter-details/7ee0fd831c0fe7c3,2025-11-16T14:14:20Z
11,Prates,8,Obituary for Thomas J. Prates Jr. | West Haven Funeral Home,https://www.westhavenfuneral.com/obituary/Thomas-PratesJr,2025-11-16T14:14:20Z
11,Prates,9,Carlos Prates | UFC,https://www.ufc.com/athlete/carlos-prates,2025-11-16T14:14:20Z
11,Prates,10,[SPOILER] Leon Edwards vs. Carlos Prates : r/MMA,https://www.reddit.com/r/MMA/comments/1oybk0u/spoiler_leon_edwards_vs_carlos_prates/,2025-11-16T14:14:20Z
11,Prates,11,Carlos Prates just SMOKED Leon Edwards with KO win,https://www.facebook.com/groups/287368208532864/posts/1978152909454377/,2025-11-16T14:14:20Z
11,Prates,12,"Crista Prates, APRN | Hartford HealthCare | CT",https://hartfordhealthcare.org/CristaPrates,2025-11-16T14:14:20Z
11,Prates,13,Ian Garry opens up as a slight betting favorite over Carlos Prates : r ...,https://www.reddit.com/r/MMA/comments/1jqk6cg/ian_garry_opens_up_as_a_slight_betting_favorite/,2025-11-16T14:14:20Z
11,Prates,14,‪Marcos Oliveira Prates‬ - ‪Google Scholar‬,https://scholar.google.com/citations?user=Ujun714AAAAJ&hl=en,2025-11-16T14:14:20Z
11,Prates,15,Carlos Prates on Ian Garry Calling Him a 'Quitter': I've Been in the ...,https://www.reddit.com/r/MMA/comments/1k4m4qu/carlos_prates_on_ian_garry_calling_him_a_quitter/,2025-11-16T14:14:20Z
11,Prates,16,"Carlos ""The Nightmare"" Prates MMA Stats, Pictures, News, Videos ...",https://www.sherdog.com/fighter/Carlos-Prates-95593,2025-11-16T14:14:20Z
11,Prates,17,[SPOILER] Trevin Giles vs. Carlos Prates : r/MMA,https://www.reddit.com/r/MMA/comments/1anuc3p/spoiler_trevin_giles_vs_carlos_prates/,2025-11-16T14:14:20Z
11,Prates,18,Erica Teixeira Prates | ORNL,https://www.ornl.gov/staff-profile/erica-teixeira-prates,2025-11-16T14:14:20Z
11,Prates,19,Dr Maria Paula Prates | School of Anthropology & Museum ...,https://www.anthro.ox.ac.uk/people/dr-maria-paula-prates,2025-11-16T14:14:20Z
11,Prates,20,OFFICIAL CARLOS PRATES – FULL VIOLENCE STORE,https://www.fullviolence.com/pages/official-carlos-prates,2025-11-16T14:14:20Z
12,Sark,1,"SARK - Bestselling Author, Artist, Speaker & Mentor",https://www.planetsark.com/,2025-11-16T14:14:25Z
12,Sark,2,Sark - Wikipedia,https://en.wikipedia.org/wiki/Sark,2025-11-16T14:14:25Z
12,Sark,3,Sark | Tron Wiki | Fandom,https://tron.fandom.com/wiki/Sark,2025-11-16T14:14:25Z
12,Sark,4,HOME | Isle of Sark,https://www.sark.co.uk/,2025-11-16T14:14:25Z
12,Sark,5,Mr Sark (@sark) / Posts / X,https://x.com/sark?lang=en,2025-11-16T14:14:25Z
12,Sark,6,Sark — Hoard's Dairyman Farm Creamery,https://www.hoardscreamery.com/store/p/sark,2025-11-16T14:14:25Z
12,Sark,7,CUTTY SARK GINGER ALE READY-TO-DRINK,https://cutty-sark.com/products/cutty-sark-ginger-ale-ready-drink,2025-11-16T14:14:25Z
12,Sark,8,SARK,https://www.facebook.com/PlanetSARK/,2025-11-16T14:14:25Z
12,Sark,9,Cutty Sark | Royal Museums Greenwich,https://www.rmg.co.uk/cutty-sark,2025-11-16T14:14:25Z
12,Sark,10,CUTTY SARK Original,https://cutty-sark.com/products/cutty-sark-original,2025-11-16T14:14:25Z
12,Sark,11,Home - Sark Tile New,https://sarktile.com/,2025-11-16T14:14:25Z
12,Sark,12,Cutty Sark Scotch,https://www.abc.virginia.gov/products/scotch/cutty-sark-scotch?productSize=0,2025-11-16T14:14:25Z
12,Sark,13,tmr232/Sark: IDAPython Made Easy - GitHub,https://github.com/tmr232/Sark,2025-11-16T14:14:25Z
12,Sark,14,How was Sark in Flynn's arcade? : r/tron,https://www.reddit.com/r/tron/comments/1fujyoj/how_was_sark_in_flynns_arcade/,2025-11-16T14:14:25Z
12,Sark,15,Jordi Sark | Travel Photographer (@jordisark) • Instagram photos ...,https://www.instagram.com/jordisark/,2025-11-16T14:14:25Z
12,Sark,16,Mr Sark - YouTube,https://www.youtube.com/channel/UCNPCx6BWK0ID6UKO1QicOmQ,2025-11-16T14:14:25Z
12,Sark,17,Buy Cutty Sark Gifts | Souvenirs | Royal Museums Greenwich Shop,https://shop.rmg.co.uk/collections/cutty-sark,2025-11-16T14:14:25Z
12,Sark,18,Coach Sark (@steve.sarkisian) • Instagram photos and videos,https://www.instagram.com/steve.sarkisian/?hl=en,2025-11-16T14:14:25Z
12,Sark,19,"Caragh Chocolates | Sark, Channel Islands",https://www.caraghchocolates.com/,2025-11-16T14:14:25Z
12,Sark,20,Review 003: Cutty Sark Prohibition - 50% - NAS - Blended Scotch ...,https://www.reddit.com/r/Scotch/comments/1h8ccti/review_003_cutty_sark_prohibition_50_nas_blended/,2025-11-16T14:14:25Z
13,Morales,1,Home - Morales Group Staffing,https://moralesgroup.net/,2025-11-16T14:14:29Z
13,Morales,2,Dj David Morales,https://www.facebook.com/djdavidmorales/,2025-11-16T14:14:29Z
13,Morales,3,MICHAEL MORALES (@miichaelufc) • Instagram photos and videos,https://www.instagram.com/miichaelufc/?hl=en,2025-11-16T14:14:29Z
13,Morales,4,Americana Singer Songwriter | Lisa Morales Music,https://www.lisamoralesmusic.com/,2025-11-16T14:14:29Z
13,Morales,5,About the President | Welcome to the President's Office | CSUSB,https://www.csusb.edu/presidents-office/about-president,2025-11-16T14:14:29Z
13,Morales,6,15-1191 Sessions v. Morales-Santana (06/12/2017),https://www.supremecourt.gov/opinions/16pdf/15-1191_2a34.pdf,2025-11-16T14:14:29Z
13,Morales,7,Assemblywoman Carmen Theresa Morales (D),https://www.njleg.state.nj.us/legislative-roster/491/assemblywoman-morales,2025-11-16T14:14:29Z
13,Morales,8,Aurora Levins Morales - Home,https://www.auroralevinsmorales.com/,2025-11-16T14:14:29Z
13,Morales,9,"Michele Morales | Cole, Scott & Kissane",https://www.csklegal.com/team/michele-d-morales,2025-11-16T14:14:29Z
13,Morales,10,"The Morales Villagrana Family Giving - Word of Life Fellowship, Inc.",https://give.wol.org/omarmorales,2025-11-16T14:14:29Z
13,Morales,11,Michael Morales | UFC,https://www.ufc.com/athlete/michael-morales,2025-11-16T14:14:29Z
13,Morales,12,Obituary information for Joseph Morales,https://www.salemfh.com/obituaries/Joseph-Morales?obId=21581205,2025-11-16T14:14:29Z
13,Morales,13,Joe Morales - Volleyball Coach - East Texas A&M University Athletics,https://lionathletics.com/sports/womens-volleyball/roster/coaches/joe-morales/897,2025-11-16T14:14:29Z
13,Morales,14,"Dr. Cecilia V. Morales, MD - Miami, FL - Pediatrics - Book Appointment",https://doctors.umiamihealth.org/provider/cecilia-v-morales/525963,2025-11-16T14:14:29Z
13,Morales,15,"Helen Morales – Classics Department, UC Santa Barbara",https://www.classics.ucsb.edu/faculty/helen-morales/,2025-11-16T14:14:29Z
13,Morales,16,About the Lt. Governor | Office of the Lt. Governor - Howie Morales,https://www.lgo.nm.gov/about-the-lt-governor/,2025-11-16T14:14:29Z
13,Morales,17,Michael Morales | MMA Fighter Page | Tapology,https://www.tapology.com/fightcenter/fighters/164286-michael-morales,2025-11-16T14:14:29Z
13,Morales,18,Adrian Morales - Baseball Coach - Nova Southeastern University ...,https://nsusharks.com/sports/baseball/roster/coaches/adrian-morales/3280,2025-11-16T14:14:29Z
13,Morales,19,Rosa M. Morales | Crowell & Moring LLP,https://www.crowell.com/en/professionals/rosa-m-morales,2025-11-16T14:14:29Z
13,Morales,20,Councilor Eddy Morales | City of Gresham,https://www.greshamoregon.gov/Councilor-Eddy-Morales/,2025-11-16T14:14:29Z
14,Shane Beamer,1,Shane Beamer - Wikipedia,https://en.wikipedia.org/wiki/Shane_Beamer,2025-11-16T14:14:34Z
14,Shane Beamer,2,Shane Beamer (@CoachSBeamer) / Posts / X,https://x.com/CoachSBeamer,2025-11-16T14:14:34Z
14,Shane Beamer,3,Shane Beamer – University of South Carolina Athletics,https://gamecocksonline.com/sports/football/roster/coach/shane-beamer/,2025-11-16T14:14:34Z
14,Shane Beamer,4,South Carolina's loss at Kyle Field could push Shane Beamer onto ...,https://www.reddit.com/r/CFB/comments/1oydmqe/south_carolinas_loss_at_kyle_field_could_push/,2025-11-16T14:14:34Z
14,Shane Beamer,5,South Carolina's Shane Beamer on coach firings so soon after ...,https://www.greenvilleonline.com/story/sports/college/usc/2025/10/28/shane-beamer-south-carolina-football-coach-brian-kelly/86949959007/,2025-11-16T14:14:34Z
14,Shane Beamer,6,"Shane Beamer - Assistant Head Coach for Offense, Tight Ends and ...",https://soonersports.com/sports/football/roster/coaches/shane-beamer/335,2025-11-16T14:14:34Z
14,Shane Beamer,7,"MegaBoard - Beamer To VaT, Rumors Beginning",https://www.on3.com/megaboard/beamer-to-vat-rumors-beginning-8400283/,2025-11-16T14:14:34Z
14,Shane Beamer,8,Does Shane Beamer get fired if A&M win,https://www.facebook.com/groups/secsuperconference/posts/1276998194256996/,2025-11-16T14:14:34Z
14,Shane Beamer,9,Playing 18 holes with @gamecockfb coach Shane Beamer…yes ...,https://www.instagram.com/p/Cq4F5ypOPKL/,2025-11-16T14:14:34Z
14,Shane Beamer,10,Shane Beamer gets prickly over question about staffing changes ...,https://awfulannouncing.com/college-football/shane-beamer-question-staffing-changes-oklahoma-loss-south-carolina.html,2025-11-16T14:14:34Z
14,Shane Beamer,11,"Shane Beamer College Coaching Records, Awards and ...",https://www.sports-reference.com/cfb/coaches/shane-beamer-1.html,2025-11-16T14:14:34Z
14,Shane Beamer,12,Shane Beamer 'wanted to puke' after South Carolina's collapse at ...,https://www.cbssports.com/college-football/news/south-carolina-shane-beamer-historic-collapse-texas-a-m/,2025-11-16T14:14:34Z
14,Shane Beamer,13,South Carolina's Shane Beamer gets nearly $4M raise - ESPN,https://www.espn.com/college-football/story/_/id/35392522/sources-south-carolina-shane-beamer-get-4m-raise,2025-11-16T14:14:34Z
14,Shane Beamer,14,Is Shane Beamer on the hot seat at South Carolina?,https://garnetandcocky.com/shane-beamer-hot-seat-south-carolina-football,2025-11-16T14:14:34Z
14,Shane Beamer,15,Shane Beamer Thanks Texas A&M for Sending State Trooper Home ...,https://www.si.com/college-football/shane-beamer-thanks-texas-am-sending-state-trooper-home-strange-move,2025-11-16T14:14:34Z
14,Shane Beamer,16,3 South Carolina football players suspended by Shane Beamer ...,https://www.thestate.com/sports/college/university-of-south-carolina/usc-football/article312557361.html,2025-11-16T14:14:34Z
14,Shane Beamer,17,Shane Beamer - Football Coach - University of Georgia Athletics,https://georgiadogs.com/sports/football/roster/coaches/shane-beamer/2942,2025-11-16T14:14:34Z
14,Shane Beamer,18,"At 30-3 at Halftime, I Stupidly Wrote a Pro-Shane Beamer Article",https://mikefarrellsports.com/college/at-30-3-at-halftime-i-stupidly-wrote-a-pro-shane-beamer-article/,2025-11-16T14:14:34Z
14,Shane Beamer,19,Congrats to Shane Beamer on South Carolina's historic Texas A&M ...,https://ftw.usatoday.com/story/sports/ncaaf/2025/11/15/shane-beamer-south-carolina-collapse-history-texas-am/87294832007/,2025-11-16T14:14:34Z
14,Shane Beamer,20,Everything Shane Beamer said following loss to Texas A&M,https://247sports.com/college/south-carolina/longformarticle/south-carolina-gamecocks-football-shane-beamer-postgame-press-conference-texas-am-261664887/,2025-11-16T14:14:34Z
15,#GoDawgs,1,Georgia Football (@GeorgiaFootball) / Posts / X,https://x.com/GeorgiaFootball?lang=en,2025-11-16T14:14:38Z
15,#GoDawgs,2,University of Washington Athletics - Official Athletics Website,https://gohuskies.com/,2025-11-16T14:14:38Z
15,#GoDawgs,3,Ain't Nothin' Finer ❤️ #NothingFiner | #GoDawgs,https://www.facebook.com/ugaredcoatband/posts/aint-nothin-finer-%EF%B8%8Fnothingfiner-godawgs/1353143069503547/,2025-11-16T14:14:38Z
15,#GoDawgs,4,Georgia Bulldogs - University of Georgia Athletics,https://georgiadogs.com/,2025-11-16T14:14:38Z
15,#GoDawgs,5,Let's go Dawgs!!!! #GoDawgs #GeorgiaBullDogs #Georgia,https://www.instagram.com/p/CnNNMRvvmip/,2025-11-16T14:14:38Z
15,#GoDawgs,6,#prouddad #godawgs | Ed Bastian | 764 comments,https://www.linkedin.com/posts/edbastian_prouddad-godawgs-activity-6740674256641822720-NBOx,2025-11-16T14:14:38Z
15,#GoDawgs,7,June check-in from GymDogs all over! #GoDawgs ...,https://www.instagram.com/p/DKxu0tuS0eZ/?hl=en,2025-11-16T14:14:38Z
15,#GoDawgs,8,#workanniversary #highereducation #godawgs | S. Jack Hu | 88 ...,https://www.linkedin.com/posts/s-jack-hu-10840562_workanniversary-highereducation-godawgs-activity-7080600505856507905-xVqO,2025-11-16T14:14:38Z
15,#GoDawgs,9,Happy Finals Season! Good Luck and Finish the Drill!! #godawgs ...,https://www.instagram.com/p/Cl7AMKVP1Oj/,2025-11-16T14:14:38Z
15,#GoDawgs,10,#riskmanagement #godawgs #constructioninsurance ...,https://www.linkedin.com/posts/danette-beck-882767a_riskmanagement-godawgs-constructioninsurance-activity-7239358079350288385-w-gf,2025-11-16T14:14:38Z
15,#GoDawgs,11,#riskmanagement #godawgs #constructioninsurance ...,https://www.linkedin.com/posts/danette-beck-882767a_riskmanagement-godawgs-constructioninsurance-activity-7239358079350288385-w-gf,2025-11-16T14:14:38Z
15,#GoDawgs,12,Georgia does what Bama and Texas couldn't. Win! #GoDawgs : r ...,https://www.reddit.com/r/secfootball/comments/1n4ginb/georgia_does_what_bama_and_texas_couldnt_win/,2025-11-16T14:14:38Z
15,#GoDawgs,13,#salukistrong #godawgs #siu #highered #leadership ...,https://www.linkedin.com/posts/yemiakisanya_salukistrong-godawgs-siu-activity-7386127586579578881-8m_w,2025-11-16T14:14:38Z
15,#GoDawgs,14,"Nitro Tuggle on X: ""#GoDawgs https://t.co/4TDuk4FKZq"" / X",https://twitter.com/nitrotuggle333/status/1642159107594498048,2025-11-16T14:14:38Z
15,#GoDawgs,15,Be comfortable being uncomfortable #kirbysmart #uga #godawgs ...,https://www.youtube.com/shorts/kVNnspTAo6s,2025-11-16T14:14:38Z
15,#GoDawgs,16,"Billy ""Papa GoDawgs"" Holbrook Obituary January 8, 2025 ... - Hiram",https://www.samclarkfuneralhome.com/obituaries/billy-papagodawgs-holbrook,2025-11-16T14:14:38Z
15,#GoDawgs,17,Go - 2️⃣0️⃣ DAYS‼️ ⚫️ #GoDawgs #DawgNation ...,https://m.facebook.com/dawgforlife34/photos/2%EF%B8%8F%E2%83%A30%EF%B8%8F%E2%83%A3-days%EF%B8%8F-%EF%B8%8Fgodawgs-dawgnation-georgiafootball-countdowntokickoff-collegefootb/1313462377452563/,2025-11-16T14:14:38Z
15,#GoDawgs,18,"“Go Dawgs” Aircraft - Alaska Airlines, Hawaiian Airlines and Horizon ...",https://news.alaskaair.com/images-videos/go-dawgs-aircraft/,2025-11-16T14:14:38Z
15,#GoDawgs,19,Go Dawgs Ornament - Etsy,https://www.etsy.com/market/go_dawgs_ornament,2025-11-16T14:14:38Z
15,#GoDawgs,20,"Love Ya Son, Go Dawgs - Single by Ray Fulcher | Spotify",https://open.spotify.com/album/2IcCNualuehuXeACnizP5G,2025-11-16T14:14:38Z
16,Aggies,1,Texas A&M University,https://www.tamu.edu/index.html,2025-11-16T14:14:43Z
16,Aggies,2,2025 Football Schedule - Texas A&M Athletics - 12thMan.com,https://12thman.com/sports/football/schedule,2025-11-16T14:14:43Z
16,Aggies,3,New Mexico State University Athletics - Official Athletics Website,https://nmstatesports.com/,2025-11-16T14:14:43Z
16,Aggies,4,Texas A&M Athletics - 12thMan.com - Official Athletics Website,https://12thman.com/,2025-11-16T14:14:43Z
16,Aggies,5,"Texas A&M Aggies Scores, Stats and Highlights - ESPN",https://www.espn.com/college-football/team/_/id/245/texas-am-aggies,2025-11-16T14:14:43Z
16,Aggies,6,r/Aggies,https://www.reddit.com/r/aggies/,2025-11-16T14:14:43Z
16,Aggies,7,UC Davis Athletics - Official Athletics Website,https://ucdavisaggies.com/,2025-11-16T14:14:43Z
16,Aggies,8,North Carolina A&T - Official Athletics Website,https://ncataggies.com/,2025-11-16T14:14:43Z
16,Aggies,9,Aggies BBQ,https://aggiesbbq.com/,2025-11-16T14:14:43Z
16,Aggies,10,Utah State University Athletics - Official Athletics Website,https://utahstateaggies.com/,2025-11-16T14:14:43Z
16,Aggies,11,"The All Aggies, All In Campaign | North Carolina A&T State University",https://www.ncat.edu/athletics/all-aggies.php,2025-11-16T14:14:43Z
16,Aggies,12,Football - Utah State University Athletics,https://utahstateaggies.com/sports/football,2025-11-16T14:14:43Z
16,Aggies,13,Aggies Invent | Texas A&M University Engineering,https://engineering.tamu.edu/student-life/aggies-invent/index.html,2025-11-16T14:14:43Z
16,Aggies,14,Aggies Bakery: Cakes & Bakery Delivery Milwaukee Brookfield ...,https://www.aggiesbakery.com/,2025-11-16T14:14:43Z
16,Aggies,15,Texas A&M Aggies - Wikipedia,https://en.wikipedia.org/wiki/Texas_A%26M_Aggies,2025-11-16T14:14:43Z
16,Aggies,16,GRAD Aggies - Graduate & Professional School | Texas A&M ...,https://grad.tamu.edu/professional-development/grad-aggies,2025-11-16T14:14:43Z
16,Aggies,17,Welcome To Utah State University,https://www.usu.edu/,2025-11-16T14:14:43Z
16,Aggies,18,Aggies Elevated | USU,https://aggieselevated.usu.edu/,2025-11-16T14:14:43Z
16,Aggies,19,Champion Aggies Challenge 2025 · GiveCampus,https://giveto.ucdavis.edu/champion-aggies-challenge-2025,2025-11-16T14:14:43Z
16,Aggies,20,Aggies Vote | UC Davis,https://www.ucdavis.edu/academics/teaching-learning/student-resources/aggies-vote,2025-11-16T14:14:43Z
17,Marcel Reed,1,Marcel Reed - Texas A&M Aggies Quarterback - ESPN,https://www.espn.com/college-football/player/_/id/4870971/marcel-reed,2025-11-16T14:14:47Z
17,Marcel Reed,2,Marcel Reed - Wikipedia,https://en.wikipedia.org/wiki/Marcel_Reed,2025-11-16T14:14:47Z
17,Marcel Reed,3,Marcel Reed - Football - Texas A&M Athletics - 12thMan.com,https://12thman.com/sports/football/roster/marcel-reed/14682,2025-11-16T14:14:47Z
17,Marcel Reed,4,Marcel Reed (@marcel.reed) • Instagram photos and videos,https://www.instagram.com/marcel.reed/?hl=en,2025-11-16T14:14:47Z
17,Marcel Reed,5,"Marcel Reed College Stats, School, Draft, Gamelog, Splits | College ...",https://www.sports-reference.com/cfb/players/marcel-reed-1.html,2025-11-16T14:14:47Z
17,Marcel Reed,6,Am I missing something about Marcel Reed? : r/DynastyFF,https://www.reddit.com/r/DynastyFF/comments/1oh59ka/am_i_missing_something_about_marcel_reed/,2025-11-16T14:14:47Z
17,Marcel Reed,7,"Marcel Reed, Texas A&M, Quarterback",https://247sports.com/player/marcel-reed-46102703/,2025-11-16T14:14:47Z
17,Marcel Reed,8,Marcel Reed (@MarcelReed12) / Posts / X,https://x.com/MarcelReed12,2025-11-16T14:14:47Z
17,Marcel Reed,9,Marcel Reed - Texas A&M Aggies Quarterback - ESPN (UK),https://www.espn.co.uk/college-football/player/_/id/4870971/marcel-reed,2025-11-16T14:14:47Z
17,Marcel Reed,10,Marcel Reed (@Marcel10Reed) / Posts / X,https://x.com/Marcel10Reed,2025-11-16T14:14:47Z
17,Marcel Reed,11,What are your thoughts on Marcel Reed? : r/NFL_Draft,https://www.reddit.com/r/NFL_Draft/comments/1oh4zda/what_are_your_thoughts_on_marcel_reed/,2025-11-16T14:14:47Z
17,Marcel Reed,12,Marcel Reed's Locker Room - NIL Store,https://nil.store/nil/marcel-reed-10,2025-11-16T14:14:47Z
17,Marcel Reed,13,Marcel Reed Quarterback: Dual Threat Recruiting Profile - ESPN,http://www.espn.com/college-sports/football/recruiting/player/_/id/246787/marcel-reed,2025-11-16T14:14:47Z
17,Marcel Reed,14,"Theo - Texas A&M Football players Dalton Brooks, Taurean York ...",https://www.facebook.com/photo.php?fbid=1223307932492959&id=100044412910141&set=a.284365106387251,2025-11-16T14:14:47Z
17,Marcel Reed,15,Texas A&M QB Marcel Reed's NIL Earnings More Than Conner ...,https://www.si.com/college/tamu/football/texas-am-marcel-reed-nil-earnings-more-than-conner-weigman,2025-11-16T14:14:47Z
17,Marcel Reed,16,Film Room | Marcel Reed Tipping Plays? - On Texas Football Forum ...,https://ontexasfootball.com/forums/topic/4952-film-room-marcel-reed-tipping-plays/,2025-11-16T14:14:47Z
17,Marcel Reed,17,Texas A&M QB Marcel Reed is confident he'll improve as a passer,https://aggieswire.usatoday.com/story/sports/college/aggies/football/2025/03/19/marcel-reed-texas-aggies-football-mike-elko-kc-concepcion-spring-football/82556893007/,2025-11-16T14:14:47Z
17,Marcel Reed,18,Marcel Reed - Software Developer and Aspiring Cinematographer ...,https://www.linkedin.com/in/marcelreed,2025-11-16T14:14:47Z
17,Marcel Reed,19,Marcel Reed: What Ole Miss football gets in three-star quarterback,https://www.clarionledger.com/story/sports/college/ole-miss/2022/04/26/marcel-reed-what-ole-miss-football-gets-three-star-quarterback-2023-commitment/7446874001/,2025-11-16T14:14:47Z
17,Marcel Reed,20,Marcel Reed leads No. 4 Aggies in offensive shootout at Arkansas ...,https://www.secsports.com/news/2025/10/marcel-reed-leads-aggies-in-offensive-shootout-at-arkansas,2025-11-16T14:14:47Z
18,Kirby,1,Kirby Vacuums: Top Quality American-Made Vacuum Cleaners,https://www.kirby.com/,2025-11-16T14:14:52Z
18,Kirby,2,KIRBY (@singkirbysing) • Instagram photos and videos,https://www.instagram.com/singkirbysing/?hl=en,2025-11-16T14:14:52Z
18,Kirby,3,Kirby Corporation: Home,https://kirbycorp.com/,2025-11-16T14:14:52Z
18,Kirby,4,The Official Home of Kirby™ - Official Game Site,https://kirby.nintendo.com/,2025-11-16T14:14:52Z
18,Kirby,5,Kirby is the CMS that adapts to you,https://getkirby.com/,2025-11-16T14:14:52Z
18,Kirby,6,r/Kirby,https://www.reddit.com/r/Kirby/,2025-11-16T14:14:52Z
18,Kirby,7,Home - The City of Kirby Texas,https://www.kirbytx.org/,2025-11-16T14:14:52Z
18,Kirby,8,Kirby | Kirby Wiki | Fandom,https://kirby.fandom.com/wiki/Kirby,2025-11-16T14:14:52Z
18,Kirby,9,"Leyland Kirby: We, so tired of all the darkness in our lives",https://leylandkirby.bandcamp.com/album/we-so-tired-of-all-the-darkness-in-our-lives,2025-11-16T14:14:52Z
18,Kirby,10,Kirby (series) - Wikipedia,https://en.wikipedia.org/wiki/Kirby_(series),2025-11-16T14:14:52Z
18,Kirby,11,Jack Kirby Museum & Research Center,https://kirbymuseum.org/,2025-11-16T14:14:52Z
18,Kirby,12,Kirby Allison - YouTube,https://www.youtube.com/@kirbyallison/videos,2025-11-16T14:14:52Z
18,Kirby,13,Kirby (character) - Wikipedia,https://en.wikipedia.org/wiki/Kirby_(character),2025-11-16T14:14:52Z
18,Kirby,14,KIRBY | Spotify,https://open.spotify.com/artist/5lcDGoJUr5WY5bCFAfYbCU,2025-11-16T14:14:52Z
18,Kirby,15,"Gwen E. Kirby | Writer, Teacher, and All-Around Book Enthusiast",https://gwenekirby.com/,2025-11-16T14:14:52Z
18,Kirby,16,Kirby Heyborne,https://www.facebook.com/KirbyHeybornePage/,2025-11-16T14:14:52Z
18,Kirby,17,Kirby Dach (@kdach77) / Posts / X,https://x.com/kdach77?lang=en,2025-11-16T14:14:52Z
18,Kirby,18,Singkirbysing,https://www.facebook.com/singkirbysing/,2025-11-16T14:14:52Z
18,Kirby,19,Kirby Hasseman - I Help Small To Mid-Sized Businesses Attract and ...,https://www.linkedin.com/in/kirbyhasseman,2025-11-16T14:14:52Z
18,Kirby,20,Brad Kirby — CityBridge,https://www.citybridgechurch.org/brad-kirby,2025-11-16T14:14:52Z
19,Ole Miss,1,University of Mississippi | Ole Miss,https://olemiss.edu/,2025-11-16T14:14:56Z
19,Ole Miss,2,Ole Miss Athletics - Hotty Toddy,https://olemisssports.com/,2025-11-16T14:14:56Z
19,Ole Miss,3,Department of Student Housing | Ole Miss,https://olemiss.edu/housing/,2025-11-16T14:14:56Z
19,Ole Miss,4,"Ole Miss Rebels Scores, Stats and Highlights - ESPN",https://www.espn.com/college-football/team/_/id/145/ole-miss-rebels,2025-11-16T14:14:56Z
19,Ole Miss,5,National Center for Physical Acoustics | Ole Miss,https://olemiss.edu/ncpa/,2025-11-16T14:14:56Z
19,Ole Miss,6,Football - Ole Miss Athletics - Hotty Toddy,https://olemisssports.com/sports/football,2025-11-16T14:14:56Z
19,Ole Miss,7,Office of Accounting | Ole Miss,https://olemiss.edu/accounting/,2025-11-16T14:14:56Z
19,Ole Miss,8,University of Mississippi - Wikipedia,https://en.wikipedia.org/wiki/University_of_Mississippi,2025-11-16T14:14:56Z
19,Ole Miss,9,2025 Football Schedule - Ole Miss Athletics - Hotty Toddy,https://olemisssports.com/sports/football/schedule,2025-11-16T14:14:56Z
19,Ole Miss,10,Ole Miss Rebels football - Wikipedia,https://en.wikipedia.org/wiki/Ole_Miss_Rebels_football,2025-11-16T14:14:56Z
19,Ole Miss,11,Home Page | Communiversity | Ole Miss,https://www.outreach.olemiss.edu/communiversity/,2025-11-16T14:14:56Z
19,Ole Miss,12,"Clinics, Centers & Institutes | Ole Miss",https://law.olemiss.edu/research-and-practice/clinics-centers-and-institutes/,2025-11-16T14:14:56Z
19,Ole Miss,13,Coronavirus Disease (COVID-19) | University of Mississippi,https://coronavirus.olemiss.edu/,2025-11-16T14:14:56Z
19,Ole Miss,14,Admission Application,https://connect.olemiss.edu/apply/,2025-11-16T14:14:56Z
19,Ole Miss,15,Ole Miss Alumni Association,https://www.olemissalumni.com/,2025-11-16T14:14:56Z
19,Ole Miss,16,Ole Miss Athletic Foundation,https://givetoathletics.com/,2025-11-16T14:14:56Z
19,Ole Miss,17,University of Mississippi | Give,https://ignite.olemiss.edu/,2025-11-16T14:14:56Z
19,Ole Miss,18,School of Pharmacy | Ole Miss,https://pharmacy.olemiss.edu/,2025-11-16T14:14:56Z
19,Ole Miss,19,School of Applied Sciences | Ole Miss,https://sas.olemiss.edu/,2025-11-16T14:14:56Z
19,Ole Miss,20,The Inn at Ole Miss – Best Rates. Best Location. Best Experience ...,https://www.theinnatolemiss.com/,2025-11-16T14:14:56Z
20,BO NICKAL,1,Bo Nickal - Wikipedia,https://en.wikipedia.org/wiki/Bo_Nickal,2025-11-16T14:15:01Z
20,BO NICKAL,2,Bo Nickal (@nobickal1) • Instagram photos and videos,https://www.instagram.com/nobickal1/?hl=en,2025-11-16T14:15:01Z
20,BO NICKAL,3,Bo Nickal (Middleweight) MMA Profile - ESPN,https://www.espn.com/mma/fighter/_/id/5061870/bo-nickal,2025-11-16T14:15:01Z
20,BO NICKAL,4,Bo Nickal | UFC,https://www.ufc.com/athlete/bo-nickal,2025-11-16T14:15:01Z
20,BO NICKAL,5,Bo Nickal (@NoBickal) / Posts / X,https://x.com/NoBickal,2025-11-16T14:15:01Z
20,BO NICKAL,6,Bo Nickal | MMA Fighter Page | Tapology,https://www.tapology.com/fightcenter/fighters/244627-bo-nickal,2025-11-16T14:15:01Z
20,BO NICKAL,7,"Bo Nickal MMA Stats, Pictures, News, Videos, Biography - Sherdog ...",https://www.sherdog.com/fighter/Bo-Nickal-392031,2025-11-16T14:15:01Z
20,BO NICKAL,8,Bo Nickal Record: 8-1-0,http://ufcstats.com/fighter-details/35673bf5204524ee,2025-11-16T14:15:01Z
20,BO NICKAL,9,[SPOILER] Bo Nickal vs. Rodolfo Vieira : r/MMA,https://www.reddit.com/r/MMA/comments/1oyakjn/spoiler_bo_nickal_vs_rodolfo_vieira/,2025-11-16T14:15:01Z
20,BO NICKAL,10,Bo Nickal returns after first MMA loss for dangerous next fight at UFC ...,https://www.si.com/fannation/mma/news/bo-nickal-returns-next-fight-rodolfo-vieira-ufc-322,2025-11-16T14:15:01Z
20,BO NICKAL,11,Humbled Bo Nickal doesn't mind fighting on the prelims anymore - 'I ...,https://www.reddit.com/r/MMA/comments/1ocrxv4/humbled_bo_nickal_doesnt_mind_fighting_on_the/,2025-11-16T14:15:01Z
20,BO NICKAL,12,Bo Nickal at Bald Birds — Bald Birds Brewing Company,https://baldbirdsbrewing.com/event-tickets/p/bo-nickal-bald-birds,2025-11-16T14:15:01Z
20,BO NICKAL,13,Bo Nickal on his earlier comment : r/MMA,https://www.reddit.com/r/MMA/comments/1ow5emr/bo_nickal_on_his_earlier_comment/,2025-11-16T14:15:01Z
20,BO NICKAL,14,Bo Nickal,https://www.facebook.com/nobickal/,2025-11-16T14:15:01Z
20,BO NICKAL,15,UFC 322 is so stacked ‍ might be the best card in this year : r/ufc,https://www.reddit.com/r/ufc/comments/1o4t0jq/ufc_322_is_so_stacked_might_be_the_best_card_in/,2025-11-16T14:15:01Z
20,BO NICKAL,16,Bo Nickal - 2014-15 Wrestling - Penn State - Official Athletics Website,https://gopsusports.com/sports/wrestling/roster/player/bo-nickal,2025-11-16T14:15:01Z
20,BO NICKAL,17,What made Bo NIckal a great wrestler? : r/wrestling,https://www.reddit.com/r/wrestling/comments/1gp001s/what_made_bo_nickal_a_great_wrestler/,2025-11-16T14:15:01Z
20,BO NICKAL,18,Bo Nickal has a message for UFC fans criticizing him,https://www.facebook.com/groups/287368208532864/posts/1692572638012407/,2025-11-16T14:15:01Z
20,BO NICKAL,19,NCAA champion wrestler Bo Nickal named Big Ten Male Athlete of ...,https://www.psu.edu/news/athletics/story/ncaa-champion-wrestler-bo-nickal-named-big-ten-male-athlete-year,2025-11-16T14:15:01Z
20,BO NICKAL,20,Bo Nickal (Middleweight) MMA Profile - ESPN (UK),https://www.espn.co.uk/mma/fighter/_/id/5061870/bo-nickal,2025-11-16T14:15:01Z
21,Valentina,1,valentina (@valentinamusica) • Instagram photos and videos,https://www.instagram.com/valentinamusica/,2025-11-16T14:15:05Z
21,Valentina,2,Valentina Restaurant,https://www.restaurantvalentina.com/,2025-11-16T14:15:05Z
21,Valentina,3,Download Valentina pattern design software | Smart pattern,https://smart-pattern.com.ua/en/valentina/download/,2025-11-16T14:15:05Z
21,Valentina,4,Valentina,https://www.shopvalentina.com/,2025-11-16T14:15:05Z
21,Valentina,5,Valentina's: Home,https://valentinasitalian.com/,2025-11-16T14:15:05Z
21,Valentina,6,Salsa Valentina® – Official Site,https://salsavalentina.com/,2025-11-16T14:15:05Z
21,Valentina,7,Valentina Lisitsa: Welcome to my site!,https://www.valentinalisitsa.com/,2025-11-16T14:15:05Z
21,Valentina,8,Valentina d'Alessandro - Affiliate Southern California,https://madd.org/southern-california/valentina-dalessandro/,2025-11-16T14:15:05Z
21,Valentina,9,Valentina Wilson,https://www.facebook.com/ValentinaWilsonWCTI/,2025-11-16T14:15:05Z
21,Valentina,10,I used to dislike Valentina Lisitsa until I went to one of her concerts ...,https://www.reddit.com/r/classicalmusic/comments/pmajzg/i_used_to_dislike_valentina_lisitsa_until_i_went/,2025-11-16T14:15:05Z
21,Valentina,11,Valentina Glidden Photography,https://valentinaglidden.com/,2025-11-16T14:15:05Z
21,Valentina,12,Valentina Shevchenko | UFC,https://www.ufc.com/athlete/valentina-shevchenko,2025-11-16T14:15:05Z
21,Valentina,13,Valentina's - Cameron Mitchell,https://cameronmitchell.com/restaurants/valentinas/,2025-11-16T14:15:05Z
21,Valentina,14,Valentina Sainato – The Official Manuscript Wish List Website,https://www.manuscriptwishlist.com/mswl-post/valentina-sainato/,2025-11-16T14:15:05Z
21,Valentina,15,Stream Valentina (Tokyo) by Fred again.. | Listen online for free on ...,https://soundcloud.com/fredagain/valentina1,2025-11-16T14:15:05Z
21,Valentina,16,Faculty Profile: Valentina Bruno,https://www.american.edu/kogod/faculty/bruno.cfm,2025-11-16T14:15:05Z
21,Valentina,17,Valentina Mazzoli,https://med.nyu.edu/faculty/valentina-mazzoli,2025-11-16T14:15:05Z
21,Valentina,18,About Valentina | Cooking On The Weekends,https://cookingontheweekends.com/about-me/,2025-11-16T14:15:05Z
21,Valentina,19,"Staff | Valentina Bisogni, National Synchrotron Light Source II - BNL",https://www.bnl.gov/staff/bisogni,2025-11-16T14:15:05Z
21,Valentina,20,Valentina (drag queen) - Wikipedia,https://en.wikipedia.org/wiki/Valentina_(drag_queen),2025-11-16T14:15:05Z
22,Arch,1,Arch Linux,https://archlinux.org/,2025-11-16T14:15:09Z
22,Arch,2,The Gateway Arch,https://www.gatewayarch.com/,2025-11-16T14:15:09Z
22,Arch,3,Arch Capital Group Ltd. - Specialty Insurance Company,https://www.archgroup.com/,2025-11-16T14:15:09Z
22,Arch,4,Arch | Home,https://arch.co/,2025-11-16T14:15:09Z
22,Arch,5,ARCH Motorcycle: Home,https://archmotorcycle.com/,2025-11-16T14:15:09Z
22,Arch,6,ARCH A Regional Coalition for Housing,https://www.archhousing.org/,2025-11-16T14:15:09Z
22,Arch,7,What goes into maintaining an Arch system? : r/archlinux,https://www.reddit.com/r/archlinux/comments/v384xb/what_goes_into_maintaining_an_arch_system/,2025-11-16T14:15:09Z
22,Arch,8,Arch - Wikipedia,https://en.wikipedia.org/wiki/Arch,2025-11-16T14:15:09Z
22,Arch,9,Why should I move to Arch? : r/archlinux,https://www.reddit.com/r/archlinux/comments/16whouk/why_should_i_move_to_arch/,2025-11-16T14:15:09Z
22,Arch,10,Arch Enemy: Home,https://www.archenemy.net/en/,2025-11-16T14:15:09Z
22,Arch,11,Pros and cons of arch os. : r/archlinux,https://www.reddit.com/r/archlinux/comments/1al7zhn/pros_and_cons_of_arch_os/,2025-11-16T14:15:09Z
22,Arch,12,Arch (@ArchaeusDota) / Posts / X,https://x.com/ArchaeusDota,2025-11-16T14:15:09Z
22,Arch,13,How to get to Arch Rock on Mackinac Island for those who cannot ...,https://www.facebook.com/groups/upperpeninsulatravel/posts/8484339758260455/,2025-11-16T14:15:09Z
22,Arch,14,Arch websites slow or unresponsive / Arch Discussion / Arch Linux ...,https://bbs.archlinux.org/viewtopic.php?id=307553,2025-11-16T14:15:09Z
22,Arch,15,Arch Systems: AI for Manufacturing & Smart Factory Solutions,https://archsys.io/,2025-11-16T14:15:09Z
22,Arch,16,No ifconfig Package? / Applications & Desktop Environments / Arch ...,https://bbs.archlinux.org/viewtopic.php?id=120548,2025-11-16T14:15:09Z
22,Arch,17,Arch Budzar (@archbudzar) • Instagram photos and videos,https://www.instagram.com/archbudzar/?hl=en,2025-11-16T14:15:09Z
22,Arch,18,"Arch Mission Foundation - Preserving humanity forever, in space ...",https://www.archmission.org/,2025-11-16T14:15:09Z
22,Arch,19,Gateway Arch National Park (U.S. National Park Service),https://www.nps.gov/jeff/,2025-11-16T14:15:09Z
22,Arch,20,KLAS Arch Collaborative - KLAS Research,https://engage.klasresearch.com/klas-arch-collaborative/,2025-11-16T14:15:09Z
23,Ewing,1,Ewing: Home,https://www.ewingoutdoorsupply.com/,2025-11-16T14:15:14Z
23,Ewing,2,Official Online Store of Ewing Athletics – Ewing Athletics,https://shop.ewingathletics.com/,2025-11-16T14:15:14Z
23,Ewing,3,Ewing New Jersey - Home,https://ewingnj.org/,2025-11-16T14:15:14Z
23,Ewing,4,Ewing Marion Kauffman Foundation | Kauffman.org,https://www.kauffman.org/,2025-11-16T14:15:14Z
23,Ewing,5,Eve L. Ewing,https://eveewing.com/,2025-11-16T14:15:14Z
23,Ewing,6,Patrick Ewing - Wikipedia,https://en.wikipedia.org/wiki/Patrick_Ewing,2025-11-16T14:15:14Z
23,Ewing,7,Bio — Eve L. Ewing,https://eveewing.com/about,2025-11-16T14:15:14Z
23,Ewing,8,"320 New Subaru Cars, SUVs in Stock | Ewing Subaru of Plano",https://www.ewingsubaruofplano.com/new-vehicles/,2025-11-16T14:15:14Z
23,Ewing,9,Gregory L. Ewing I Data Privacy & Cybersecurity Law Practice,https://www.dickinson-wright.com/our-people/gregory-l-ewing,2025-11-16T14:15:14Z
23,Ewing,10,"Linda Ewing-Cobbs, PhD | McGovern Medical School",https://med.uth.edu/pediatrics/2022/11/14/linda-ewing-cobbs-phd/,2025-11-16T14:15:14Z
23,Ewing,11,E. Thomas Ewing | College of Liberal Arts and Human Sciences ...,https://liberalarts.vt.edu/departments-and-schools/department-of-history/faculty/e-thomas-ewing.html,2025-11-16T14:15:14Z
23,Ewing,12,David J. Ewing Scholarship | University of North Texas,https://financialaid.unt.edu/david-j-ewing-scholarship.html,2025-11-16T14:15:14Z
23,Ewing,13,"Michael Stanley Ewing Obituary July 14, 2025 - Wheeler ...",https://www.wheelermortuaries.com/obituaries/michael-ewing,2025-11-16T14:15:14Z
23,Ewing,14,Ewing Gallery of Art + Architecture,https://ewing-gallery.utk.edu/,2025-11-16T14:15:14Z
23,Ewing,15,Kyle A. Ewing | Commercial Litigation Lawyer | Professionals ...,https://www.gtlaw.com/en/professionals/e/ewing-kyle-a,2025-11-16T14:15:14Z
23,Ewing,16,Ewing Hall | LiveOn,https://liveon.psu.edu/university-park/housing/ewing-hall,2025-11-16T14:15:14Z
23,Ewing,17,Ewing Police Department - Home,https://www.ewingpolice.com/,2025-11-16T14:15:14Z
23,Ewing,18,James Ewing - Assistant Coach - Women's Basketball Coaches ...,https://ubbulls.com/sports/womens-basketball/roster/coaches/james-ewing/481,2025-11-16T14:15:14Z
23,Ewing,19,Eve L. Ewing (@eve.ewing) • Instagram photos and videos,https://www.instagram.com/eve.ewing/?hl=en,2025-11-16T14:15:14Z
23,Ewing,20,Home - Ewing Township Board of Education,https://www.ewing.k12.nj.us/,2025-11-16T14:15:14Z
24,#EubankBenn2,1,We have a fight #EubankBenn2,https://www.facebook.com/boxingnewsonline/posts/we-have-a-fight-eubankbenn2/1372273664260785/,2025-11-16T14:15:18Z
24,#EubankBenn2,2,8 DAYS. #EubankBenn2,https://www.instagram.com/p/DQw75vmjIiq/,2025-11-16T14:15:18Z
24,#EubankBenn2,3,7️⃣ weeks out from #EubankBenn2 Conor Benn always ready,https://www.facebook.com/DAZN/posts/7%EF%B8%8F%E2%83%A3-weeks-out-from-eubankbenn2-conor-benn-always-ready-/1338673290962249/,2025-11-16T14:15:18Z
24,#EubankBenn2,4,"Man, ain't nothing like a fight in the UK. #EubankBenn2",https://x.com/AndreasHale/status/1989812979144298946,2025-11-16T14:15:18Z
24,#EubankBenn2,5,2 WEEKS #EubankBenn2,https://www.instagram.com/p/DQgjAuNDMDW/,2025-11-16T14:15:18Z
24,#EubankBenn2,6,50 Cent watching Chris Eubank Jr. tonight. #EubankBenn2,https://x.com/AndreasHale/status/1989828869558530398,2025-11-16T14:15:18Z
24,#EubankBenn2,7,Any pubs showing #EubankBenn2 this Saturday? : r/Dublin,https://www.reddit.com/r/Dublin/comments/1ouex17/any_pubs_showing_eubankbenn2_this_saturday/,2025-11-16T14:15:18Z
24,#EubankBenn2,8,#EubankBenn2 @ChrisEubankJr,https://x.com/nickblackwell02/status/1989725536281661816,2025-11-16T14:15:18Z
24,#EubankBenn2,9,Conor Benn: All About Eubank | MATCHROOM: THE GREATEST ...,https://www.youtube.com/shorts/iV_PqzB4xSs,2025-11-16T14:15:18Z
24,#EubankBenn2,10,Ring walk with a full length is truly legendary work!! #EubankBenn2,https://x.com/johntalsr/status/1989815068893352201,2025-11-16T14:15:18Z
24,#EubankBenn2,11,Expect to see Eubank on the canvas at this rate #EubankBenn2,https://x.com/JordanAmblin/status/1989821945093705837,2025-11-16T14:15:18Z
24,#EubankBenn2,12,#EubankBenn2 results: Richard Riakporhe def. Tommy Welch via ...,https://twitter.com/MMAFighting/status/1989771343840063841,2025-11-16T14:15:18Z
24,#EubankBenn2,13,"Thank you, James #EubankBenn2",https://x.com/spike_osullivan/status/1989838021688992019,2025-11-16T14:15:18Z
24,#EubankBenn2,14,#boxing #liveevents #eubankbenn2 | Daniel J.,https://www.linkedin.com/posts/daniel-j-7870631ab_boxing-liveevents-eubankbenn2-activity-7392132503941160960-TzNF,2025-11-16T14:15:18Z
24,#EubankBenn2,15,Dag. #EubankBenn2,https://x.com/rosieperezbklyn/status/1989828473012294090,2025-11-16T14:15:18Z
24,#EubankBenn2,16,Chris Eubank Benn 2 | TikTok,https://www.tiktok.com/discover/chris-eubank-benn-2,2025-11-16T14:15:18Z
24,#EubankBenn2,17,@DAZNBoxing #EubankBenn2,https://x.com/rosieperezbklyn/status/1989816184825659789,2025-11-16T14:15:18Z
24,#EubankBenn2,18,It's the week of #EubankBenn2. I'll be commentating with the team ...,https://x.com/RawlingJohn/status/1987495407908204845,2025-11-16T14:15:18Z
24,#EubankBenn2,19,Eubank doesn't look the same right now… #EubankBenn2,https://x.com/nicoaliwalsh/status/1989821572757213588,2025-11-16T14:15:18Z
24,#EubankBenn2,20,I asked who will win #EubankBenn2. 75% go for Eubank. Follow the ...,https://x.com/RawlingJohn/status/1987891044231381446,2025-11-16T14:15:18Z
25,Marjorie Taylor Greene,1,U.S. Representative Marjorie Taylor Greene,https://greene.house.gov/,2025-11-16T14:15:23Z
25,Marjorie Taylor Greene,2,Marjorie Taylor Greene - Wikipedia,https://en.wikipedia.org/wiki/Marjorie_Taylor_Greene,2025-11-16T14:15:23Z
25,Marjorie Taylor Greene,3,Marjorie Taylor Greene | Congress.gov | Library of Congress,https://www.congress.gov/member/marjorie-greene/G000596,2025-11-16T14:15:23Z
25,Marjorie Taylor Greene,4,Rep. Marjorie Taylor Greene (@RepMTG) / Posts / X,https://x.com/RepMTG,2025-11-16T14:15:23Z
25,Marjorie Taylor Greene,5,Marjorie Taylor Greene vents frustration over shutdown strategy at ...,https://www.cnn.com/2025/10/28/politics/marjorie-taylor-greene-mike-johnson-shutdown-house,2025-11-16T14:15:23Z
25,Marjorie Taylor Greene,6,What's happening with Marjorie Taylor Greene? Why the Maga ...,https://www.theguardian.com/us-news/ng-interactive/2025/oct/19/marjorie-taylor-greene-breaks-republican-ranks,2025-11-16T14:15:23Z
25,Marjorie Taylor Greene,7,Trump targets ally Marjorie Taylor Greene ahead of Epstein files vote,https://www.bbc.com/news/articles/c9wv4dx05q5o,2025-11-16T14:15:23Z
25,Marjorie Taylor Greene,8,Marjorie Taylor Greene (@realmarjoriegreene) • Instagram photos ...,https://www.instagram.com/realmarjoriegreene/?hl=en,2025-11-16T14:15:23Z
25,Marjorie Taylor Greene,9,"Trump severs ties with Marjorie Taylor Greene, accusing Georgia ...",https://www.pbs.org/newshour/politics/trump-severs-ties-with-marjorie-taylor-greene-and-endorses-her-opponent,2025-11-16T14:15:23Z
25,Marjorie Taylor Greene,10,Congressman Jimmy Gomez to Introduce Resolution Expelling ...,https://gomez.house.gov/news/documentsingle.aspx?DocumentID=2222,2025-11-16T14:15:23Z
25,Marjorie Taylor Greene,11,Marjorie Taylor Greene spoke at an event led by a white nationalist ...,https://georgiarecorder.com/2022/03/01/marjorie-taylor-greene-spoke-at-an-event-led-by-a-white-nationalist-and-has-no-regrets/,2025-11-16T14:15:23Z
25,Marjorie Taylor Greene,12,Marjorie Taylor Greene: QAnon Supporter Who Made Bigoted ...,https://www.npr.org/2020/08/12/901628541/qanon-supporter-who-made-bigoted-videos-wins-ga-primary-likely-heading-to-congre,2025-11-16T14:15:23Z
25,Marjorie Taylor Greene,13,Trump breaks with 'wacky' Marjorie Taylor Greene - POLITICO,https://www.politico.com/news/2025/11/14/trump-mtg-aca-epstein-massie-00653412,2025-11-16T14:15:23Z
25,Marjorie Taylor Greene,14,"Marjorie Taylor Greene says ""I don't see political party lines"" on ...",https://www.cbsnews.com/news/marjorie-taylor-greene-health-care-congress/,2025-11-16T14:15:23Z
25,Marjorie Taylor Greene,15,US lawmaker Marjorie Taylor Greene blames Trump for threats after ...,https://www.aljazeera.com/news/2025/11/16/us-lawmaker-marjorie-taylor-greene-blames-trump-for-threats-after-split,2025-11-16T14:15:23Z
25,Marjorie Taylor Greene,16,Trump says he's withdrawing support for Marjorie Taylor Greene ...,https://www.cbsnews.com/news/trump-withdrawing-support-marjorie-taylor-greene/,2025-11-16T14:15:23Z
25,Marjorie Taylor Greene,17,Rep. Marjorie Taylor Greene says she's received threats amid ...,https://www.nbcnews.com/politics/congress/marjorie-taylor-greene-threats-feud-donald-trump-rcna244119,2025-11-16T14:15:23Z
25,Marjorie Taylor Greene,18,Trump withdraws support for former MAGA champion Marjorie ...,https://www.aljazeera.com/news/2025/11/15/trump-withdraws-support-for-former-maga-champion-marjorie-taylor-greene,2025-11-16T14:15:23Z
25,Marjorie Taylor Greene,19,"Marjorie Taylor ... - Office of the Clerk, U.S. House of Representatives",https://clerk.house.gov/members/G000596,2025-11-16T14:15:23Z
25,Marjorie Taylor Greene,20,"Trump, Marjorie Taylor Greene engage in war of words over Epstein ...",https://abcnews.go.com/Politics/trump-marjorie-taylor-greene-engage-war-words-epstein/story?id=127553799,2025-11-16T14:15:23Z
1,Chiefs,1,Kansas City Chiefs Home | Chiefs.com,https://www.chiefs.com/,2025-11-17T03:16:18Z
1,Chiefs,2,"Kansas City Chiefs Scores, Stats and Highlights - ESPN",https://www.espn.com/nfl/team/_/name/kc/kansas-city-chiefs,2025-11-17T03:16:18Z
1,Chiefs,3,Kansas City Chiefs (@Chiefs) / Posts / X,https://x.com/Chiefs,2025-11-17T03:16:18Z
1,Chiefs,4,"Kansas City Chiefs (@chiefs) · Kansas City, MO",https://www.instagram.com/chiefs/?hl=en,2025-11-17T03:16:18Z
1,Chiefs,5,Chiefs Schedule | Kansas City Chiefs - Chiefs.com,https://www.chiefs.com/schedule/,2025-11-17T03:16:18Z
1,Chiefs,6,Kansas City Chiefs - Wikipedia,https://en.wikipedia.org/wiki/Kansas_City_Chiefs,2025-11-17T03:16:18Z
1,Chiefs,7,Chiefs (@chiefs) | TikTok,https://www.tiktok.com/@chiefs?lang=en,2025-11-17T03:16:18Z
1,Chiefs,8,Chiefs for Change,https://www.chiefsforchange.org/,2025-11-17T03:16:18Z
1,Chiefs,9,"Kansas City Chiefs News, Scores, Stats, Schedule | NFL.com",https://www.nfl.com/teams/kansas-city-chiefs/,2025-11-17T03:16:18Z
1,Chiefs,10,"Kansas City Chiefs: Home of the Red, White and Gold",https://www.reddit.com/r/KansasCityChiefs/,2025-11-17T03:16:18Z
1,Chiefs,11,"Kansas City Chiefs News, Scores and Stats 2025-26 - CBS Sports",https://www.cbssports.com/nfl/teams/KC/kansas-city-chiefs/,2025-11-17T03:16:18Z
1,Chiefs,12,Spokane Chiefs -,https://chl.ca/whl-chiefs/,2025-11-17T03:16:18Z
1,Chiefs,13,Kansas City Chiefs Store,https://shop.chiefs.com/,2025-11-17T03:16:18Z
1,Chiefs,14,International Association of Chiefs of Police: Shaping the Future of ...,https://www.theiacp.org/,2025-11-17T03:16:18Z
1,Chiefs,15,Game Plan | Parking & Tailgating | GEHA Field at Arrowhead Stadium,https://www.gehafieldatarrowhead.com/plan-your-visit/parking-transportation/game-plan,2025-11-17T03:16:18Z
1,Chiefs,16,Illinois Chiefs of Police,https://www.ilchiefs.org/,2025-11-17T03:16:18Z
1,Chiefs,17,Chiefs are placing EDGE Felix Anudike-Uzomah on season-ending ...,https://www.facebook.com/AdamSchefter/posts/chiefs-are-placing-edge-felix-anudike-uzomah-on-season-ending-ir-due-to-a-strain/1306916730804271/,2025-11-17T03:16:18Z
1,Chiefs,18,Kansas City Chiefs Report Card 2025 | NFLPA,https://nflpa.com/report-cards/2025/kansas-city-chiefs,2025-11-17T03:16:18Z
1,Chiefs,19,"Kansas City Chiefs News, Videos, Schedules, Roster, Stats - Yahoo ...",https://sports.yahoo.com/nfl/teams/kansas-city/,2025-11-17T03:16:18Z
1,Chiefs,20,International Association of Fire Chiefs: IAFC,https://www.iafc.org/,2025-11-17T03:16:18Z
2,Eagles,1,Detroit Lions vs. Philadelphia Eagles | Philadelphia Eagles ...,https://www.philadelphiaeagles.com/,2025-11-17T03:16:22Z
2,Eagles,2,Eagles,https://eagles.com/,2025-11-17T03:16:22Z
2,Eagles,3,Eagles 2025 Schedule | Philadelphia Eagles - philadelphiaeagles ...,https://www.philadelphiaeagles.com/schedule/,2025-11-17T03:16:22Z
2,Eagles,4,"Philadelphia Eagles Scores, Stats and Highlights - ESPN",https://www.espn.com/nfl/team/_/name/phi/philadelphia-eagles,2025-11-17T03:16:22Z
2,Eagles,5,Eagles - Watch r/eagles fly!,https://www.reddit.com/r/eagles/,2025-11-17T03:16:22Z
2,Eagles,6,Philadelphia Eagles (@Eagles) / Posts / X,https://x.com/Eagles,2025-11-17T03:16:22Z
2,Eagles,7,"Philadelphia Eagles (@philadelphiaeagles) · Philadelphia, PA",https://www.instagram.com/philadelphiaeagles/?hl=en,2025-11-17T03:16:22Z
2,Eagles,8,Eagles (band) - Wikipedia,https://en.wikipedia.org/wiki/Eagles_(band),2025-11-17T03:16:22Z
2,Eagles,9,Boston College Athletics - Official Athletics Website,https://bceagles.com/,2025-11-17T03:16:22Z
2,Eagles,10,Eagles | Spotify,https://open.spotify.com/artist/0ECwFtbIWEVNwjlrfc6xoL,2025-11-17T03:16:22Z
2,Eagles,11,Eagles,https://www.facebook.com/EaglesBand/,2025-11-17T03:16:22Z
2,Eagles,12,American University - Official Athletics Website,https://aueagles.com/,2025-11-17T03:16:22Z
2,Eagles,13,Eastern Michigan University Athletics - Official Athletics Website,https://emueagles.com/,2025-11-17T03:16:22Z
2,Eagles,14,Free Young Eagles Flights | EAA,https://www.eaa.org/eaa/youth/free-ye-flights,2025-11-17T03:16:22Z
2,Eagles,15,"Philadelphia Eagles News, Scores, Stats, Schedule | NFL.com",https://www.nfl.com/teams/philadelphia-eagles/,2025-11-17T03:16:22Z
2,Eagles,16,Charlotte Eagles Soccer Club,https://www.charlotteeagles.com/,2025-11-17T03:16:22Z
2,Eagles,17,The Fraternal Order of Eagles: FOE.com,https://foe.com/,2025-11-17T03:16:22Z
2,Eagles,18,North Carolina Central University Athletics - Official Athletics Website,https://nccueaglepride.com/,2025-11-17T03:16:22Z
2,Eagles,19,FGCU Athletics - Official Athletics Website,https://fgcuathletics.com/,2025-11-17T03:16:22Z
2,Eagles,20,Georgia Southern University Athletics - Official Athletics Website,https://gseagles.com/,2025-11-17T03:16:22Z
3,Dan Campbell,1,Dan Campbell - Wikipedia,https://en.wikipedia.org/wiki/Dan_Campbell,2025-11-17T03:16:26Z
3,Dan Campbell,2,Dan Campbell,https://www.detroitlions.com/team/coaches-roster/dan-campbell,2025-11-17T03:16:26Z
3,Dan Campbell,3,Dan Campbell (@broompeople) • Instagram photos and videos,https://www.instagram.com/broompeople/?hl=en,2025-11-17T03:16:26Z
3,Dan Campbell,4,"Dan Campbell Stats, Height, Weight, Position, Draft, College | Pro ...",https://www.pro-football-reference.com/players/C/CampDa00.htm,2025-11-17T03:16:26Z
3,Dan Campbell,5,Lions players' favorite stories of Dan Campbell the coach - ESPN,https://www.espn.com/nfl/story/_/id/46921586/stories-lions-dan-campbell-coach-nfl-players,2025-11-17T03:16:26Z
3,Dan Campbell,6,"Dan Campbell Record, Statistics, and Category Ranks | Pro-Football ...",https://www.pro-football-reference.com/coaches/CampDa1.htm,2025-11-17T03:16:26Z
3,Dan Campbell,7,Daniel R. Campbell | Commercial Litigation Lawyer | McDermott,https://www.mwe.com/people/campbell-daniel/,2025-11-17T03:16:26Z
3,Dan Campbell,8,In Conversation: Dan Campbell of The Wonder Years,https://antimatter.substack.com/p/in-conversation-dan-campbell-of-the,2025-11-17T03:16:26Z
3,Dan Campbell,9,Detroit Lions Announce Historic Dan Campbell News,https://heavy.com/sports/nfl/detroit-lions/announce-historic-dan-campbell-news/,2025-11-17T03:16:26Z
3,Dan Campbell,10,My “Dan Campbell” Halloween costume,https://www.facebook.com/groups/1048230826259739/posts/1508809240201893/,2025-11-17T03:16:26Z
3,Dan Campbell,11,Dan Campbell Artist: Professional Contemporary Art in Raleigh,https://www.dancampbellart.com/,2025-11-17T03:16:26Z
3,Dan Campbell,12,"Dan Campbell - Raising Paddles, LLC.",https://raisingpaddles.com/dan-campbell/,2025-11-17T03:16:26Z
3,Dan Campbell,13,Dan Campbell confirmed on 97.1 The Ticket that the refs told him ...,https://www.reddit.com/r/nfl/comments/1o7bnxh/dan_campbell_confirmed_on_971_the_ticket_that_the/,2025-11-17T03:16:26Z
3,Dan Campbell,14,Dan Campbell VICTORY TUESDAY coffee run!! ☕️,https://www.facebook.com/DetroitLionsPride/posts/dan-campbell-victory-tuesday-coffee-run-%EF%B8%8F/122202131900288849/,2025-11-17T03:16:26Z
3,Dan Campbell,15,Can we give some love to Dan Campbell from The Wonder Years ...,https://www.reddit.com/r/poppunkers/comments/1ieipk9/can_we_give_some_love_to_dan_campbell_from_the/,2025-11-17T03:16:26Z
3,Dan Campbell,16,Dan Campbell - College of Liberal Arts at Auburn University,https://cla.auburn.edu/directory/dan-campbell/,2025-11-17T03:16:26Z
3,Dan Campbell,17,Why is it a big deal Dan Campbell was calling plays on Sunday? : r ...,https://www.reddit.com/r/NFLNoobs/comments/1oudfrv/why_is_it_a_big_deal_dan_campbell_was_calling/,2025-11-17T03:16:26Z
3,Dan Campbell,18,Dan Campbell (@headabovewater) / Posts / X,https://x.com/headabovewater?lang=en,2025-11-17T03:16:26Z
3,Dan Campbell,19,Dan Campbell has the 7th most wins by a Detroit Lions Head Coach ...,https://www.reddit.com/r/detroitlions/comments/1l81zdl/dan_campbell_has_the_7th_most_wins_by_a_detroit/,2025-11-17T03:16:26Z
3,Dan Campbell,20,Daniel T. Campbell | Crowell & Moring LLP,https://www.crowell.com/en/professionals/daniel-t-campbell,2025-11-17T03:16:26Z
4,Jalen,1,Jalen Hurts - Philadelphia Eagles Quarterback - ESPN,https://www.espn.com/nfl/player/_/id/4040715/jalen-hurts,2025-11-17T03:16:31Z
4,Jalen,2,Jalen Green (@jalen) • Instagram photos and videos,https://www.instagram.com/jalen/?hl=en,2025-11-17T03:16:31Z
4,Jalen,3,Jalen Ngonda - Official Website,https://www.jngonda.com/,2025-11-17T03:16:31Z
4,Jalen,4,Jalen Hurts (@JalenHurts) / Posts / X,https://x.com/JalenHurts,2025-11-17T03:16:31Z
4,Jalen,5,Jalen - Wikipedia,https://en.wikipedia.org/wiki/Jalen,2025-11-17T03:16:31Z
4,Jalen,6,To My Alabama Family by Jalen Hurts | The Players' Tribune,https://www.theplayerstribune.com/articles/jalen-hurts-thank-you-alabama,2025-11-17T03:16:31Z
4,Jalen,7,Jalen McClendon - 2024 - FOOTBALL - Tennessee State University,https://tsutigers.com/sports/football/roster/jalen-mcclendon/4819,2025-11-17T03:16:31Z
4,Jalen,8,Jalen Jackson - 2025-26 - Men's Basketball - Butler University ...,https://butlersports.com/sports/mens-basketball/roster/jalen-jackson/12798,2025-11-17T03:16:31Z
4,Jalen,9,A Few Words From the Heart for H-Town by Jalen Green | The ...,https://www.theplayerstribune.com/jalen-green-nba-basketball-houston-rockets-phoenix-suns,2025-11-17T03:16:31Z
4,Jalen,10,Jalen Carr - Football - Illinois State University Athletics,https://goredbirds.com/sports/football/roster/jalen-carr/14102,2025-11-17T03:16:31Z
4,Jalen,11,Jalen Niles - 2025 - Baseball - Florida A&M,https://famuathletics.com/sports/baseball/roster/jalen-niles/4822,2025-11-17T03:16:31Z
4,Jalen,12,Jalen Hawkins - Men's Basketball - Norfolk State University Athletics,https://nsuspartans.com/sports/mens-basketball/roster/jalen-hawkins/5569,2025-11-17T03:16:31Z
4,Jalen,13,Jalen McCullough - 2025 - Football - Maryville College,https://mcscots.com/sports/football/roster/jalen-mccullough/5681,2025-11-17T03:16:31Z
4,Jalen,14,Jalen McCoy - Men's Basketball - University of South Carolina Aiken ...,https://pacersports.com/sports/mens-basketball/roster/jalen-mccoy/9916,2025-11-17T03:16:31Z
4,Jalen,15,Comparing Tom Brady and Jalen Hurts' First Five Years in the NFL,https://www.facebook.com/groups/eaglespositivefangroup/posts/1658183428121179/,2025-11-17T03:16:31Z
4,Jalen,16,Jalen Rucker - 2024-25 - Men's Basketball - Army West Point,https://goarmywestpoint.com/sports/basketball/roster/jalen-rucker/22204,2025-11-17T03:16:31Z
4,Jalen,17,Jalen Tot - Men's Basketball - Montana State University Billings ...,https://msubsports.com/sports/mens-basketball/roster/jalen-tot/6002,2025-11-17T03:16:31Z
4,Jalen,18,Jalen Anderson - Jackson County MO,https://www.jacksongov.org/Government/Elected-Officials/1st-District-At-Large-Legislator,2025-11-17T03:16:31Z
4,Jalen,19,Jalen Jackson - 2024-25 - Men's Basketball - Purdue Fort Wayne ...,https://gomastodons.com/sports/mens-basketball/roster/jalen-jackson/9327,2025-11-17T03:16:31Z
4,Jalen,20,Jalen Johnson Discussion : r/fantasybball,https://www.reddit.com/r/fantasybball/comments/1owmh6k/jalen_johnson_discussion/,2025-11-17T03:16:31Z
5,Shedeur,1,Shedeur Sanders on Instagram,https://www.instagram.com/p/DQFzoRLDPYc/?hl=en,2025-11-17T03:16:35Z
5,Shedeur,2,Shedeur Sanders - Cleveland Browns Quarterback - ESPN,https://www.espn.com/nfl/player/_/id/4432762/shedeur-sanders,2025-11-17T03:16:35Z
5,Shedeur,3,"Browns predicted to ditch Dillon Gabriel, Shedeur Sanders for 1,423 ...",https://sports.yahoo.com/article/browns-predicted-ditch-dillon-gabriel-115446252.html,2025-11-17T03:16:35Z
5,Shedeur,4,The Shedeur Sanders Era has begun : r/billsimmons,https://www.reddit.com/r/billsimmons/comments/1oz05j8/the_shedeur_sanders_era_has_begun/,2025-11-17T03:16:35Z
5,Shedeur,5,"Analysis: Shedeur Sanders deserves more reps, chance to pass ...",https://www.brownszone.com/2025/08/11/analysis-shedeur-sanders-deserves-more-reps-chance-to-pass-dillon-gabriel-on-depth-chart/,2025-11-17T03:16:35Z
5,Shedeur,6,Shedeur Sanders - Football - University of Colorado Athletics,https://cubuffs.com/sports/football/roster/shedeur-sanders/17232,2025-11-17T03:16:35Z
5,Shedeur,7,Travis Hunter and Shedeur Sanders will both wear No. 12 to begin ...,https://www.facebook.com/AdamSchefter/posts/travis-hunter-and-shedeur-sanders-will-both-wear-no-12-to-begin-their-nfl-career/1232203871608891/,2025-11-17T03:16:35Z
5,Shedeur,8,“Prime Equity” and the NIL Era: Shedeur Sanders ... - Nelson Mullins,https://www.nelsonmullins.com/insights/insights/prime-equity-and-the-nil-era-shedeur-sanders-contract-ushers-in-a-new-legal-framework-for-pro-athlete-compensation,2025-11-17T03:16:35Z
5,Shedeur,9,Shedeur Sanders has had the best stats out of all of The Cleveland ...,https://www.facebook.com/OfficialMikeVick/posts/shedeur-sanders-has-had-the-best-stats-out-of-all-of-the-cleveland-browns-qbs-at/1304051181083707/,2025-11-17T03:16:35Z
5,Shedeur,10,Shedeur Sanders (@shedeursanders) | TikTok,https://www.tiktok.com/@shedeursanders?lang=en,2025-11-17T03:16:35Z
5,Shedeur,11,Shedeur Sanders,https://www.facebook.com/grown.sanders/,2025-11-17T03:16:35Z
5,Shedeur,12,This is a damn disgrace. How in the hell is @Shedeur not off the ...,https://x.com/stephenasmith/status/1915956493700223001,2025-11-17T03:16:35Z
5,Shedeur,13,Kevin Stefanski on why he won't give Shedeur Sanders a shot after ...,https://www.cleveland.com/browns/2025/10/kevin-stefanski-on-why-he-wont-give-shedeur-sanders-a-shot-to-see-if-he-can-do-any-better.html,2025-11-17T03:16:35Z
5,Shedeur,14,Shedeur Sanders - Wikipedia,https://en.wikipedia.org/wiki/Shedeur_Sanders,2025-11-17T03:16:35Z
5,Shedeur,15,Deion Sanders sends his son a two-word message amid Cleveland ...,https://www.sportingnews.com/us/ncaa-football/colorado/news/deion-sanders-sends-his-son-two-word-message-amid-cleveland-browns-qb-saga/2c963d78863047cbf971c3e1,2025-11-17T03:16:35Z
5,Shedeur,16,Shedeur Sanders Draft and Combine Prospect Profile | NFL.com,https://www.nfl.com/prospects/shedeur-sanders/32005341-4e47-8221-56fd-8e3864421298,2025-11-17T03:16:35Z
5,Shedeur,17,Shedeur Sanders suffered a freefall in the NFL draft. His brand did not.,https://news.temple.edu/news/2025-04-29/shedeur-sanders-suffered-freefall-nfl-draft-his-brand-did-not,2025-11-17T03:16:35Z
5,Shedeur,18,Browns QB Shedeur Sanders makes his NFL debut | AP News,https://apnews.com/article/browns-shedeur-sanders-debut-a2086fbb9d46c2a4661f08e9ac9b190a,2025-11-17T03:16:35Z
5,Shedeur,19,Shedeur Sanders,https://www.clevelandbrowns.com/team/players-roster/shedeur-sanders/,2025-11-17T03:16:35Z
5,Shedeur,20,Shedeur Sanders EA SPORTS™ Madden NFL 26 Player Ratings ...,https://www.ea.com/en/games/madden-nfl/ratings/player-ratings/shedeur-sanders/14770,2025-11-17T03:16:35Z
6,Mahomes,1,Patrick Mahomes - Kansas City Chiefs Quarterback - ESPN,https://www.espn.com/nfl/player/_/id/3139477/patrick-mahomes,2025-11-17T03:16:39Z
6,Mahomes,2,Patrick Mahomes - Wikipedia,https://en.wikipedia.org/wiki/Patrick_Mahomes,2025-11-17T03:16:39Z
6,Mahomes,3,"Patrick Mahomes Stats, Height, Weight, Position, Draft, College | Pro ...",https://www.pro-football-reference.com/players/M/MahoPa00.htm,2025-11-17T03:16:39Z
6,Mahomes,4,"Patrick Mahomes, Brittany Mahomes' Team Announces 'First-Ever ...",https://sports.yahoo.com/article/patrick-mahomes-brittany-mahomes-team-235650491.html,2025-11-17T03:16:39Z
6,Mahomes,5,Patrick Mahomes,https://www.chiefs.com/team/players-roster/patrick-mahomes/,2025-11-17T03:16:39Z
6,Mahomes,6,Patrick Mahomes II (@patrickmahomes) • Instagram photos and videos,https://www.instagram.com/patrickmahomes/?hl=en,2025-11-17T03:16:39Z
6,Mahomes,7,"Patrick Mahomes Stats, News and Video - QB | NFL.com",https://www.nfl.com/players/patrick-mahomes/,2025-11-17T03:16:39Z
6,Mahomes,8,Chiefs QB Patrick Mahomes Praying for Teammate Amid Puzzling ...,https://www.newsweek.com/sports/nfl/chiefs-qb-patrick-mahomes-praying-for-teammate-amid-puzzling-absence-10885623,2025-11-17T03:16:39Z
6,Mahomes,9,Brittany Mahomes (@brittanylynne) • Instagram photos and videos,https://www.instagram.com/brittanylynne/?hl=en,2025-11-17T03:16:39Z
6,Mahomes,10,Patrick Mahomes II (@PatrickMahomes) / Posts / X,https://x.com/PatrickMahomes,2025-11-17T03:16:39Z
6,Mahomes,11,NFL Reacts to Patrick Mahomes Development on Sunday - Athlon ...,https://athlonsports.com/nfl/kansas-city-chiefs/nfl-shares-patrick-mahomes-drake-maye-development-on-sunday,2025-11-17T03:16:39Z
6,Mahomes,12,"adidas, Mahomes sign inaugural ""Team Mahomes"" class - Texas ...",https://texastech.com/news/2024/8/23/football-adidas-mahomes-sign-inaugural-team-mahomes-class,2025-11-17T03:16:39Z
6,Mahomes,13,NFL Draft Cover Letter by Patrick Mahomes | The Players' Tribune,https://www.theplayerstribune.com/articles/patrick-mahomes-ii-texas-tech-nfl-draft-cover-letter,2025-11-17T03:16:39Z
6,Mahomes,14,Ranking Mahomes Era Playoff Losses (Based on disappointment) : r ...,https://www.reddit.com/r/KansasCityChiefs/comments/1b6u0ey/ranking_mahomes_era_playoff_losses_based_on/,2025-11-17T03:16:39Z
6,Mahomes,15,The Mahomes family dressed up as Spider-Man characters for ...,https://www.facebook.com/FarzinVousoughian/posts/the-mahomes-family-dressed-up-as-spider-man-characters-for-halloween-patrickmaho/1519568833063033/,2025-11-17T03:16:39Z
6,Mahomes,16,The New Narrative About Mahomes' Rings : r/KansasCityChiefs,https://www.reddit.com/r/KansasCityChiefs/comments/1hglihx/the_new_narrative_about_mahomes_rings/,2025-11-17T03:16:39Z
6,Mahomes,17,"Baby Patrick while his dad, Patrick Mahomes Sr., pitched for the ...",https://www.facebook.com/CBSSports/posts/baby-patrick-while-his-dad-patrick-mahomes-sr-pitched-for-the-minnesota-twins-%EF%B8%8F/1230968431732530/,2025-11-17T03:16:39Z
6,Mahomes,18,Patrick Mahomes II - Football - Texas Tech Red Raiders,https://texastech.com/sports/football/roster/patrick-mahomes-ii/3309,2025-11-17T03:16:39Z
6,Mahomes,19,Len Dawson relishes Patrick Mahomes breaking his 1964 record ...,https://www.profootballhof.com/news/2018/11/len-dawson-relishes-patrick-mahomes-breaking-his-1964-record/,2025-11-17T03:16:39Z
6,Mahomes,20,PATRICK MAHOMES JOINS HUBLOT'S ELITE | Hublot,https://www.hublot.com/en-us/news/patrick-mahomes-joins-hublots-elite,2025-11-17T03:16:39Z
7,Ravens,1,Ravens Home | Baltimore Ravens – baltimoreravens.com,https://www.baltimoreravens.com/,2025-11-17T03:16:44Z
7,Ravens,2,"Baltimore Ravens Scores, Stats and Highlights - ESPN",https://www.espn.com/nfl/team/_/name/bal/baltimore-ravens,2025-11-17T03:16:44Z
7,Ravens,3,Baltimore Ravens (@Ravens) / Posts / X,https://x.com/Ravens,2025-11-17T03:16:44Z
7,Ravens,4,"Baltimore Ravens (@ravens) · Baltimore, MD",https://www.instagram.com/ravens/?hl=en,2025-11-17T03:16:44Z
7,Ravens,5,Home of the Baltimore Ravens on Reddit,https://www.reddit.com/r/ravens/,2025-11-17T03:16:44Z
7,Ravens,6,Breakfast @ Ravens Restaurant | the Stanford Inn Mendocino Hotel ...,https://stanfordinn.com/ravens-restaurant-mendocino-about-us/,2025-11-17T03:16:44Z
7,Ravens,7,"Baltimore Ravens News, Scores, Stats, Schedule | NFL.com",https://www.nfl.com/teams/baltimore-ravens/,2025-11-17T03:16:44Z
7,Ravens,8,Baltimore Ravens - Wikipedia,https://en.wikipedia.org/wiki/Baltimore_Ravens,2025-11-17T03:16:44Z
7,Ravens,9,Caw vs. Croak: Inside the Calls of Crows and Ravens | Bird ...,https://academy.allaboutbirds.org/caw-vs-croak-inside-the-calls-of-crows-and-ravens/,2025-11-17T03:16:44Z
7,Ravens,10,11 Ravens: Custom Luxury Game Tables for Your Unique Space,https://11ravens.com/,2025-11-17T03:16:44Z
7,Ravens,11,The Ravens | Tower of London | Historic Royal Palaces,https://www.hrp.org.uk/tower-of-london/whats-on/the-ravens/,2025-11-17T03:16:44Z
7,Ravens,12,Observational learning and the raiding of food caches in ravens ...,https://www.sciencedirect.com/science/article/pii/S0003347202930563,2025-11-17T03:16:44Z
7,Ravens,13,A Hundred Ravens | Hand-Dyed Yarns for Knitting & Crochet Projects,https://ahundredravens.com/,2025-11-17T03:16:44Z
7,Ravens,14,Are there any dedicated Ravens bars in Louisville? We'd like to ...,https://www.facebook.com/groups/196886481605760/posts/1046680723292994/,2025-11-17T03:16:44Z
7,Ravens,15,Tom Ravens | Civil Engineering Department | University of Alaska ...,https://www.uaa.alaska.edu/academics/college-of-engineering/departments/civil-engineering/faculty-bios-ce/tom-ravens.cshtml,2025-11-17T03:16:44Z
7,Ravens,16,Ravens | Open til 4am | 2326 N. Clark,https://ravenschicago.com/,2025-11-17T03:16:44Z
7,Ravens,17,Baltimore Ravens,https://www.facebook.com/baltimoreravens/,2025-11-17T03:16:44Z
7,Ravens,18,white ravens eaten by mothers |,https://corvidresearch.blog/tag/white-ravens-eaten-by-mothers/,2025-11-17T03:16:44Z
7,Ravens,19,Ravens - Grand Canyon National Park (U.S. National Park Service),https://www.nps.gov/grca/learn/nature/ravens.htm,2025-11-17T03:16:44Z
7,Ravens,20,Baltimore Ravens Report Card 2025 | NFLPA,https://nflpa.com/report-cards/2025/baltimore-ravens,2025-11-17T03:16:44Z
8,Goff,1,Jared Goff - Detroit Lions Quarterback - ESPN,https://www.espn.com/nfl/player/_/id/3046779/jared-goff,2025-11-17T03:16:48Z
8,Goff,2,Jared Goff - Wikipedia,https://en.wikipedia.org/wiki/Jared_Goff,2025-11-17T03:16:48Z
8,Goff,3,"Jared Goff Stats, Height, Weight, Position, Draft, College | Pro ...",https://www.pro-football-reference.com/players/G/GoffJa00.htm,2025-11-17T03:16:48Z
8,Goff,4,Lucy Goff (@lucygoffy) • Instagram photos and videos,https://www.instagram.com/lucygoffy/?hl=en,2025-11-17T03:16:48Z
8,Goff,5,Bob Goff,https://www.bobgoff.com/,2025-11-17T03:16:48Z
8,Goff,6,Jared Goff on X,https://x.com/JaredGoff16/status/227887449643298816?lang=en,2025-11-17T03:16:48Z
8,Goff,7,Jared Goff,https://www.facebook.com/JaredGoffQB/,2025-11-17T03:16:48Z
8,Goff,8,Travis Goff on X,https://x.com/tgoff11/status/1895990519949631666,2025-11-17T03:16:48Z
8,Goff,9,Stephen Goff Wines - Homepage,https://www.stephengoffwines.com/,2025-11-17T03:16:48Z
8,Goff,10,Debra Goff | The Ohio State University College of Pharmacy,https://pharmacy.osu.edu/directory/debra-goff,2025-11-17T03:16:48Z
8,Goff,11,Goff's Enterprises: High Performance Doors & Industrial Curtain Walls,https://goffsenterprises.com/,2025-11-17T03:16:48Z
8,Goff,12,Goff Public | Minnesota's Top Public Relations and Advocacy Firm,https://goffpublic.com/,2025-11-17T03:16:48Z
8,Goff,13,John A Goff | Jackson School of Geosciences | The University of ...,https://www.jsg.utexas.edu/researcher/john_goff/,2025-11-17T03:16:48Z
8,Goff,14,"Barbara A. Goff, MD | UW Medicine",https://www.uwmedicine.org/bios/barbara-goff,2025-11-17T03:16:48Z
8,Goff,15,Tribute Wall | Madison Lee Goff,https://www.hawaiianmemorialparkmortuary.com/obituaries/madison-goff,2025-11-17T03:16:48Z
8,Goff,16,"Brittany Goff, DNP - MultiCare",https://www.marybridge.org/providers/brittany-goff/,2025-11-17T03:16:48Z
8,Goff,17,"Stephanie L. Goff, M.D., FACS, FSSO | Center for Cancer Research",https://ccr.cancer.gov/staff-directory/stephanie-l-goff,2025-11-17T03:16:48Z
8,Goff,18,Indiana Judicial Branch: Indiana Supreme Court: Hon Christopher M ...,https://www.in.gov/judiciary/supreme/justices/christopher-goff,2025-11-17T03:16:48Z
8,Goff,19,Obituary information for Addisyn Lyndsie Goff,https://www.modetzfuneralhomes.com/obituaries/Addisyn-Lyndsie-Goff?obId=3088068,2025-11-17T03:16:48Z
8,Goff,20,"Jared Goff Stats, News and Video - QB | NFL.com",https://www.nfl.com/players/jared-goff/,2025-11-17T03:16:48Z
9,#RHOP,1,The Real Housewives of Potomac,https://www.reddit.com/r/RHOP/,2025-11-17T03:16:52Z
9,#RHOP,2,RHOP (@RHOP_) / Posts / X,https://x.com/RHOP_,2025-11-17T03:16:52Z
9,#RHOP,3,Back like we never left!! Part 1 of the #RHOP reunion airs tonight at ...,https://www.instagram.com/p/DGJkMpbhmqo/?hl=en,2025-11-17T03:16:52Z
9,#RHOP,4,️#RHOP (@Housewiveslife) / Posts / X,https://x.com/Housewiveslife,2025-11-17T03:16:52Z
9,#RHOP,5,Thank you to everyone that tuned in last night to the #RHOP ...,https://www.instagram.com/p/CROr9ZnL1aN/,2025-11-17T03:16:52Z
9,#RHOP,6,Stacey's sitting down with Jassi on #RHOP. See the full story ...,https://www.facebook.com/Bravo/posts/staceys-sitting-down-with-jassi-on-rhop-see-the-full-story-sunday/1188141883178990/,2025-11-17T03:16:52Z
9,#RHOP,7,"Celebrating 10 years of RHOP with the cast, production and a few of ...",https://www.instagram.com/p/DPTWWgQgNXN/,2025-11-17T03:16:52Z
9,#RHOP,8,The Real Housewives of Potomac - Wikipedia,https://en.wikipedia.org/wiki/The_Real_Housewives_of_Potomac,2025-11-17T03:16:52Z
9,#RHOP,9,Happy Resurrection Sunday ✝️ . #TheOsefos #EasterSunday ...,https://www.instagram.com/p/CcdxS_HvT5P/?hl=en,2025-11-17T03:16:52Z
9,#RHOP,10,My favorite part about tonight's episode of #RHOP ? You all get to ...,https://www.instagram.com/p/CD90MIzhT2q/,2025-11-17T03:16:52Z
9,#RHOP,11,"Grand Opening, Grand Closing . Season 8 of #RHOP was definitely ...",https://www.instagram.com/p/C5wnzkhLmcU/?hl=en,2025-11-17T03:16:52Z
9,#RHOP,12,"Catch us tonight on @BravoTV Real Housewives of Potomac, as we ...",https://www.instagram.com/p/CVtIvCRlyNw/,2025-11-17T03:16:52Z
9,#RHOP,13,The Real Housewives of Potomac - Wikipedia,https://en.wikipedia.org/wiki/The_Real_Housewives_of_Potomac,2025-11-17T03:16:52Z
9,#RHOP,14,Rural Health Opportunities Program (RHOP) - Wayne State College ...,https://www.wsc.edu/rhop,2025-11-17T03:16:52Z
9,#RHOP,15,RHOP | Chadron State College,https://www.csc.edu/academics/pre-health-professions/rhop/,2025-11-17T03:16:52Z
9,#RHOP,16,#RHOP I Wendy and Eddie Osefo … - The Brooke Ashley - Apple ...,https://podcasts.apple.com/us/podcast/rhop-i-wendy-and-eddie-osefo-booked-on-criminal-fraud/id1751519210?i=1000731355685,2025-11-17T03:16:52Z
9,#RHOP,17,RHOP | Rural Health Opportunities Program | Peru State College,https://www.peru.edu/rhop/,2025-11-17T03:16:52Z
9,#RHOP,18,"'Real Housewives of Potomac' Recap, S10 Ep. 4: Gossip Girls",https://www.vulture.com/article/real-housewives-of-potomac-recap-rhop-season-10-episode-4-tropic-like-its-hot.html,2025-11-17T03:16:52Z
9,#RHOP,19,The Real Housewives of Potomac - Official Site | Bravo,https://www.bravotv.com/the-real-housewives-of-potomac,2025-11-17T03:16:52Z
9,#RHOP,20,"Op-Ed: With Friends Like RHOP's Keiarna, Who Needs Enemies ...",https://www.essence.com/love/relationships/keiarna-rhop/,2025-11-17T03:16:52Z
10,AJ Brown,1,A.J. Brown - Philadelphia Eagles Wide Receiver - ESPN,https://www.espn.com/nfl/player/_/id/4047646/aj-brown,2025-11-17T03:16:57Z
10,AJ Brown,2,A.J. Brown (@1k_alwaysopen) • Instagram photos and videos,https://www.instagram.com/1k_alwaysopen/?hl=en,2025-11-17T03:16:57Z
10,AJ Brown,3,"A.J. Brown Stats, Height, Weight, Position, Draft, College | Pro ...",https://www.pro-football-reference.com/players/B/BrowAJ00.htm,2025-11-17T03:16:57Z
10,AJ Brown,4,A. J. Brown - Wikipedia,https://en.wikipedia.org/wiki/A._J._Brown,2025-11-17T03:16:57Z
10,AJ Brown,5,AJ Brown Imaging - Architectural Photography Studio,https://www.ajbrownimaging.com/,2025-11-17T03:16:57Z
10,AJ Brown,6,A.J. Brown - Philadelphia,https://www.philadelphiaeagles.com/team/players-roster/aj-brown/,2025-11-17T03:16:57Z
10,AJ Brown,7,"A.J. Brown trade rumors: Could Steelers, Patriots target Eagles star ...",https://www.cbssports.com/nfl/news/eagles-aj-brown-trade-rumors-potential-deals-steelers-patriots/,2025-11-17T03:16:57Z
10,AJ Brown,8,Eagles Super Bowl champ AJ Brown showed off his book collection ...,https://www.facebook.com/JClarkNBCS/posts/eagles-super-bowl-champ-aj-brown-showed-off-his-book-collection-that-helps-keep-/1216876846472001/,2025-11-17T03:16:57Z
10,AJ Brown,9,AJ BROWN on X,https://x.com/1kalwaysopen_/status/1886941025970557364,2025-11-17T03:16:57Z
10,AJ Brown,10,AJ Brown - Men's Basketball - Florida Gators,https://floridagators.com/sports/basketball/roster/aj-brown/17750,2025-11-17T03:16:57Z
10,AJ Brown,11,In Roob's Obs: Trying to make sense of A.J. Brown situation – NBC ...,https://www.nbcsportsphiladelphia.com/nfl/philadelphia-eagles/aj-brown-michael-carter-jaire-alexander-howie-roseman-jalen-hurts/693390/,2025-11-17T03:16:57Z
10,AJ Brown,12,The AJ Brown Foundation,https://www.givesignup.org/TicketEvent/TheAJBrownFoundation,2025-11-17T03:16:57Z
10,AJ Brown,13,A.J. Brown finally tells all about Tennessee Titans trade — and it's a ...,https://www.reddit.com/r/Tennesseetitans/comments/1199z2p/aj_brown_finally_tells_all_about_tennessee_titans/,2025-11-17T03:16:57Z
10,AJ Brown,14,AJ Brown - Football - University of North Texas Athletics,https://meangreensports.com/sports/football/roster/aj-brown/7357,2025-11-17T03:16:57Z
10,AJ Brown,15,"A.J. Brown Stats, News and Video - WR | NFL.com",https://www.nfl.com/players/a-j-brown/,2025-11-17T03:16:57Z
10,AJ Brown,16,AJ Brown - Football - UAB Athletics - Birmingham,https://uabsports.com/sports/football/roster/aj-brown/11150,2025-11-17T03:16:57Z
10,AJ Brown,17,AJ Brown - 2024-25 - Men's Basketball - Ohio University,https://ohiobobcats.com/sports/mbball/roster/aj-brown/4744,2025-11-17T03:16:57Z
10,AJ Brown,18,AJ Brown Promises Eagles Owner Jeffrey Lurie He'll Keep His ...,https://www.reddit.com/r/eagles/comments/1oyu2am/aj_brown_promises_eagles_owner_jeffrey_lurie_hell/,2025-11-17T03:16:57Z
10,AJ Brown,19,AJ Brown (@1k_alwaysopen) | TikTok,https://www.tiktok.com/@1k_alwaysopen,2025-11-17T03:16:57Z
10,AJ Brown,20,AJ Brown | Lawyers | Kirkland & Ellis LLP,https://www.kirkland.com/lawyers/b/brown-aj,2025-11-17T03:16:57Z
11,Sengun,1,Alperen Sengun - Houston Rockets Center - ESPN,https://www.espn.com/nba/player/_/id/4871144/alperen-sengun,2025-11-17T03:17:01Z
11,Sengun,2,"Alperen Şengün Stats, Height, Weight, Position, Draft Status and ...",https://www.basketball-reference.com/players/s/sengual01.html,2025-11-17T03:17:01Z
11,Sengun,3,Alperen Şengün - Wikipedia,https://en.wikipedia.org/wiki/Alperen_%C5%9Eeng%C3%BCn,2025-11-17T03:17:01Z
11,Sengun,4,Alperen Şengün (@alperen.sengun) • Instagram photos and videos,https://www.instagram.com/alperen.sengun/?hl=en,2025-11-17T03:17:01Z
11,Sengun,5,Misconceptions about Şengün's physical tools : r/rockets,https://www.reddit.com/r/rockets/comments/x5lyps/misconceptions_about_%C5%9Feng%C3%BCns_physical_tools/,2025-11-17T03:17:01Z
11,Sengun,6,Alperen Sengun | Center | Houston Rockets | NBA.com,https://www.nba.com/player/1630578/alperen-sengun,2025-11-17T03:17:01Z
11,Sengun,7,Can we talk about Alperen Şengün? Arguably one of the most ...,https://www.reddit.com/r/NBA_Draft/comments/mw5uyc/can_we_talk_about_alperen_%C5%9Feng%C3%BCn_arguably_one_of/,2025-11-17T03:17:01Z
11,Sengun,8,The indecisive flamingo has arrived: Alperen Şengün's substance ...,https://www.basketballpoetry.com/p/the-indecisive-flamingo-has-arrived,2025-11-17T03:17:01Z
11,Sengun,9,The #16 pick we traded with Kemba became Alperen Sengun : r ...,https://www.reddit.com/r/bostonceltics/comments/18mzfy2/the_16_pick_we_traded_with_kemba_became_alperen/,2025-11-17T03:17:01Z
11,Sengun,10,Rockets 2024-25 season in review: Alperen Sengun | The Dream ...,https://www.thedreamshake.com/2025/6/4/24443022/rockets-2024-25-season-in-review-alperen-sengun,2025-11-17T03:17:01Z
11,Sengun,11,The Sengun Hate has Begun : r/rockets,https://www.reddit.com/r/rockets/comments/1i85nib/the_sengun_hate_has_begun/,2025-11-17T03:17:01Z
11,Sengun,12,Sercan Şengün - Nicholson School of Communication and Media,https://communication.ucf.edu/person/sercan-sengun/,2025-11-17T03:17:01Z
11,Sengun,13,How good do you think Alperen Sengun can be? : r/rockets,https://www.reddit.com/r/rockets/comments/1cno909/how_good_do_you_think_alperen_sengun_can_be/,2025-11-17T03:17:01Z
11,Sengun,14,"Sengun, Türkiye outlast Jokic, Serbia in battle for the ages at ...",https://www.youtube.com/watch?v=UZA3YtyEmwk,2025-11-17T03:17:01Z
11,Sengun,15,What do you think of Sabonis vs Sengun comparison? Do you see ...,https://www.reddit.com/r/rockets/comments/17pd4pr/what_do_you_think_of_sabonis_vs_sengun_comparison/,2025-11-17T03:17:01Z
11,Sengun,16,"Alperen Şengün - Wikipedia, la enciclopedia libre",https://es.wikipedia.org/wiki/Alperen_%C5%9Eeng%C3%BCn,2025-11-17T03:17:01Z
11,Sengun,17,Sengun minutes : r/rockets,https://www.reddit.com/r/rockets/comments/1gigaog/sengun_minutes/,2025-11-17T03:17:01Z
11,Sengun,18,Shen Yeniyurt | Rutgers Business School,https://www.business.rutgers.edu/faculty/shen-yeniyurt,2025-11-17T03:17:01Z
11,Sengun,19,Jalen Green talking about loving to play with Alperen Sengun and ...,https://www.reddit.com/r/rockets/comments/1glwa1x/jalen_green_talking_about_loving_to_play_with/,2025-11-17T03:17:01Z
11,Sengun,20,Sengun is a goon. He plays so dirty. I can't believe how many times ...,https://www.facebook.com/groups/ClevelandCavaliersChampionshipChase/posts/2709523299238978/,2025-11-17T03:17:01Z
12,Saquon,1,Saquon Barkley (@saquon) / Posts / X,https://x.com/saquon?lang=en,2025-11-17T03:17:05Z
12,Saquon,2,Saquon Barkley - Philadelphia Eagles Running Back - ESPN,https://www.espn.com/nfl/player/_/id/3929630/saquon-barkley,2025-11-17T03:17:05Z
12,Saquon,3,Saquon Barkley (@saquon) • Instagram photos and videos,https://www.instagram.com/saquon/?hl=en,2025-11-17T03:17:05Z
12,Saquon,4,"Saquon Barkley Stats, Height, Weight, Position, Draft, College | Pro ...",https://www.pro-football-reference.com/players/B/BarkSa00.htm,2025-11-17T03:17:05Z
12,Saquon,5,Saquon (2025) - IMDb,https://www.imdb.com/title/tt38119836/,2025-11-17T03:17:05Z
12,Saquon,6,Saquon Barkley - Wikipedia,https://en.wikipedia.org/wiki/Saquon_Barkley,2025-11-17T03:17:05Z
12,Saquon,7,One thing I noticed about Saquon Barkley : r/NYGiants,https://www.reddit.com/r/NYGiants/comments/9yiee1/one_thing_i_noticed_about_saquon_barkley/,2025-11-17T03:17:05Z
12,Saquon,8,"NFL fined Eagles RB Saquon Barkley $46,371 for lowering his ...",https://www.facebook.com/AdamSchefter/posts/nfl-fined-eagles-rb-saquon-barkley-46371-for-lowering-his-helmet-during-last-sun/1332669251562352/,2025-11-17T03:17:05Z
12,Saquon,9,Tom Brady said today during the game that Saquon Barkley has a ...,https://www.reddit.com/r/nfl/comments/1oh1dmd/tom_brady_said_today_during_the_game_that_saquon/,2025-11-17T03:17:05Z
12,Saquon,10,"Saquon Barkley's Potential 3,000-Yard Season",https://www.facebook.com/groups/eaglespositivefangroup/posts/1695639111042277/,2025-11-17T03:17:05Z
12,Saquon,11,Inside the five-year journey of Saquon Barkley's documentary,https://www.philadelphiaeagles.com/news/saquon-barkley-documentary-prime-video-inside-the-five-year-journey,2025-11-17T03:17:05Z
12,Saquon,12,Saquon Barkley wanted the young guys to play instead of going for ...,https://www.facebook.com/philadelphiaeagles/posts/saquon-barkley-wanted-the-young-guys-to-play-instead-of-going-for-his-record-wha/1090268285790607/,2025-11-17T03:17:05Z
12,Saquon,13,Saquon Miles - Football - Mississippi State,https://hailstate.com/sports/football/roster/saquon-miles/12368,2025-11-17T03:17:05Z
12,Saquon,14,Saquon Barkley is at the Masters to see an exciting finish today ...,https://www.facebook.com/JClarkNBCS/posts/saquon-barkley-is-at-the-masters-to-see-an-exciting-finish-today-saquon-is-a-hug/1220588172767535/,2025-11-17T03:17:05Z
12,Saquon,15,The Saquon: Wawa Ordering,https://order.wawa.com/web/product/cf947974-b43e-4bc3-9ab0-28387217388f?category=new-featured%2Fthe-saquon%2Fthe-saquon-oven-roasted-turkey-hoagie,2025-11-17T03:17:05Z
12,Saquon,16,Free Madden 26 Saquon flags at Gamestop,https://www.facebook.com/groups/eaglespositivefangroup/posts/1863236120949241/,2025-11-17T03:17:05Z
12,Saquon,17,SLUHN Partners with Saquon Barkley on His First Hometown ...,https://www.slhn.org/blog/2022/sluhn-partners-with-saquon-barkley-on-his-first-hometown-charitable-endeavor,2025-11-17T03:17:05Z
12,Saquon,18,Saquon Barkley let his younger teammates play instead of trying to ...,https://www.facebook.com/SportsCenter/posts/saquon-barkley-let-his-younger-teammates-play-instead-of-trying-to-break-his-sin/1102929251195637/,2025-11-17T03:17:05Z
12,Saquon,19,SAQUON - Prime Video,https://www.primevideo.com/detail/SAQUON/0I35E72TVN16B74DMYNX7E9EQ9,2025-11-17T03:17:05Z
12,Saquon,20,The Book That Influenced Saquon Barkley,https://sportsforthesoul.com/saquon-barkley-book/,2025-11-17T03:17:05Z
13,Lamar,1,Lamar University is a Nationally-Ranked College in Texas - Lamar ...,https://www.lamar.edu/,2025-11-17T03:17:10Z
13,Lamar,2,Lamar Advertising | Expand Your Reach With OOH Advertising,https://lamar.com/,2025-11-17T03:17:10Z
13,Lamar,3,Lamar Consolidated ISD - Home,https://www.lcisd.org/,2025-11-17T03:17:10Z
13,Lamar,4,Lamar Jackson - Baltimore Ravens Quarterback - ESPN,https://www.espn.com/nfl/player/_/id/3916387/lamar-jackson,2025-11-17T03:17:10Z
13,Lamar,5,Lamar University Athletics - Official Athletics Website,https://lamarcardinals.com/,2025-11-17T03:17:10Z
13,Lamar,6,Lamar CC – Life Changing College,https://lamarcc.edu/,2025-11-17T03:17:10Z
13,Lamar,7,City of Lamar,https://ci.lamar.co.us/,2025-11-17T03:17:10Z
13,Lamar,8,Lamar State College Orange: Home,https://www.lsco.edu/,2025-11-17T03:17:10Z
13,Lamar,9,Kendrick Lamar (@kendricklamar) • Instagram photos and videos,https://www.instagram.com/kendricklamar/?hl=en,2025-11-17T03:17:10Z
13,Lamar,10,LAMAR | Explore yummi food and great wine at LAMAR,https://www.restaurantlamar.com/,2025-11-17T03:17:10Z
13,Lamar,11,LaMar's Donuts | Perfecting the Donut Since 1933!,https://www.lamars.com/,2025-11-17T03:17:10Z
13,Lamar,12,"Lamar, MO | Official Website",https://www.cityoflamar.org/,2025-11-17T03:17:10Z
13,Lamar,13,Lamar Alexander (@SenAlexander) / Posts / X,https://x.com/SenAlexander,2025-11-17T03:17:10Z
13,Lamar,14,Lamar Institute of Technology: A Premier Technical School in Texas.,https://www.lit.edu/,2025-11-17T03:17:10Z
13,Lamar,15,Lamar County Board of Commissioners – Come Visit Us in Beautiful ...,https://www.lamarcountyga.com/,2025-11-17T03:17:10Z
13,Lamar,16,sen.london.lamar@capitol.tn.gov,https://wapp.capitol.tn.gov/apps/legislatorinfo/member.aspx?district=S33,2025-11-17T03:17:10Z
13,Lamar,17,Lamar State College-Port Arthur,https://www.lamarpa.edu/index.html,2025-11-17T03:17:10Z
13,Lamar,18,Lamar R-1 School District: Home,https://www.lamar.k12.mo.us/,2025-11-17T03:17:10Z
13,Lamar,19,Lamar County: Home Page,https://www.co.lamar.tx.us/,2025-11-17T03:17:10Z
13,Lamar,20,Kendrick Lamar's Apple Music Super Bowl Halftime Show - YouTube,https://www.youtube.com/watch?v=KDorKy-13ak&pp=0gcJCfwAo7VqN5tD,2025-11-17T03:17:10Z
14,Jordan Davis,1,Jordan Davis: Home,https://www.jordandavisofficial.com/,2025-11-17T03:17:14Z
14,Jordan Davis,2,J O R D A N D A V I S (@jordandavisofficial) • Instagram photos and ...,https://www.instagram.com/jordandavisofficial/?hl=en,2025-11-17T03:17:14Z
14,Jordan Davis,3,Jordan Davis,https://www.facebook.com/jordandavisofficial/,2025-11-17T03:17:14Z
14,Jordan Davis,4,Jordan Davis (singer) - Wikipedia,https://en.wikipedia.org/wiki/Jordan_Davis_(singer),2025-11-17T03:17:14Z
14,Jordan Davis,5,Jordan Davis - Philadelphia Eagles Defensive Tackle - ESPN,https://www.espn.com/nfl/player/_/id/4381558/jordan-davis,2025-11-17T03:17:14Z
14,Jordan Davis,6,jordandavis (@jordandavismusic) | TikTok,https://www.tiktok.com/@jordandavismusic?lang=en,2025-11-17T03:17:14Z
14,Jordan Davis,7,Jordan Davis Music (@JordanCWDavis) / Posts / X,https://x.com/JordanCWDavis,2025-11-17T03:17:14Z
14,Jordan Davis,8,Jordan Davis | Spotify,https://open.spotify.com/artist/77kULmXAQ6vWer7IIHdGzI,2025-11-17T03:17:14Z
14,Jordan Davis,9,The Beauty of Leaning on Each Other: Jordan Davis & Curt ...,https://www.jesuscalling.com/podcast/the-beauty-of-leaning-on-each-other-jordan-davis-curt-thompson/,2025-11-17T03:17:14Z
14,Jordan Davis,10,Jordan Davis (@jadavis04) / Posts / X,https://x.com/jadavis04,2025-11-17T03:17:14Z
14,Jordan Davis,11,Jordan Davis Collection | Wolverine,https://www.wolverine.com/US/en/jordan-davis-collection/,2025-11-17T03:17:14Z
14,Jordan Davis,12,Jordan Davis - 2024-25 - Men's Track & Field - Southern ...,https://scsuowls.com/sports/mens-track-and-field/roster/jordan-davis/10801,2025-11-17T03:17:14Z
14,Jordan Davis,13,Jordan Davis - Men's Basketball - Illinois State University Athletics,https://goredbirds.com/sports/mens-basketball/roster/jordan-davis/14283,2025-11-17T03:17:14Z
14,Jordan Davis,14,The Drop: Jordan Davis - GRAMMY Museum,https://grammymuseum.org/event/the-drop-jordan-davis/,2025-11-17T03:17:14Z
14,Jordan Davis,15,Jordan Davis - Football - Wofford College Athletics,https://woffordterriers.com/sports/football/roster/jordan-davis/8567,2025-11-17T03:17:14Z
14,Jordan Davis,16,Jordan Davis - 2021 - Football - University of Georgia Athletics,https://georgiadogs.com/sports/football/roster/jordan-davis/3411,2025-11-17T03:17:14Z
14,Jordan Davis,17,Jordan Davis - Football - Mississippi State,https://hailstate.com/sports/football/roster/jordan-davis/6423,2025-11-17T03:17:14Z
14,Jordan Davis,18,"Philly, We Ready!! by Jordan Davis | The Players' Tribune",https://www.theplayerstribune.com/posts/jordan-davis-philadelphia-eagles-nfl-football,2025-11-17T03:17:14Z
14,Jordan Davis,19,Jordan Davis Robles: The Nuclear Construct - LENSCRATCH,http://lenscratch.com/2023/03/jordan-davis-the-nuclear-construct/,2025-11-17T03:17:14Z
14,Jordan Davis,20,Jordan Davis - 2023 - Football - Kutztown University Athletics,https://kubears.com/sports/football/roster/jordan-davis/9265,2025-11-17T03:17:14Z
15,Naylor,1,Home - Naylor Association Solutions | Increase Engagement & Non ...,https://www.naylor.com/,2025-11-17T03:17:18Z
15,Naylor,2,"Josh Naylor Stats, Height, Weight, Position, Rookie Status & More ...",https://www.baseball-reference.com/players/n/naylojo01.shtml,2025-11-17T03:17:18Z
15,Naylor,3,Roger Naylor,https://www.rogernaylor.com/,2025-11-17T03:17:18Z
15,Naylor,4,Is a Josh Naylor-Guardians' reunion possible for 2026 and beyond ...,https://www.cleveland.com/guardians/2025/10/is-josh-naylor-guardians-reunion-possible-for-2026-and-beyond-hey-hoynsie.html,2025-11-17T03:17:18Z
15,Naylor,5,Naylor R-2: Home,https://www.nayloreagles.com/,2025-11-17T03:17:18Z
15,Naylor,6,Mary D. Naylor • Faculty • Penn Nursing,https://www.nursing.upenn.edu/live/profiles/52-mary-naylor,2025-11-17T03:17:18Z
15,Naylor,7,JASON NAYLOR (@jasonnaylor) • Instagram photos and videos,https://www.instagram.com/jasonnaylor/?hl=en,2025-11-17T03:17:18Z
15,Naylor,8,Roger Naylor,https://www.facebook.com/RogerNaylorinAZ/,2025-11-17T03:17:18Z
15,Naylor,9,Workshop for Undergraduate Research in Writing Studies | York ...,https://www.ycp.edu/academics/programs/writing/naylor-workshop,2025-11-17T03:17:18Z
15,Naylor,10,Rosamond Naylor's Profile | Stanford Profiles,https://profiles.stanford.edu/rosamond-naylor,2025-11-17T03:17:18Z
15,Naylor,11,"Annabeth Naylor Obituary (2006 - 2025) - Cicero, Indiana",https://hartleyfuneralhomes.com/obituaries/anna-naylor,2025-11-17T03:17:18Z
15,Naylor,12,Ry Naylor Guitar - YouTube,https://www.youtube.com/rynaylorguitar,2025-11-17T03:17:18Z
15,Naylor,13,"Jason Naylor on creating, destroying and starting all over again.",https://procreate.com/insight/2019/jason-naylor,2025-11-17T03:17:18Z
15,Naylor,14,"Josh Naylor Stats, Age, Position, Height, Weight, Fantasy & News ...",https://www.mlb.com/player/josh-naylor-647304,2025-11-17T03:17:18Z
15,Naylor,15,Gavin P. Naylor – People,https://www.floridamuseum.ufl.edu/people/gavin-naylor/,2025-11-17T03:17:18Z
15,Naylor,16,B. Naylor Morton Research and Collections Center - The Witte ...,https://www.wittemuseum.org/exhibitions/b-naylor-morton-research-and-collections-center/,2025-11-17T03:17:18Z
15,Naylor,17,Rob Naylor (@NINaylor) / Posts / X,https://x.com/NINaylor,2025-11-17T03:17:18Z
15,Naylor,18,Naylor Systems: Canada Boat Dock Specialists,https://naylorsystems.com/,2025-11-17T03:17:18Z
15,Naylor,19,Home | Dr. James H Naylor/CCSU Leadership Academy,https://www.hartfordschools.org/o/naylorschool,2025-11-17T03:17:18Z
15,Naylor,20,"Ryan Naylor, MD, PhD - UChicago Medicine",https://www.uchicagomedicine.org/find-a-physician/physician/ryan-naylor,2025-11-17T03:17:18Z
16,Lane Johnson,1,Lane Johnson (@lanejohnson65) • Instagram photos and videos,https://www.instagram.com/lanejohnson65/?hl=en,2025-11-17T03:17:23Z
16,Lane Johnson,2,Lane Johnson - Wikipedia,https://en.wikipedia.org/wiki/Lane_Johnson,2025-11-17T03:17:23Z
16,Lane Johnson,3,"Lane Johnson Stats, Height, Weight, Position, Draft, College | Pro ...",https://www.pro-football-reference.com/players/J/JohnLa01.htm,2025-11-17T03:17:23Z
16,Lane Johnson,4,Lane Johnson,https://www.philadelphiaeagles.com/team/players-roster/lane-johnson/,2025-11-17T03:17:23Z
16,Lane Johnson,5,Lane Johnson - Philadelphia Eagles Offensive Tackle - ESPN,https://www.espn.com/nfl/player/_/id/15797/lane-johnson,2025-11-17T03:17:23Z
16,Lane Johnson,6,Lane Johnson (@LaneJohnson65) / Posts / X,https://x.com/LaneJohnson65,2025-11-17T03:17:23Z
16,Lane Johnson,7,"Lane Johnson Stats, News and Video - OT | NFL.com",https://www.nfl.com/players/lane-johnson/,2025-11-17T03:17:23Z
16,Lane Johnson,8,Lane Johnson | Cloquet Forestry Center,https://cfc.cfans.umn.edu/people/lane-johnson,2025-11-17T03:17:23Z
16,Lane Johnson,9,In your opinion: IS LANE JOHNSON A HALL OF FAMER? : r/NFLv2,https://www.reddit.com/r/NFLv2/comments/1kuuv31/in_your_opinion_is_lane_johnson_a_hall_of_famer/,2025-11-17T03:17:23Z
16,Lane Johnson,10,Nick Sirianni and Eagles players said Lane Johnson coming back in ...,https://www.facebook.com/JClarkNBCS/posts/nick-sirianni-and-eagles-players-said-lane-johnson-coming-back-in-and-battling-t/1384618323031185/,2025-11-17T03:17:23Z
16,Lane Johnson,11,Lane Johnson,https://foothill.edu/directory/profile/johnson_lane.html,2025-11-17T03:17:23Z
16,Lane Johnson,12,Eagles Announce Lane Johnson Update For Week 5,https://www.si.com/nfl/eagles/onsi/news/eagles-announce-lane-johnson-update-for-week-5-pat3,2025-11-17T03:17:23Z
16,Lane Johnson,13,Lane Johnson - BYU School of Music,https://music.byu.edu/directory/lane-johnson,2025-11-17T03:17:23Z
16,Lane Johnson,14,Lane Johnson Celebrates with Family,https://www.facebook.com/groups/eaglespositivefangroup/posts/1713059319300256/,2025-11-17T03:17:23Z
16,Lane Johnson,15,Meet Lane,https://www.lanejohnsonmusic.com/meet-lane,2025-11-17T03:17:23Z
16,Lane Johnson,16,Eagles tackle Lane Johnson and his bride to be Kelsey Holmer had ...,https://www.facebook.com/JClarkNBCS/posts/eagles-tackle-lane-johnson-and-his-bride-to-be-kelsey-holmer-had-their-engagemen/1267555728070779/,2025-11-17T03:17:23Z
16,Lane Johnson,17,Lane Johnson's Friendship with Jay Glazer,https://thephiladelphiacitizen.org/lane-johnson-jay-glazer/,2025-11-17T03:17:23Z
16,Lane Johnson,18,"Lane Johnson on X: ""It must stop! for these kids, their families, & their ...",https://twitter.com/LaneJohnson65/status/1574895167244468229,2025-11-17T03:17:23Z
16,Lane Johnson,19,Lane Johnson is already back in the gym (via @lanejohnson65),https://www.facebook.com/NFL/posts/lane-johnson-is-already-back-in-the-gym-via-lanejohnson65/1171474184349437/,2025-11-17T03:17:23Z
16,Lane Johnson,20,Don't Mess With Philly | By Lane Johnson,https://www.theplayerstribune.com/articles/lane-johnson-eagles-dont-mess-with-philly,2025-11-17T03:17:23Z
17,Andy Reid,1,Andy Reid - Wikipedia,https://en.wikipedia.org/wiki/Andy_Reid,2025-11-17T03:17:27Z
17,Andy Reid,2,"Andy Reid Record, Statistics, and Category Ranks | Pro-Football ...",https://www.pro-football-reference.com/coaches/ReidAn0.htm,2025-11-17T03:17:27Z
17,Andy Reid,3,Andy Reid,https://www.chiefs.com/team/coaches-roster/andy-reid,2025-11-17T03:17:27Z
17,Andy Reid,4,Almost Andy Reid (@almostandyreid) • Instagram photos and videos,https://www.instagram.com/almostandyreid/?hl=en,2025-11-17T03:17:27Z
17,Andy Reid,5,Andy Reid Announces Chiefs Setback on Thursday - Athlon Sports,https://athlonsports.com/nfl/kansas-city-chiefs/andy-reid-announces-chiefs-setback-on-thursday,2025-11-17T03:17:27Z
17,Andy Reid,6,"When the Packers hired a 33-year-old named Andy Reid in 1992, he ...",https://www.facebook.com/christinaloreynews/posts/when-the-packers-hired-a-33-year-old-named-andy-reid-in-1992-he-was-the-only-mem/979197334027512/,2025-11-17T03:17:27Z
17,Andy Reid,7,"Chiefs Nation, has any of you actually met Andy Reid? : r ...",https://www.reddit.com/r/KansasCityChiefs/comments/mj7phx/chiefs_nation_has_any_of_you_actually_met_andy/,2025-11-17T03:17:27Z
17,Andy Reid,8,Andy Reid's love for In-N-Out Burger in San Clemente,https://www.facebook.com/groups/InnoutBurgerEnthusiast/posts/1320505661979998/,2025-11-17T03:17:27Z
17,Andy Reid,9,What Makes Andy Reid's Offense Unique? : r/footballstrategy,https://www.reddit.com/r/footballstrategy/comments/1czkojw/what_makes_andy_reids_offense_unique/,2025-11-17T03:17:27Z
17,Andy Reid,10,"Andy Reid - Managing Partner, Mission 3A HealthTech Venture ...",https://www.linkedin.com/in/areidnyc,2025-11-17T03:17:27Z
17,Andy Reid,11,How do long time Eagles' fans feel about Andy Reid? : r/eagles,https://www.reddit.com/r/eagles/comments/1ik7mwf/how_do_long_time_eagles_fans_feel_about_andy_reid/,2025-11-17T03:17:27Z
17,Andy Reid,12,Andy Reid - Football 1978 - BYU Athletics - Official Athletics Website ...,https://byucougars.com/sports/football/roster/player/andy-reid,2025-11-17T03:17:27Z
17,Andy Reid,13,"Seriously, don't you think it's kind of BS that Andy Reid is never ...",https://www.reddit.com/r/KansasCityChiefs/comments/17w0j5z/seriously_dont_you_think_its_kind_of_bs_that_andy/,2025-11-17T03:17:27Z
17,Andy Reid,14,Cheeseburger Chief (@AlmostAndyReid) / Posts / X,https://x.com/AlmostAndyReid,2025-11-17T03:17:27Z
17,Andy Reid,15,Andy Reid reveals his 'heart goes out' to struggling icon as Travis ...,https://talksport.com/nfl/3660487/andy-reid-kansas-city-chiefs-pete-carroll-travis-kelce/,2025-11-17T03:17:27Z
17,Andy Reid,16,On Andy Reid And The 2012 View,https://www.philadelphiaeagles.com/news/on-andy-reid-and-the-2012-view-6754868,2025-11-17T03:17:27Z
17,Andy Reid,17,Andy Reid | Alvarez & Marsal | Management Consulting ...,https://www.alvarezandmarsal.com/our-people/andy-reid,2025-11-17T03:17:27Z
17,Andy Reid,18,Head Coach Andy Reid,https://www.philadelphiaeagles.com/news/head-coach-andy-reid-7836524,2025-11-17T03:17:27Z
17,Andy Reid,19,How to cook Andy Reid's famous mac n cheese recipe | Arrowhead ...,https://www.arrowheadpride.com/2018/3/8/17096680/how-to-cook-andy-reids-famous-mac-n-cheese-recipe,2025-11-17T03:17:27Z
17,Andy Reid,20,ANDY REID HATES YOU | Angelo Cataldi,https://angelocataldi.com/andy-reid-hates-you/,2025-11-17T03:17:27Z
18,Moses Moody,1,Moses Moody - Golden State Warriors Guard - ESPN,https://www.espn.com/nba/player/_/id/4432171/moses-moody,2025-11-17T03:17:32Z
18,Moses Moody,2,"Moses Moody Stats, Height, Weight, Position, Draft Status and more ...",https://www.basketball-reference.com/players/m/moodymo01.html,2025-11-17T03:17:32Z
18,Moses Moody,3,Moses Moody | Guard | Golden State Warriors | NBA.com,https://www.nba.com/player/1630541/moses-moody,2025-11-17T03:17:32Z
18,Moses Moody,4,Moses (@mosesmoody) • Instagram photos and videos,https://www.instagram.com/mosesmoody/?hl=en,2025-11-17T03:17:32Z
18,Moses Moody,5,Moses Moody - Wikipedia,https://en.wikipedia.org/wiki/Moses_Moody,2025-11-17T03:17:32Z
18,Moses Moody,6,Warriors news: Moses Moody 'doubtful' for season opener | Golden ...,https://www.goldenstateofmind.com/warriors-injury-report/103860/moses-moody-doubtful-for-season-opener,2025-11-17T03:17:32Z
18,Moses Moody,7,This Moses Moody stat is blowing my mind right now : r/warriors,https://www.reddit.com/r/warriors/comments/1owbn10/this_moses_moody_stat_is_blowing_my_mind_right_now/,2025-11-17T03:17:32Z
18,Moses Moody,8,Moses Moody - Golden State Warriors Guard - ESPN (PH),https://www.espn.ph/nba/player/_/id/4432171/moses-moody,2025-11-17T03:17:32Z
18,Moses Moody,9,Moses moody : r/warriors,https://www.reddit.com/r/warriors/comments/1ovsx27/moses_moody/,2025-11-17T03:17:32Z
18,Moses Moody,10,Moses Moody | Arkansas Razorbacks,https://arkansasrazorbacks.com/roster/moses-moody/,2025-11-17T03:17:32Z
18,Moses Moody,11,"Moses Moody to miss rest of preseason with calf strain, Warriors ...",https://www.nytimes.com/athletic/6712183/2025/10/12/moses-moody-warriors-calf-strain/,2025-11-17T03:17:32Z
18,Moses Moody,12,Warriors guard Moses Moody's calf injury explained by doctor ...,https://www.nbcsportsbayarea.com/nba/golden-state-warriors/moses-moody-calf-injury/1882258/,2025-11-17T03:17:32Z
18,Moses Moody,13,Moses (@mosesmoody) / Posts / X,https://x.com/mosesmoody?lang=en,2025-11-17T03:17:32Z
18,Moses Moody,14,"Moses Moody - Wikipedia, la enciclopedia libre",https://es.wikipedia.org/wiki/Moses_Moody,2025-11-17T03:17:32Z
18,Moses Moody,15,Rona Moody (@MzRMoody) / Posts / X,https://x.com/MzRMoody,2025-11-17T03:17:32Z
18,Moses Moody,16,Moses Moody - NBA G League Stats,https://stats.gleague.nba.com/player/1630541/,2025-11-17T03:17:32Z
18,Moses Moody,17,Moses Moody NBA Stats & News,https://www.rotowire.com/basketball/player/moses-moody-5384,2025-11-17T03:17:32Z
18,Moses Moody,18,"Moses Moody Golden State Warriors Jerseys, Moses Moody Shirts ...",https://shop.warriors.com/golden-state-warriors-moses-moody/t-25927318+a-6775485313+z-90-1062126301,2025-11-17T03:17:32Z
18,Moses Moody,19,Moses Moody - Basketball Recruiting - Player Profiles - ESPN,http://www.espn.com/college-sports/basketball/recruiting/player/_/id/230515/moses-moody,2025-11-17T03:17:32Z
18,Moses Moody,20,MOSES MOODY AND SANTI ALDAMA JOIN THE NBPA ...,https://nbpa.com/news/moses-moody-and-santi-aldama-join-the-nbpa-foundations-board-of-directors,2025-11-17T03:17:32Z
19,#90DayFianceHappilyEverAfter,1,All that really matters. #teambrovarnik #familyfirst #strongertogether ...,https://www.instagram.com/p/DMvRxJkuLSG/?hl=en,2025-11-17T03:17:37Z
19,#90DayFianceHappilyEverAfter,2,Sunday ice cream #davidandannie #davidandannieafter90days ...,https://www.facebook.com/Real.DavidandAnnie.page/posts/sunday-ice-cream-davidandannie-davidandannieafter90days-90daysfiance-90dayfiance/1023836899112624/,2025-11-17T03:17:37Z
19,#90DayFianceHappilyEverAfter,3,Kill em with kindness and a smile. #teambrovarnik #momfluencer ...,https://www.instagram.com/p/C582ls4u9Do/?hl=en,2025-11-17T03:17:37Z
19,#90DayFianceHappilyEverAfter,4,"""#90DayFianceHappilyEverAfter"" - Results on X | Live Posts ...",https://x.com/search?q=%2390DayFianceHappilyEverAfter,2025-11-17T03:17:37Z
19,#90DayFianceHappilyEverAfter,5,Back with my girl. #teambrovarnik #mygirl #momfluencer ...,https://www.instagram.com/p/DGl4VhYzuKO/?hl=en,2025-11-17T03:17:37Z
19,#90DayFianceHappilyEverAfter,6,Loren - All that really matters. #teambrovarnik #familyfirst ...,https://www.facebook.com/photo.php?fbid=1285505232934850&id=100044261567772&set=a.285556356263081,2025-11-17T03:17:37Z
19,#90DayFianceHappilyEverAfter,7,"""#90dayhappilyeverafter"" - Results on X | Live Posts & Updates",https://x.com/search?q=%2390dayhappilyeverafter&src=hashtag_click,2025-11-17T03:17:37Z
19,#90DayFianceHappilyEverAfter,8,"Updated 90 Day Fiance ""Wall of Shame"" #90dayfiance ...",https://www.reddit.com/r/90DayFiance/comments/bhd6tb/updated_90_day_fiance_wall_of_shame_90dayfiance/,2025-11-17T03:17:37Z
19,#90DayFianceHappilyEverAfter,9,90 Day Beyoncé (@TwittahFingerz) / Posts / X,https://x.com/TwittahFingerz,2025-11-17T03:17:37Z
19,#90DayFianceHappilyEverAfter,10,#90DayFianceHappilyEverAfter yara - Search / X,https://twitter.com/search?q=%2390DayFianceHappilyEverAfter%20yara&src=typed_query&f=live,2025-11-17T03:17:37Z
19,#90DayFianceHappilyEverAfter,11,Can Loren and Elizabeth Fix Their Friendship? Find Out! | TikTok,https://www.tiktok.com/@90dayofficial/video/7550037034518252814,2025-11-17T03:17:37Z
19,#90DayFianceHappilyEverAfter,12,90 Day Fiancé: HEA TELL-ALL PT 1 RECAP ...,https://www.youtube.com/watch?v=lkFaa1nC4kA,2025-11-17T03:17:37Z
19,#90DayFianceHappilyEverAfter,13,The newest Members of Pillow Talk #90dayfiancehappilyeverafter ...,https://www.dailymotion.com/video/x8dadhh,2025-11-17T03:17:37Z
20,Riley Moss,1,Riley Moss - Wikipedia,https://en.wikipedia.org/wiki/Riley_Moss,2025-11-17T03:17:41Z
20,Riley Moss,2,Riley Moss - Denver Broncos Cornerback - ESPN,https://www.espn.com/nfl/player/_/id/4382401/riley-moss,2025-11-17T03:17:41Z
20,Riley Moss,3,Riley Moss,https://www.denverbroncos.com/team/players-roster/riley-moss/,2025-11-17T03:17:41Z
20,Riley Moss,4,Riley Moss has become the ultimate Litmus Test for ball knowledge ...,https://www.reddit.com/r/DenverBroncos/comments/1nui79u/riley_moss_has_become_the_ultimate_litmus_test/,2025-11-17T03:17:41Z
20,Riley Moss,5,"Riley Moss Stats, Height, Weight, Position, Draft, College | Pro ...",https://www.pro-football-reference.com/players/M/MossRi00.htm,2025-11-17T03:17:41Z
20,Riley Moss,6,Riley Moss (@R_moss5) / Posts / X,https://x.com/R_moss5,2025-11-17T03:17:41Z
20,Riley Moss,7,Riley Moss (@r_moss33) • Instagram photos and videos,https://www.instagram.com/r_moss33/?hl=en,2025-11-17T03:17:41Z
20,Riley Moss,8,Riley Moss - Football 2018-19 - Iowa Hawkeyes Athletics - Official ...,https://hawkeyesports.com/sports/football/roster/player/riley-moss,2025-11-17T03:17:41Z
20,Riley Moss,9,NFL: Chris Harris disagrees with Shannon Sharpe's take on Riley ...,https://broncoswire.usatoday.com/story/sports/nfl/broncos/2025/10/28/nfl-shannon-sharpes-blasts-riley-moss/86935927007/,2025-11-17T03:17:41Z
20,Riley Moss,10,Vance Joseph drops truth bomb about Broncos' CB Riley Moss ...,https://predominantlyorange.com/vance-joseph-drops-truth-bomb-about-broncos-cb-riley-moss-ahead-of-week-6-01k754xz86aq,2025-11-17T03:17:41Z
20,Riley Moss,11,"Broncos' Riley Moss helps hold Cee Dee Lamb, George Pickens ...",https://www.denverpost.com/2025/10/26/riley-moss-broncos-cowboys-shannon-sharpe/,2025-11-17T03:17:41Z
20,Riley Moss,12,Broncos CB Riley Moss has allowed the LOWEST completion ...,https://www.facebook.com/footballforeverhq/posts/broncos-cb-riley-moss-has-allowed-the-lowest-completion-percentage-391-of-any-nf/1374970337966106/,2025-11-17T03:17:41Z
20,Riley Moss,13,"Colton Riley Moss Obituary April 17, 2024 - Walker Funeral Homes ...",https://www.walkerfuneralhomes.com/obituaries/colton-moss,2025-11-17T03:17:41Z
20,Riley Moss,14,How would you rate Riley Moss's time with the Broncos?,https://www.facebook.com/groups/491201367698175/posts/3149651001853185/,2025-11-17T03:17:41Z
20,Riley Moss,15,Riley Moss Draft and Combine Prospect Profile | NFL.com,https://www.nfl.com/prospects/riley-moss/32004d4f-5370-9340-14ef-a2c9b70519a7,2025-11-17T03:17:41Z
20,Riley Moss,16,Riley Moss is the weakest link of the defense.,https://www.facebook.com/groups/754277154654477/posts/24417507744571419/,2025-11-17T03:17:41Z
20,Riley Moss,17,Broncos' Patrick Surtain jokes Riley Moss is being racially profiled ...,https://www.foxnews.com/sports/nfl-star-playfully-claims-white-teammate-being-racially-profiled-refs-amid-rash-penalties,2025-11-17T03:17:41Z
20,Riley Moss,18,"Denver Broncos Riley Moss Jerseys, Broncos Riley Moss Apparel ...",https://shop.denverbroncos.com/denver-broncos-riley-moss/t-36824607+a-8742007032+z-93-1193978280,2025-11-17T03:17:41Z
20,Riley Moss,19,"Riley Moss Contract Details, Salary Cap Charges, Bonus Money ...",https://overthecap.com/player/riley-moss/10907,2025-11-17T03:17:41Z
20,Riley Moss,20,"Riley Moss, Denver Broncos, CB - News, Stats, Bio - CBS Sports",https://www.cbssports.com/nfl/players/2979290/riley-moss/,2025-11-17T03:17:41Z
21,Kevin Durant,1,Kevin Durant - Wikipedia,https://en.wikipedia.org/wiki/Kevin_Durant,2025-11-17T03:17:45Z
21,Kevin Durant,2,Kevin Durant - Houston Rockets Forward - ESPN,https://www.espn.com/nba/player/_/id/3202/kevin-durant,2025-11-17T03:17:45Z
21,Kevin Durant,3,"Kevin Durant Stats, Height, Weight, Position, Draft Status and more ...",https://www.basketball-reference.com/players/d/duranke01.html,2025-11-17T03:17:45Z
21,Kevin Durant,4,(@easymoneysniper) • Instagram photos and videos,https://www.instagram.com/easymoneysniper/?hl=en,2025-11-17T03:17:45Z
21,Kevin Durant,5,Kevin Durant (@KDTrey5) / Posts / X,https://x.com/KDTrey5?lang=en,2025-11-17T03:17:45Z
21,Kevin Durant,6,My Next Chapter | By Kevin Durant,https://www.theplayerstribune.com/articles/kevin-durant-nba-free-agency-announcement,2025-11-17T03:17:45Z
21,Kevin Durant,7,Kevin Durant | Forward | Houston Rockets | NBA.com,https://www.nba.com/player/201142/kevin-durant,2025-11-17T03:17:45Z
21,Kevin Durant,8,Kevin Durant,https://www.facebook.com/KevinDurant/,2025-11-17T03:17:45Z
21,Kevin Durant,9,Kevin Durant: A letter to my neighborhood,https://andscape.com/features/state-of-the-black-athlete-kevin-durant-a-letter-to-my-neighborhood/,2025-11-17T03:17:45Z
21,Kevin Durant,10,Already locked in for the weekend. FanDuel Sportsbook,https://www.facebook.com/KevinDurant/posts/already-locked-in-for-the-weekend-fanduel-sportsbook/1384141033068652/,2025-11-17T03:17:45Z
21,Kevin Durant,11,Kevin Durant - USA Basketball,https://www.usab.com/players/kevin-durant,2025-11-17T03:17:45Z
21,Kevin Durant,12,"Kevin Durant (PF, SF) Stats, News, Rumors, Bio, Video - Houston ...",https://sports.yahoo.com/nba/players/4244/,2025-11-17T03:17:45Z
21,Kevin Durant,13,Kevin Durant Basketball Center - University of Texas Athletics,https://texaslonghorns.com/sports/2018/1/24/kevin-durant-basketball-center,2025-11-17T03:17:45Z
21,Kevin Durant,14,Kevin Durant | Owner | Gotham FC,https://www.gothamfc.com/ownership/kevin-durant,2025-11-17T03:17:45Z
21,Kevin Durant,15,Kevin Durant - Houston Rockets Forward - ESPN (PH),https://www.espn.ph/nba/player/_/id/3202/kevin-durant,2025-11-17T03:17:45Z
21,Kevin Durant,16,"Kevin Durant, Houston Rockets, PF - Fantasy Basketball News, Stats ...",https://www.cbssports.com/nba/players/1231866/kevin-durant/fantasy/,2025-11-17T03:17:45Z
21,Kevin Durant,17,Kevin Durant : r/UtahJazz,https://www.reddit.com/r/UtahJazz/comments/1iibamn/kevin_durant/,2025-11-17T03:17:45Z
21,Kevin Durant,18,35V: Home,https://35v.tv/,2025-11-17T03:17:45Z
21,Kevin Durant,19,Kevin Durant and (Possibly) the Greatest Basketball Team of All Time,https://www.nytimes.com/2021/06/02/magazine/kevin-durant-brooklyn-nets.html,2025-11-17T03:17:45Z
21,Kevin Durant,20,"Kevin Durant | Biography, Competitions, Wins and Medals",https://www.olympics.com/en/athletes/kevin-durant,2025-11-17T03:17:45Z
22,Jonathan Quick,1,Jonathan Quick Stats And News | NHL.com,https://www.nhl.com/rangers/player/jonathan-quick-8471734,2025-11-17T03:17:50Z
22,Jonathan Quick,2,Jonathan Quick - Wikipedia,https://en.wikipedia.org/wiki/Jonathan_Quick,2025-11-17T03:17:50Z
22,Jonathan Quick,3,Jonathan Quick - New York Rangers Goaltender - ESPN,https://www.espn.com/nhl/player/_/id/3634/jonathan-quick,2025-11-17T03:17:50Z
22,Jonathan Quick,4,"Jonathan Quick Stats, Height, Weight, Position, Title | Hockey ...",https://www.hockey-reference.com/players/q/quickjo01.html,2025-11-17T03:17:50Z
22,Jonathan Quick,5,"Jonathan Quick - Stats, Contract, Salary & More",https://www.eliteprospects.com/player/11798/jonathan-quick,2025-11-17T03:17:50Z
22,Jonathan Quick,6,Jonathan Quick Hockey Stats and Profile at hockeydb.com,https://www.hockeydb.com/ihdb/stats/pdisplay.php?pid=87893,2025-11-17T03:17:50Z
22,Jonathan Quick,7,Jonathan Quick deserved at least one Vezina trophy : r ...,https://www.reddit.com/r/losangeleskings/comments/144i3nn/jonathan_quick_deserved_at_least_one_vezina_trophy/,2025-11-17T03:17:50Z
22,Jonathan Quick,8,Jonathan Quick,https://globalhealth.duke.edu/people/quick-jonathan,2025-11-17T03:17:50Z
22,Jonathan Quick,9,The debate is over. Jonathan Quick's name is on the Stanley Cup for ...,https://www.reddit.com/r/losangeleskings/comments/14tgr18/the_debate_is_over_jonathan_quicks_name_is_on_the/,2025-11-17T03:17:50Z
22,Jonathan Quick,10,Elite Snipers 101 | By Jonathan Quick,https://www.theplayerstribune.com/articles/jonathan-quick-kings-snipers,2025-11-17T03:17:50Z
22,Jonathan Quick,11,Jonathan Quick (@JonathanQuick32) / Posts / X,https://x.com/JonathanQuick32,2025-11-17T03:17:50Z
22,Jonathan Quick,12,"Jonathan Quick Contract, Cap Hit, Salary and Stats | Puckpedia",https://puckpedia.com/player/jonathan-quick,2025-11-17T03:17:50Z
22,Jonathan Quick,13,Elite Snipers 101: Part 2 | By Jonathan Quick,https://www.theplayerstribune.com/articles/jonathan-quick-elite-nhl-snipers-part-2,2025-11-17T03:17:50Z
22,Jonathan Quick,14,"Jonathan Quick (G) Stats, News, Rumors, Bio, Video - NY Rangers ...",https://sports.yahoo.com/nhl/players/4147/,2025-11-17T03:17:50Z
22,Jonathan Quick,15,Why is Jonathan Quick such a beloved dressing room presence ...,https://www.nytimes.com/athletic/6737678/2025/10/22/jonathan-quick-nhl-teammate-goalie/,2025-11-17T03:17:50Z
22,Jonathan Quick,16,Jonathan Quick - Bar Harbor Historical Society,https://barharborhistorical.org/jonathan-quick/,2025-11-17T03:17:50Z
22,Jonathan Quick,17,Jonathan Quick,https://teamusa.usahockey.com/page/show/2664608-jonathan-quick,2025-11-17T03:17:50Z
22,Jonathan Quick,18,"Jonathan Quick: News, Stats, Game Logs | RotoWire",https://www.rotowire.com/hockey/player/jonathan-quick-2358,2025-11-17T03:17:50Z
22,Jonathan Quick,19,#NewDaveArtMaskAlert Jonathan Quick's new New York Rangers ...,https://www.instagram.com/p/DBHIsrwukg7/?hl=en,2025-11-17T03:17:50Z
22,Jonathan Quick,20,Jonathan Quick - 2021-22 - Swimming and Diving - American ...,https://aueagles.com/sports/swimming-and-diving/roster/jonathan-quick/5371,2025-11-17T03:17:50Z
23,#snfonnbc,1,SNF on NBC (@snfonnbc) • Instagram photos and videos,https://www.instagram.com/snfonnbc/?hl=en,2025-11-17T03:17:54Z
23,#snfonnbc,2,Sunday Night Football on NBC (@SNFonNBC) / Posts / X,https://x.com/SNFonNBC,2025-11-17T03:17:54Z
23,#snfonnbc,3,Niners win! ❤️ Always one of my favorite assignments! SNF on ...,https://www.facebook.com/janellewangtv/posts/niners-win-%EF%B8%8F-always-one-of-my-favorite-assignments-snf-on-nbc-with-the-best-crew/1248084667123668/,2025-11-17T03:17:54Z
23,#snfonnbc,4,.@Dev_Still71 #SNFonNBC #LeahStrong,https://x.com/hollyrpeete/status/518957131408482304/media_tags,2025-11-17T03:17:54Z
23,#snfonnbc,5,"Kathryn Tappen - Humongous, gigantic shoutout & SMILE to our ...",https://www.facebook.com/photo.php?fbid=10157466992390807&id=132884930806&set=a.10155106081025807,2025-11-17T03:17:54Z
23,#snfonnbc,6,"SNF on NBC (@snfonnbc) • Threads, Say more",https://www.threads.com/@snfonnbc,2025-11-17T03:17:54Z
23,#snfonnbc,7,Kathryn Tappen - The Frozen Tundra never disappoints ...,https://www.facebook.com/photo.php?fbid=10157497257670807&id=132884930806&set=a.10155106081025807,2025-11-17T03:17:54Z
23,#snfonnbc,8,#snfonnbc | TikTok,https://www.tiktok.com/tag/snfonnbc?lang=en,2025-11-17T03:17:54Z
23,#snfonnbc,9,Sunday Night Football on NBC,https://www.facebook.com/SNFonNBC/,2025-11-17T03:17:54Z
23,#snfonnbc,10,[SNF on NBC] CMC was HYPED to join the 49ers. : r/49ers,https://www.reddit.com/r/49ers/comments/15vqhmg/snf_on_nbc_cmc_was_hyped_to_join_the_49ers/,2025-11-17T03:17:54Z
23,#snfonnbc,11,Highlights by Sunday Night Football on NBC (@SNFonNBC) / X,https://twitter.com/SNFonNBC/highlights?ref_src=twsrc%5Etfw&os=&ref=app,2025-11-17T03:17:54Z
23,#snfonnbc,12,"SNF 2025: Event Info, News, Schedule, Standings, Live Stats ...",https://www.nbcsports.com/nfl/snf,2025-11-17T03:17:54Z
23,#snfonnbc,13,SNF on NBC: Tom Brady Returns - Billie Weiss,https://billieweiss.com/project/snf-on-nbc-tom-brady-returns/,2025-11-17T03:17:54Z
23,#snfonnbc,14,"SNF on NBC, Tom Brady is the ONLY player in Super Bowl history to ...",https://masterstriathlon.ru/app/ONLY-player-in-Super-Bowl-history-to-pass-for-500-yards-in-a/8518017.html,2025-11-17T03:17:54Z
23,#snfonnbc,15,#Skol | for @snfonnbc @athielen19 | @vikings | #SNF - Pinterest,https://www.pinterest.com/pin/715720565754083800/,2025-11-17T03:17:54Z
23,#snfonnbc,16,SNF on NBC Postgame - Seahawks vs Commanders (Week 9 2025 ...,https://www.youtube.com/watch?v=Mjf7H2fGtfg,2025-11-17T03:17:54Z
23,#snfonnbc,17,'SNF' on NBC play-by-play announcer Mike Tirico joins 'NFL ...,https://www.nfl.com/videos/snf-on-nbc-play-by-play-announcer-mike-tirico-joins-nfl-schedule-release-25-to-preview-primetime-games,2025-11-17T03:17:54Z
23,#snfonnbc,18,SNF on NBC Turns 20 | Unbalanced,https://vocal.media/unbalanced/snf-on-nbc-turns-20,2025-11-17T03:17:54Z
23,#snfonnbc,19,STN Digital | SNF on NBC #WallpaperWednesday - Maddie Russell,https://maddierussell.com/stn-digital-snf-on-nbc-wallpaperwednesday,2025-11-17T03:17:54Z
23,#snfonnbc,20,Collinsworth Slide: SNF on NBC offers alternative due to COVID-19,https://www.cincinnati.com/story/sports/nfl/2020/09/13/collinsworth-slide-snf-nbc-offers-alternative-due-covid-19/5789860002/,2025-11-17T03:17:54Z
24,Sheduer,1,Where's all the Sheduer Sanders fans now? : r/Saints,https://www.reddit.com/r/Saints/comments/1mykko2/wheres_all_the_sheduer_sanders_fans_now/,2025-11-17T03:17:58Z
24,Sheduer,2,Will Howard doing the Sheduer,https://www.facebook.com/nflmemes4you/posts/will-howard-doing-the-sheduer/863515746241210/,2025-11-17T03:17:58Z
24,Sheduer,3,Sheduer Sanders : r/blackmen,https://www.reddit.com/r/blackmen/comments/1k7dnfm/sheduer_sanders/,2025-11-17T03:17:58Z
24,Sheduer,4,Here comes the Sheduer Hate.. Oh Boy: An NFL assistant coach on ...,https://www.facebook.com/806hssc/posts/here-comes-the-sheduer-hateoh-boy-an-nfl-assistant-coach-on-shedeur-sanders-the-/1245557546922101/,2025-11-17T03:17:58Z
24,Sheduer,5,Shedeur Sanders - Cleveland Browns Quarterback - ESPN,https://www.espn.com/nfl/player/_/id/4432762/shedeur-sanders,2025-11-17T03:17:58Z
24,Sheduer,6,Deion Sanders speaks after Sheduer goes undrafted in three rounds ...,https://www.instagram.com/p/DI6Sew5AXLT/,2025-11-17T03:17:58Z
24,Sheduer,7,"Ryan Clark on X: ""Last night's draft was the first thing in Shedeur ...",https://x.com/Realrclark25/status/1915810549692289507?lang=en,2025-11-17T03:17:58Z
24,Sheduer,8,"LeBron-Bronny-Bryce, Deion-Sheduer-Shilo, Shamarr-Jarrel-Donte ...",https://www.instagram.com/p/DNRd4zOuEu1/,2025-11-17T03:17:58Z
24,Sheduer,9,Sheduer Sanders “I like to know the small details about my receivers ...,https://x.com/RuiterWrongFAN/status/1990222925581172743,2025-11-17T03:17:58Z
24,Sheduer,10,Sheduer Sanders injury update as Browns before training camp ...,https://www.dawgsbynature.com/2025/8/4/24480692/sheduer-sanders-injury-update-browns-training-camp-practice-monday,2025-11-17T03:17:58Z
24,Sheduer,11,Bodycam Footage From Sheduer Sander's 101 mph Speeding ...,https://dailysnark.com/2025/06/19/bodycam-footage-from-sheduer-sanders-101-mph-speeding-ticket-released-video/,2025-11-17T03:17:58Z
24,Sheduer,12,NFL network analyst Marc Ross on Cleveland Browns rookie ...,https://www.nfl.com/videos/ross-on-sanders-response-to-teammate-s-first-start-it-s-not-just-about-what-he-does-on-the-field,2025-11-17T03:17:58Z
24,Sheduer,13,Backpack Sprayground Sheduer And Shilo Sanders Backpack ...,https://sprayground.eu/products/sprayground-backpack-sheduer-and-shilo-sanders-backpack-red,2025-11-17T03:17:58Z
24,Sheduer,14,"Sheduer Sanders, Like His Father, Is Doing Things His Way",https://firstandpen.com/sheduer-sanders-like-his-father-is-doing-things-his-way/,2025-11-17T03:17:58Z
24,Sheduer,15,Sheduer Sanders set to visit Raiders Monday - Yahoo Sports,https://sports.yahoo.com/article/sheduer-sanders-set-visit-raiders-142208824.html,2025-11-17T03:17:58Z
24,Sheduer,16,Sheduer Sanders Makes Eye-Catching Pittsburgh Steelers ...,https://www.si.com/nfl/steelers/onsi/news/sheduer-sanders-eye-catching-pittsburgh-steelers-comparison,2025-11-17T03:17:58Z
24,Sheduer,17,Browns turn to Sheduer Sanders at QB in game against Ravens,https://www.news5cleveland.com/sports/browns/browns-turn-to-sheduer-sanders-at-qb-in-game-against-ravens,2025-11-17T03:17:58Z
24,Sheduer,18,NFL pundit calls Cam Newton's career advice for Sheduer Sanders ...,https://www.si.com/nfl/panthers/onsi/nfl-pundit-cam-newton-sheduer-sanders-advice-hypocritical-browns-panthers,2025-11-17T03:17:58Z
24,Sheduer,19,Sheduer Sanders may have gained ground in Browns QB ...,https://glorycolorado.com/sheduer-sanders-may-have-gained-ground-in-browns-qb-competition-without-playing-dillon-gabriel,2025-11-17T03:17:58Z
24,Sheduer,20,5 best-case Sheduer Sanders landing spots if Deion could rig the ...,https://fansided.com/sheduer-sanders-landing-spots-deion-sanders-rig-nfl-draft-vikings-saints-giants-more,2025-11-17T03:17:58Z
25,Tank Bigsby,1,Tank Bigsby - Philadelphia Eagles Running Back - ESPN,https://www.espn.com/nfl/player/_/id/4429013/tank-bigsby,2025-11-17T03:18:03Z
25,Tank Bigsby,2,Tank Bigsby - Wikipedia,https://en.wikipedia.org/wiki/Tank_Bigsby,2025-11-17T03:18:03Z
25,Tank Bigsby,3,"Tank Bigsby Stats, Height, Weight, Position, Draft, College | Pro ...",https://www.pro-football-reference.com/players/B/BigsTa00.htm,2025-11-17T03:18:03Z
25,Tank Bigsby,4,Tank Bigsby's Benching Opens Door for Eagles Fan Favorite's 2025 ...,https://section215.com/tank-bigsby-benching-opens-door-eagles-fan-favorite-2025-debut-01k7786m6hw3,2025-11-17T03:18:03Z
25,Tank Bigsby,5,Tank Bigsby (@tank_bigsby) • Instagram photos and videos,https://www.instagram.com/tank_bigsby/?hl=en,2025-11-17T03:18:03Z
25,Tank Bigsby,6,Tank bigsby usage : r/eagles,https://www.reddit.com/r/eagles/comments/1ob57fb/tank_bigsby_usage/,2025-11-17T03:18:03Z
25,Tank Bigsby,7,Jaguars Roster | Jacksonville Jaguars - jaguars.com,https://www.jaguars.com/team/players-roster/,2025-11-17T03:18:03Z
25,Tank Bigsby,8,"Tyrone Tracy, Tank Bigsby, Tyjae Spears and more. Use FAABLab ...",https://www.reddit.com/r/fantasyfootball/comments/1oi7v82/tyrone_tracy_tank_bigsby_tyjae_spears_and_more/,2025-11-17T03:18:03Z
25,Tank Bigsby,9,"Tank Bigsby Stats, News and Video - RB | NFL.com",https://www.nfl.com/players/tank-bigsby/,2025-11-17T03:18:03Z
25,Tank Bigsby,10,Eagles RB depth chart: What Tank Bigsby trade means for Saquon ...,https://ca.sports.yahoo.com/news/eagles-rb-depth-chart-tank-002852419.html,2025-11-17T03:18:03Z
25,Tank Bigsby,11,Eagles' Tank Bigsby breaks out with 100-yard game vs. Giants ...,https://www.nbcsportsphiladelphia.com/nfl/philadelphia-eagles/tank-bigsby-saquon-barkley-giants-jaguars-trade-running-back/692371/,2025-11-17T03:18:03Z
25,Tank Bigsby,12,Tank Bigsby,https://www.philadelphiaeagles.com/team/players-roster/tank-bigsby/,2025-11-17T03:18:03Z
25,Tank Bigsby,13,Tank Bigsby - Philadelphia Eagles Running Back - ESPN (UK),https://www.espn.co.uk/nfl/player/_/id/4429013/tank-bigsby,2025-11-17T03:18:03Z
25,Tank Bigsby,14,Tank Bigsby is excited for his opportunity with the Eagles,https://www.philadelphiaeagles.com/news/tank-bigsby-is-excited-for-his-opportunity-with-the-eagles,2025-11-17T03:18:03Z
25,Tank Bigsby,15,"I think we should try tank bigsby at Rb3 , agree or disagree bird gang ?",https://www.facebook.com/groups/eaglespositivefangroup/posts/1908794069726779/,2025-11-17T03:18:03Z
25,Tank Bigsby,16,Jaguars can do nothing but laugh as Tank Bigsby trade keeps aging ...,https://blackandteal.com/jaguars-can-do-nothing-but-laugh-as-tank-bigsby-eagles-trade-keeps-aging-horribly-01k77b0c9d1y,2025-11-17T03:18:03Z
25,Tank Bigsby,17,should i drop chubb for tank bigsby?,https://www.facebook.com/groups/2213414128877661/posts/4224438537775200/,2025-11-17T03:18:03Z
25,Tank Bigsby,18,"Fantasy Football Waiver Wire: Colston Loveland, Tyrone Tracy, Tank ...",https://www.fantasypros.com/2025/10/fantasy-football-waiver-wire-colston-loveland-tyrone-tracy-tank-bigsby/,2025-11-17T03:18:03Z
25,Tank Bigsby,19,Is Tank bigsby worth holding on to?,https://www.facebook.com/groups/2213414128877661/posts/4231451413740579/,2025-11-17T03:18:03Z
25,Tank Bigsby,20,"Tank Bigsby Jacksonville Jaguars Jerseys, Jaguars Jerseys | shop ...",https://shop.jaguars.com/jacksonville-jaguars-tank-bigsby-jerseys/t-47718168+a-02032021+d-36452+z-8-1482039626,2025-11-17T03:18:03Z
1,$BNKK,1,"Bonk, Inc. (BNKK) Stock Price, News, Quote & History - Yahoo Finance",https://finance.yahoo.com/quote/BNKK/,2025-11-17T14:16:35Z
1,$BNKK,2,BNKK Stock Quote Price and Forecast | CNN,https://www.cnn.com/markets/stocks/BNKK,2025-11-17T14:16:35Z
1,$BNKK,3,BNKK – few things lining up next few weeks : r/pennystocks,https://www.reddit.com/r/pennystocks/comments/1o8o48q/bnkk_few_things_lining_up_next_few_weeks/,2025-11-17T14:16:35Z
1,$BNKK,4,BNKK Stock Price and Chart — NASDAQ:BNKK — TradingView,https://www.tradingview.com/symbols/NASDAQ-BNKK/,2025-11-17T14:16:35Z
1,$BNKK,5,BNKK LTD overview - Find and update company information - GOV.UK,https://find-and-update.company-information.service.gov.uk/company/10931544,2025-11-17T14:16:35Z
1,$BNKK,6,"Bonk, Inc. (BNKK) Stock Price, News, Quote & History - Yahoo Finance",https://ca.finance.yahoo.com/quote/BNKK/,2025-11-17T14:16:35Z
1,$BNKK,7,"Bonk Index Price: BNKK Live Price Chart, Market Cap & News ...",https://www.coingecko.com/en/coins/bonk-index,2025-11-17T14:16:35Z
1,$BNKK,8,"Bonk Index(BNKK) Price Today, BNKK to USD Real-Time, Latest ...",https://stocktwits.com/symbol/BNKK.X,2025-11-17T14:16:35Z
1,$BNKK,9,"Bonk, Inc. to Trade on Nasdaq as BNKK Oct 10, 2025 | SHOT Stock ...",https://www.stocktitan.net/news/SHOT/safety-shot-inc-to-become-bonk-inc-to-trade-on-nasdaq-under-new-cpcv02eic72k.html,2025-11-17T14:16:35Z
1,$BNKK,10,SAFETY SHOT INC - RESERVES 'BNKK' TICKER SYMBOL WITH ...,https://www.webull.com/news/13323183163728896,2025-11-17T14:16:35Z
1,$BNKK,11,"""$bnkk"" - Results on X | Live Posts & Updates",https://x.com/search?q=%24bnkk&src=cashtag_click,2025-11-17T14:16:35Z
1,$BNKK,12,"Bonk, Inc. (BNKK) Stock Price, Quote, News & Analysis | Seeking ...",https://seekingalpha.com/symbol/BNKK,2025-11-17T14:16:35Z
1,$BNKK,13,"""$bnkk"" - Results on X | Live Posts & Updates",http://x.com/search?q=%24bnkk,2025-11-17T14:16:35Z
1,$BNKK,14,"Bonk Index Price, BNKK Price, Live Charts, and Marketcap ...",https://www.coinbase.com/en-ca/price/bonk-index,2025-11-17T14:16:35Z
1,$BNKK,15,"Bonk Index (BNKK) Price Today, News & Live Chart | Forbes Crypto ...",https://www.forbes.com/digital-assets/assets/bonk-index-bnkk-2/,2025-11-17T14:16:35Z
1,$BNKK,16,Osta Jupiter Wellness aktsiaid | $BNKK hinnaga | Lightyear,https://lightyear.com/et/stock/BNKK:NASDAQ,2025-11-17T14:16:35Z
1,$BNKK,17,"""$BNKK"" - Results on X | Live Posts & Updates",http://x.com/search?q=%24BNKK&src=typed_query,2025-11-17T14:16:35Z
1,$BNKK,18,BNKK - Bonk Inc Stock Price and Quote,https://finviz.com/quote.ashx?t=BNKK,2025-11-17T14:16:35Z
1,$BNKK,19,Safety Shot Acquires 10% Revenue Sharing Interest in,https://www.globenewswire.com/news-release/2025/08/12/3131716/0/en/Safety-Shot-Acquires-10-Revenue-Sharing-Interest-in-Revenue-Generating-BONK-fun-and-Appoints-BONK-Founding-Core-Members-to-Board.html,2025-11-17T14:16:35Z
1,$BNKK,20,Bonk Breaks Into Wall Street With First-Ever Nasdaq Listing Through ...,https://www.bitget.com/news/detail/12560604944345,2025-11-17T14:16:35Z
2,Chiefs,1,Kansas City Chiefs Home | Chiefs.com,https://www.chiefs.com/,2025-11-17T14:16:39Z
2,Chiefs,2,"Kansas City Chiefs Scores, Stats and Highlights - ESPN",https://www.espn.com/nfl/team/_/name/kc/kansas-city-chiefs,2025-11-17T14:16:39Z
2,Chiefs,3,Kansas City Chiefs (@Chiefs) / Posts / X,https://x.com/Chiefs,2025-11-17T14:16:39Z
2,Chiefs,4,"Kansas City Chiefs (@chiefs) · Kansas City, MO",https://www.instagram.com/chiefs/?hl=en,2025-11-17T14:16:39Z
2,Chiefs,5,Chiefs Schedule | Kansas City Chiefs - Chiefs.com,https://www.chiefs.com/schedule/,2025-11-17T14:16:39Z
2,Chiefs,6,Kansas City Chiefs - Wikipedia,https://en.wikipedia.org/wiki/Kansas_City_Chiefs,2025-11-17T14:16:39Z
2,Chiefs,7,"Kansas City Chiefs News, Scores, Stats, Schedule | NFL.com",https://www.nfl.com/teams/kansas-city-chiefs/,2025-11-17T14:16:39Z
2,Chiefs,8,"Kansas City Chiefs: Home of the Red, White and Gold",https://www.reddit.com/r/KansasCityChiefs/,2025-11-17T14:16:39Z
2,Chiefs,9,Chiefs for Change,https://www.chiefsforchange.org/,2025-11-17T14:16:39Z
2,Chiefs,10,"Kansas City Chiefs News, Scores and Stats 2025-26 - CBS Sports",https://www.cbssports.com/nfl/teams/KC/kansas-city-chiefs/,2025-11-17T14:16:39Z
2,Chiefs,11,Kansas City Chiefs Store,https://shop.chiefs.com/,2025-11-17T14:16:39Z
2,Chiefs,12,"Kansas City Chiefs News, Videos, Schedules, Roster, Stats - Yahoo ...",https://sports.yahoo.com/nfl/teams/kansas-city/,2025-11-17T14:16:39Z
2,Chiefs,13,International Association of Chiefs of Police: Shaping the Future of ...,https://www.theiacp.org/,2025-11-17T14:16:39Z
2,Chiefs,14,Game Plan | Parking & Tailgating | GEHA Field at Arrowhead Stadium,https://www.gehafieldatarrowhead.com/plan-your-visit/parking-transportation/game-plan,2025-11-17T14:16:39Z
2,Chiefs,15,Illinois Chiefs of Police,https://www.ilchiefs.org/,2025-11-17T14:16:39Z
2,Chiefs,16,Spokane Chiefs -,https://chl.ca/whl-chiefs/,2025-11-17T14:16:39Z
2,Chiefs,17,Chiefs are placing EDGE Felix Anudike-Uzomah on season-ending ...,https://www.facebook.com/AdamSchefter/posts/chiefs-are-placing-edge-felix-anudike-uzomah-on-season-ending-ir-due-to-a-strain/1306916730804271/,2025-11-17T14:16:39Z
2,Chiefs,18,Kansas City Chiefs Report Card 2025 | NFLPA,https://nflpa.com/report-cards/2025/kansas-city-chiefs,2025-11-17T14:16:39Z
2,Chiefs,19,The Kansas City Chiefs | Kansas City MO,https://www.facebook.com/KansasCityChiefs/,2025-11-17T14:16:39Z
2,Chiefs,20,International Association of Fire Chiefs: IAFC,https://www.iafc.org/,2025-11-17T14:16:39Z
3,Eagles,1,Detroit Lions vs. Philadelphia Eagles | Philadelphia Eagles ...,https://www.philadelphiaeagles.com/,2025-11-17T14:16:44Z
3,Eagles,2,Eagles,https://eagles.com/,2025-11-17T14:16:44Z
3,Eagles,3,Eagles 2025 Schedule | Philadelphia Eagles - philadelphiaeagles ...,https://www.philadelphiaeagles.com/schedule/,2025-11-17T14:16:44Z
3,Eagles,4,Philadelphia Eagles (@Eagles) / Posts / X,https://x.com/Eagles,2025-11-17T14:16:44Z
3,Eagles,5,"Philadelphia Eagles Scores, Stats and Highlights - ESPN",https://www.espn.com/nfl/team/_/name/phi/philadelphia-eagles,2025-11-17T14:16:44Z
3,Eagles,6,Eagles - Watch r/eagles fly!,https://www.reddit.com/r/eagles/,2025-11-17T14:16:44Z
3,Eagles,7,"Philadelphia Eagles (@philadelphiaeagles) · Philadelphia, PA",https://www.instagram.com/philadelphiaeagles/?hl=en,2025-11-17T14:16:44Z
3,Eagles,8,Eagles (band) - Wikipedia,https://en.wikipedia.org/wiki/Eagles_(band),2025-11-17T14:16:44Z
3,Eagles,9,Boston College,https://bceagles.com/,2025-11-17T14:16:44Z
3,Eagles,10,Philadelphia Eagles - Wikipedia,https://en.wikipedia.org/wiki/Philadelphia_Eagles,2025-11-17T14:16:44Z
3,Eagles,11,Boston College,https://bceagles.com/,2025-11-17T14:16:44Z
3,Eagles,12,Eagles,https://www.facebook.com/EaglesBand/,2025-11-17T14:16:44Z
3,Eagles,13,"Philadelphia Eagles News, Scores, Stats, Schedule | NFL.com",https://www.nfl.com/teams/philadelphia-eagles/,2025-11-17T14:16:44Z
3,Eagles,14,Eastern Michigan University Athletics - Official Athletics Website,https://emueagles.com/,2025-11-17T14:16:44Z
3,Eagles,15,American University - Official Athletics Website,https://aueagles.com/,2025-11-17T14:16:44Z
3,Eagles,16,Free Young Eagles Flights | EAA,https://www.eaa.org/eaa/youth/free-ye-flights,2025-11-17T14:16:44Z
3,Eagles,17,The Fraternal Order of Eagles: FOE.com,https://foe.com/,2025-11-17T14:16:44Z
3,Eagles,18,Charlotte Eagles Soccer Club,https://www.charlotteeagles.com/,2025-11-17T14:16:44Z
3,Eagles,19,North Carolina Central University Athletics - Official Athletics Website,https://nccueaglepride.com/,2025-11-17T14:16:44Z
3,Eagles,20,Georgia Southern University Athletics - Official Athletics Website,https://gseagles.com/,2025-11-17T14:16:44Z
4,Goff,1,Jared Goff - Detroit Lions Quarterback - ESPN,https://www.espn.com/nfl/player/_/id/3046779/jared-goff,2025-11-17T14:16:48Z
4,Goff,2,Jared Goff - Wikipedia,https://en.wikipedia.org/wiki/Jared_Goff,2025-11-17T14:16:48Z
4,Goff,3,"Jared Goff Stats, Height, Weight, Position, Draft, College | Pro ...",https://www.pro-football-reference.com/players/G/GoffJa00.htm,2025-11-17T14:16:48Z
4,Goff,4,Jared Goff is terrible in cold weather. : r/billsimmons,https://www.reddit.com/r/billsimmons/comments/1oz6f1b/jared_goff_is_terrible_in_cold_weather/,2025-11-17T14:16:48Z
4,Goff,5,Lucy Goff (@lucygoffy) • Instagram photos and videos,https://www.instagram.com/lucygoffy/?hl=en,2025-11-17T14:16:48Z
4,Goff,6,Bob Goff,https://www.bobgoff.com/,2025-11-17T14:16:48Z
4,Goff,7,Travis Goff on X,https://x.com/tgoff11/status/1895990519949631666,2025-11-17T14:16:48Z
4,Goff,8,Ursula Goff (@uggoff) • Instagram photos and videos,https://www.instagram.com/uggoff/?hl=en,2025-11-17T14:16:48Z
4,Goff,9,Jared Goff,https://www.facebook.com/JaredGoffQB/,2025-11-17T14:16:48Z
4,Goff,10,Stephen Goff Wines - Homepage,https://www.stephengoffwines.com/,2025-11-17T14:16:48Z
4,Goff,11,Stephen Goff Wines - Homepage,https://www.stephengoffwines.com/,2025-11-17T14:16:48Z
4,Goff,12,Debra Goff | The Ohio State University College of Pharmacy,https://pharmacy.osu.edu/directory/debra-goff,2025-11-17T14:16:48Z
4,Goff,13,Goff's Enterprises: High Performance Doors & Industrial Curtain Walls,https://goffsenterprises.com/,2025-11-17T14:16:48Z
4,Goff,14,Goff Public | Minnesota's Top Public Relations and Advocacy Firm,https://goffpublic.com/,2025-11-17T14:16:48Z
4,Goff,15,Angie Goff,https://www.facebook.com/ohmygoff/,2025-11-17T14:16:48Z
4,Goff,16,John A Goff | Jackson School of Geosciences | The University of ...,https://www.jsg.utexas.edu/researcher/john_goff/,2025-11-17T14:16:48Z
4,Goff,17,"Barbara A. Goff, MD | UW Medicine",https://www.uwmedicine.org/bios/barbara-goff,2025-11-17T14:16:48Z
4,Goff,18,Tribute Wall | Madison Lee Goff,https://www.hawaiianmemorialparkmortuary.com/obituaries/madison-goff,2025-11-17T14:16:48Z
4,Goff,19,"Jared Goff Stats, News and Video - QB | NFL.com",https://www.nfl.com/players/jared-goff/,2025-11-17T14:16:48Z
4,Goff,20,"Brittany Goff, DNP - MultiCare",https://www.marybridge.org/providers/brittany-goff/,2025-11-17T14:16:48Z
5,Good Monday,1,"Good Mondays Paper — Minimalist, user-friendly digital stationery.",https://goodmondays.ca/,2025-11-17T14:16:53Z
5,Good Monday,2,Very Good Mondays - YouTube,https://www.youtube.com/playlist?list=PLPXnTDxwlHiZ8uOYXFlq4mxec55eF9Wgf,2025-11-17T14:16:53Z
5,Good Monday,3,Wallpapers – Good Mondays Paper,https://goodmondays.ca/blogs/news,2025-11-17T14:16:53Z
5,Good Monday,4,Good Monday Morning! ☀️ Maddie is hanging out with me this ...,https://www.facebook.com/OliviaVidalWVUE/posts/good-monday-morning-%EF%B8%8F-maddie-is-hanging-out-with-me-this-morning-at-the-desk-mad/940733211212132/,2025-11-17T14:16:53Z
5,Good Monday,5,What are good Monday specials? : r/chicagofood,https://www.reddit.com/r/chicagofood/comments/1obrzoq/what_are_good_monday_specials/,2025-11-17T14:16:53Z
5,Good Monday,6,Good Monday morning from Lake Havasu! Have a great week!,https://www.facebook.com/groups/azfamilyweather/posts/2192269211221835/,2025-11-17T14:16:53Z
5,Good Monday,7,Thursday to Monday in fridge. Pizza still good?? : r/Dominos,https://www.reddit.com/r/Dominos/comments/16ptedt/thursday_to_monday_in_fridge_pizza_still_good/,2025-11-17T14:16:53Z
5,Good Monday,8,Always listen to Jocko Willink . That is all. Have a good Monday.,https://www.facebook.com/teamneverquit/posts/always-listen-to-jocko-willink-that-is-all-have-a-good-monday-/1180380710782731/,2025-11-17T14:16:53Z
5,Good Monday,9,"Feeling good, Monday vibes…looking forward to a productive week ...",https://www.instagram.com/p/DNOZjiKShD8/?hl=en,2025-11-17T14:16:53Z
5,Good Monday,10,"Feeling good, Monday vibes…looking forward to a productive week ...",https://www.facebook.com/richiekotzenmusic/posts/feeling-good-monday-vibeslooking-forward-to-a-productive-week-photo-by-jacklue/1289333035872707/,2025-11-17T14:16:53Z
5,Good Monday,11,"good morning, good monday offering. ☸️ may all beings have ...",https://www.reddit.com/r/Buddhism/comments/ra7d8a/good_morning_good_monday_offering_may_all_beings/,2025-11-17T14:16:53Z
5,Good Monday,12,Good Monday morning squirrels and friends! 🐿️ 🐿️,https://www.facebook.com/SquirrelsOfOshawa/posts/good-monday-morning-squirrels-and-friends-%EF%B8%8F%EF%B8%8F/1135929888565599/,2025-11-17T14:16:53Z
5,Good Monday,13,Good Monday | Photo & Film Production House,https://www.goodmonday.tv/,2025-11-17T14:16:53Z
5,Good Monday,14,Good Monday by DEAS,https://goodmonday.io/en,2025-11-17T14:16:53Z
5,Good Monday,15,The Problem With 'Being Good' Monday To Thursday,https://thesoberschool.com/being-good-monday-thursday/,2025-11-17T14:16:53Z
5,Good Monday,16,GOOD MONDAY MORNING! – Susan Loves Books,https://susanlovesbooks.wordpress.com/2024/04/01/good-monday-morning-4/,2025-11-17T14:16:53Z
5,Good Monday,17,Discover 900+ Good Monday Morning and Monday Pictures Ideas ...,https://www.pinterest.com/ginatwentyfour/good-monday-morning/,2025-11-17T14:16:53Z
5,Good Monday,18,"Good Monday Morning Patriot Woodworkers! June 17, 2024 ...",https://thepatriotwoodworker.com/forums/topic/40537-good-monday-morning-patriot-woodworkers-june-17-2024/,2025-11-17T14:16:53Z
5,Good Monday,19,5 Powerful Prayers for Monday Morning to Kick-Start Your Week ...,https://finds.life.church/monday-morning-prayers/main/spiritual-growth/,2025-11-17T14:16:53Z
5,Good Monday,20,Good Monday Creative Marketing & Design Agency,https://www.goodmondaycreative.com/,2025-11-17T14:16:53Z
6,Shedeur,1,Shedeur Sanders on Instagram,https://www.instagram.com/p/DQFzoRLDPYc/?hl=en,2025-11-17T14:16:58Z
6,Shedeur,2,Shedeur Sanders - Cleveland Browns Quarterback - ESPN,https://www.espn.com/nfl/player/_/id/4432762/shedeur-sanders,2025-11-17T14:16:58Z
6,Shedeur,3,[Highlight] Every Shedeur Sanders play from regular season debut ...,https://www.reddit.com/r/nfl/comments/1oz3vxo/highlight_every_shedeur_sanders_play_from_regular/,2025-11-17T14:16:58Z
6,Shedeur,4,"Analysis: Shedeur Sanders deserves more reps, chance to pass ...",https://www.brownszone.com/2025/08/11/analysis-shedeur-sanders-deserves-more-reps-chance-to-pass-dillon-gabriel-on-depth-chart/,2025-11-17T14:16:58Z
6,Shedeur,5,The Shedeur Sanders Era has begun : r/billsimmons,https://www.reddit.com/r/billsimmons/comments/1oz05j8/the_shedeur_sanders_era_has_begun/,2025-11-17T14:16:58Z
6,Shedeur,6,"Browns predicted to ditch Dillon Gabriel, Shedeur Sanders for 1,423 ...",https://sports.yahoo.com/article/browns-predicted-ditch-dillon-gabriel-115446252.html,2025-11-17T14:16:58Z
6,Shedeur,7,Shedeur Sanders - Football - University of Colorado Athletics,https://cubuffs.com/sports/football/roster/shedeur-sanders/17232,2025-11-17T14:16:58Z
6,Shedeur,8,Travis Hunter and Shedeur Sanders will both wear No. 12 to begin ...,https://www.facebook.com/AdamSchefter/posts/travis-hunter-and-shedeur-sanders-will-both-wear-no-12-to-begin-their-nfl-career/1232203871608891/,2025-11-17T14:16:58Z
6,Shedeur,9,“Prime Equity” and the NIL Era: Shedeur Sanders ... - Nelson Mullins,https://www.nelsonmullins.com/insights/insights/prime-equity-and-the-nil-era-shedeur-sanders-contract-ushers-in-a-new-legal-framework-for-pro-athlete-compensation,2025-11-17T14:16:58Z
6,Shedeur,10,Shedeur Sanders has had the best stats out of all of The Cleveland ...,https://www.facebook.com/OfficialMikeVick/posts/shedeur-sanders-has-had-the-best-stats-out-of-all-of-the-cleveland-browns-qbs-at/1304051181083707/,2025-11-17T14:16:58Z
6,Shedeur,11,Shedeur Sanders - Wikipedia,https://en.wikipedia.org/wiki/Shedeur_Sanders,2025-11-17T14:16:58Z
6,Shedeur,12,This is a damn disgrace. How in the hell is @Shedeur not off the ...,https://x.com/stephenasmith/status/1915956493700223001,2025-11-17T14:16:58Z
6,Shedeur,13,Shedeur Sanders,https://www.clevelandbrowns.com/team/players-roster/shedeur-sanders/,2025-11-17T14:16:58Z
6,Shedeur,14,Browns QB Shedeur Sanders has a rough NFL debut | AP News,https://apnews.com/article/browns-shedeur-sanders-debut-a2086fbb9d46c2a4661f08e9ac9b190a,2025-11-17T14:16:58Z
6,Shedeur,15,Deion Sanders sends his son a two-word message amid Cleveland ...,https://www.sportingnews.com/us/ncaa-football/colorado/news/deion-sanders-sends-his-son-two-word-message-amid-cleveland-browns-qb-saga/2c963d78863047cbf971c3e1,2025-11-17T14:16:58Z
6,Shedeur,16,Shedeur Sanders Draft and Combine Prospect Profile | NFL.com,https://www.nfl.com/prospects/shedeur-sanders/32005341-4e47-8221-56fd-8e3864421298,2025-11-17T14:16:58Z
6,Shedeur,17,Kevin Stefanski on why he won't give Shedeur Sanders a shot after ...,https://www.cleveland.com/browns/2025/10/kevin-stefanski-on-why-he-wont-give-shedeur-sanders-a-shot-to-see-if-he-can-do-any-better.html,2025-11-17T14:16:58Z
6,Shedeur,18,Shedeur Sanders suffered a freefall in the NFL draft. His brand did not.,https://news.temple.edu/news/2025-04-29/shedeur-sanders-suffered-freefall-nfl-draft-his-brand-did-not,2025-11-17T14:16:58Z
6,Shedeur,19,Shedeur Sanders EA SPORTS™ Madden NFL 26 Player Ratings ...,https://www.ea.com/en/games/madden-nfl/ratings/player-ratings/shedeur-sanders/14770,2025-11-17T14:16:58Z
6,Shedeur,20,Why Shedeur Sanders is off my draft board | Acme Packing Company,https://www.acmepackingcompany.com/green-bay-packers-draft/2025/4/7/24403155/nfl-draft-2025-why-shedeur-sanders-is-off-my-draft-board-quarterback-colorado-qwoba-analytics,2025-11-17T14:16:58Z
7,#MondayMotivation,1,I detect no lies Monday Motivation #MondayMotivation,https://www.facebook.com/DrHollyFrazier/posts/i-detect-no-lies-monday-motivation-mondaymotivation/1298354724980727/,2025-11-17T14:17:02Z
7,#MondayMotivation,2,On time with a little #MondayMotivation after a week abroad ...,https://www.instagram.com/p/DARnuYaurfU/?hl=en,2025-11-17T14:17:02Z
7,#MondayMotivation,3,Monday Motivation #MondayMotivation I can't remember where I ...,https://www.facebook.com/DrHollyFrazier/posts/monday-motivation-mondaymotivationi-cant-remember-where-i-found-this-graphic-but/1343720413777491/,2025-11-17T14:17:02Z
7,#MondayMotivation,4,YBL Thailand is my #moneymakingmondays #mondaymotivation ...,https://www.instagram.com/p/DNMvAJax59O/,2025-11-17T14:17:02Z
7,#MondayMotivation,5,Want to be great? Get fired. #MondayMotivation,https://www.linkedin.com/pulse/want-great-get-fired-mondaymotivation-jeff-barrett,2025-11-17T14:17:02Z
7,#MondayMotivation,6,Starting the new week with some #MondayMotivation #OnThePipe ...,https://www.instagram.com/p/DNfh2wXKy8K/,2025-11-17T14:17:02Z
7,#MondayMotivation,7,#MondayMotivation - ELGL,https://elgl.org/monday-motivation/,2025-11-17T14:17:02Z
7,#MondayMotivation,8,Arnold's Monday Motivation – Arnold's Pump Club,https://arnoldspumpclub.com/blogs/newsletter/arnold-s-monday-motivation-4ce5,2025-11-17T14:17:02Z
7,#MondayMotivation,9,Huge Legendary Loot Haul to start #MondayMotivation off right!,https://www.seaofthieves.com/community/forums/topic/55301/huge-legendary-loot-haul-to-start-mondaymotivation-off-right,2025-11-17T14:17:02Z
7,#MondayMotivation,10,#interntoibmer #ibmers #mondaymotivation | Danille Jager,https://www.linkedin.com/posts/danillejager_interntoibmer-ibmers-mondaymotivation-activity-7393718756612395009-JoQC,2025-11-17T14:17:02Z
7,#MondayMotivation,11,#MondayMotivation I'm in the spotlight again,https://x.com/CatSpecr/status/1990329689483948262,2025-11-17T14:17:02Z
7,#MondayMotivation,12,This weeks #mondaymotivation is #AdamDriver 's first appearance ...,https://www.reddit.com/r/adamdriverfans/comments/1ib64l7/this_weeks_mondaymotivation_is_adamdriver_s_first/,2025-11-17T14:17:02Z
7,#MondayMotivation,13,These Video Portraits Will Give You Major #MondayMotivation,https://dancemagazine.com/35297-2/,2025-11-17T14:17:02Z
7,#MondayMotivation,14,#aiethics #mondaymotivation | Cindi Howson,https://mu.linkedin.com/posts/biscorecard_aiethics-mondaymotivation-activity-7048634715284627456-tPA4,2025-11-17T14:17:02Z
7,#MondayMotivation,15,Monday Motivation Archives - John O'Leary,https://johnolearyinspires.com/category/monday-motivation/,2025-11-17T14:17:02Z
7,#MondayMotivation,16,Monday Motivation 1/30. Sign up here for more of this… | by Arnold ...,https://medium.com/@Schwarzenegger/monday-motivation-1-30-8643ea0a1695,2025-11-17T14:17:02Z
7,#MondayMotivation,17,What is your Monday Motivation? Is this actually a real thing? - Quora,https://www.quora.com/What-is-your-Monday-Motivation-Is-this-actually-a-real-thing,2025-11-17T14:17:02Z
7,#MondayMotivation,18,50 Best Monday Motivation Quotes to Start a Positive Week,https://www.goodhousekeeping.com/life/a39775557/monday-quotes/,2025-11-17T14:17:02Z
7,#MondayMotivation,19,Monday Motivation with Rabbi Garfinkel - Podcast - Apple Podcasts,https://podcasts.apple.com/us/podcast/monday-motivation-with-rabbi-garfinkel/id1490037267,2025-11-17T14:17:02Z
7,#MondayMotivation,20,Why #MondayMotivation Will Never Go Out of Fashion,https://www.publicist.co/the-spin/the-inside-scoop/why-monday-motivation-will-never-go-out-of-fashion,2025-11-17T14:17:02Z
8,Victory Monday,1,What Is Victory Monday? | Victory Monday in the NFL | CLE Clothing ...,https://cleclothingco.com/blogs/news/what-is-victory-monday,2025-11-17T14:17:07Z
8,Victory Monday,2,"""Victory Monday"" – 26 Shirts",https://26shirts.com/collections/victory-monday,2025-11-17T14:17:07Z
8,Victory Monday,3,Victory Monday Apparel Collection | Officially Licensed Victory ...,https://www.homage.com/collections/victory-monday,2025-11-17T14:17:07Z
8,Victory Monday,4,Victory Monday Coffee Mug | 11 oz Cleveland Football Fan Mug,https://cleclothingco.com/products/cleveland-victory-monday-mug-11-oz,2025-11-17T14:17:07Z
8,Victory Monday,5,Victory Brewing Philadelphia,https://philadelphia.victorybeer.com/,2025-11-17T14:17:07Z
8,Victory Monday,6,Victory Brewing Downingtown,https://downingtown.victorybeer.com/,2025-11-17T14:17:07Z
8,Victory Monday,7,Victory Monday Sweatshirt – Buffalove Apparel,https://buffaloveapparel.com/products/victory-monday-sweatshirt,2025-11-17T14:17:07Z
8,Victory Monday,8,Victory Monday Tee - FINAL SALE – Love Letters,https://www.shoploveletters.com/products/victory-monday-tee,2025-11-17T14:17:07Z
8,Victory Monday,9,Men's Homage Black Tampa Bay Buccaneers Victory Monday Tri ...,https://shop.buccaneers.com/mens-homage-black-tampa-bay-buccaneers-victory-monday-tri-blend-t-shirt/p-71099421531651+z-76-1393103794,2025-11-17T14:17:07Z
8,Victory Monday,10,Men's Homage Ash Denver Broncos Victory Monday Tri-Blend T-Shirt,https://shop.denverbroncos.com/mens-homage-ash-denver-broncos-victory-monday-tri-blend-t-shirt/p-26765098424827+z-9192-3884660345,2025-11-17T14:17:07Z
8,Victory Monday,11,Pittsburgh Steelers Men's '47 Franklin Victory Monday Short Sleeve ...,https://shop.steelers.com/pittsburgh-steelers-mens-47-franklin-victory-monday-short-sleeve-tshirt,2025-11-17T14:17:07Z
8,Victory Monday,12,[Callahan] The #Patriots gave players off Monday and Tuesday this ...,https://www.reddit.com/r/Patriots/comments/1ge4oqr/callahan_the_patriots_gave_players_off_monday_and/,2025-11-17T14:17:07Z
8,Victory Monday,13,Men's Homage Ash Dallas Cowboys Victory Monday Tri-Blend T-Shirt,https://shop.dallascowboys.com/en/mens-homage-ash-dallas-cowboys-victory-monday-tri-blend-t-shirt/p-37983843193759+z-815-2962154243,2025-11-17T14:17:07Z
8,Victory Monday,14,Dan Campbell Victory Monday coffee run!,https://www.facebook.com/DetroitLionsPride/posts/dan-campbell-victory-monday-coffee-run/122160320984288849/,2025-11-17T14:17:07Z
8,Victory Monday,15,HC Dan Campbell and wife enjoy a victory Monday morning coffee ...,https://www.reddit.com/r/detroitlions/comments/1gu4wrn/hc_dan_campbell_and_wife_enjoy_a_victory_monday/,2025-11-17T14:17:07Z
8,Victory Monday,16,Flying into Victory Monday!,https://www.facebook.com/cjonescowboys/posts/flying-into-victory-monday/1379513793530753/,2025-11-17T14:17:07Z
8,Victory Monday,17,the opposite of victory monday,https://www.instagram.com/p/ClhoHSiDiTp/,2025-11-17T14:17:07Z
8,Victory Monday,18,Victory Monday coffee run for Dan Campbell (and his glasses)! ☕️,https://www.facebook.com/DetroitLionsPride/posts/victory-monday-coffee-run-for-dan-campbell-and-his-glasses-%EF%B8%8F-/122208138824288849/,2025-11-17T14:17:07Z
8,Victory Monday,19,Victory Monday ☕️!!!!! #winning #onepride #huntingseason ...,https://www.instagram.com/p/DPL9CAPjjjE/?hl=en,2025-11-17T14:17:07Z
8,Victory Monday,20,Blue Demons Secure 31-Point Victory Monday Night - DePaul ...,https://depaulbluedemons.com/news/2024/11/11/mens-basketball-blue-demons-secure-31-point-victory-monday-night,2025-11-17T14:17:07Z
9,Sam Darnold,1,Sam Darnold - Seattle Seahawks Quarterback - ESPN,https://www.espn.com/nfl/player/_/id/3912547/sam-darnold,2025-11-17T14:17:11Z
9,Sam Darnold,2,Sam Darnold - Wikipedia,https://en.wikipedia.org/wiki/Sam_Darnold,2025-11-17T14:17:11Z
9,Sam Darnold,3,Sam Darnold (@samdarnold) • Instagram photos and videos,https://www.instagram.com/samdarnold/?hl=en,2025-11-17T14:17:11Z
9,Sam Darnold,4,"Sam Darnold Stats, Height, Weight, Position, Draft, College | Pro ...",https://www.pro-football-reference.com/players/D/DarnSa00.htm,2025-11-17T14:17:11Z
9,Sam Darnold,5,"Sam Darnold Stats, News and Video - QB | NFL.com",https://www.nfl.com/players/sam-darnold/,2025-11-17T14:17:11Z
9,Sam Darnold,6,"Darnold is the guy, right? : r/Seahawks",https://www.reddit.com/r/Seahawks/comments/1o73fpa/darnold_is_the_guy_right/,2025-11-17T14:17:11Z
9,Sam Darnold,7,"Sam Darnold (QB) Stats, News, Rumors, Bio, Video - Seattle ...",https://sports.yahoo.com/nfl/players/30973/,2025-11-17T14:17:11Z
9,Sam Darnold,8,Sam Darnold. Franchise QB : r/Seahawks,https://www.reddit.com/r/Seahawks/comments/1nz87dt/sam_darnold_franchise_qb/,2025-11-17T14:17:11Z
9,Sam Darnold,9,Sam Darnold - Seattle Seahawks Quarterback - ESPN (UK),https://www.espn.co.uk/nfl/player/_/id/3912547/sam-darnold,2025-11-17T14:17:11Z
9,Sam Darnold,10,Help educate non-Panthers fan on what happened to Sam Darnold ...,https://www.reddit.com/r/panthers/comments/tsj5u5/help_educate_nonpanthers_fan_on_what_happened_to/,2025-11-17T14:17:11Z
9,Sam Darnold,11,Sam Darnold is DEALIN,https://www.facebook.com/PatMcAfeeSho/posts/sam-darnold-is-dealin-/1357875889041326/,2025-11-17T14:17:11Z
9,Sam Darnold,12,How mad at front office should be be about Sam darnold? : r ...,https://www.reddit.com/r/minnesotavikings/comments/1ohmf0v/how_mad_at_front_office_should_be_be_about_sam/,2025-11-17T14:17:11Z
9,Sam Darnold,13,Sam Darnold shouldn't have happened - Seaside Joe,https://www.seasidejoe.com/p/sam-darnold-shouldnt-have-happened,2025-11-17T14:17:11Z
9,Sam Darnold,14,Seahawks Show Support For Sam Darnold After Tough Outing: 'He's ...,https://www.seahawks.com/news/seahawks-show-support-for-sam-darnold-after-tough-outing-he-s-our-quarterback-we-ve-got-his-back,2025-11-17T14:17:11Z
9,Sam Darnold,15,Sam Darnold - Football - USC Athletics,https://usctrojans.com/sports/football/roster/sam-darnold/924,2025-11-17T14:17:11Z
9,Sam Darnold,16,"Ask The Old Guy: On Sam Darnold, and future line moves",https://www.panthers.com/news/ask-the-old-guy-on-sam-darnold-and-future-line-moves,2025-11-17T14:17:11Z
9,Sam Darnold,17,Seahawks sign former Bears fourth-round pick to practice squad,https://www.si.com/nfl/seahawks/onsi/seahawks-news/seahawks-sign-former-bears-fourth-round-pick-to-practice-squad,2025-11-17T14:17:11Z
9,Sam Darnold,18,Sam Darnold - Seattle Seahawks Quarterback - ESPN (AU),https://www.espn.com.au/nfl/player/_/id/3912547/sam-darnold,2025-11-17T14:17:11Z
9,Sam Darnold,19,"Sam Darnold - Wikipedia, la enciclopedia libre",https://es.wikipedia.org/wiki/Sam_Darnold,2025-11-17T14:17:11Z
9,Sam Darnold,20,Vikings Roster | Minnesota Vikings - vikings.com,https://www.vikings.com/team/players-roster/,2025-11-17T14:17:11Z
10,Browns,1,Browns Home | Cleveland Browns - clevelandbrowns.com,https://www.clevelandbrowns.com/,2025-11-17T14:17:16Z
10,Browns,2,Cleveland Browns (@Browns) / Posts / X,https://x.com/Browns,2025-11-17T14:17:16Z
10,Browns,3,Browns 2025 Schedule | Cleveland Browns - clevelandbrowns.com,https://www.clevelandbrowns.com/schedule/,2025-11-17T14:17:16Z
10,Browns,4,"Cleveland Browns Scores, Stats and Highlights - ESPN",https://www.espn.com/nfl/team/_/name/cle/cleveland-browns,2025-11-17T14:17:16Z
10,Browns,5,Official subreddit of The Cleveland Browns,https://www.reddit.com/r/Browns/,2025-11-17T14:17:16Z
10,Browns,6,Brown's Hotel: 5-Star Luxury Hotel in London,https://www.roccofortehotels.com/hotels-and-resorts/brown-s-hotel/,2025-11-17T14:17:16Z
10,Browns,7,Brown's Brewing Company,https://www.brownsbrewing.com/,2025-11-17T14:17:16Z
10,Browns,8,Cleveland Browns - Wikipedia,https://en.wikipedia.org/wiki/Cleveland_Browns,2025-11-17T14:17:16Z
10,Browns,9,"Cleveland Browns News, Scores, Stats, Schedule | NFL.com",https://www.nfl.com/teams/cleveland-browns/,2025-11-17T14:17:16Z
10,Browns,10,"Cleveland Browns (@clevelandbrowns) · Berea, OH",https://www.instagram.com/clevelandbrowns/?hl=en,2025-11-17T14:17:16Z
10,Browns,11,"Cleveland Browns (@clevelandbrowns) · Berea, OH",https://www.instagram.com/clevelandbrowns/?hl=en,2025-11-17T14:17:16Z
10,Browns,12,My Hash Browns Have Thawed. What Do I Do?! | Idaho Potato ...,https://idahopotato.com/dr-potato/my-hash-browns-have-thawed-what-do-i-do,2025-11-17T14:17:16Z
10,Browns,13,Brown University,https://www.brown.edu/,2025-11-17T14:17:16Z
10,Browns,14,Brown's Pharmacy | Empowering Wellness | Health & Beauty,https://browns.pharmacy/,2025-11-17T14:17:16Z
10,Browns,15,Browns Ferry Nuclear Plant,https://tva.com/energy/our-power-system/nuclear/browns-ferry-nuclear-plant,2025-11-17T14:17:16Z
10,Browns,16,Hendersonville Florist - Flower Delivery by Brown's Florist,https://www.brownsflorist.net/,2025-11-17T14:17:16Z
10,Browns,17,Q&A: Who Invented Hash Browns? | Idaho Potato Commission,https://idahopotato.com/dr-potato/qa-who-invented-hash-browns,2025-11-17T14:17:16Z
10,Browns,18,BOBBI BROWN – Official Website | Skincare and Makeup,https://www.bobbibrowncosmetics.com/,2025-11-17T14:17:16Z
10,Browns,19,Browns Park National Wildlife Refuge | U.S. Fish & Wildlife Service,https://www.fws.gov/refuge/browns-park,2025-11-17T14:17:16Z
10,Browns,20,Browns Canyon | Bureau of Land Management,https://www.blm.gov/programs/national-conservation-lands/colorado/browns-canyon,2025-11-17T14:17:16Z
12,Mahomes,1,Patrick Mahomes - Kansas City Chiefs Quarterback - ESPN,https://www.espn.com/nfl/player/_/id/3139477/patrick-mahomes,2025-11-17T14:17:24Z
12,Mahomes,2,Patrick Mahomes - Wikipedia,https://en.wikipedia.org/wiki/Patrick_Mahomes,2025-11-17T14:17:24Z
12,Mahomes,3,"Patrick Mahomes Stats, Height, Weight, Position, Draft, College | Pro ...",https://www.pro-football-reference.com/players/M/MahoPa00.htm,2025-11-17T14:17:24Z
12,Mahomes,4,"Patrick Mahomes, Brittany Mahomes' Team Announces 'First-Ever ...",https://sports.yahoo.com/article/patrick-mahomes-brittany-mahomes-team-235650491.html,2025-11-17T14:17:24Z
12,Mahomes,5,Patrick Mahomes II (@patrickmahomes) • Instagram photos and videos,https://www.instagram.com/patrickmahomes/?hl=en,2025-11-17T14:17:24Z
12,Mahomes,6,Patrick Mahomes,https://www.chiefs.com/team/players-roster/patrick-mahomes/,2025-11-17T14:17:24Z
12,Mahomes,7,"Patrick Mahomes Stats, News and Video - QB | NFL.com",https://www.nfl.com/players/patrick-mahomes/,2025-11-17T14:17:24Z
12,Mahomes,8,Chiefs QB Patrick Mahomes Praying for Teammate Amid Puzzling ...,https://www.newsweek.com/sports/nfl/chiefs-qb-patrick-mahomes-praying-for-teammate-amid-puzzling-absence-10885623,2025-11-17T14:17:24Z
12,Mahomes,9,Brittany Mahomes (@brittanylynne) • Instagram photos and videos,https://www.instagram.com/brittanylynne/?hl=en,2025-11-17T14:17:24Z
12,Mahomes,10,Patrick Mahomes II (@PatrickMahomes) / Posts / X,https://x.com/PatrickMahomes,2025-11-17T14:17:24Z
12,Mahomes,11,NFL Reacts to Patrick Mahomes Development on Sunday - Athlon ...,https://athlonsports.com/nfl/kansas-city-chiefs/nfl-shares-patrick-mahomes-drake-maye-development-on-sunday,2025-11-17T14:17:24Z
12,Mahomes,12,"adidas, Mahomes sign inaugural ""Team Mahomes"" class - Texas ...",https://texastech.com/news/2024/8/23/football-adidas-mahomes-sign-inaugural-team-mahomes-class,2025-11-17T14:17:24Z
12,Mahomes,13,NFL Draft Cover Letter by Patrick Mahomes | The Players' Tribune,https://www.theplayerstribune.com/articles/patrick-mahomes-ii-texas-tech-nfl-draft-cover-letter,2025-11-17T14:17:24Z
12,Mahomes,14,Ranking Mahomes Era Playoff Losses (Based on disappointment) : r ...,https://www.reddit.com/r/KansasCityChiefs/comments/1b6u0ey/ranking_mahomes_era_playoff_losses_based_on/,2025-11-17T14:17:24Z
12,Mahomes,15,The Mahomes family dressed up as Spider-Man characters for ...,https://www.facebook.com/FarzinVousoughian/posts/the-mahomes-family-dressed-up-as-spider-man-characters-for-halloween-patrickmaho/1519568833063033/,2025-11-17T14:17:24Z
12,Mahomes,16,The New Narrative About Mahomes' Rings : r/KansasCityChiefs,https://www.reddit.com/r/KansasCityChiefs/comments/1hglihx/the_new_narrative_about_mahomes_rings/,2025-11-17T14:17:24Z
12,Mahomes,17,Randi Mahomes (@tootgail) / Posts / X,https://x.com/tootgail,2025-11-17T14:17:24Z
12,Mahomes,18,"Why Mahomes's ""Down Years"" in 2023 & 2024 Actually Prove His ...",https://www.reddit.com/r/KansasCityChiefs/comments/1jigl1j/why_mahomess_down_years_in_2023_2024_actually/,2025-11-17T14:17:24Z
12,Mahomes,19,Patrick Mahomes II - Football - Texas Tech Red Raiders,https://texastech.com/sports/football/roster/patrick-mahomes-ii/3309,2025-11-17T14:17:24Z
12,Mahomes,20,Len Dawson relishes Patrick Mahomes breaking his 1964 record ...,https://www.profootballhof.com/news/2018/11/len-dawson-relishes-patrick-mahomes-breaking-his-1964-record/,2025-11-17T14:17:24Z
13,Epstein,1,Jeffrey Epstein - Wikipedia,https://en.wikipedia.org/wiki/Jeffrey_Epstein,2025-11-17T14:17:28Z
13,Epstein,2,Multi-disciplinary Design and Construction | Epstein,https://www.epsteinglobal.com/,2025-11-17T14:17:28Z
13,Epstein,3,"Indictment, JEFFREY EPSTEIN",https://www.justice.gov/usao-sdny/press-release/file/1180481/dl,2025-11-17T14:17:28Z
13,Epstein,4,Jeffrey Epstein cultivated celebrity relationships for years. Many ...,https://www.cbsnews.com/news/jeffrey-epstein-celebrity-relationships-documents/,2025-11-17T14:17:28Z
13,Epstein,5,Who was Jeffrey Epstein? The disgraced financier with powerful ...,https://www.bbc.com/news/world-us-canada-48913377,2025-11-17T14:17:28Z
13,Epstein,6,Listen To The Jeffrey Epstein Tapes: 'I Was Donald Trump's Closest ...,https://docs.house.gov/meetings/JU/JU08/20250227/117951/HHRG-119-JU08-20250227-SD006-U6.pdf,2025-11-17T14:17:28Z
13,Epstein,7,Watch Jeffrey Epstein: Filthy Rich | Netflix Official Site,https://www.netflix.com/title/80224905,2025-11-17T14:17:28Z
13,Epstein,8,Oversight Committee Releases Additional Epstein Estate ...,https://oversight.house.gov/release/oversight-committee-releases-additional-epstein-estate-documents/,2025-11-17T14:17:28Z
13,Epstein,9,What do we know about the Jeffrey Epstein files?,https://www.bbc.com/news/articles/c20r07dg6kro,2025-11-17T14:17:28Z
13,Epstein,10,Epstein Becker Green - Law Firm,https://www.ebglaw.com/,2025-11-17T14:17:28Z
13,Epstein,11,Harvey Epstein - Assembly District 74 |Assembly Member Directory ...,https://nyassembly.gov/mem/Harvey-Epstein/contact/,2025-11-17T14:17:28Z
13,Epstein,12,Text - H.Res.581 - 119th Congress (2025-2026): Providing for ...,https://www.congress.gov/bill/119th-congress/house-resolution/581/text,2025-11-17T14:17:28Z
13,Epstein,13,Harvey Epstein - Assembly District 74 |Assembly Member Directory ...,https://nyassembly.gov/mem/Harvey-Epstein,2025-11-17T14:17:28Z
13,Epstein,14,Jason I. Epstein - Nelson Mullins,https://www.nelsonmullins.com/professionals/jason-epstein,2025-11-17T14:17:28Z
13,Epstein,15,Text - H.R.4405 - 119th Congress (2025-2026): Epstein Files ...,https://www.congress.gov/bill/119th-congress/house-bill/4405/text,2025-11-17T14:17:28Z
13,Epstein,16,Richard Epstein - Overview | NYU School of Law,https://its.law.nyu.edu/facultyprofiles/index.cfm?fuseaction=profile.overview&personid=26355,2025-11-17T14:17:28Z
13,Epstein,17,Shira Eve Epstein | The City College of New York,https://www.ccny.cuny.edu/profiles/shira-eve-epstein,2025-11-17T14:17:28Z
13,Epstein,18,Dr. Marc E. Epstein,https://www.cdfa.ca.gov/plant/ppd/staff/mepstein.html,2025-11-17T14:17:28Z
13,Epstein,19,Mitch Epstein,https://mitchepstein.net/,2025-11-17T14:17:28Z
13,Epstein,20,Epstein-Barr viral DNA in tissues of Hodgkin's disease,https://pubmed.ncbi.nlm.nih.gov/2821817/,2025-11-17T14:17:28Z
14,Josh Allen,1,Josh Allen - Wikipedia,https://en.wikipedia.org/wiki/Josh_Allen,2025-11-17T14:17:33Z
14,Josh Allen,2,Josh Allen - Buffalo Bills Quarterback - ESPN,https://www.espn.com/nfl/player/_/id/3918298/josh-allen,2025-11-17T14:17:33Z
14,Josh Allen,3,Josh Allen (@joshallenqb) • Instagram photos and videos,https://www.instagram.com/joshallenqb/?hl=en,2025-11-17T14:17:33Z
14,Josh Allen,4,"Josh Allen Stats, Height, Weight, Position, Draft, College | Pro ...",https://www.pro-football-reference.com/players/A/AlleJo02.htm,2025-11-17T14:17:33Z
14,Josh Allen,5,"Josh Allen on Instagram: ""♾️ 11•22•24 ♾️""",https://www.instagram.com/p/DC-FITTRHu4/,2025-11-17T14:17:33Z
14,Josh Allen,6,"Josh Allen Stats, News and Video - QB | NFL.com",https://www.nfl.com/players/josh-allen/,2025-11-17T14:17:33Z
14,Josh Allen,7,Josh Allen (@JoshAllenQB) / Posts / X,https://x.com/JoshAllenQB?lang=en,2025-11-17T14:17:33Z
14,Josh Allen,8,Josh Allen (@JoshAllenQB) / X,https://twitter.com/JoshAllenQB,2025-11-17T14:17:33Z
14,Josh Allen,9,Josh Allen,https://www.buffalobills.com/team/players-roster/josh-allen/,2025-11-17T14:17:33Z
14,Josh Allen,10,[Post Game] Bills Win 44 - 32. 6 TDs for Josh Allen : r/buffalobills,https://www.reddit.com/r/buffalobills/comments/1oyxye4/post_game_bills_win_44_32_6_tds_for_josh_allen/,2025-11-17T14:17:33Z
14,Josh Allen,11,Josh Allen - Football - University of Wyoming Athletics,https://gowyo.com/sports/football/roster/josh-allen/1509,2025-11-17T14:17:33Z
14,Josh Allen,12,How bad was Josh Allen his first year or two? : r/buffalobills,https://www.reddit.com/r/buffalobills/comments/1fwcc3z/how_bad_was_josh_allen_his_first_year_or_two/,2025-11-17T14:17:33Z
14,Josh Allen,13,"Josh Allen - CRO, Quickbase | LinkedIn",https://www.linkedin.com/in/josh-a,2025-11-17T14:17:33Z
14,Josh Allen,14,Josh Allen was the biggest reason why the offense struggled versus ...,https://www.reddit.com/r/buffalobills/comments/1ox6lm4/josh_allen_was_the_biggest_reason_why_the_offense/,2025-11-17T14:17:33Z
14,Josh Allen,15,Josh Allen – UK Athletics,https://ukathletics.com/sports/football/roster/player/josh-allen/,2025-11-17T14:17:33Z
14,Josh Allen,16,Greatest QB in Buffalo History? Jim Kelly or Josh Allen. Discuss. : r ...,https://www.reddit.com/r/buffalobills/comments/1gr57cj/greatest_qb_in_buffalo_history_jim_kelly_or_josh/,2025-11-17T14:17:33Z
14,Josh Allen,17,Josh Hines-Allen,https://www.jaguars.com/team/players-roster/josh-allen/,2025-11-17T14:17:33Z
14,Josh Allen,18,Josh Allen is our QB. That means we will be having fun seasons for ...,https://www.reddit.com/r/buffalobills/comments/1ic1pj0/josh_allen_is_our_qb_that_means_we_will_be_having/,2025-11-17T14:17:33Z
14,Josh Allen,19,OLB Josh Allen,https://www.tennesseetitans.com/news/olb-josh-allen-x3238,2025-11-17T14:17:33Z
14,Josh Allen,20,Josh Allen's 2024 NFL MVP Speech - Full Transcript — Neil Pasricha,https://www.neil.blog/full-speech-transcript/josh-allens-2024-nfl-mvp-speech-full-transcript,2025-11-17T14:17:33Z
15,#UFC322,1,VeChain UFC 322: Della Maddalena vs Makhachev | UFC,https://www.ufc.com/event/ufc-322,2025-11-17T14:17:38Z
15,#UFC322,2,UFC 322 - Wikipedia,https://en.wikipedia.org/wiki/UFC_322,2025-11-17T14:17:38Z
15,#UFC322,3,UFC 322: Della Maddalena vs. Makhachev Fight Results - ESPN,https://www.espn.com/mma/fightcenter/_/id/600055729/league/ufc,2025-11-17T14:17:38Z
15,#UFC322,4,Islam & Khabib. Legendary #UFC322,https://www.facebook.com/ESPN/posts/islam-khabib-legendary-ufc322/4127659492062957/,2025-11-17T14:17:38Z
15,#UFC322,5,UFC 322: Della Maddalena vs. Makhachev | MMA Event | Tapology,https://www.tapology.com/fightcenter/events/132653-ufc-322,2025-11-17T14:17:38Z
15,#UFC322,6,The GREATEST ! @bulletvalentina #AndStill #UFC322,https://www.facebook.com/antoninalapantera/posts/the-greatest-bulletvalentina-andstill-ufc322/1431120865036421/,2025-11-17T14:17:38Z
15,#UFC322,7,I can already hear the sound #ufc322 #nyc #ny #robocop,https://x.com/gregory_mma/status/1989389579091333339,2025-11-17T14:17:38Z
15,#UFC322,8,#UFC322,https://www.facebook.com/bulletvalentina/posts/ufc322-/1376201377203927/,2025-11-17T14:17:38Z
15,#UFC322,9,"""#UFC322"" - Results on X | Live Posts & Updates",https://x.com/search?q=%23UFC322,2025-11-17T14:17:38Z
15,#UFC322,10,#UFC322,https://www.facebook.com/IslamMakhachevUFC/posts/ufc322/1177291701174218/,2025-11-17T14:17:38Z
15,#UFC322,11,"Weight made, face-off done — see you in the war #ufc322 #nyc #ny ...",https://x.com/gregory_mma/status/1989495357345337429,2025-11-17T14:17:38Z
15,#UFC322,12,#AndStill #VeChain #UFC322,https://www.facebook.com/danawhite/posts/andstill-vechain-ufc322/1374544644036937/,2025-11-17T14:17:38Z
15,#UFC322,13,Day 3 in NYC! #ufc322 #nyc #Robocop #newyork,https://x.com/gregory_mma/status/1989051120434704579,2025-11-17T14:17:38Z
15,#UFC322,14,Poor jack!! #UFC322 1/3 ROUND 1 SAN ROUND 5,https://www.facebook.com/groups/287368208532864/posts/1978722302730771/,2025-11-17T14:17:38Z
15,#UFC322,15,Robocop in the New York vibe #ufc322 #nyc #robocop #nyc,https://x.com/gregory_mma/status/1989168375403278564,2025-11-17T14:17:38Z
15,#UFC322,16,#AndNew #VeChain #UFC322,https://www.facebook.com/danawhite/posts/andnew-vechain-ufc322/1374574760700592/,2025-11-17T14:17:38Z
15,#UFC322,17,"Bo #ufc322 I should have written when he won, but I was sleeping ...",https://x.com/romandolidzeufc/status/1989942508126929052,2025-11-17T14:17:38Z
15,#UFC322,18,DELLA MADDALENA vs MAKHACHEV! #VeChain #UFC322 is LIVE ...,https://www.facebook.com/danawhite/posts/della-maddalena-vs-makhachev-vechain-ufc322-is-live-tomorrow-on-espn-ppv/1373607554130646/,2025-11-17T14:17:38Z
15,#UFC322,19,Still watching #UFC322,https://x.com/DianaBelbita/status/1989932478849847637,2025-11-17T14:17:38Z
15,#UFC322,20,Training camp #UFC322,https://www.facebook.com/bulletvalentina/posts/training-camp-ufc322-/1367485044742227/,2025-11-17T14:17:38Z
16,Gabriel,1,Gabriel - Wikipedia,https://en.wikipedia.org/wiki/Gabriel,2025-11-17T14:17:42Z
16,Gabriel,2,Home | Gabriel,https://gabriel.com/,2025-11-17T14:17:42Z
16,Gabriel,3,PeterGabriel.com: News,https://petergabriel.com/,2025-11-17T14:17:42Z
16,Gabriel,4,Gabriel Scott: Contemporary Lighting & Furniture Designer,https://gabriel-scott.com/,2025-11-17T14:17:42Z
16,Gabriel,5,Gabriel & Co. | Luxury Bridal & Fashion Jewelry Designer since 1989,https://www.gabrielny.com/,2025-11-17T14:17:42Z
16,Gabriel,6,Gabriel – Global specialist in fabrics for furniture and interior ...,https://www.gabrielfabrics.com/,2025-11-17T14:17:42Z
16,Gabriel,7,Gabriel Magalhães (@_gabrielmagalhaes) • Instagram photos and ...,https://www.instagram.com/_gabrielmagalhaes/?hl=en,2025-11-17T14:17:42Z
16,Gabriel,8,Gabriel (2007) - IMDb,https://www.imdb.com/title/tt0857376/,2025-11-17T14:17:42Z
16,Gabriel,9,Gabriel 'Fluffy' Iglesias - Fluffyguy.com,https://fluffyguy.com/,2025-11-17T14:17:42Z
16,Gabriel,10,Gabriel's Desserts - Gabriel's Bakery - From scratch bakery in ...,https://www.gabrielsdesserts.com/,2025-11-17T14:17:42Z
16,Gabriel,11,Official Website - Assemblymember Jesse Gabriel Representing the ...,https://a46.asmdc.org/,2025-11-17T14:17:42Z
16,Gabriel,12,GABRIEL - Album by keshi | Spotify,https://open.spotify.com/album/1WVIJaAboRSwJOe4u0n0Q7,2025-11-17T14:17:42Z
16,Gabriel,13,"Gabriel's Italian Restaurants Central Park South,Italian Restaurants ...",https://www.gabrielsbarandrest.com/,2025-11-17T14:17:42Z
16,Gabriel,14,Gabriel Kreuther Restaurant,https://www.gknyc.com/,2025-11-17T14:17:42Z
16,Gabriel,15,Gabriel's of Santa Fe,https://www.gabrielsofsantafe.com/,2025-11-17T14:17:42Z
16,Gabriel,16,Gabriel Zucman,https://gabriel-zucman.eu/,2025-11-17T14:17:42Z
16,Gabriel,17,"Gabriel Cosmetics, Zuzu Luxe and Clean Kids Naturally ...",https://gabrielcosmeticsinc.com/,2025-11-17T14:17:42Z
16,Gabriel,18,Peter Gabriel,https://www.facebook.com/PeterGabriel/,2025-11-17T14:17:42Z
16,Gabriel,19,Gabriel Bortoleto (@gabortoleto85) / Posts / X,https://x.com/gabortoleto85?lang=en,2025-11-17T14:17:42Z
16,Gabriel,20,Gabriel Fairman - Rethinking all aspects central to language ...,https://www.linkedin.com/in/gabrielfairman,2025-11-17T14:17:42Z
17,JJ McCarthy,1,J.J. McCarthy - Minnesota Vikings Quarterback - ESPN,https://www.espn.com/nfl/player/_/id/4433970/jj-mccarthy,2025-11-17T14:17:47Z
17,JJ McCarthy,2,J. J. McCarthy - Wikipedia,https://en.wikipedia.org/wiki/J._J._McCarthy,2025-11-17T14:17:47Z
17,JJ McCarthy,3,9 (@jjmccarthy) • Instagram photos and videos,https://www.instagram.com/jjmccarthy/?hl=en,2025-11-17T14:17:47Z
17,JJ McCarthy,4,"J.J. McCarthy Stats, Height, Weight, Position, Draft, College | Pro ...",https://www.pro-football-reference.com/players/M/McCaJJ00.htm,2025-11-17T14:17:47Z
17,JJ McCarthy,5,"J.J. McCarthy has the lowest passer rating this season, with a 61.7 ...",https://www.reddit.com/r/nfl/comments/1oz4i2u/jj_mccarthy_has_the_lowest_passer_rating_this/,2025-11-17T14:17:47Z
17,JJ McCarthy,6,J.J. McCarthy on X,https://x.com/jjmccarthy09/status/1328008127074217987?lang=en,2025-11-17T14:17:47Z
17,JJ McCarthy,7,The JJ McCarthy coming out party this sub threw a couple weeks ...,https://www.reddit.com/r/billsimmons/comments/1oyumv6/the_jj_mccarthy_coming_out_party_this_sub_threw_a/,2025-11-17T14:17:47Z
17,JJ McCarthy,8,J.J. McCarthy (@jjmccarthy09) / Posts / X,https://x.com/jjmccarthy09?lang=en,2025-11-17T14:17:47Z
17,JJ McCarthy,9,[Seifert] J.J. McCarthy's off-target rate at this point is 30%. Entering ...,https://www.reddit.com/r/nfl/comments/1oyvt0v/seifert_jj_mccarthys_offtarget_rate_at_this_point/,2025-11-17T14:17:47Z
17,JJ McCarthy,10,J.J. McCarthy - Football - University of Michigan Athletics,https://mgoblue.com/roster.aspx?rp_id=23085,2025-11-17T14:17:47Z
17,JJ McCarthy,11,J.J. McCarthy,https://www.vikings.com/team/players-roster/j-j-mccarthy/,2025-11-17T14:17:47Z
17,JJ McCarthy,12,"J.J. McCarthy Stats, News and Video - QB | NFL.com",https://www.nfl.com/players/j-j-mccarthy/,2025-11-17T14:17:47Z
17,JJ McCarthy,13,JJ McCarthy and Adam Thielen have worked out together the past ...,https://www.facebook.com/AdamSchefter/posts/jj-mccarthy-and-adam-thielen-have-worked-out-together-the-past-couple-of-offseas/1313716836790927/,2025-11-17T14:17:47Z
17,JJ McCarthy,14,JJ McCarthy (@jjmccarthyqb) | TikTok,https://www.tiktok.com/@jjmccarthyqb,2025-11-17T14:17:47Z
17,JJ McCarthy,15,Vikings' J.J. McCarthy in line to start vs. Lions: What Minnesota ...,https://www.nytimes.com/athletic/6747938/2025/10/24/vikings-jj-mccarthy-injury-return-lions/,2025-11-17T14:17:47Z
17,JJ McCarthy,16,Minnesota Vikings QB J.J. McCarthy facing fan wrath after Week 11 ...,https://www.dailynorseman.com/minnesota-vikings-2025-season/92927/j-j-mccarthy-minnesota-vikings-why-because-we-have-to,2025-11-17T14:17:47Z
17,JJ McCarthy,17,Minnesota Vikings QB J.J. McCarthy reveals gameday alter ego ...,https://www.cbsnews.com/minnesota/news/minnesota-vikings-jj-mccarthy-gameday-alter-ego-nine/,2025-11-17T14:17:47Z
17,JJ McCarthy,18,J.J. McCarthy - Minnesota Vikings Quarterback - ESPN (UK),https://www.espn.co.uk/nfl/player/_/id/4433970/jj-mccarthy,2025-11-17T14:17:47Z
17,JJ McCarthy,19,J.J. McCarthy - Minnesota Vikings Quarterback - ESPN (AU),https://www.espn.com.au/nfl/player/_/id/4433970/jj-mccarthy,2025-11-17T14:17:47Z
17,JJ McCarthy,20,"J.J. McCarthy, Minnesota, Quarterback",https://247sports.com/player/jj-mccarthy-46042742/,2025-11-17T14:17:47Z
18,Bryce Young,1,Bryce Young - Carolina Panthers Quarterback - ESPN,https://www.espn.com/nfl/player/_/id/4685720/bryce-young,2025-11-17T14:17:52Z
18,Bryce Young,2,Bryce Young (@bryceyoung) • Instagram photos and videos,https://www.instagram.com/bryceyoung/?hl=en,2025-11-17T14:17:52Z
18,Bryce Young,3,Bryce Young - Wikipedia,https://en.wikipedia.org/wiki/Bryce_Young,2025-11-17T14:17:52Z
18,Bryce Young,4,"Bryce Young Stats, Height, Weight, Position, Draft, College | Pro ...",https://www.pro-football-reference.com/players/Y/YounBr01.htm,2025-11-17T14:17:52Z
18,Bryce Young,5,"Bryce Young Stats, News and Video - QB | NFL.com",https://www.nfl.com/players/bryce-young/,2025-11-17T14:17:52Z
18,Bryce Young,6,Was Bryce Young's leap for real? - by Oliver Connolly,https://www.readoptional.com/p/was-bryce-youngs-leap-for-real,2025-11-17T14:17:52Z
18,Bryce Young,7,Bryce Young (@_bryce_young) / Posts / X,https://x.com/_bryce_young?lang=en,2025-11-17T14:17:52Z
18,Bryce Young,8,Bryce Young - Football - Alabama Athletics,https://rolltide.com/sports/football/roster/bryce-young/7324,2025-11-17T14:17:52Z
18,Bryce Young,9,Bryce Young,https://www.panthers.com/team/players-roster/bryce-young/,2025-11-17T14:17:52Z
18,Bryce Young,10,Bryce Young - Carolina Panthers Quarterback - ESPN (UK),https://www.espn.co.uk/nfl/player/_/id/4685720/bryce-young,2025-11-17T14:17:52Z
18,Bryce Young,11,How good realistically do you think Bryce Young and these Panthers ...,https://www.reddit.com/r/panthers/comments/1ljs9kx/how_good_realistically_do_you_think_bryce_young/,2025-11-17T14:17:52Z
18,Bryce Young,12,Bryce Young - Carolina Panthers Quarterback - ESPN (AU),https://www.espn.com.au/nfl/player/_/id/4685720/bryce-young,2025-11-17T14:17:52Z
18,Bryce Young,13,Good play book options for Bryce Young? : r/Madden,https://www.reddit.com/r/Madden/comments/1cofwj8/good_play_book_options_for_bryce_young/,2025-11-17T14:17:52Z
18,Bryce Young,14,QB Bryce Young,https://www.tennesseetitans.com/news/qb-bryce-young,2025-11-17T14:17:52Z
18,Bryce Young,15,Surprised to learn Bryce Young isn't dual-threat : r/DynastyFF,https://www.reddit.com/r/DynastyFF/comments/12jrs77/surprised_to_learn_bryce_young_isnt_dualthreat/,2025-11-17T14:17:52Z
18,Bryce Young,16,"Bryce Young College Stats, School, Draft, Gamelog, Splits | College ...",https://www.sports-reference.com/cfb/players/bryce-young-1.html,2025-11-17T14:17:52Z
18,Bryce Young,17,Bryce Young Contract Extension? : r/panthers,https://www.reddit.com/r/panthers/comments/1ka638d/bryce_young_contract_extension/,2025-11-17T14:17:52Z
18,Bryce Young,18,"Even with Andy Dalton healthy, the Panthers will stick with Bryce ...",https://www.facebook.com/AdamSchefter/posts/even-with-andy-dalton-healthy-the-panthers-will-stick-with-bryce-young-as-their-/1098288741667072/,2025-11-17T14:17:52Z
18,Bryce Young,19,Bryce Young's year in fantasy. : r/DynastyFF,https://www.reddit.com/r/DynastyFF/comments/1i0upw6/bryce_youngs_year_in_fantasy/,2025-11-17T14:17:52Z
18,Bryce Young,20,Staff Directory • Bryce Young,https://www.kinggeorgecountyva.gov/directory.aspx?EID=280,2025-11-17T14:17:52Z
19,Vikings,1,Vikings Official Team Website | Minnesota Vikings - vikings.com,https://www.vikings.com/,2025-11-17T14:17:56Z
19,Vikings,2,"Minnesota Vikings Scores, Stats and Highlights - ESPN",https://www.espn.com/nfl/team/_/name/min/minnesota-vikings,2025-11-17T14:17:56Z
19,Vikings,3,Vikings - Wikipedia,https://en.wikipedia.org/wiki/Vikings,2025-11-17T14:17:56Z
19,Vikings,4,Vikings (TV Series 2013–2020) - IMDb,https://www.imdb.com/title/tt2306299/,2025-11-17T14:17:56Z
19,Vikings,5,Minnesota Vikings (@Vikings) / Posts / X,https://x.com/Vikings?lang=en,2025-11-17T14:17:56Z
19,Vikings,6,Minnesota Vikings (@vikings) • Instagram photos and videos,https://www.instagram.com/vikings/?hl=en,2025-11-17T14:17:56Z
19,Vikings,7,SKOL,https://www.reddit.com/r/minnesotavikings/,2025-11-17T14:17:56Z
19,Vikings,8,Alec Lewis (@alec_lewis) / Posts / X,https://x.com/alec_lewis,2025-11-17T14:17:56Z
19,Vikings,9,why do vikings always win the war? : r/forhonor,https://www.reddit.com/r/forhonor/comments/1dkh7bw/why_do_vikings_always_win_the_war/,2025-11-17T14:17:56Z
19,Vikings,10,Portland State University Athletics - Official Athletics Website,https://goviks.com/,2025-11-17T14:17:56Z
19,Vikings,11,Portland State University Athletics - Official Athletics Website,https://goviks.com/,2025-11-17T14:17:56Z
19,Vikings,12,Why do Vikings always win the war map? : r/forhonor,https://www.reddit.com/r/forhonor/comments/1evokry/why_do_vikings_always_win_the_war_map/,2025-11-17T14:17:56Z
19,Vikings,13,"Minnesota Vikings News, Scores, Stats, Schedule | NFL.com",https://www.nfl.com/teams/minnesota-vikings/,2025-11-17T14:17:56Z
19,Vikings,14,How good or bad are Vikings these days? : r/aoe2,https://www.reddit.com/r/aoe2/comments/1grwntj/how_good_or_bad_are_vikings_these_days/,2025-11-17T14:17:56Z
19,Vikings,15,Minnesota Vikings Report Card 2025 | NFLPA,https://nflpa.com/report-cards/2025/minnesota-vikings,2025-11-17T14:17:56Z
19,Vikings,16,[Spoilers] Just finished Vikings and my thoughts : r/vikingstv,https://www.reddit.com/r/vikingstv/comments/1eyfubk/spoilers_just_finished_vikings_and_my_thoughts/,2025-11-17T14:17:56Z
19,Vikings,17,3 Reasons Why “Vikings” is the Most Religiously Interesting Show ...,https://www.wordonfire.org/articles/barron/3-reasons-why-vikings-is-the-most-religiously-interesting-show-on-tv/,2025-11-17T14:17:56Z
19,Vikings,18,Access Vikings: Why the franchise tag actually is an option on Sam ...,https://www.reddit.com/r/minnesotavikings/comments/1hirpin/access_vikings_why_the_franchise_tag_actually_is/,2025-11-17T14:17:56Z
19,Vikings,19,"Watch Vikings Full Episodes, Video & More | HISTORY Channel",https://www.history.com/shows/vikings,2025-11-17T14:17:56Z
19,Vikings,20,"[SPOILERS] ""Vikings: Valhalla"" is just... meh. : r/vikingstv",https://www.reddit.com/r/vikingstv/comments/198z7ro/spoilers_vikings_valhalla_is_just_meh/,2025-11-17T14:17:56Z
20,Go Birds,1,GO birds? : r/eagles,https://www.reddit.com/r/eagles/comments/1jaau09/go_birds/,2025-11-17T14:18:01Z
20,Go Birds,2,Go Birds! - Podcast - Apple Podcasts,https://podcasts.apple.com/us/podcast/go-birds/id787201336,2025-11-17T14:18:01Z
20,Go Birds,3,"Hannah Einbinder says ""Go Birds, F*ck ICE and free Palestine ...",https://www.reddit.com/r/Jewish/comments/1nh92it/hannah_einbinder_says_go_birds_fck_ice_and_free/,2025-11-17T14:18:01Z
20,Go Birds,4,The Universal Language of “Go Birds” | by Ned Donovan | Medium,https://neddonovan.medium.com/the-universal-language-of-go-birds-7ec5b670544f,2025-11-17T14:18:01Z
20,Go Birds,5,How do you usually respond when somebody says “Go Birds” : r ...,https://www.reddit.com/r/eagles/comments/qwtx9e/how_do_you_usually_respond_when_somebody_says_go/,2025-11-17T14:18:01Z
20,Go Birds,6,When did the phrase 'go birds' start gaining popularity?,https://www.facebook.com/groups/eaglespositivefangroup/posts/1713332772606244/,2025-11-17T14:18:01Z
20,Go Birds,7,"What ""Go Birds"" means and how to sign it - Axios Philadelphia",https://www.axios.com/local/philadelphia/2025/09/18/go-birds-meaning-sign-philadelphia-eagles,2025-11-17T14:18:01Z
20,Go Birds,8,What is the proper response to say when someone says 'GO BIRDS'?,https://www.facebook.com/groups/eaglespositivefangroup/posts/1691813881424800/,2025-11-17T14:18:01Z
20,Go Birds,9,Go Birds Sweatshirt – The Little Apple,https://thelittleapplestore.com/products/preorder-go-birds-sweatshirt,2025-11-17T14:18:01Z
20,Go Birds,10,Do any of the other bird teams say Go Birds? Do they have any ...,https://www.facebook.com/groups/eaglespositivefangroup/posts/1667558703850318/,2025-11-17T14:18:01Z
20,Go Birds,11,GO BIRDS!! The collective power of all the silly gooses wearing their ...,https://www.instagram.com/p/DF4IHcaxxat/,2025-11-17T14:18:01Z
20,Go Birds,12,"Is it wrong to say ""go eagles"" instead of ""go birds""?",https://www.facebook.com/groups/eaglespositivefangroup/posts/1635766243696231/,2025-11-17T14:18:01Z
20,Go Birds,13,Go Birds (@gobirdspod) • Instagram photos and videos,https://www.instagram.com/gobirdspod/?hl=en,2025-11-17T14:18:01Z
20,Go Birds,14,So… how do we say “Go Birds” in Italian? I'm preparing for next ...,https://www.facebook.com/groups/eaglespositivefangroup/posts/1723992564873598/,2025-11-17T14:18:01Z
20,Go Birds,15,GO BIRDS,https://www.flyingfish.com/beers/go-birds,2025-11-17T14:18:01Z
20,Go Birds,16,What's the best response to 'Go Birds'?,https://www.facebook.com/groups/eaglespositivefangroup/posts/1722246105048244/,2025-11-17T14:18:01Z
20,Go Birds,17,Eagles ' GO BIRDS ' Knit Cardigan – Baked,https://bakedtanning.com/products/eagles-knit-cardigan-1,2025-11-17T14:18:01Z
20,Go Birds,18,"What is a simple ""Go Birds"" svg in the Eagles font?",https://www.facebook.com/groups/4513942185340216/posts/9223519931049061/,2025-11-17T14:18:01Z
20,Go Birds,19,GO! Birds – AccuQuilt,https://www.accuquilt.com/go-birds.html,2025-11-17T14:18:01Z
20,Go Birds,20,What does 'Go Birds' mean to Eagles fans in Maryland?,https://www.facebook.com/groups/eaglespositivefangroup/posts/1778525419420312/,2025-11-17T14:18:01Z
21,#ChaoVendeHumo,1,Gummy @Gummulai - Twitter Profile | TwStalker,https://twstalker.com/Gummulai,2025-11-17T14:18:05Z
21,#ChaoVendeHumo,2,淫妻慧慧@yinqihuihui - Twitter Profile | TwStalker,https://ww.twstalker.com/yinqihuihui,2025-11-17T14:18:05Z
21,#ChaoVendeHumo,3,lilou @Mica02011999 - Twitter Profile | TwStalker,https://twstalker.com/Mica02011999,2025-11-17T14:18:05Z
21,#ChaoVendeHumo,4,91-阅逼者【原创】 @linlin7896 - Twitter Profile | TwStalker,https://www.twstalker.com/linlin7896,2025-11-17T14:18:05Z
21,#ChaoVendeHumo,5,Alone. @cdboboll - Twitter Profile | TwStalker,https://www.twstalker.com/cdboboll,2025-11-17T14:18:05Z
22,Bubba,1,"BUBBA | Fishing Gear, Knives, and Tools",https://www.bubba.com/,2025-11-17T14:18:10Z
22,Bubba,2,Bubba - Southern Comforts Restaurant,https://www.bubbadsm.com/,2025-11-17T14:18:10Z
22,Bubba,3,Bubba's 33: Home,https://www.bubbas33.com/,2025-11-17T14:18:10Z
22,Bubba,4,Bubba Wallace (@bubbawallace) • Instagram photos and videos,https://www.instagram.com/bubbawallace/?hl=en,2025-11-17T14:18:10Z
22,Bubba,5,Bubba Gump Shrimp Co. | Seafood Restaurant,https://www.bubbagump.com/,2025-11-17T14:18:10Z
22,Bubba,6,bubba watson (@bubbawatson) / Posts / X,https://x.com/bubbawatson?lang=en,2025-11-17T14:18:10Z
22,Bubba,7,Bubba Sparxxx Music,https://www.facebook.com/TheRealBubbaK/,2025-11-17T14:18:10Z
22,Bubba,8,Bubba - Wikipedia,https://en.wikipedia.org/wiki/Bubba,2025-11-17T14:18:10Z
22,Bubba,9,BUBBA - Album by KAYTRANADA | Spotify,https://open.spotify.com/album/5FQ4sOGqRWUA5wO20AwPcO,2025-11-17T14:18:10Z
22,Bubba,10,Bubba's – Restaurant & Bar – Traverse City Restaurant,https://www.tcbubbas.com/,2025-11-17T14:18:10Z
22,Bubba,11,"Bubba's Frozen Custard - Burger Joint in Pewaukee, WI",https://www.bubbasfrozencustard.com/,2025-11-17T14:18:10Z
22,Bubba,12,"Bubba Brand: Your Favorite Water Bottles, Jugs, & Tumblers",https://www.bubbabrands.com/,2025-11-17T14:18:10Z
22,Bubba,13,Mama.Papa.Bubba.: Home,https://mamapapabubba.com/,2025-11-17T14:18:10Z
22,Bubba,14,"Home • Bubba's ""Cooks Country"" • Dallas, TX",https://bubbascookscountry.com/,2025-11-17T14:18:10Z
22,Bubba,15,Angus Beef BUBBA burger | The Classic 100 ... - BUBBA Burger,https://bubbafoods.com/products/angus-beef/,2025-11-17T14:18:10Z
22,Bubba,16,"Obituary information for Brandon ""Bubba"" Brewster",https://www.williams-kampp.com/obituaries/Brandon-Bubba-Brewster?obId=43941330,2025-11-17T14:18:10Z
22,Bubba,17,Did DJ carry Bubba? : r/Inkmaster,https://www.reddit.com/r/Inkmaster/comments/1hwj21m/did_dj_carry_bubba/,2025-11-17T14:18:10Z
22,Bubba,18,Golden Isles Favorite Bubba Garcia's arrives in Savannah - Eat It ...,https://eatitandlikeit.com/golden-isles-favorite-bubba-garcias-arrives-in-savannah/,2025-11-17T14:18:10Z
22,Bubba,19,"James Purnell ""Bubba"" Brinkley, Sr. Obituary October 20, 2025 ...",https://www.sumnerfuneral.com/obituaries/james-brinkley-sr,2025-11-17T14:18:10Z
22,Bubba,20,"A Tribute To Bubba, Wild Curly Stallion of Salt Wells Creek - Wild ...",https://www.wildhoofbeats.com/blog/a-tribute-to-bubba-wild-curly-stallion-of-salt-wells-creek,2025-11-17T14:18:10Z
23,Chargers,1,Chargers Home | Los Angeles Chargers - chargers.com,https://www.chargers.com/,2025-11-17T14:18:14Z
23,Chargers,2,"Los Angeles Chargers Scores, Stats and Highlights - ESPN",https://www.espn.com/nfl/team/_/name/lac/los-angeles-chargers,2025-11-17T14:18:14Z
23,Chargers,3,Los Angeles Chargers (@chargers) / Posts / X,https://x.com/chargers,2025-11-17T14:18:14Z
23,Chargers,4,"Los Angeles Chargers (@chargers) · Los Angeles, CA",https://www.instagram.com/chargers/?hl=en,2025-11-17T14:18:14Z
23,Chargers,5,"Los Angeles Chargers News, Scores, Stats, Schedule | NFL.com",https://www.nfl.com/teams/los-angeles-chargers/,2025-11-17T14:18:14Z
23,Chargers,6,Los Angeles Chargers - Wikipedia,https://en.wikipedia.org/wiki/Los_Angeles_Chargers,2025-11-17T14:18:14Z
23,Chargers,7,Los Angeles Chargers,https://www.reddit.com/r/Chargers/,2025-11-17T14:18:14Z
23,Chargers,8,University of New Haven Athletics - Official Athletics Website,https://newhavenchargers.com/,2025-11-17T14:18:14Z
23,Chargers,9,Electric Vehicle Chargers in California,https://www.energy.ca.gov/data-reports/energy-almanac/zero-emission-vehicle-and-infrastructure-statistics-collection/electric,2025-11-17T14:18:14Z
23,Chargers,10,Rent A Suite | Chargers Suites,https://chargerssuites.com/games/,2025-11-17T14:18:14Z
23,Chargers,11,The New Dodge Charger | Dodge Charger EV,https://www.dodge.com/charger.html,2025-11-17T14:18:14Z
23,Chargers,12,Power-Sonic Chargers Designed for Optimal Performance,https://www.power-sonic.com/chargers/,2025-11-17T14:18:14Z
23,Chargers,13,Los Angeles Chargers Report Card 2025 | NFLPA,https://nflpa.com/report-cards/2025/los-angeles-chargers,2025-11-17T14:18:14Z
23,Chargers,14,Best Fast Chargers 2025 | GaN USB-C Chargers 65W & 35W ...,https://www.gravastar.com/collections/chargers,2025-11-17T14:18:14Z
23,Chargers,15,Shop Portable Battery Chargers and Power Banks | Nimble,https://www.gonimble.com/collections/portable-battery-chargers,2025-11-17T14:18:14Z
23,Chargers,16,Question for the Lectric group…. Do the battery chargers run hot? I ...,https://www.facebook.com/groups/lectric/posts/1628209344398523/,2025-11-17T14:18:14Z
23,Chargers,17,"Los Angeles Chargers News, Scores and Stats 2025-26 - CBS Sports",https://www.cbssports.com/nfl/teams/LAC/los-angeles-chargers/,2025-11-17T14:18:14Z
23,Chargers,18,Electric Car Chargers - Parking and Commuter Services,https://parking.caltech.edu/parking-info/electric-car-chargers,2025-11-17T14:18:14Z
23,Chargers,19,Chargers Perks | American Airlines,https://www.chargersperks.com/,2025-11-17T14:18:14Z
23,Chargers,20,CPSC Urges Consumers to Not Buy or Use “Universal” Chargers ...,https://www.cpsc.gov/Newsroom/News-Releases/2024/CPSC-Urges-Consumers-to-Not-Buy-or-Use-Universal-Chargers-with-Micromobility-Products-Due-to-Fire-Hazard,2025-11-17T14:18:14Z
24,Falcons,1,Falcons Home | Atlanta Falcons – atlantafalcons.com,https://www.atlantafalcons.com/,2025-11-17T14:18:19Z
24,Falcons,2,"Atlanta Falcons Scores, Stats and Highlights - ESPN",https://www.espn.com/nfl/team/_/name/atl/atlanta-falcons,2025-11-17T14:18:19Z
24,Falcons,3,/r/falcons: Home of the Atlanta Falcons,https://www.reddit.com/r/falcons/,2025-11-17T14:18:19Z
24,Falcons,4,Atlanta Falcons - Wikipedia,https://en.wikipedia.org/wiki/Atlanta_Falcons,2025-11-17T14:18:19Z
24,Falcons,5,"Atlanta Falcons News, Scores, Stats, Schedule | NFL.com",https://www.nfl.com/teams/atlanta-falcons/,2025-11-17T14:18:19Z
24,Falcons,6,Falcons Esports (@FalconsEsport) / Posts / X,https://x.com/FalconsEsport?lang=en,2025-11-17T14:18:19Z
24,Falcons,7,"Stream FALCONS music | Listen to songs, albums, playlists for free ...",https://soundcloud.com/FALCONS,2025-11-17T14:18:19Z
24,Falcons,8,Atlanta Falcons (@AtlantaFalcons) / Posts / X,https://x.com/AtlantaFalcons,2025-11-17T14:18:19Z
24,Falcons,9,Falcons | Baseball United,https://www.baseballunited.com/teams/franchises/mideast-falcons,2025-11-17T14:18:19Z
24,Falcons,10,Bowling Green State University Athletics - Official Athletics Website,https://bgsufalcons.com/,2025-11-17T14:18:19Z
24,Falcons,11,Air Force Academy Athletics - Official Athletics Website,https://goairforcefalcons.com/,2025-11-17T14:18:19Z
24,Falcons,12,Cal Falcons,https://calfalcons.berkeley.edu/,2025-11-17T14:18:19Z
24,Falcons,13,Atlanta Falcons Sports News & Analysis – USA TODAY,https://www.usatoday.com/sports/nfl/atlanta-falcons,2025-11-17T14:18:19Z
24,Falcons,14,Falcons team overview | HLTV.org,https://www.hltv.org/team/11283/falcons,2025-11-17T14:18:19Z
24,Falcons,15,"Atlanta Falcons vs. Carolina Panthers | Nov 16, 2025",https://www.mercedesbenzstadium.com/falcons-gameday/carolina-panthers,2025-11-17T14:18:19Z
24,Falcons,16,Atlanta Falcons (@atlantafalcons) • Instagram photos and videos,https://www.instagram.com/atlantafalcons/?hl=en,2025-11-17T14:18:19Z
24,Falcons,17,"Atlanta Falcons News, Scores and Stats 2025-26 - CBS Sports",https://www.cbssports.com/nfl/teams/ATL/atlanta-falcons/,2025-11-17T14:18:19Z
24,Falcons,18,SPU Athletics - Official Athletics Website,https://spufalcons.com/,2025-11-17T14:18:19Z
24,Falcons,19,Concordia University Wisconsin - Official Athletics Website,https://cuwfalcons.com/,2025-11-17T14:18:19Z
24,Falcons,20,The San Jose City Hall Falcons,https://www.facebook.com/SanJoseCityHallFalcons/,2025-11-17T14:18:19Z
25,riley moss,1,Riley Moss - Wikipedia,https://en.wikipedia.org/wiki/Riley_Moss,2025-11-17T14:18:23Z
25,riley moss,2,Riley Moss - Denver Broncos Cornerback - ESPN,https://www.espn.com/nfl/player/_/id/4382401/riley-moss,2025-11-17T14:18:23Z
25,riley moss,3,Riley Moss,https://www.denverbroncos.com/team/players-roster/riley-moss/,2025-11-17T14:18:23Z
25,riley moss,4,Riley Moss has become the ultimate Litmus Test for ball knowledge ...,https://www.reddit.com/r/DenverBroncos/comments/1nui79u/riley_moss_has_become_the_ultimate_litmus_test/,2025-11-17T14:18:23Z
25,riley moss,5,"Riley Moss Stats, Height, Weight, Position, Draft, College | Pro ...",https://www.pro-football-reference.com/players/M/MossRi00.htm,2025-11-17T14:18:23Z
25,riley moss,6,Riley Moss (@r_moss33) • Instagram photos and videos,https://www.instagram.com/r_moss33/?hl=en,2025-11-17T14:18:23Z
25,riley moss,7,Riley Moss (@R_moss5) / Posts / X,https://x.com/R_moss5,2025-11-17T14:18:23Z
25,riley moss,8,Riley Moss - Football 2018-19 - Iowa Hawkeyes Athletics - Official ...,https://hawkeyesports.com/sports/football/roster/player/riley-moss,2025-11-17T14:18:23Z
25,riley moss,9,NFL: Chris Harris disagrees with Shannon Sharpe's take on Riley ...,https://broncoswire.usatoday.com/story/sports/nfl/broncos/2025/10/28/nfl-shannon-sharpes-blasts-riley-moss/86935927007/,2025-11-17T14:18:23Z
25,riley moss,10,Vance Joseph drops truth bomb about Broncos' CB Riley Moss ...,https://predominantlyorange.com/vance-joseph-drops-truth-bomb-about-broncos-cb-riley-moss-ahead-of-week-6-01k754xz86aq,2025-11-17T14:18:23Z
25,riley moss,11,"Broncos' Riley Moss helps hold Cee Dee Lamb, George Pickens ...",https://www.denverpost.com/2025/10/26/riley-moss-broncos-cowboys-shannon-sharpe/,2025-11-17T14:18:23Z
25,riley moss,12,Broncos CB Riley Moss has allowed the LOWEST completion ...,https://www.facebook.com/footballforeverhq/posts/broncos-cb-riley-moss-has-allowed-the-lowest-completion-percentage-391-of-any-nf/1374970337966106/,2025-11-17T14:18:23Z
25,riley moss,13,"Colton Riley Moss Obituary April 17, 2024 - Walker Funeral Homes ...",https://www.walkerfuneralhomes.com/obituaries/colton-moss,2025-11-17T14:18:23Z
25,riley moss,14,How would you rate Riley Moss's time with the Broncos?,https://www.facebook.com/groups/491201367698175/posts/3149651001853185/,2025-11-17T14:18:23Z
25,riley moss,15,Broncos' Patrick Surtain jokes Riley Moss is being racially profiled ...,https://www.foxnews.com/sports/nfl-star-playfully-claims-white-teammate-being-racially-profiled-refs-amid-rash-penalties,2025-11-17T14:18:23Z
25,riley moss,16,Riley Moss is the weakest link of the defense.,https://www.facebook.com/groups/754277154654477/posts/24417507744571419/,2025-11-17T14:18:23Z
25,riley moss,17,Riley Moss Draft and Combine Prospect Profile | NFL.com,https://www.nfl.com/prospects/riley-moss/32004d4f-5370-9340-14ef-a2c9b70519a7,2025-11-17T14:18:23Z
25,riley moss,18,"Denver Broncos Riley Moss Jerseys, Broncos Riley Moss Apparel ...",https://shop.denverbroncos.com/denver-broncos-riley-moss/t-36824607+a-8742007032+z-93-1193978280,2025-11-17T14:18:23Z
25,riley moss,19,Riley Moss - Denver Broncos Cornerback - ESPN (AU),https://www.espn.com.au/nfl/player/_/id/4382401/riley-moss,2025-11-17T14:18:23Z
25,riley moss,20,"Riley Moss Contract Details, Salary Cap Charges, Bonus Money ...",https://overthecap.com/player/riley-moss/10907,2025-11-17T14:18:23Z
1,#WWERaw,1,WWE (@WWE) / Posts / X,https://x.com/WWE,2025-11-18T03:12:48Z
1,#WWERaw,2,"face facts, 'cause your opinion don't matter #WWERaw",https://www.instagram.com/p/C8nkFh9OgK6/,2025-11-18T03:12:48Z
1,#WWERaw,3,Thrilled to have Pat McAfee every week on #WWERaw. Welcome ...,https://www.facebook.com/tripleh/posts/thrilled-to-have-pat-mcafee-every-week-on-wweraw-welcome-home-pat/930663708421888/,2025-11-18T03:12:48Z
1,#WWERaw,4,LOCKED. TF. IN. #WWE #RefCam #WWERaw #explorepage #fyp,https://www.instagram.com/reel/DG_Ih-UpgoA/,2025-11-18T03:12:48Z
1,#WWERaw,5,Tonight We are getting some fireworks on #WWERaw All Of them ...,https://www.facebook.com/WWEHeelYARD/posts/tonight-we-are-getting-some-fireworks-on-wweraw-all-of-them-returning-tonight-%EF%B8%8F/1404418398137849/,2025-11-18T03:12:48Z
1,#WWERaw,6,Raw | WWE,https://www.wwe.com/shows/raw,2025-11-18T03:12:48Z
1,#WWERaw,7,Cena vs. AJ Styles Thoughts? #WWERaw,https://www.facebook.com/johncena/posts/cena-vs-aj-stylesthoughts-wweraw/1341675220653433/,2025-11-18T03:12:48Z
1,#WWERaw,8,WWE Raw (TV Series 1993– ) - IMDb,https://www.imdb.com/title/tt0185103/,2025-11-18T03:12:48Z
1,#WWERaw,9,Pre #WWERaw pump!,https://www.facebook.com/ArcherOfInfamy/posts/pre-wweraw-pump/672544604682174/,2025-11-18T03:12:48Z
1,#WWERaw,10,Cory Hays on X: YCLBYCT #WWERAW : r/SquaredCircle,https://www.reddit.com/r/SquaredCircle/comments/1l60hd6/cory_hays_on_x_yclbyct_wweraw/,2025-11-18T03:12:48Z
1,#WWERaw,11,Liv Morgan is watching 👁️ #WWERAW,https://www.facebook.com/WWEHeelYARD/posts/liv-morgan-is-watching-%EF%B8%8Fwweraw/1392912939288395/,2025-11-18T03:12:48Z
1,#WWERaw,12,Watch Raw | Netflix Official Site,https://www.netflix.com/title/81788927,2025-11-18T03:12:48Z
1,#WWERaw,13,CM Punk is a class act. #WWE #CMPunk #WWERAW,https://www.facebook.com/83Weeks/posts/cm-punk-is-a-class-actwwe-cmpunk-wweraw/1343931004400492/,2025-11-18T03:12:48Z
1,#WWERaw,14,WWE Raw - Wikipedia,https://en.wikipedia.org/wiki/WWE_Raw,2025-11-18T03:12:48Z
1,#WWERaw,15,Awesome tribute to Jax Dane on #WWERaw tonight.,https://www.facebook.com/NWA/posts/awesome-tribute-to-jax-dane-on-wweraw-tonight/1017636870404338/,2025-11-18T03:12:48Z
1,#WWERaw,16,#wweraw #aewdynamite | Jack Farmer,https://www.linkedin.com/posts/jackcfarmer_wweraw-aewdynamite-activity-7262894195328131073-h1ey,2025-11-18T03:12:48Z
1,#WWERaw,17,ARE YOU KIDDING?! #WWERaw,https://www.facebook.com/wwe/posts/are-you-kidding-wweraw/1324960222318872/,2025-11-18T03:12:48Z
1,#WWERaw,18,John Cena Will NOT Retire in Boston... #wwe #wweraw ...,https://www.youtube.com/shorts/lLlBwldMu2Y,2025-11-18T03:12:48Z
1,#WWERaw,19,Wife doing her Husbands entrance #WWERaw,https://www.facebook.com/WWEHeelYARD/posts/wife-doing-her-husbands-entrance-wweraw/1338563964723293/,2025-11-18T03:12:48Z
1,#WWERaw,20,"WWE on X: ""HOW?! #WWERaw https://t.co/WnAAKY9CGM"" / X",https://twitter.com/WWE/status/1772424938009342369,2025-11-18T03:12:48Z
2,Cowboys,1,Dallas Cowboys | Official Site of the Dallas Cowboys,https://www.dallascowboys.com/,2025-11-18T03:12:53Z
2,Cowboys,2,"Dallas Cowboys Scores, Stats and Highlights - ESPN",https://www.espn.com/nfl/team/_/name/dal/dallas-cowboys,2025-11-18T03:12:53Z
2,Cowboys,3,Cowboys 2025 Schedule | Dallas Cowboys - dallascowboys.com,https://www.dallascowboys.com/schedule/,2025-11-18T03:12:53Z
2,Cowboys,4,Dallas Cowboys - Wikipedia,https://en.wikipedia.org/wiki/Dallas_Cowboys,2025-11-18T03:12:53Z
2,Cowboys,5,"Dallas Golf Course | Cowboys Golf Club | Grapevine, TX",https://cowboysgolfclub.com/,2025-11-18T03:12:53Z
2,Cowboys,6,Dallas Cowboys,https://www.reddit.com/r/cowboys/,2025-11-18T03:12:53Z
2,Cowboys,7,"Dallas Cowboys News, Scores, Stats, Schedule | NFL.com",https://www.nfl.com/teams/dallas-cowboys/,2025-11-18T03:12:53Z
2,Cowboys,8,"Dallas Cowboys (@dallascowboys) · Frisco, TX",https://www.instagram.com/dallascowboys/?hl=en,2025-11-18T03:12:53Z
2,Cowboys,9,University of Wyoming Athletics - Official Athletics Website,https://gowyo.com/,2025-11-18T03:12:53Z
2,Cowboys,10,Oklahoma State University Athletics - Official Athletics Website,https://okstate.com/,2025-11-18T03:12:53Z
2,Cowboys,11,"Dallas Cowboys News, Scores and Stats 2025-26 - CBS Sports",https://www.cbssports.com/nfl/teams/DAL/dallas-cowboys/,2025-11-18T03:12:53Z
2,Cowboys,12,Welcome to Cowboys Dancehall: Live Country Music Nightclub in ...,https://www.cowboysdancehall.com/,2025-11-18T03:12:53Z
2,Cowboys,13,Charcoal Cowboy | Your Source for Tennessee's Best BBQ Rubs ...,https://www.charcoalcowboysbbq.com/,2025-11-18T03:12:53Z
2,Cowboys,14,AT&T Stadium: Home,https://attstadium.com/,2025-11-18T03:12:53Z
2,Cowboys,15,ProRodeo,https://www.prorodeo.com/,2025-11-18T03:12:53Z
2,Cowboys,16,Cowboys Fit: Home,https://cowboysfit.com/,2025-11-18T03:12:53Z
2,Cowboys,17,"Cowboys Restaurant Bar & Casino: Huntley, MT: Texas BBQ ...",https://cowboysrestaurantmt.com/,2025-11-18T03:12:53Z
2,Cowboys,18,Official Cowboys and East Indians Tickets - Singleton Theatre ...,https://www.denvercenter.org/tickets-events/cowboys-and-east-indians/,2025-11-18T03:12:53Z
2,Cowboys,19,Cowboy Football - Oklahoma State University Athletics,https://okstate.com/sports/football,2025-11-18T03:12:53Z
2,Cowboys,20,Raiders vs. Cowboys - Week 11 | Allegiant Stadium,https://www.allegiantstadium.com/events/detail/raiders-vs-cowboys-week-11-2025,2025-11-18T03:12:53Z
3,Geno,1,Home - Geno,https://www.genomatica.com/,2025-11-18T03:12:57Z
3,Geno,2,Geno Smith - Las Vegas Raiders Quarterback - ESPN,https://www.espn.com/nfl/player/_/id/15864/geno-smith,2025-11-18T03:12:57Z
3,Geno,3,Best Cheesesteak in Philly – Philadelphia Cheesesteak – Geno's ...,https://www.genosteaks.com/,2025-11-18T03:12:57Z
3,Geno,4,Al'Geno On The Track (@al_geno) • Instagram photos and videos,https://www.instagram.com/al_geno/?hl=en,2025-11-18T03:12:57Z
3,Geno,5,Geno Bonnalie (@GenoBonnalie) / Posts / X,https://x.com/GenoBonnalie,2025-11-18T03:12:57Z
3,Geno,6,Geno Atkins Jr (@genosacks) • Instagram photos and videos,https://www.instagram.com/genosacks/?hl=en,2025-11-18T03:12:57Z
3,Geno,7,Why does everyone care so much about Geno? : r/smashbros,https://www.reddit.com/r/smashbros/comments/ke08kx/why_does_everyone_care_so_much_about_geno/,2025-11-18T03:12:57Z
3,Geno,8,∞Mike Geno (The Last Polybius)∞ (@electro_mike) / Posts / X,https://x.com/electro_mike?lang=en,2025-11-18T03:12:57Z
3,Geno,9,"Geno does not deserve to be in Smash, change my mind. : r ...",https://www.reddit.com/r/smashbros/comments/94972o/geno_does_not_deserve_to_be_in_smash_change_my/,2025-11-18T03:12:57Z
3,Geno,10,Geno Ford - Men's Basketball Coach - Stony Brook University Athletics,https://stonybrookathletics.com/sports/mens-basketball/roster/coaches/geno-ford/1043,2025-11-18T03:12:57Z
3,Geno,11,Geno Calgaro - Football - Saint Francis University Athletics,https://sfuathletics.com/sports/football/roster/geno-calgaro/11792,2025-11-18T03:12:57Z
3,Geno,12,Norwegian Red: Start page,https://www.norwegianred.com/,2025-11-18T03:12:57Z
3,Geno,13,Generation Oracle | Oracle Europe,https://www.oracle.com/europe/careers/generation-oracle/,2025-11-18T03:12:57Z
3,Geno,14,Geno J Merli MD | Jefferson Health,https://www.jeffersonhealth.org/find-a-doctor/m/merli-geno-j,2025-11-18T03:12:57Z
3,Geno,15,Delegate Chiarelli,https://www.wvlegislature.gov/house/lawmaker.cfm?member=Delegate%20Chiarelli,2025-11-18T03:12:57Z
3,Geno,16,Geno Schellenberger - Co-Founder of Breaking and Entering Media ...,https://www.linkedin.com/in/genogeno,2025-11-18T03:12:57Z
3,Geno,17,A Letter to the 12s by Geno Smith | The Players' Tribune,https://www.theplayerstribune.com/posts/geno-smith-nfl-football-seattle-seahawks,2025-11-18T03:12:57Z
3,Geno,18,Geno - Q105,https://myq105.com/shows/geno/,2025-11-18T03:12:57Z
3,Geno,19,Brian Daniel Geno Revocation,https://vsb.org/Site/Site/news/summary/20250312-geno.aspx,2025-11-18T03:12:57Z
3,Geno,20,"Geno Smith Stats, News and Video - QB | NFL.com",https://www.nfl.com/players/geno-smith/,2025-11-18T03:12:57Z
4,Dolph Ziggler,1,Dolph Ziggler - Wikipedia,https://en.wikipedia.org/wiki/Dolph_Ziggler,2025-11-18T03:13:02Z
4,Dolph Ziggler,2,Dolph Ziggler is one of those wrestlers who's WWE resume looks ...,https://www.reddit.com/r/SquaredCircle/comments/1jo2aj3/dolph_ziggler_is_one_of_those_wrestlers_whos_wwe/,2025-11-18T03:13:02Z
4,Dolph Ziggler,3,"Former WWE Superstar Dolph Ziggler, now Nic Nemeth in TNA, is a ...",https://www.facebook.com/ChrisVanVliet/posts/former-wwe-superstar-dolph-ziggler-now-nic-nemeth-in-tna-is-a-certified-hall-of-/1383137623183090/,2025-11-18T03:13:02Z
4,Dolph Ziggler,4,Dolph Ziggler - how good is he? : r/SquaredCircle,https://www.reddit.com/r/SquaredCircle/comments/u2kjm4/dolph_ziggler_how_good_is_he/,2025-11-18T03:13:02Z
4,Dolph Ziggler,5,Quoth Dolph Ziggler and The Miz (Smackdown 9-27-16) – The ...,https://thespectacleofexcess.com/2016/10/02/quoth-dolph-ziggler-and-the-miz-smackdown-9-27-16/,2025-11-18T03:13:02Z
4,Dolph Ziggler,6,Dolph Ziggler | WWE,https://www.wwe.com/superstars/dolph-ziggler,2025-11-18T03:13:02Z
4,Dolph Ziggler,7,"Ryan Nemeth on his AEW debut, his brother Dolph Ziggler, being ...",https://chrisvanvliet.com/2021/02/12/ryan-nemeth-on-his-aew-debut-his-brother-dolph-ziggler-being-released-from-nxt/,2025-11-18T03:13:02Z
4,Dolph Ziggler,8,WWE Profile - Dolph Ziggler - ESPN,https://www.espn.com/wwe/story/_/id/17122793/wwe-profile-page-dolph-ziggler,2025-11-18T03:13:02Z
4,Dolph Ziggler,9,"Dolph Ziggler - Simple English Wikipedia, the free encyclopedia",https://simple.wikipedia.org/wiki/Dolph_Ziggler,2025-11-18T03:13:02Z
4,Dolph Ziggler,10,Dolph Ziggler (@dolphziigler) • Instagram photos and videos,https://www.instagram.com/dolphziigler/?hl=en,2025-11-18T03:13:02Z
4,Dolph Ziggler,11,BTL #1 - Dolph Ziggler's Speech | Wrestling Amino,https://aminoapps.com/c/wrestling/page/blog/btl-1-dolph-zigglers-speech/zxHx_uYdWBEVPB3bd2LVvPjq423ZR7,2025-11-18T03:13:02Z
4,Dolph Ziggler,12,Why was Dolph Ziggler released by WWE and how do you feel ...,https://www.quora.com/Why-was-Dolph-Ziggler-released-by-WWE-and-how-do-you-feel-about-it-Will-he-go-to-AEW-or-what-will-he-next-move-be,2025-11-18T03:13:02Z
4,Dolph Ziggler,13,"Dolph Ziggler - Wikipedia, la enciclopedia libre",https://es.wikipedia.org/wiki/Dolph_Ziggler,2025-11-18T03:13:02Z
4,Dolph Ziggler,14,Dolph Ziggler Quotes - BrainyQuote,https://www.brainyquote.com/authors/dolph-ziggler-quotes,2025-11-18T03:13:02Z
4,Dolph Ziggler,15,Dolph Ziggler | HANDWERK,https://handwerkreviews.wordpress.com/tag/dolph-ziggler/,2025-11-18T03:13:02Z
4,Dolph Ziggler,16,Nic Nemeth - IMDb,https://www.imdb.com/name/nm1111762/,2025-11-18T03:13:02Z
4,Dolph Ziggler,17,"Dolph Ziggler Is SO Underrated, The Best MITB Cash-In, Spirit ...",https://podcast.chrisvanvliet.com/dolph-ziggler-is-so-underrated-the-best-mitb-cash-in-spirit-squad-becoming-nxt-champion-stand-up-comedy/,2025-11-18T03:13:02Z
4,Dolph Ziggler,18,WWE Classic Match: Dolph Ziggler vs. Daniel Bryan at Bragging ...,https://bleacherreport.com/articles/1185541-wwe-classic-match-dolph-ziggler-vs-daniel-bryan-at-bragging-rights-2010,2025-11-18T03:13:02Z
4,Dolph Ziggler,19,"Dolph Ziggler, the Villain I call my hero. | by Keith Yap | Medium",https://medium.com/@keithdafirst/dolph-ziggler-the-villain-i-call-my-hero-d387723c2215,2025-11-18T03:13:02Z
4,Dolph Ziggler,20,The Comedian of the Ring: An Interview with Dolph Ziggler,https://thepopbreak.com/2019/04/04/the-comedian-of-the-ring-an-interview-with-dolph-ziggler/,2025-11-18T03:13:02Z
5,#RawOnNetflix,1,#wwe #wweraw #rawonnetflix,https://www.facebook.com/SNJackieRedmond/posts/wwe-wweraw-rawonnetflix/1301263568034857/,2025-11-18T03:13:07Z
5,#RawOnNetflix,2,Grateful any time I get to step foot in the ring. #rawonnetflix rocked ...,https://www.instagram.com/p/DJl9tLBR87E/,2025-11-18T03:13:07Z
5,#RawOnNetflix,3,"Congrats on great @WWE #RAWonNetflix debut, Penta - CERO ...",https://www.facebook.com/100044239128938/posts/congrats-on-great-wwe-rawonnetflix-debut-penta-cero-miedo/1133288508155776/,2025-11-18T03:13:07Z
5,#RawOnNetflix,4,Monday night Mami!!!! Glam by me on @rhearipley_wwe #wwe ...,https://www.instagram.com/p/DFtb-9zxSEW/,2025-11-18T03:13:07Z
5,#RawOnNetflix,5,#WWERaw #RAWonNetflix S/O @TheBalorClubGuy,https://x.com/EdwardSharpe6/status/1975334059501896054,2025-11-18T03:13:07Z
5,#RawOnNetflix,6,"Congrats on great @WWE #RAWonNetflix debut, Penta - CERO ...",https://www.instagram.com/p/DEylFfnsGFO/?hl=en,2025-11-18T03:13:07Z
5,#RawOnNetflix,7,Let's do this! #WWERaw #TwitchStreamer #TikTok #RAWonNetflix ...,https://x.com/EdwardSharpe6/status/1990467616087961629,2025-11-18T03:13:07Z
5,#RawOnNetflix,8,#rawonnetflix @wwe_on_netflix,https://www.instagram.com/p/DEg8HEkRp3V/?hl=en,2025-11-18T03:13:07Z
5,#RawOnNetflix,9,Red and Black.❤️ #rawonnetflix #WWERaw #IYOSKY,https://x.com/Iyo_SkyWWE/status/1884354604722503738?lang=en,2025-11-18T03:13:07Z
5,#RawOnNetflix,10,Walking Tall. #RawOnNetflix #WWERaw,https://www.instagram.com/p/DFGgaQEiv9l/?hl=en,2025-11-18T03:13:07Z
5,#RawOnNetflix,11,#wwe #rawonnetflix #prowrestling #mondaynightraw | Gabriel ...,https://www.linkedin.com/posts/gabriel-limon-mba-037b5b33_wwe-rawonnetflix-prowrestling-activity-7285047377520947201-iWcX,2025-11-18T03:13:07Z
5,#RawOnNetflix,12,Thank you TULSA #wweraw #rawonnetflix,https://www.instagram.com/p/DKbL7iINdGU/?hl=en,2025-11-18T03:13:07Z
5,#RawOnNetflix,13,WWE Vacant on X: I promise not to make [Chad Gable's match] very ...,https://www.reddit.com/r/SquaredCircle/comments/1i0eg61/wwe_vacant_on_x_i_promise_not_to_make_chad_gables/,2025-11-18T03:13:07Z
5,#RawOnNetflix,14,Greenville☺️ #wweraw #rawonnetflix #iyosky,https://www.instagram.com/p/DJ3PCgsyt4Q/?hl=en,2025-11-18T03:13:07Z
5,#RawOnNetflix,15,"…. on X: ""Naomi wenu looks guilty AF!!! #RawOnNetflix"" / X",https://twitter.com/_MissMpho/status/1891771384310669768,2025-11-18T03:13:07Z
5,#RawOnNetflix,16,AJ Lee can't get a word in over the crowd at RAW #WWEonNetflix ...,https://www.youtube.com/shorts/iEZHQdl7gu0,2025-11-18T03:13:07Z
5,#RawOnNetflix,17,MY BEST MATES! timmsy thank you for capturing this magical moment,https://www.threads.com/@aliciataylorwwe/post/DH8yy4tyI0e/my-best-mates-timmsy-thank-you-for-capturing-this-magical-moment-love-you-katena,2025-11-18T03:13:07Z
5,#RawOnNetflix,18,Cheers to @The Rock and the future #RAWonNetflix | Cody Rhodes ...,https://www.tiktok.com/@americannightmarecody/video/7457008862160276782?lang=en,2025-11-18T03:13:07Z
5,#RawOnNetflix,19,Kevin Owens is NOT right in the head… #RAWonNetflix #WWERaw ...,https://m.youtube.com/watch?v=LCI7zF_1-oE,2025-11-18T03:13:07Z
6,Quinnen Williams,1,Quinnen Williams - Dallas Cowboys Defensive Tackle - ESPN,https://www.espn.com/nfl/player/_/id/4040982/quinnen-williams,2025-11-18T03:13:12Z
6,Quinnen Williams,2,Quinnen Williams - Wikipedia,https://en.wikipedia.org/wiki/Quinnen_Williams,2025-11-18T03:13:12Z
6,Quinnen Williams,3,"Quinnen Williams Stats, Height, Weight, Position, Draft, College | Pro ...",https://www.pro-football-reference.com/players/W/WillQu00.htm,2025-11-18T03:13:12Z
6,Quinnen Williams,4,Quinnen Williams (@thequinnenwilliams) • Instagram photos and ...,https://www.instagram.com/thequinnenwilliams/?hl=en,2025-11-18T03:13:12Z
6,Quinnen Williams,5,"Quinnen Williams Stats, News and Video - DT | NFL.com",https://www.nfl.com/players/quinnen-williams/,2025-11-18T03:13:12Z
6,Quinnen Williams,6,Quinnen Williams (@QuinnenWilliams) / Posts / X,https://x.com/QuinnenWilliams,2025-11-18T03:13:12Z
6,Quinnen Williams,7,"Jets getting trade calls for DT Quinnen Williams, RB Breece Hall ...",https://www.nfl.com/news/jets-getting-trade-calls-for-dt-quinnen-williams-rb-breece-hall-raiders-wr-jakobi-meyers-drawing-interest,2025-11-18T03:13:12Z
6,Quinnen Williams,8,Quinnen Williams traded to the Cowboys : r/nyjets,https://www.reddit.com/r/nyjets/comments/1oogad0/quinnen_williams_traded_to_the_cowboys/,2025-11-18T03:13:12Z
6,Quinnen Williams,9,Quinnen Williams - Football - Alabama Athletics,https://rolltide.com/sports/football/roster/quinnen-williams/4684,2025-11-18T03:13:12Z
6,Quinnen Williams,10,Quinnen Williams | NFL Contracts & Salaries | Spotrac.com,https://www.spotrac.com/nfl/player/_/id/29038/quinnen-williams,2025-11-18T03:13:12Z
6,Quinnen Williams,11,Jets' Quinnen Williams pays it forward off the field – NBC New York,https://www.nbcnewyork.com/news/sports/nfl/how-quinnen-williams-family-inspired-his-charitable-work/4717245/,2025-11-18T03:13:12Z
6,Quinnen Williams,12,Quinnen Williams leaning on Football IQ to “Fit right in”,https://www.dallascowboys.com/news/quinnen-williams-leaning-on-football-iq-to-fit-right-in,2025-11-18T03:13:12Z
6,Quinnen Williams,13,Quinnen Williams | Dallas Cowboys DI | NFL and PFF stats,https://www.pff.com/nfl/players/quinnen-williams/44216,2025-11-18T03:13:12Z
6,Quinnen Williams,14,We had to lose to the Cardinals to get Quinnen Williams,https://www.facebook.com/ScooterMagruder/posts/we-had-to-lose-to-the-cardinals-to-get-quinnen-williams/1384244299737449/,2025-11-18T03:13:12Z
6,Quinnen Williams,15,Why I gave Quinnen Williams my first-place Heisman Trophy vote ...,https://www.al.com/sports/2018/12/why-i-gave-quinnen-williams-my-first-place-heisman-trophy-vote.html,2025-11-18T03:13:12Z
6,Quinnen Williams,16,Quinnen Williams trade details: Jets send All-Pro DL to Cowboys,https://www.usatoday.com/story/sports/nfl/2025/11/04/quinnen-williams-trade-details-jets-cowboys/87089159007/,2025-11-18T03:13:12Z
6,Quinnen Williams,17,Why Seahawks won't trade for Quinnen Williams,https://www.seasidejoe.com/p/seahawks-trade-rumors-quinnen-williams-twitter,2025-11-18T03:13:12Z
6,Quinnen Williams,18,Quinnen Williams EA SPORTS™ Madden NFL 26 Player Ratings ...,https://www.ea.com/en/games/madden-nfl/ratings/player-ratings/quinnen-williams/20547,2025-11-18T03:13:12Z
6,Quinnen Williams,19,The Film Room: Quinnen Williams Is The Best Defensive Tackle ...,https://www.battleredblog.com/houston-texans-film-room-video-breakdown-gifs/2019/2/14/18224919/the-film-room-quinnen-williams-is-the-best-defensive-tackle-prospect-since-aaron-donald,2025-11-18T03:13:12Z
6,Quinnen Williams,20,A Tale of Two Jerrys: What's Really Behind the Quinnen Williams ...,https://www.dmagazine.com/sports/2025/11/jones-williams-trade-nfl-dallas/,2025-11-18T03:13:12Z
7,Chip Kelly,1,Chip Kelly - Wikipedia,https://en.wikipedia.org/wiki/Chip_Kelly,2025-11-18T03:13:16Z
7,Chip Kelly,2,Chip Kelly,https://www.raiders.com/team/coaches-roster/chip-kelly,2025-11-18T03:13:16Z
7,Chip Kelly,3,Why did Chip Kelly fail? : r/49ers,https://www.reddit.com/r/49ers/comments/nbvdka/why_did_chip_kelly_fail/,2025-11-18T03:13:16Z
7,Chip Kelly,4,"Chip Kelly Record, Statistics, and Category Ranks | Pro-Football ...",https://www.pro-football-reference.com/coaches/KellCh0.htm,2025-11-18T03:13:16Z
7,Chip Kelly,5,"UCLA SPORTS Analysis: After years of quiet quitting, Chip Kelly ...",https://www.reddit.com/r/CFB/comments/1b825pz/ucla_sports_analysis_after_years_of_quiet/,2025-11-18T03:13:16Z
7,Chip Kelly,6,Chip Kelly - Football Coach - UCLA,https://uclabruins.com/sports/football/roster/coaches/chip-kelly/3794,2025-11-18T03:13:16Z
7,Chip Kelly,7,"Former UNH Football Player, Coach Chip Kelly Named Philadelphia ...",https://www.unh.edu/unhtoday/2013/01/former-unh-football-player-coach-chip-kelly-named-philadelphia-eagles-head-coach,2025-11-18T03:13:16Z
7,Chip Kelly,8,Chip Kelly | Offensive Coordinator / Quarterbacks | Ohio State Football,https://ohiostatebuckeyes.com/sports/football/roster/coaches/chip-kelly/1780,2025-11-18T03:13:16Z
7,Chip Kelly,9,Niners fire coach Chip Kelly after one season,https://www.nfl.com/news/niners-fire-coach-chip-kelly-after-one-season-0ap3000000767884,2025-11-18T03:13:16Z
7,Chip Kelly,10,The Secret Life of Chip Kelly - Philadelphia Magazine,https://www.phillymag.com/news/2015/06/21/chip-kelly-eagles/,2025-11-18T03:13:16Z
7,Chip Kelly,11,The Secret Life of Chip Kelly - Philadelphia Magazine,https://www.phillymag.com/news/2015/06/21/chip-kelly-eagles/,2025-11-18T03:13:16Z
7,Chip Kelly,12,Examining the parallels between Gabe Kapler and Chip Kelly ...,https://www.beyondtheboxscore.com/2017/11/5/16579276/phillies-gabe-kapler-new-manager-eagles-chip-kelly-comparisons,2025-11-18T03:13:16Z
7,Chip Kelly,13,"Chip Kelly College Coaching Records, Awards and Leaderboards ...",https://www.sports-reference.com/cfb/coaches/chip-kelly-1.html,2025-11-18T03:13:16Z
7,Chip Kelly,14,Chip Kelly - Football Coach - University of Oregon Athletics,https://goducks.com/sports/football/roster/coaches/chip-kelly/329,2025-11-18T03:13:16Z
7,Chip Kelly,15,Raiders offense: Chip Kelly's offense has a college approach | Silver ...,https://www.silverandblackpride.com/general/110693/chip-kellys-offense-has-a-college-apporach,2025-11-18T03:13:16Z
7,Chip Kelly,16,UCLA's head football coach Chip Kelly steps down | UCLA,https://newsroom.ucla.edu/releases/uclas-head-football-coach-chip-kelly-steps-down,2025-11-18T03:13:16Z
7,Chip Kelly,17,I will always hate Chip Kelly,https://www.facebook.com/groups/eaglespositivefangroup/posts/1812992432640277/,2025-11-18T03:13:16Z
7,Chip Kelly,18,Studying the Raw Materials of Chip Kelly's Up-Tempo Offense ...,http://smartfootball.com/offense/studying-the-raw-materials-of-chip-kellys-offense,2025-11-18T03:13:16Z
7,Chip Kelly,19,Raiders OC Chip Kelly Made a Huge Statement on Thursday That ...,https://www.raidersbeat.com/chip-kelly-made-a-huge-statement-on-thursday/,2025-11-18T03:13:16Z
7,Chip Kelly,20,Raiders' Pete Carroll Puts Chip Kelly on Notice - Newsweek,https://www.newsweek.com/sports/nfl/chip-kelly-notice-play-call-raiders-news-10853397,2025-11-18T03:13:16Z
8,Sheamus,1,Sheamus - Wikipedia,https://en.wikipedia.org/wiki/Sheamus,2025-11-18T03:13:21Z
8,Sheamus,2,Sheamus (@wwesheamus) • Instagram photos and videos,https://www.instagram.com/wwesheamus/?hl=en,2025-11-18T03:13:21Z
8,Sheamus,3,Sheamus (@WWESheamus) / Posts / X,https://x.com/WWESheamus,2025-11-18T03:13:21Z
8,Sheamus,4,"Sheamus on Instagram: ""Unlike my wife, who's great at writing long ...",https://www.instagram.com/p/DP1sidDjjUa/?hl=en,2025-11-18T03:13:21Z
8,Sheamus,5,Celtic Warrior Workouts - YouTube,https://www.youtube.com/channel/UCVUqLmcJLM0UGU3gGLfStoQ,2025-11-18T03:13:21Z
8,Sheamus,6,"To you guys, what has kept Sheamus from being a consistent main ...",https://www.reddit.com/r/SquaredCircle/comments/scozgo/to_you_guys_what_has_kept_sheamus_from_being_a/,2025-11-18T03:13:21Z
8,Sheamus,7,"Condolences to Sheamus. Sheamus' dog Betty, has passed away",https://www.facebook.com/Wrestlelamia/posts/condolences-to-sheamus-sheamus-dog-betty-has-passed-away-/1210799864412248/,2025-11-18T03:13:21Z
8,Sheamus,8,If Sheamus were to retire right now would you put him in the hall of ...,https://www.reddit.com/r/BrandonDE/comments/1enm1k2/if_sheamus_were_to_retire_right_now_would_you_put/,2025-11-18T03:13:21Z
8,Sheamus,9,Going to say it Sheamus looks in horrendous condition. It's hard to ...,https://www.facebook.com/GrappleGossip/posts/going-to-say-it-sheamus-looks-in-horrendous-condition-its-hard-to-argue-given-hi/730764609268602/,2025-11-18T03:13:21Z
8,Sheamus,10,Sheamus : r/ChampionshipHistory,https://www.reddit.com/r/ChampionshipHistory/comments/1c76t3j/sheamus/,2025-11-18T03:13:21Z
8,Sheamus,11,Sheamus Christie,https://www.facebook.com/goldrushsheamus/,2025-11-18T03:13:21Z
8,Sheamus,12,Was Sheamus' First Title Win A Botch? : r/SquaredCircle,https://www.reddit.com/r/SquaredCircle/comments/523wy2/was_sheamus_first_title_win_a_botch/,2025-11-18T03:13:21Z
8,Sheamus,13,Sheamus | WWE,https://www.wwe.com/superstars/sheamus,2025-11-18T03:13:21Z
8,Sheamus,14,Sheamus : r/ChampionshipHistory,https://www.reddit.com/r/ChampionshipHistory/comments/1c76t3j/sheamus/,2025-11-18T03:13:21Z
8,Sheamus,15,Sheamus Sweeney | Lessonface,https://www.lessonface.com/instructor/sheamus-sweeney,2025-11-18T03:13:21Z
8,Sheamus,16,Sheamus is one of WWE's best overall performers : r/SquaredCircle,https://www.reddit.com/r/SquaredCircle/comments/th0ost/sheamus_is_one_of_wwes_best_overall_performers/,2025-11-18T03:13:21Z
8,Sheamus,17,On What Sheamus Says In Irish (Faugh A Ballagh!) and the Plight of ...,https://thespectacleofexcess.com/2015/07/20/on-what-sheamus-says-in-irish-faugh-a-ballagh-and-the-plight-of-the-midcard/,2025-11-18T03:13:21Z
8,Sheamus,18,Why WWE Pushed Alberto Del Rio and Sheamus to the Moon in ...,https://www.reddit.com/r/Wreddit/comments/uhqfxw/why_wwe_pushed_alberto_del_rio_and_sheamus_to_the/,2025-11-18T03:13:21Z
8,Sheamus,19,"Sheamus: BANGER After BANGER, Chasing The Intercontinental ...",https://chrisvanvliet.com/2025/01/07/sheamus-banger-after-banger-chasing-the-intercontinental-title-john-cena-gunther/,2025-11-18T03:13:21Z
8,Sheamus,20,Am I the only one that thought 2011-2013 Sheamus was peak ...,https://www.reddit.com/r/WWE/comments/17tmul6/am_i_the_only_one_that_thought_20112013_sheamus/,2025-11-18T03:13:21Z
9,Jevon,1,JEVON (@jevonofficial) • Instagram photos and videos,https://www.instagram.com/jevonofficial/?hl=en,2025-11-18T03:13:25Z
9,Jevon,2,Revered British Rapper/Producer Jevon Has Passed Away : r ...,https://www.reddit.com/r/hiphopheads/comments/1brip2y/revered_british_rapperproducer_jevon_has_passed/,2025-11-18T03:13:25Z
9,Jevon,3,Jevon (@jevon) / Posts / X,https://x.com/jevon?lang=en,2025-11-18T03:13:25Z
9,Jevon,4,Jevon Terance,https://www.jevonterance.com/,2025-11-18T03:13:25Z
9,Jevon,5,Jevon (@jevon_official) / Posts / X,https://x.com/jevon_official?lang=en,2025-11-18T03:13:25Z
9,Jevon,6,Jevon Jackson - Football - UAB Athletics,https://uabsports.com/sports/football/roster/jevon-jackson/11254,2025-11-18T03:13:25Z
9,Jevon,7,Jevon - YouTube,https://www.youtube.com/@jevontheartist,2025-11-18T03:13:25Z
9,Jevon,8,Jevon Jackson - Football - Austin Peay State University Athletics,https://letsgopeay.com/sports/football/roster/jevon-jackson/10387,2025-11-18T03:13:25Z
9,Jevon,9,JeVon McCormick - ... | LinkedIn,https://www.linkedin.com/in/jevonmccormick,2025-11-18T03:13:25Z
9,Jevon,10,Jevon Mamon - Men's Basketball Coach - Southern Illinois ...,https://siusalukis.com/sports/mens-basketball/roster/coaches/jevon-mamon/1467,2025-11-18T03:13:25Z
9,Jevon,11,Jevon Porter - Men's Basketball - Pepperdine University Athletics,https://pepperdinewaves.com/sports/mens-basketball/roster/jevon-porter/4266,2025-11-18T03:13:25Z
9,Jevon,12,Jevon Smith | N.C. Plant Sciences Initiative,https://cals.ncsu.edu/psi/people/jbsmit19/,2025-11-18T03:13:25Z
9,Jevon,13,Jevon Edwards - Football - Coastal Carolina University Athletics,https://goccusports.com/sports/football/roster/jevon-edwards/20496,2025-11-18T03:13:25Z
9,Jevon,14,Jevon Potts Harrison - Adler & Colvin,https://www.adlercolvin.com/jevon-potts-harrison/,2025-11-18T03:13:25Z
9,Jevon,15,Jevon Porter - Men's Basketball - Loyola Marymount University ...,https://lmulions.com/sports/mens-basketball/roster/jevon-porter/13204,2025-11-18T03:13:25Z
9,Jevon,16,Jevon Yarbrough - 2025-26 - Men's Basketball - Hood College,https://hoodathletics.com/sports/mens-basketball/roster/jevon-yarbrough/8923,2025-11-18T03:13:25Z
9,Jevon,17,Jevon Davis - Football - University of Wyoming Athletics,https://gowyo.com/sports/football/roster/jevon--davis/11485,2025-11-18T03:13:25Z
9,Jevon,18,Remembering Green Bay Attorney Jevon Jones Jaconi,https://www.facebook.com/groups/GreenBayLlama/posts/2047218905792492/,2025-11-18T03:13:25Z
9,Jevon,19,Jevon Williams - Football - The College of St. Scholastica Athletics,https://csssaints.com/sports/football/roster/jevon-williams/17204,2025-11-18T03:13:25Z
9,Jevon,20,Jevon Holland - Football - University of Oregon Athletics,https://goducks.com/sports/football/roster/jevon-holland/8473,2025-11-18T03:13:25Z
10,Tyler Guyton,1,Tyler Guyton - Dallas Cowboys Offensive Tackle - ESPN,https://www.espn.com/nfl/player/_/id/4609048/tyler-guyton,2025-11-18T03:13:30Z
10,Tyler Guyton,2,Tyler Guyton - Wikipedia,https://en.wikipedia.org/wiki/Tyler_Guyton,2025-11-18T03:13:30Z
10,Tyler Guyton,3,Tyler Guyton - 2023 - Football - University of Oklahoma,https://soonersports.com/sports/football/roster/tyler-guyton/16124,2025-11-18T03:13:30Z
10,Tyler Guyton,4,Tyler Guyton (@60notgoin) • Instagram photos and videos,https://www.instagram.com/60notgoin/?hl=en,2025-11-18T03:13:30Z
10,Tyler Guyton,5,Tyler Guyton,https://www.dallascowboys.com/team/players-roster/tyler-guyton/,2025-11-18T03:13:30Z
10,Tyler Guyton,6,Tyler Guyton Draft and Combine Prospect Profile | NFL.com,https://www.nfl.com/prospects/tyler-guyton/32004755-5973-4424-47c4-5396aaed336f,2025-11-18T03:13:30Z
10,Tyler Guyton,7,"Tyler Guyton Stats, Height, Weight, Position, Draft, College | Pro ...",https://www.pro-football-reference.com/players/G/GuytTy00.htm,2025-11-18T03:13:30Z
10,Tyler Guyton,8,Tyler Guyton - Football - TCU Athletics,https://gofrogs.com/sports/football/roster/tyler-guyton/12226,2025-11-18T03:13:30Z
10,Tyler Guyton,9,What do you think of the Cowboys throwing Tyler Guyton a bone. : r ...,https://www.reddit.com/r/cowboys/comments/1kent4y/what_do_you_think_of_the_cowboys_throwing_tyler/,2025-11-18T03:13:30Z
10,Tyler Guyton,10,Cowboys' Tyler Guyton Is Officially on Thin Ice Entering Week 5,https://sportdfw.com/cowboys-tyler-guyton-officially-on-thin-ice-entering-week-5-01k6ggbcavg8,2025-11-18T03:13:30Z
10,Tyler Guyton,11,Tyler Guyton (@TylerGuyton14) / Posts / X,https://x.com/TylerGuyton14,2025-11-18T03:13:30Z
10,Tyler Guyton,12,Tyler Guyton Returning for Cowboys in Week 6 (But That Might Not ...,https://sportdfw.com/tyler-guyton-returning-cowboys-week-6-not-good-thing-01k77ggm5q38,2025-11-18T03:13:30Z
10,Tyler Guyton,13,"Cowboys LT Tyler Guyton explains his viral smack vs. Eagles ""All I ...",https://www.facebook.com/JonahJavadTV/posts/cowboys-lt-tyler-guyton-explains-his-viral-smack-vs-eaglesall-i-was-trying-to-do/1200621618542786/,2025-11-18T03:13:30Z
10,Tyler Guyton,14,Tyler Guyton NFL Draft 2024: Scouting Report for Oklahoma OT,https://bleacherreport.com/articles/10095701-tyler-guyton-nfl-draft-2024-scouting-report-for-oklahoma-ot,2025-11-18T03:13:30Z
10,Tyler Guyton,15,Tyler Guyton EA SPORTS™ Madden NFL 26 Player Ratings - Week ...,https://www.ea.com/en/games/madden-nfl/ratings/player-ratings/tyler-guyton/14701,2025-11-18T03:13:30Z
10,Tyler Guyton,16,Tyler Guyton 'Disappointing 2023 Game Film',https://firstroundmock.com/2024/03/tyler-guyton-disappointing-2023-game-film/,2025-11-18T03:13:30Z
10,Tyler Guyton,17,"Tyler Guyton, Dallas, Offensive Tackle",https://247sports.com/player/tyler-guyton-46097202/,2025-11-18T03:13:30Z
10,Tyler Guyton,18,Cowboys News: Tyler Guyton limited; Micah Parsons regrets trade?,https://cowboyswire.usatoday.com/story/sports/nfl/cowboys/2025/10/24/news-headlines-october-23-2025-tyler-guyton-micah-parsons/86865474007/,2025-11-18T03:13:30Z
10,Tyler Guyton,19,"Tyler Guyton College Stats, School, Draft, Gamelog, Splits | College ...",https://www.sports-reference.com/cfb/players/tyler-guyton-1.html,2025-11-18T03:13:30Z
10,Tyler Guyton,20,Tyler Guyton - 2025 - Sprint Football - Midway University,https://gomidwayeagles.com/sports/sfootball/roster/tyler-guyton/6173,2025-11-18T03:13:30Z
11,#MondayNightFootball,1,Monday Night Football TV Schedule - ESPN,https://www.espn.com/nfl/schedule/mnf,2025-11-18T03:13:34Z
11,#MondayNightFootball,2,"Monday Night Football Schedule 2025: Watch on ABC, ESPN ...",https://abc.com/news/93596275-f2fb-4eb4-a273-e2f43051ce61/category/1138628,2025-11-18T03:13:34Z
11,#MondayNightFootball,3,It's Monday. You know where I'll be. #MondayNightFootball ...,https://www.facebook.com/ABCNetwork/posts/its-monday-you-know-where-ill-be-mondaynightfootball-continues-tonight-on-abc-wh/1502680631217721/,2025-11-18T03:13:34Z
11,#MondayNightFootball,4,Week 10: Monday Night Football Edition #Packers #MNF ...,https://www.instagram.com/p/DQ8FiuzDIU6/,2025-11-18T03:13:34Z
11,#MondayNightFootball,5,ESPN's Monday Night Football Schedule Features Multiple ...,https://espnpressroom.com/us/press-releases/2025/05/espns-monday-night-football-schedule-features-multiple-appearances-by-the-super-bowl-champion-eagles-the-afc-champion-chiefs-cowboys-and-lions-as-nfl-on-espn-25-game-slate-starts-fast-with/,2025-11-18T03:13:34Z
11,#MondayNightFootball,6,It's a Texas showdown !! #HOUvsDAL #mondaynightfootball,https://www.instagram.com/p/DChs7EIJ3tR/?hl=en,2025-11-18T03:13:34Z
11,#MondayNightFootball,7,Why was Dennis Miller on Monday Night Football at one point? : r/nfl,https://www.reddit.com/r/nfl/comments/3a1zm6/why_was_dennis_miller_on_monday_night_football_at/,2025-11-18T03:13:34Z
11,#MondayNightFootball,8,If Bob Iger speaks on @espn #MondayNightFootball during the ...,https://x.com/DJMikeMorgan/status/1988062154600202410,2025-11-18T03:13:34Z
11,#MondayNightFootball,9,ESPN Acquires Monday Night Football - The Walt Disney Company,https://thewaltdisneycompany.com/espn-acquires-monday-night-football/,2025-11-18T03:13:34Z
11,#MondayNightFootball,10,NFL 2025 reg-11 Schedule | NFL.com,https://www.nfl.com/schedules/2025/by-week/reg-11,2025-11-18T03:13:34Z
11,#MondayNightFootball,11,NFL 2025 reg-11 Schedule | NFL.com,https://www.nfl.com/schedules/2025/by-week/reg-11,2025-11-18T03:13:34Z
11,#MondayNightFootball,12,Monday Night Football @ Sip Yard,https://www.portaransas.org/event/monday-night-football-%40-sip-yard/5270/,2025-11-18T03:13:34Z
11,#MondayNightFootball,13,Monday Night Football - Wikipedia,https://en.wikipedia.org/wiki/Monday_Night_Football,2025-11-18T03:13:34Z
11,#MondayNightFootball,14,Interest in CPR resources up in wake of Monday Night Football ...,https://newsroom.heart.org/news/interest-in-cpr-resources-up-in-wake-of-monday-night-football-dramatic-save,2025-11-18T03:13:34Z
11,#MondayNightFootball,15,Meatless Monday Night Football,https://www.thechoppingblock.com/blog/meatless-monday-night-football,2025-11-18T03:13:34Z
11,#MondayNightFootball,16,Monday Night Football - Flanker,https://flankerlv.com/monday-night-football/,2025-11-18T03:13:34Z
11,#MondayNightFootball,17,Monday Night Football Program | Crystal Lake Chamber of Commerce,https://www.clchamber.com/monday-night-football/,2025-11-18T03:13:34Z
11,#MondayNightFootball,18,NFL Monday Night Football (TV Series 1970– ) - IMDb,https://www.imdb.com/title/tt0065323/,2025-11-18T03:13:34Z
11,#MondayNightFootball,19,Inside ESPN's new 'Monday Night Football' mobile production unit ...,https://www.espnfrontrow.com/2025/09/inside-espns-new-monday-night-football-mobile-production-unit/,2025-11-18T03:13:34Z
11,#MondayNightFootball,20,Falcons News Now: Top headlines for Monday Night Football,https://www.atlantafalcons.com/news/falcons-news-now-top-headlines-for-monday-night-football,2025-11-18T03:13:34Z
12,Nikki Bella,1,Nikki Bella - Wikipedia,https://en.wikipedia.org/wiki/Nikki_Bella,2025-11-18T03:13:39Z
12,Nikki Bella,2,Nikki Garcia (@nikkigarcia) • Instagram photos and videos,https://www.instagram.com/nikkigarcia/?hl=en,2025-11-18T03:13:39Z
12,Nikki Bella,3,Nikki Bella is loving the memes of her….,https://www.facebook.com/Wrestlelamia/posts/nikki-bella-is-loving-the-memes-of-her-/1222068259952075/,2025-11-18T03:13:39Z
12,Nikki Bella,4,Nikki Bella needs more training : r/WWE,https://www.reddit.com/r/WWE/comments/1m063be/nikki_bella_needs_more_training/,2025-11-18T03:13:39Z
12,Nikki Bella,5,Nikki Bella,https://www.facebook.com/WWENikkiBella/,2025-11-18T03:13:39Z
12,Nikki Bella,6,The Nikki & Brie Show - Podcast - Apple Podcasts,https://podcasts.apple.com/gb/podcast/the-nikki-brie-show/id1451565442,2025-11-18T03:13:39Z
12,Nikki Bella,7,Reason why Nikki Bella attack Stephanie Vaquer,https://www.facebook.com/WWEHeelYARD/posts/reason-why-nikki-bella-attack-stephanie-vaquer-/1399074952005527/,2025-11-18T03:13:39Z
12,Nikki Bella,8,Why do some people strongly dislike the Bella Twins? : r/WWE,https://www.reddit.com/r/WWE/comments/xvpq60/why_do_some_people_strongly_dislike_the_bella/,2025-11-18T03:13:39Z
12,Nikki Bella,9,"""Monday Night BADDIES "" : Nikki Bella on X",https://www.facebook.com/wwe/posts/monday-night-baddies-nikki-bella-on-x/1430923818389178/,2025-11-18T03:13:39Z
12,Nikki Bella,10,Facts about AJ Lee and Nikki Bella's Divas Title Reigns : r ...,https://www.reddit.com/r/SquaredCircle/comments/3hulhx/facts_about_aj_lee_and_nikki_bellas_divas_title/,2025-11-18T03:13:39Z
12,Nikki Bella,11,Final Update on Nikki Bella with updated hair. #WWE2K25 Good ...,https://x.com/WhatsTheStatus/status/1969593350106865977,2025-11-18T03:13:39Z
12,Nikki Bella,12,The Latest On WWE Hall Of Famer Nikki Bella Amid Her Brief Absence,https://www.si.com/fannation/wrestling/wwe/the-latest-on-wwe-hall-of-famer-nikki-bella-amid-her-brief-absence,2025-11-18T03:13:39Z
12,Nikki Bella,13,Nikki Garcia - IMDb,https://www.imdb.com/name/nm3042731/,2025-11-18T03:13:39Z
12,Nikki Bella,14,Nikki Bella is SO Back! - The Nikki & Brie Show | Podcast on Spotify,https://open.spotify.com/episode/6inNZkqzE2ciPcKqeDVStI,2025-11-18T03:13:39Z
12,Nikki Bella,15,"Nikki Bella - Wikipedia, la enciclopedia libre",https://es.wikipedia.org/wiki/Nikki_Bella,2025-11-18T03:13:39Z
12,Nikki Bella,16,Nikki Bella about heartbreaking divorce: 'I didn't want to have ...,https://slamwrestling.net/news/nikki-bella-about-heartbreaking-divorce-i-didnt-want-to-have-another-failed-public-relationship/,2025-11-18T03:13:39Z
12,Nikki Bella,17,Nikki Bella Is Not Happy With WWE - Newsweek,https://www.newsweek.com/sports/wrestling/nikki-bella-not-happy-wwe-2133888,2025-11-18T03:13:39Z
12,Nikki Bella,18,Nikki Bella's 'Hocus Pocus' Jive On 'Dancing With The Stars' Will Put ...,https://www.romper.com/p/nikki-bellas-hocus-pocus-jive-on-dancing-with-the-stars-will-put-a-spell-on-you-3076716,2025-11-18T03:13:39Z
12,Nikki Bella,19,"Nikki Bella on her Mexican heritage, her future as an aunt to Brie's ...",https://www.espn.com/wwe/story/_/id/18685333/wwe-nikki-bella-mexican-heritage-future-aunt-brie-child-wrestling-career,2025-11-18T03:13:39Z
12,Nikki Bella,20,"Jason Solomon on X: ""Nikki Bella is a wardrobe malfunction waiting ...",https://mobile.twitter.com/solomonster/status/645766956138803200,2025-11-18T03:13:39Z
13,#VolTwitterTakeover,1,"JP said it, not us #VolTwitterTakeover",https://x.com/Vol_Hoops/status/1990552099328045532,2025-11-18T03:13:43Z
13,#VolTwitterTakeover,2,gameday > monday #VolTwitterTakeover,https://x.com/Vol_Hoops/status/1990404686323532234,2025-11-18T03:13:43Z
13,#VolTwitterTakeover,3,need some graphic design help? Tanner and Eli are here to make ...,https://twitter.com/Vol_Hoops/status/1990581923627069625,2025-11-18T03:13:43Z
13,#VolTwitterTakeover,4,get your popcorn ready. It's #VolTwitterTakeover What is ...,https://x.com/Vol_Hoops/status/1990461177575453176,2025-11-18T03:13:43Z
13,#VolTwitterTakeover,5,alright #VolTwitterTakeover is a go details dropping tomorrow. let's ...,https://x.com/Vol_Hoops/status/1990199578117980570,2025-11-18T03:13:43Z
13,#VolTwitterTakeover,6,our humble requests. let's have some fun #VolTwitterTakeover,https://x.com/Vol_Hoops/status/1990521575016398868/photo/1,2025-11-18T03:13:43Z
13,#VolTwitterTakeover,7,just spitballing here but #VolTwitterTakeover tomorrow night? open ...,https://x.com/Vol_Hoops/status/1990164982365831570,2025-11-18T03:13:43Z
13,#VolTwitterTakeover,8,#VolTwitterTakeover Here's how this thing is going down. A thread ...,https://x.com/Vol_Hoops/status/1338884194231980032,2025-11-18T03:13:43Z
13,#VolTwitterTakeover,9,I can't take a loss to this fanbase this year. #VolTwitterTakeover ...,https://x.com/DRVawl/status/1990564998759002552/photo/1,2025-11-18T03:13:43Z
13,#VolTwitterTakeover,10,Cade give the people what they want #VolTwitterTakeover,https://x.com/NathanWest/status/1990587503724900518,2025-11-18T03:13:43Z
13,#VolTwitterTakeover,11,ADMIN TIME #VolTwitterTakeover,https://x.com/BigOrangeNatty/status/1990586212953043228/photo/1,2025-11-18T03:13:43Z
13,#VolTwitterTakeover,12,JP ESTRELLA BOUTTA COOK RICE!!! #VolTwitterTakeover,https://x.com/JPESTRELLAF4N/status/1990586474933465493/photo/1,2025-11-18T03:13:43Z
13,#VolTwitterTakeover,13,The Latest Tennessee Volunteers Basketball News | SportSpyder,https://sportspyder.com/mcb/tennessee-volunteers-basketball/news,2025-11-18T03:13:43Z
13,#VolTwitterTakeover,14,Tennessee Volunteers Basketball,https://bleacherreport.com/tennessee-volunteers-basketball,2025-11-18T03:13:43Z
13,#VolTwitterTakeover,15,pingkikuu @pingkikuu - Twitter Profile | TwStalker,https://twstalker.com/pingkikuu,2025-11-18T03:13:43Z
13,#VolTwitterTakeover,16,Kim Kardashian @KimKardashian - Twitter Profile | TwStalker,https://twstalker.com/KimKardashian,2025-11-18T03:13:43Z
13,#VolTwitterTakeover,17,Port Harcourt mummy @PHmummy - Twitter Profile | TwStalker,https://twstalker.com/PHmummy,2025-11-18T03:13:43Z
13,#VolTwitterTakeover,18,Thảo2k3 @thaopimm7078 - Twitter Profile | TwStalker,https://twstalker.com/thaopimm7078,2025-11-18T03:13:43Z
13,#VolTwitterTakeover,19,Cryptia @cryptiacurves - Twitter Profile | Sotwe,https://www.sotwe.com/cryptiacurves?lang=en,2025-11-18T03:13:43Z
13,#VolTwitterTakeover,20,Black @blackerevil0513 - Twitter Profile | Sotwe,https://www.sotwe.com/blackerevil0513?lang=en,2025-11-18T03:13:43Z
14,Cam Skattebo,1,Cam Skattebo - New York Giants Running Back - ESPN,https://www.espn.com/nfl/player/_/id/4696981/cam-skattebo,2025-11-18T03:13:48Z
14,Cam Skattebo,2,Cameron “Natureboy” Skattebo (@sk4ttp4ck) • Instagram photos ...,https://www.instagram.com/sk4ttp4ck/?hl=en,2025-11-18T03:13:48Z
14,Cam Skattebo,3,Cam Skattebo - Wikipedia,https://en.wikipedia.org/wiki/Cam_Skattebo,2025-11-18T03:13:48Z
14,Cam Skattebo,4,cameron skattebo (@camskattebo5) / Posts / X,https://x.com/camskattebo5?lang=en,2025-11-18T03:13:48Z
14,Cam Skattebo,5,Cam Skattebo - 2023 Football Roster - Sun Devil Athletics | ASU,https://thesundevils.com/sports/football/roster/player/cam-skattebo,2025-11-18T03:13:48Z
14,Cam Skattebo,6,Giants RB Cam Skattebo undergoes surgery on dislocated ankle ...,https://www.nfl.com/news/giants-rb-cam-skattebo-ruled-out-carted-off-field-with-significant-ankle-injury-vs-eagles,2025-11-18T03:13:48Z
14,Cam Skattebo,7,"Cam Skattebo Stats, Height, Weight, Position, Draft, College | Pro ...",https://www.pro-football-reference.com/players/S/SkatCa00.htm,2025-11-18T03:13:48Z
14,Cam Skattebo,8,"Cam Skattebo Stats, News and Video - RB | NFL.com",https://www.nfl.com/players/cam-skattebo/,2025-11-18T03:13:48Z
14,Cam Skattebo,9,Cam Skattebo posts to X following his surgery (via @sk4ttp4ck),https://www.facebook.com/BRGridiron/posts/cam-skattebo-posts-to-x-following-his-surgery-via-sk4ttp4ck/1241832551320816/,2025-11-18T03:13:48Z
14,Cam Skattebo,10,Cam Skattebo,https://www.giants.com/team/players-roster/cam-skattebo/,2025-11-18T03:13:48Z
14,Cam Skattebo,11,"Cam Skattebo, go straight to College Football Valhalla",https://rodgersherman.substack.com/p/cam-skattebo-go-straight-to-college,2025-11-18T03:13:48Z
14,Cam Skattebo,12,Who is cam skattebo : r/Chargers,https://www.reddit.com/r/Chargers/comments/1ifgjii/who_is_cam_skattebo/,2025-11-18T03:13:48Z
14,Cam Skattebo,13,Cam Skattebo - New York Giants Running Back - ESPN (AU),https://www.espn.com.au/nfl/player/_/id/4696981/cam-skattebo,2025-11-18T03:13:48Z
14,Cam Skattebo,14,Cam Skattebo 40 yard dash : r/NFL_Draft,https://www.reddit.com/r/NFL_Draft/comments/1jlsm6n/cam_skattebo_40_yard_dash/,2025-11-18T03:13:48Z
14,Cam Skattebo,15,Cam Skattebo carries an 'underdog mentality',https://www.giants.com/news/cam-skattebo-arizona-state-running-back-shaun-aguano-2025-nfl-draft-sacramento-state,2025-11-18T03:13:48Z
14,Cam Skattebo,16,Giants' Cam Skattebo Updates Status of Ankle in Video After ...,https://bleacherreport.com/articles/25294768-giants-cam-skattebo-updates-status-ankle-video-after-gruesome-injury,2025-11-18T03:13:48Z
14,Cam Skattebo,17,Giants rookie sensation Cam Skattebo issues statement after ankle ...,https://www.cbssports.com/nfl/news/giants-cam-skattebo-statement-ankle-surgery/,2025-11-18T03:13:48Z
14,Cam Skattebo,18,Eagles-Giants controversy: NFL's verdict is in on hit that ended Cam ...,https://www.nj.com/eagles/2025/11/eagles-giants-controversy-nfls-verdict-is-in-on-hit-that-ended-cam-skattebos-season.html,2025-11-18T03:13:48Z
14,Cam Skattebo,19,Cameron Skattebo - 2022 - Football - Sacramento State,https://hornetsports.com/sports/football/roster/cameron-skattebo/7450,2025-11-18T03:13:48Z
14,Cam Skattebo,20,"When will Cam Skattebo return? Injury update, timeline for Giants RB",https://www.usatoday.com/story/sports/nfl/2025/11/16/cam-skattebo-injury-update-season-return-date/87257433007/,2025-11-18T03:13:48Z
15,Jalen Duren,1,Jalen Duren - Detroit Pistons Center - ESPN,https://www.espn.com/nba/player/_/id/4433621/jalen-duren,2025-11-18T03:13:52Z
15,Jalen Duren,2,"Jalen Duren Stats, Height, Weight, Position, Draft Status and more ...",https://www.basketball-reference.com/players/d/durenja01.html,2025-11-18T03:13:52Z
15,Jalen Duren,3,Jalen Duren - Wikipedia,https://en.wikipedia.org/wiki/Jalen_Duren,2025-11-18T03:13:52Z
15,Jalen Duren,4,Jalen Duren | Center | Detroit Pistons | NBA.com,https://www.nba.com/player/1631105/jalen-duren,2025-11-18T03:13:52Z
15,Jalen Duren,5,Jalen Duren (@jalenduren) • Instagram photos and videos,https://www.instagram.com/jalenduren/?hl=en,2025-11-18T03:13:52Z
15,Jalen Duren,6,Jalen Duren - 2021-22 - Men's Basketball - University of Memphis ...,https://gotigersgo.com/sports/mens-basketball/roster/jalen-duren/9987,2025-11-18T03:13:52Z
15,Jalen Duren,7,Is Jalen Duren worth it? : r/DetroitPistons,https://www.reddit.com/r/DetroitPistons/comments/1gxn2oj/is_jalen_duren_worth_it/,2025-11-18T03:13:52Z
15,Jalen Duren,8,"Jalen Duren (C) Stats, News, Rumors, Bio, Video - Detroit - Yahoo ...",https://sports.yahoo.com/nba/players/6703/,2025-11-18T03:13:52Z
15,Jalen Duren,9,In Defense of Jalen Duren : r/DetroitPistons,https://www.reddit.com/r/DetroitPistons/comments/1cg55ut/in_defense_of_jalen_duren/,2025-11-18T03:13:52Z
15,Jalen Duren,10,Authentic Jalen Duren Jerseys & Merch | Pistons 313 Shop,https://www.pistons313shop.com/collections/player_jalen-duren,2025-11-18T03:13:52Z
15,Jalen Duren,11,This organization cannot depend upon Jalen Duren as its starting ...,https://www.reddit.com/r/DetroitPistons/comments/1h3tzun/this_organization_cannot_depend_upon_jalen_duren/,2025-11-18T03:13:52Z
15,Jalen Duren,12,Jalen Duren - Basketball Recruiting - Player Profiles - ESPN,http://www.espn.com/college-sports/basketball/recruiting/player/_/id/238281/jalen-duren,2025-11-18T03:13:52Z
15,Jalen Duren,13,Jalen Duren - Terrible Defender and Turnover Machine : r ...,https://www.reddit.com/r/DetroitPistons/comments/1gvq84o/jalen_duren_terrible_defender_and_turnover_machine/,2025-11-18T03:13:52Z
15,Jalen Duren,14,Jalen Duren Q&A,https://www.prospectiveinsight.com/post/jalen-duren,2025-11-18T03:13:52Z
15,Jalen Duren,15,Jalen Duren must improve as a defender. : r/DetroitPistons,https://www.reddit.com/r/DetroitPistons/comments/1cnf7c4/jalen_duren_must_improve_as_a_defender/,2025-11-18T03:13:52Z
15,Jalen Duren,16,"Jalen Duren, Memphis, Center",https://247sports.com/player/jalen-duren-46056545/,2025-11-18T03:13:52Z
15,Jalen Duren,17,Jalen Duren's development this season is beyond impressive. He ...,https://www.reddit.com/r/DetroitPistons/comments/1izjzg5/jalen_durens_development_this_season_is_beyond/,2025-11-18T03:13:52Z
15,Jalen Duren,18,Jalen Duren - Boys Basketball - Montverde Academy Athletics,https://mvasports.com/sports/mens-basketball/roster/jalen-duren/1781,2025-11-18T03:13:52Z
15,Jalen Duren,19,Sign Up Now for Jalen Duren Summer Basketball Program – Boys ...,https://sharonhillboro.com/about-us/news/sign-up-now-for-boys-girls-summer-basketball-season/,2025-11-18T03:13:52Z
15,Jalen Duren,20,JALEN DUREN,https://www.facebook.com/NBAonESPN/posts/jalen-duren-/1183538596469874/,2025-11-18T03:13:52Z
16,Dak Prescott,1,Dak Prescott - Dallas Cowboys Quarterback - ESPN,https://www.espn.com/nfl/player/_/id/2577417/dak-prescott,2025-11-18T03:13:57Z
16,Dak Prescott,2,Dak Prescott (@_4dak) • Instagram photos and videos,https://www.instagram.com/_4dak/?hl=en,2025-11-18T03:13:57Z
16,Dak Prescott,3,Dak Prescott - Wikipedia,https://en.wikipedia.org/wiki/Dak_Prescott,2025-11-18T03:13:57Z
16,Dak Prescott,4,"Dak Prescott Stats, Height, Weight, Position, Draft, College | Pro ...",https://www.pro-football-reference.com/players/P/PresDa01.htm,2025-11-18T03:13:57Z
16,Dak Prescott,5,Dak Prescott (@dak) / Posts / X,https://x.com/dak,2025-11-18T03:13:57Z
16,Dak Prescott,6,"Dak Prescott Stats, News and Video - QB | NFL.com",https://www.nfl.com/players/dak-prescott/,2025-11-18T03:13:57Z
16,Dak Prescott,7,Dak Prescott on X,https://x.com/dak/status/1483601930337271810?lang=en,2025-11-18T03:13:57Z
16,Dak Prescott,8,"Dak, Schotty frustrated at inconsistent Cowboys: 'It's unacceptable'",https://www.dallascowboys.com/news/dak-schotty-frustrated-at-inconsistent-cowboys-it-s-unacceptable,2025-11-18T03:13:57Z
16,Dak Prescott,9,Cowboys QB Dak Prescott talks openly on mental health,https://www.nfl.com/news/cowboys-qb-dak-prescott-talks-openly-on-mental-health,2025-11-18T03:13:57Z
16,Dak Prescott,10,Dak Prescott,https://www.dallascowboys.com/team/players-roster/dak-prescott/,2025-11-18T03:13:57Z
16,Dak Prescott,11,Many of you know I lost my dear mother to colorectal cancer and ...,https://www.facebook.com/DakPrescott/posts/many-of-you-know-i-lost-my-dear-mother-to-colorectal-cancer-and-every-day-i-stan/322767912542779/,2025-11-18T03:13:57Z
16,Dak Prescott,12,"Dak Prescott seeking redemption in Denver, knows Cowboys must ...",https://www.dallascowboys.com/news/dak-prescott-seeking-redemption-in-denver-knows-cowboys-must-have-grit-to-win,2025-11-18T03:13:57Z
16,Dak Prescott,13,Dak Prescott - Football - Mississippi State,https://hailstate.com/sports/football/roster/dak-prescott/2911,2025-11-18T03:13:57Z
16,Dak Prescott,14,Faith. Fight. Finish - Foundation by Dak Prescott,https://faithfightfinish.org/,2025-11-18T03:13:57Z
16,Dak Prescott,15,"Dak Prescott - Great to have my #1 buddy, Legend, back at home ...",https://m.facebook.com/DakPrescott/photos/great-to-have-my-1-buddy-legend-back-at-home-thanks-you-chance-from-delta-k-9-so/1117763665008741/,2025-11-18T03:13:57Z
16,Dak Prescott,16,Cowboys QB Dak Prescott (Post-Game Transcript) - Eagles Media ...,https://eagles.1rmg.com/transcripts/cowboys-qb-dak-prescott-post-game-transcript/,2025-11-18T03:13:57Z
16,Dak Prescott,17,"You are the Cowboys GM, are you extending Dak Prescott or parting ...",https://www.reddit.com/r/cowboys/comments/1bjxr0y/you_are_the_cowboys_gm_are_you_extending_dak/,2025-11-18T03:13:57Z
16,Dak Prescott,18,Dak Prescott Just Preached a 7 Point Sermon in 90 Seconds — The ...,https://www.thechristianathlete.com/blog/dak-prescott-sermon,2025-11-18T03:13:57Z
16,Dak Prescott,19,CBS Sports lists Dak Prescott as most overrated QB : r/cowboys,https://www.reddit.com/r/cowboys/comments/1lqtkq3/cbs_sports_lists_dak_prescott_as_most_overrated_qb/,2025-11-18T03:13:57Z
16,Dak Prescott,20,Tom Thumb & Albertsons Dak Prescott Football ProCamp in ...,https://www.procamps.com/Prescott25,2025-11-18T03:13:57Z
17,Alexa Bliss,1,Lexi Cabrera (@alexa_bliss_wwe_) • Instagram photos and videos,https://www.instagram.com/alexa_bliss_wwe_/?hl=en,2025-11-18T03:14:02Z
17,Alexa Bliss,2,Alexa Bliss - Wikipedia,https://en.wikipedia.org/wiki/Alexa_Bliss,2025-11-18T03:14:02Z
17,Alexa Bliss,3,Last Night Charlotte Flair & Alexa Bliss reign as WWE Women's Tag ...,https://www.facebook.com/WWEHeelYARD/posts/last-night-charlotte-flair-alexa-bliss-reign-as-wwe-womens-tag-team-champions-of/1399652991947723/,2025-11-18T03:14:02Z
17,Alexa Bliss,4,Alexa Bliss as Harley Quinn? : r/batman,https://www.reddit.com/r/batman/comments/1j33f8g/alexa_bliss_as_harley_quinn/,2025-11-18T03:14:02Z
17,Alexa Bliss,5,Lexi (Kaufman) Cabrera (@AlexaBliss_WWE) / Posts / X,https://x.com/AlexaBliss_WWE,2025-11-18T03:14:02Z
17,Alexa Bliss,6,Making sense of the The Fiend & Alexa Bliss storyline : r ...,https://www.reddit.com/r/SquaredCircle/comments/mpp3lr/making_sense_of_the_the_fiend_alexa_bliss/,2025-11-18T03:14:02Z
17,Alexa Bliss,7,Alexa Bliss - As you can see... coffee makes me happy | Facebook,https://m.facebook.com/BlissWWE/photos/as-you-can-see-coffee-makes-me-happy-/562612640775298/,2025-11-18T03:14:02Z
17,Alexa Bliss,8,Is Alexa Bliss good? : r/Wreddit,https://www.reddit.com/r/Wreddit/comments/1ikwthv/is_alexa_bliss_good/,2025-11-18T03:14:02Z
17,Alexa Bliss,9,Alexa Bliss: Dropkicks & Diaper Bags - The Nikki & Brie Show ...,https://open.spotify.com/episode/3Vg3EItcggbRWxwubLfEhX,2025-11-18T03:14:02Z
17,Alexa Bliss,10,What's Alexa Bliss' best match? Does she have good matches? : r ...,https://www.reddit.com/r/SquaredCircle/comments/a1xq4x/whats_alexa_bliss_best_match_does_she_have_good/,2025-11-18T03:14:02Z
17,Alexa Bliss,11,Alexa Bliss Quotes - BrainyQuote,https://www.brainyquote.com/authors/alexa-bliss-quotes,2025-11-18T03:14:02Z
17,Alexa Bliss,12,Is Alexa Bliss Joining Wyatt Sicks?! : r/WWE,https://www.reddit.com/r/WWE/comments/1iivlio/is_alexa_bliss_joining_wyatt_sicks/,2025-11-18T03:14:02Z
17,Alexa Bliss,13,Alexa Bliss | WWE,https://www.wwe.com/superstars/alexa-bliss,2025-11-18T03:14:02Z
17,Alexa Bliss,14,Alexa Bliss: I just remember one person who always helped me out ...,https://www.reddit.com/r/SquaredCircle/comments/5ahykb/alexa_bliss_i_just_remember_one_person_who_always/,2025-11-18T03:14:02Z
17,Alexa Bliss,15,Lexi Kaufman - IMDb,https://www.imdb.com/name/nm6685842/,2025-11-18T03:14:02Z
17,Alexa Bliss,16,"Alexa Bliss biography, WWE titles and career accolades - ESPN",https://www.espn.com/wwe/story/_/id/17173533/wwe-profile-page-alexa-bliss,2025-11-18T03:14:02Z
17,Alexa Bliss,17,"Why is Alexa Bliss of WWE so overrated, and why is she champion ...",https://www.quora.com/Why-is-Alexa-Bliss-of-WWE-so-overrated-and-why-is-she-champion-despite-lacking-skills,2025-11-18T03:14:02Z
17,Alexa Bliss,18,"Alexa Bliss - Wikipedia, la enciclopedia libre",https://es.wikipedia.org/wiki/Alexa_Bliss,2025-11-18T03:14:02Z
17,Alexa Bliss,19,WWE star Alexa Bliss removes top after Lyra Valkyria wardrobe ...,https://www.news.com.au/sport/sports-life/wwe-star-removes-top-after-wardrobe-malfunction/news-story/ef5b4b2ad4256cb591e7a7a1d78d39c2,2025-11-18T03:14:02Z
17,Alexa Bliss,20,Mattel WWE Ultimate Edition Action Figure ... - Amazon.com,https://www.amazon.com/Mattel-Accessories-Collectible-Articulation-Swappable/dp/B09CGM99RH,2025-11-18T03:14:02Z
18,Taylor Hall,1,Taylor Hall Stats And News | NHL.com,https://www.nhl.com/hurricanes/player/taylor-hall-8475791,2025-11-18T03:14:06Z
18,Taylor Hall,2,Taylor Hall - Wikipedia,https://en.wikipedia.org/wiki/Taylor_Hall,2025-11-18T03:14:06Z
18,Taylor Hall,3,Taylor Hall - Carolina Hurricanes Left Wing - ESPN,https://www.espn.com/nhl/player/_/id/5428/taylor-hall,2025-11-18T03:14:06Z
18,Taylor Hall,4,"Taylor Hall - Stats, Contract, Salary & More",https://www.eliteprospects.com/player/14360/taylor-hall,2025-11-18T03:14:06Z
18,Taylor Hall,5,"Taylor Hall Stats, Height, Weight, Position, Title | Hockey-Reference ...",https://www.hockey-reference.com/players/h/hallta02.html,2025-11-18T03:14:06Z
18,Taylor Hall,6,Taylor Hall (b.1991) Hockey Stats and Profile at hockeydb.com,https://www.hockeydb.com/ihdb/stats/pdisplay.php?pid=106818,2025-11-18T03:14:06Z
18,Taylor Hall,7,Taylor Hall (@hallsy09) • Instagram photos and videos,https://www.instagram.com/hallsy09/?hl=en,2025-11-18T03:14:06Z
18,Taylor Hall,8,Taylor Hall | Montana State University,https://www.montana.edu/calendar/locations.php?building=13,2025-11-18T03:14:06Z
18,Taylor Hall,9,Taylor Hall | Labor & Employment Lawyer | Professionals ...,https://www.gtlaw.com/en/professionals/h/hall-taylor,2025-11-18T03:14:06Z
18,Taylor Hall,10,Taylor Hall - Senior Associate A.D. for Compliance - Staff Directory ...,https://olemisssports.com/staff-directory/taylor-hall/1065,2025-11-18T03:14:06Z
18,Taylor Hall,11,Taylor Hall | Muhlenberg College,https://www.muhlenberg.edu/student-life/housing/housingservices/livingoptions/taylorhall/,2025-11-18T03:14:06Z
18,Taylor Hall,12,Taylor Hall. Bad locker room guy who only cares about money and ...,https://www.reddit.com/r/BostonBruins/comments/nf9ce2/taylor_hall_bad_locker_room_guy_who_only_cares/,2025-11-18T03:14:06Z
18,Taylor Hall,13,"Taylor Hall Contract, Cap Hit, Salary and Stats | Puckpedia",https://puckpedia.com/player/taylor-hall,2025-11-18T03:14:06Z
18,Taylor Hall,14,"Taylor Hall, OD | Eye Doctor Indianapolis",https://pricevisiongroup.com/our-doctors/taylor-hall/,2025-11-18T03:14:06Z
18,Taylor Hall,15,Taylor Hall - Housing and Residence Life,https://www.boisestate.edu/housing/housing-options/taylor-hall/,2025-11-18T03:14:06Z
18,Taylor Hall,16,Taylor Hall | Howard Payne University,https://www.hputx.edu/student-experience/residence-life/taylor-hall/,2025-11-18T03:14:06Z
18,Taylor Hall,17,Taylor Hall - Hastings College,https://www.hastings.edu/student-life/housing/taylor-hall/,2025-11-18T03:14:06Z
18,Taylor Hall,18,Taylor Hall | Housing and Residence Life,https://housing.gmu.edu/residence-halls/first-year-residence-halls/taylor-hall,2025-11-18T03:14:06Z
18,Taylor Hall,19,Taylor Hall's best tweets : r/devils,https://www.reddit.com/r/devils/comments/dprg0t/taylor_halls_best_tweets/,2025-11-18T03:14:06Z
18,Taylor Hall,20,Taylor Hall | NAU,https://nau.edu/flagstaff-campus/campus-living/living-communities/taylor-hall/,2025-11-18T03:14:06Z
19,Mark Davis,1,Mark Davis (American football) - Wikipedia,https://en.wikipedia.org/wiki/Mark_Davis_(American_football),2025-11-18T03:14:10Z
19,Mark Davis,2,Mark Davis Lab | Mark M. Davis Lab | Stanford Medicine,https://med.stanford.edu/davislab.html,2025-11-18T03:14:10Z
19,Mark Davis,3,Mark Davis (@MarkDavis) / Posts / X,https://x.com/MarkDavis,2025-11-18T03:14:10Z
19,Mark Davis,4,Mark Davis,https://www.markdavis.com/,2025-11-18T03:14:10Z
19,Mark Davis,5,"Mark Davis on Tom Brady, the Evolution of the NFL and More ...",https://www.youtube.com/watch?v=bxuY9x6fowM,2025-11-18T03:14:10Z
19,Mark Davis,6,Mark T. Davis | Jackson Corporate Attorney | Jones Walker LLP,https://www.joneswalker.com/en/professionals/mark-t-davis.html,2025-11-18T03:14:10Z
19,Mark Davis,7,The Mark Davis Show,https://www.facebook.com/MarkDavisShow/,2025-11-18T03:14:10Z
19,Mark Davis,8,Mark M. Davis' Profile | Stanford Profiles,https://profiles.stanford.edu/mark-davis,2025-11-18T03:14:10Z
19,Mark Davis,9,Mark C. Davis | Professionals | Holland & Knight,https://www.hklaw.com/en/professionals/d/davis-mark-c,2025-11-18T03:14:10Z
19,Mark Davis,10,Mark Davis,https://www.facebook.com/markdavisprobassfishing/,2025-11-18T03:14:10Z
19,Mark Davis,11,Mark Davis,https://www.raiders.com/team/front-office-roster/mark-davis,2025-11-18T03:14:10Z
19,Mark Davis,12,Mark Davis Announces Significant Raiders Decision,https://heavy.com/sports/nfl/las-vegas-raiders/mark-davis-season-ticket-decision/,2025-11-18T03:14:10Z
19,Mark Davis,13,Mark Davis: Eliminate the Toxins,https://markdavismusic.ca/,2025-11-18T03:14:10Z
19,Mark Davis,14,Mark Davis,https://sites.google.com/macalester.edu/markdavis/home,2025-11-18T03:14:10Z
19,Mark Davis,15,Mark Davis - Biology - Macalester College,https://www.macalester.edu/biology/facultystaff/mark-davis/,2025-11-18T03:14:10Z
19,Mark Davis,16,Designer Mark Davis,https://designermarkdavis.com/,2025-11-18T03:14:10Z
19,Mark Davis,17,Mark Davis | Cassels Intellectual Property Partner | Cassels.com,https://cassels.com/our_team/mark-davis/,2025-11-18T03:14:10Z
19,Mark Davis,18,Mark Davis: My MORCA-Georgetown Paralegal Program ...,https://prisonsandjustice.georgetown.edu/news/mark-davis-my-morca-georgetown-paralegal-program-experience-and-the-power-to-shape-my-own-future/,2025-11-18T03:14:10Z
19,Mark Davis,19,Mark S. Davis | tulane,https://law.tulane.edu/mark-s-davis,2025-11-18T03:14:10Z
19,Mark Davis,20,"Scatterday, Mark Davis – Eastman School of Music",https://www.esm.rochester.edu/directory/scatterday-mark/,2025-11-18T03:14:10Z
20,Bowers,1,Bowers Museum: Orange County's Finest,https://www.bowers.org/,2025-11-18T03:14:15Z
20,Bowers,2,Bowers & Wilkins,https://www.bowerswilkins.com/en-us/,2025-11-18T03:14:15Z
20,Bowers,3,Brock Bowers - Las Vegas Raiders Tight End - ESPN,https://www.espn.com/nfl/player/_/id/4432665/brock-bowers,2025-11-18T03:14:15Z
20,Bowers,4,Bradley L Bowers,https://www.bradleylbowers.com/,2025-11-18T03:14:15Z
20,Bowers,5,Kris Bowers,https://www.krisbowers.com/,2025-11-18T03:14:15Z
20,Bowers,6,"Alex J Bowers | Faculty Profile | Teachers College, Columbia ...",https://www.tc.columbia.edu/faculty/ab3764/,2025-11-18T03:14:15Z
20,Bowers,7,David Bowers | Enterprise Community Partners,https://www.enterprisecommunity.org/about/david-bowers,2025-11-18T03:14:15Z
20,Bowers,8,Grace Bowers (@grace__bowers) • Instagram photos and videos,https://www.instagram.com/grace__bowers/?hl=en,2025-11-18T03:14:15Z
20,Bowers,9,Bowers Funeral Home | ME Funeral Homes,https://www.bowersfuneral.com/,2025-11-18T03:14:15Z
20,Bowers,10,Bowers | Leading MEP experts providing reliable service,https://www.webowers.com/,2025-11-18T03:14:15Z
20,Bowers,11,Home - Bowers Beach - The Way Life Used to Be,https://bowersbeach.delaware.gov/,2025-11-18T03:14:15Z
20,Bowers,12,Caroline Bowers - Women's Lacrosse - University of Denver Athletics,https://denverpioneers.com/sports/womens-lacrosse/roster/caroline-bowers/6000,2025-11-18T03:14:15Z
20,Bowers,13,Shop - All Wine - Bowers Harbor Vineyards,https://www.bowersharbor.com/Shop/All-Wine,2025-11-18T03:14:15Z
20,Bowers,14,Bowers Hill Interchange Improvements Study | Virginia Department ...,https://vdot.virginia.gov/projects/hampton-roads-district/bowers-hill-interchange-improvements-study/,2025-11-18T03:14:15Z
20,Bowers,15,Bowers v. Hardwick | Oyez,https://www.oyez.org/cases/1985/85-140,2025-11-18T03:14:15Z
20,Bowers,16,Kris Bowers,https://www.facebook.com/krisbowersmusic/,2025-11-18T03:14:15Z
20,Bowers,17,"Dear colleagues, clients and friends, | Marci L. Bowers, M.D. ...",https://marcibowers.com/transfem/dear-colleagues-clients-and-friends/,2025-11-18T03:14:15Z
20,Bowers,18,Chris Bowers (@Coach_Bowers) / Posts / X,https://x.com/Coach_Bowers,2025-11-18T03:14:15Z
20,Bowers,19,Senator Elaine Bowers | Legislators | Kansas State Legislature,https://www.kslegislature.gov/li/b2025_26/members/sen_bowers_elaine_1/,2025-11-18T03:14:15Z
20,Bowers,20,IMF Managing Director Appoints Romy Bowers as Director of the ...,https://www.imf.org/en/News/Articles/2023/10/27/pr23363-imf-md-appoints-romy-bowers-director-orm,2025-11-18T03:14:15Z
21,Kobe Sanders,1,Kobe Sanders - LA Clippers Guard - ESPN,https://www.espn.com/nba/player/_/id/4702352/kobe-sanders,2025-11-18T03:14:19Z
21,Kobe Sanders,2,Kobe Sanders - Men's Basketball - University of Nevada Athletics,https://nevadawolfpack.com/sports/mens-basketball/roster/kobe-sanders/11593,2025-11-18T03:14:19Z
21,Kobe Sanders,3,Kobe Sanders - Wikipedia,https://en.wikipedia.org/wiki/Kobe_Sanders,2025-11-18T03:14:19Z
21,Kobe Sanders,4,Kobe Sanders (@thek3_) • Instagram photos and videos,https://www.instagram.com/thek3_/?hl=en,2025-11-18T03:14:19Z
21,Kobe Sanders,5,Kobe Sanders College Stats | College Basketball at Sports ...,https://www.sports-reference.com/cbb/players/kobe-sanders-1.html,2025-11-18T03:14:19Z
21,Kobe Sanders,6,Kobe Sanders | Guard | LA Clippers | NBA.com,https://www.nba.com/player/1642920/kobe-sanders,2025-11-18T03:14:19Z
21,Kobe Sanders,7,"Kobe Sanders Stats, Height, Weight, Position, Draft Status and more ...",https://www.basketball-reference.com/players/s/sandeko01.html,2025-11-18T03:14:19Z
21,Kobe Sanders,8,Kobe Sanders - 2024-25 - Men's Basketball - Regis University ...,https://regisrangers.com/sports/mens-basketball/roster/kobe--sanders/5121,2025-11-18T03:14:19Z
21,Kobe Sanders,9,NBA 2025 Draft Prospects | Kobe Sanders | NBA.com,https://www.nba.com/draft/2025/prospects/kobe-sanders,2025-11-18T03:14:19Z
21,Kobe Sanders,10,Kobe Sanders (@KobeSanders3) / Posts / X,https://x.com/KobeSanders3,2025-11-18T03:14:19Z
21,Kobe Sanders,11,Clippers' Kobe Sanders: Won't play Tuesday - CBS Sports,https://www.cbssports.com/fantasy/basketball/news/clippers-kobe-sanders-wont-play-tuesday/,2025-11-18T03:14:19Z
21,Kobe Sanders,12,Kobe Sanders - Men's Basketball - Concordia University Irvine ...,https://cuigoldeneagles.com/sports/mens-basketball/roster/kobe-sanders/9349,2025-11-18T03:14:19Z
21,Kobe Sanders,13,Kobe Sanders Traded to Los Angeles Clippers After Being Drafted ...,https://themw.com/news/2025/06/27/kobe-sanders-traded-to-los-angeles-clippers-after-being-drafted-by-knicks/,2025-11-18T03:14:19Z
21,Kobe Sanders,14,Kobe Sanders - LA Clippers Guard - ESPN (PH),https://www.espn.ph/nba/player/_/id/4702352/kobe-sanders,2025-11-18T03:14:19Z
21,Kobe Sanders,15,How Nevada's Kobe Sanders fits with Los Angeles Clippers after ...,https://nevadasportsnet.com/news/reporters/how-nevadas-kobe-sanders-fits-with-los-angeles-clippers-after-being-a-second-round-pick,2025-11-18T03:14:19Z
21,Kobe Sanders,16,2025 NBA Draft - #50 Pick: Kobe Sanders (Nevada) : r/nba,https://www.reddit.com/r/nba/comments/1llhxuw/2025_nba_draft_50_pick_kobe_sanders_nevada/,2025-11-18T03:14:19Z
21,Kobe Sanders,17,Grasping all of his potential: The Rise of Kobe Sanders - Mustang ...,https://mustangnews.net/grasping-all-of-his-potential-the-rise-of-kobe-sanders/,2025-11-18T03:14:19Z
21,Kobe Sanders,18,Nevada basketball's Kobe Sanders talks joining the Wolf Pack ...,https://nevadasportsnet.com/news/reporters/kobe-sanders-one-on-one,2025-11-18T03:14:19Z
21,Kobe Sanders,19,Ja'Kobe Sanders - Football - Miles College Athletics,https://milesgoldenbears.com/sports/football/roster/ja-kobe-sanders/1935,2025-11-18T03:14:19Z
21,Kobe Sanders,20,Nevada Men's Basketball Sport Grey Arch Tee - Kobe Sanders,https://nil.store/undefined/products/nevada-mens-basketball-sport-grey-arch-tee-kobe-sanders,2025-11-18T03:14:19Z
22,Tyrese Maxey,1,Tyrese Maxey - Philadelphia 76ers Guard - ESPN,https://www.espn.com/nba/player/_/id/4431678/tyrese-maxey,2025-11-18T03:14:24Z
22,Tyrese Maxey,2,"Tyrese Maxey Stats, Height, Weight, Position, Draft Status and more ...",https://www.basketball-reference.com/players/m/maxeyty01.html,2025-11-18T03:14:24Z
22,Tyrese Maxey,3,Tyrese Maxey (@tyresemaxey) • Instagram photos and videos,https://www.instagram.com/tyresemaxey/?hl=en,2025-11-18T03:14:24Z
22,Tyrese Maxey,4,Tyrese Maxey - Wikipedia,https://en.wikipedia.org/wiki/Tyrese_Maxey,2025-11-18T03:14:24Z
22,Tyrese Maxey,5,Tyrese Maxey | Guard | Philadelphia 76ers | NBA.com,https://www.nba.com/player/1630178/tyrese-maxey,2025-11-18T03:14:24Z
22,Tyrese Maxey,6,Tyrese Maxey - Philadelphia 76ers Guard - ESPN (PH),https://www.espn.ph/nba/player/_/id/4431678/tyrese-maxey,2025-11-18T03:14:24Z
22,Tyrese Maxey,7,Tyrese Maxey (@TyreseMaxey) / Posts / X,https://x.com/TyreseMaxey?lang=en,2025-11-18T03:14:24Z
22,Tyrese Maxey,8,Tyrese Maxey – UK Athletics,https://ukathletics.com/sports/mbball/roster/player/tyrese-maxey/,2025-11-18T03:14:24Z
22,Tyrese Maxey,9,How high is Tyrese Maxey's ceiling? : r/sixers,https://www.reddit.com/r/sixers/comments/18twnxg/how_high_is_tyrese_maxeys_ceiling/,2025-11-18T03:14:24Z
22,Tyrese Maxey,10,Multiple Sixers single out Tyrese Maxey for being vocal in practice,https://sixerswire.usatoday.com/story/sports/nba/sixers/2025/10/16/multiple-sixers-single-out-tyrese-maxey-for-being-vocal-in-practice/86730757007/,2025-11-18T03:14:24Z
22,Tyrese Maxey,11,TYRESE MAXEY AND NEW BALANCE LAUNCH THE TYRESE ...,https://newbalance.newsmarket.com/latest-news/tyrese-maxey-and-new-balance-launch-the-tyrese-maxey-hero-pack/s/4159d387-3152-4900-9e45-b39bf8fa82e3,2025-11-18T03:14:24Z
22,Tyrese Maxey,12,Tyrese Maxey: Home,https://www.tyresemaxey.com/,2025-11-18T03:14:24Z
22,Tyrese Maxey,13,"Tyrese Maxey (PG) Stats, News, Rumors, Bio, Video - Philadelphia ...",https://sports.yahoo.com/nba/players/6413/,2025-11-18T03:14:24Z
22,Tyrese Maxey,14,The Tyrese Maxey Blog: This is why I chose Kentucky and why I'm ...,https://www.usatodayhss.com/story/sports/high-school/2018/05/09/the-tyrese-maxey-blog-this-is-why-i-chose-kentucky-and-why-im-staying-in-2019-john-calipari-bbn/76868499007/,2025-11-18T03:14:24Z
22,Tyrese Maxey,15,Is Tyrese Maxey Becoming a Good Defender?,https://www.rightstorickysanchez.com/p/is-tyrese-maxey-becoming-a-good-defender,2025-11-18T03:14:24Z
22,Tyrese Maxey,16,"Listen Tyrese Maxey… you're a lifelong Cowboys fan so fine, you ...",https://www.facebook.com/6abcJamieApody/posts/listen-tyrese-maxey-youre-a-lifelong-cowboys-fan-so-fine-you-can-think-it-but-go/1315246053300829/,2025-11-18T03:14:24Z
22,Tyrese Maxey,17,Tyrese Maxey College Stats | College Basketball at Sports ...,https://www.sports-reference.com/cbb/players/tyrese-maxey-1.html,2025-11-18T03:14:24Z
22,Tyrese Maxey,18,"Tyrese Maxey - NBA Point guard - News, Stats, Bio and more - The ...",https://www.nytimes.com/athletic/nba/player/tyrese-maxey-ZaAqNko77dWsPkHu/,2025-11-18T03:14:24Z
22,Tyrese Maxey,19,Christmas Day was unfortunate timing for Sixers' Tyrese Maxey's ...,https://www.libertyballers.com/2023/12/26/24015269/christmas-day-tyrese-maxey-worst-game-season-philadelphia-76ers-nba-heat,2025-11-18T03:14:24Z
22,Tyrese Maxey,20,Tyrese Maxey x 1906R - New Balance,https://www.newbalance.com/pd/tyrese-maxey-x-1906r/U1906RV1-52546.html,2025-11-18T03:14:24Z
23,Jake Ferguson,1,Jake Ferguson - Dallas Cowboys Tight End - ESPN,https://www.espn.com/nfl/player/_/id/4242355/jake-ferguson,2025-11-18T03:14:28Z
23,Jake Ferguson,2,Jake Ferguson (@jakeferg84) • Instagram photos and videos,https://www.instagram.com/jakeferg84/?hl=en,2025-11-18T03:14:28Z
23,Jake Ferguson,3,"Jake Ferguson Stats, Height, Weight, Position, Draft, College | Pro ...",https://www.pro-football-reference.com/players/F/FergJa00.htm,2025-11-18T03:14:28Z
23,Jake Ferguson,4,Jake Ferguson - Wikipedia,https://en.wikipedia.org/wiki/Jake_Ferguson,2025-11-18T03:14:28Z
23,Jake Ferguson,5,Jake Ferguson on X,http://x.com/jqfergy11/status/1433567791139991556?s=20,2025-11-18T03:14:28Z
23,Jake Ferguson,6,Jake Ferguson - Baseball - Eastern Illinois University Athletics,https://eiupanthers.com/sports/baseball/roster/jake--ferguson/10084,2025-11-18T03:14:28Z
23,Jake Ferguson,7,Jake Ferguson | Football | Wisconsin Badgers,https://uwbadgers.com/sports/football/roster/jake-ferguson/7283,2025-11-18T03:14:28Z
23,Jake Ferguson,8,Jake Ferguson - Dallas Cowboys Tight End - ESPN (UK),https://www.espn.co.uk/nfl/player/_/id/4242355/jake-ferguson,2025-11-18T03:14:28Z
23,Jake Ferguson,9,Jake Ferguson,https://www.dallascowboys.com/team/players-roster/jake-ferguson/,2025-11-18T03:14:28Z
23,Jake Ferguson,10,Pay or Trade Jake Ferguson. : r/cowboys,https://www.reddit.com/r/cowboys/comments/1fz8ese/pay_or_trade_jake_ferguson/,2025-11-18T03:14:28Z
23,Jake Ferguson,11,"Jake Ferguson Stats, News and Video - TE | NFL.com",https://www.nfl.com/players/jake-ferguson/,2025-11-18T03:14:28Z
23,Jake Ferguson,12,Dallas Cowboys TE Jake Ferguson has now caught 6 touchdowns ...,https://www.reddit.com/r/fantasyfootball/comments/1ob6nmo/dallas_cowboys_te_jake_ferguson_has_now_caught_6/,2025-11-18T03:14:28Z
23,Jake Ferguson,13,Jake Ferguson | University of Kentucky College of Arts & Sciences,https://bio.as.uky.edu/users/jmfe240,2025-11-18T03:14:28Z
23,Jake Ferguson,14,This was the last time Jake Ferguson caught a touchdown pass in a ...,https://www.reddit.com/r/cowboys/comments/1nq8gxf/this_was_the_last_time_jake_ferguson_caught_a/,2025-11-18T03:14:28Z
23,Jake Ferguson,15,Jake Ferguson,https://jakefergusonmusic.com/,2025-11-18T03:14:28Z
23,Jake Ferguson,16,Jake Ferguson... the TE1? : r/DynastyFF,https://www.reddit.com/r/DynastyFF/comments/1nq8bfi/jake_ferguson_the_te1/,2025-11-18T03:14:28Z
23,Jake Ferguson,17,"Jake Ferguson Dallas Cowboys Jerseys, Jake Ferguson Shirts, Jake ...",https://shop.dallascowboys.com/en/dallas-cowboys-jake-ferguson/t-14048028+a-7075335909+z-99-2941263667,2025-11-18T03:14:28Z
23,Jake Ferguson,18,Jake Ferguson... the TE1? : r/fantasyfootball,https://www.reddit.com/r/fantasyfootball/comments/1nq7oy7/jake_ferguson_the_te1/,2025-11-18T03:14:28Z
23,Jake Ferguson,19,Cowboys TE Jake Ferguson is considered week to week with a ...,https://www.facebook.com/AdamSchefter/posts/cowboys-te-jake-ferguson-is-considered-week-to-week-with-a-sprained-mcl-per-sour/1061643545331592/,2025-11-18T03:14:28Z
23,Jake Ferguson,20,Dr. Jake Ferguson — Center for Wildlife Studies,https://www.centerforwildlifestudies.org/jf-faculty-profile,2025-11-18T03:14:28Z
24,Deuce McBride,1,Miles McBride - New York Knicks Guard - ESPN,https://www.espn.com/nba/player/_/id/4431823/miles-mcbride,2025-11-18T03:14:33Z
24,Deuce McBride,2,Miles “Deuce” McBride (@deucemcb11) • Instagram photos and ...,https://www.instagram.com/deucemcb11/?hl=en,2025-11-18T03:14:33Z
24,Deuce McBride,3,[Edwards III] Miles McBride (personal reasons) will not play tonight ...,https://www.reddit.com/r/NYKnicks/comments/1ogvgqj/edwards_iii_miles_mcbride_personal_reasons_will/,2025-11-18T03:14:33Z
24,Deuce McBride,4,"Miles McBride Stats, Height, Weight, Position, Draft Status and more ...",https://www.basketball-reference.com/players/m/mcbrimi01.html,2025-11-18T03:14:33Z
24,Deuce McBride,5,Miles McBride - Wikipedia,https://en.wikipedia.org/wiki/Miles_McBride,2025-11-18T03:14:33Z
24,Deuce McBride,6,M11es McBride (@deucemcb11) / Posts / X,https://x.com/deucemcb11?lang=en,2025-11-18T03:14:33Z
24,Deuce McBride,7,Miles McBride | Guard | New York Knicks | NBA.com,https://www.nba.com/player/1630540/miles-mcbride,2025-11-18T03:14:33Z
24,Deuce McBride,8,Life as a Mountaineer – Miles “Deuce” McBride - West Virginia ...,https://wvusports.com/news/2021/1/28/mens-basketball-life-as-amountaineer-miles-deuce-mcbride.aspx,2025-11-18T03:14:33Z
24,Deuce McBride,9,Knicks just made their stance on Deuce McBride crystal clear,https://dailyknicks.com/knicks-just-made-their-stance-on-deuce-mcbride-crystal-clear-01k6tfp7dvr2,2025-11-18T03:14:33Z
24,Deuce McBride,10,"Deuce: The Champion of Friendship: McBride, Miles, McBride ...",https://www.amazon.com/Deuce-Champion-Friendship-Miles-McBride/dp/B0FCYSYR7K,2025-11-18T03:14:33Z
24,Deuce McBride,11,Miles McBride - New York Knicks Guard - ESPN (PH),https://www.espn.ph/nba/player/_/id/4431823/miles-mcbride,2025-11-18T03:14:33Z
24,Deuce McBride,12,Miles McBride - NBA G League Stats,https://stats.gleague.nba.com/player/1630540/traditional,2025-11-18T03:14:33Z
24,Deuce McBride,13,Miles McBride (@deucemcb11) | TikTok,https://www.tiktok.com/@deucemcb11?lang=en,2025-11-18T03:14:33Z
24,Deuce McBride,14,"Knicks banged up again: Karl-Anthony Towns, Miles McBride injury ...",https://ca.sports.yahoo.com/news/knicks-banged-again-karl-anthony-214524506.html,2025-11-18T03:14:33Z
24,Deuce McBride,15,Deuce McBride's Status for the Game,https://www.facebook.com/groups/165828836791769/posts/28173889282225682/,2025-11-18T03:14:33Z
24,Deuce McBride,16,"WVU In The NBA: Deuce McBride's First Start Of Season, Javon ...",https://hailwv.com/wvu-in-the-nba-deuce-mcbride-s-first-start-of-season-javon-small-scores-first-points,2025-11-18T03:14:33Z
24,Deuce McBride,17,Deuce's Worth - by Jonathan Macri - Knicks Film School,https://knicksfilmschool.substack.com/p/deuces-worth,2025-11-18T03:14:33Z
24,Deuce McBride,18,"Miles McBride - Wikipedia, la enciclopedia libre",https://es.wikipedia.org/wiki/Miles_McBride,2025-11-18T03:14:33Z
24,Deuce McBride,19,Miles McBride - For Whoever is Watching | His Huddle,https://hishuddle.com/2021/10/19/miles-mcbride/,2025-11-18T03:14:33Z
24,Deuce McBride,20,Untitled,https://www.spotrac.com/redirect/player/74143,2025-11-18T03:14:33Z
25,Free Tina Peters,1,"Tina Peters, former Mesa County clerk, sentenced to 9 years in ...",https://coloradonewsline.com/2024/10/03/tina-peters-former-mesa-county-clerk-sentenced-to-9-years-in-prison-over-voting-systems-breach/,2025-11-18T03:14:37Z
25,Free Tina Peters,2,"FREE TINA PETERS, NOW!",https://www.facebook.com/RepBoebert/posts/free-tina-peters-now/1249072427226616/,2025-11-18T03:14:37Z
25,Free Tina Peters,3,Trump repeats call for former Mesa County Clerk Tina Peters to be ...,https://www.cpr.org/2025/08/21/trump-repeats-demand-tina-peters-released-from-prison/,2025-11-18T03:14:37Z
25,Free Tina Peters,4,Trump Administration Seeks Custody of Convicted Election Denier ...,https://www.democracydocket.com/news-alerts/trump-administration-seeks-custody-of-convicted-election-denier-tina-peters/,2025-11-18T03:14:37Z
25,Free Tina Peters,5,Colorado attorney general says Tina Peters' First Amendment ...,https://www.cpr.org/2025/10/02/tina-peters-first-amendment-appeal/,2025-11-18T03:14:37Z
25,Free Tina Peters,6,Secretary of State Jena Griswold Issues Statement Following Tina ...,https://www.sos.state.co.us/pubs/newsRoom/pressReleases/2024/PR20241003Peters.html,2025-11-18T03:14:37Z
25,Free Tina Peters,7,Trump administration takes formal step toward freeing Tina Peters ...,https://www.9news.com/article/news/politics/trump-administration-free-tina-peters/73-ebd88246-28c3-4ea7-a742-278c7f7509a6,2025-11-18T03:14:37Z
25,Free Tina Peters,8,Who is Tina Peters? What to know after Trump calls for her release,https://www.usatoday.com/story/news/politics/2025/08/21/trump-calls-for-tina-peters-release-who-is-she/85760935007/,2025-11-18T03:14:37Z
25,Free Tina Peters,9,Tina Peters: Trump being urged to pardon former GOP clerk | CNN ...,https://www.cnn.com/2025/11/10/politics/tina-peters-pardon-push-trump,2025-11-18T03:14:37Z
25,Free Tina Peters,10,Trump administration seeks to transfer Tina Peters to federal custody,https://thehill.com/regulation/court-battles/5607518-tina-peters-transfer-federal-custody-trump-administration/,2025-11-18T03:14:37Z
25,Free Tina Peters,11,"Tina Peters, former Colorado clerk, sentenced 9 years for voting ...",https://apnews.com/article/tina-peters-colorado-clerk-election-vote-fraud-b456ce4f80dc97f4b967eb6297311a51,2025-11-18T03:14:37Z
25,Free Tina Peters,12,Who is Tina Peters? Trump calls for her release from prison | Miami ...,https://www.miamiherald.com/news/nation-world/national/article311791209.html,2025-11-18T03:14:37Z
25,Free Tina Peters,13,Littwin: Why can't an authoritarian Trump pardon Tina Peters?,https://coloradosun.com/2025/06/01/littwin-trump-pardon-tina-peters-colorado/,2025-11-18T03:14:37Z
25,Free Tina Peters,14,"State: Tina Peters prosecution, sentencing did not violate her right to ...",https://www.gjsentinel.com/news/western_colorado/state-tina-peters-prosecution-sentencing-did-not-violate-her-right-to-free-speech/article_61da2faf-93c3-46e3-87cf-cc60036953b3.html,2025-11-18T03:14:37Z
25,Free Tina Peters,15,Free Speech For People's Statement on Tina Peters' Conviction ...,https://freespeechforpeople.org/free-speech-for-peoples-statement-on-tina-peters-conviction/,2025-11-18T03:14:37Z
25,Free Tina Peters,16,"Trump threatens ""harsh measures"" against Colorado if Tina Peters is ...",https://www.axios.com/local/denver/2025/08/21/trump-threat-colorado-tina-peters,2025-11-18T03:14:37Z
25,Free Tina Peters,17,Trump warns of 'harsh measures' if Colorado clerk convicted of ...,https://www.pbs.org/newshour/politics/trump-warns-of-harsh-measures-if-colorado-clerk-convicted-of-election-data-breach-scheme-isnt-freed,2025-11-18T03:14:37Z
25,Free Tina Peters,18,Trump threatens 'harsh measures' if Tina Peters is not released from ...,https://www.coloradopolitics.com/2025/08/25/trump-threatens-harsh-measures-if-tina-peters-is-not-released-from-jail/,2025-11-18T03:14:37Z
25,Free Tina Peters,19,Trump directs Department of Justice to try to free Tina Peters from ...,https://www.kunc.org/news/2025-05-06/trump-directs-department-of-justice-to-try-to-free-tina-peters-from-prison-in-social-media-post,2025-11-18T03:14:37Z
25,Free Tina Peters,20,US justice department to review conviction of former election clerk ...,https://www.theguardian.com/us-news/2025/mar/04/justice-department-review-tina-peters-conviction,2025-11-18T03:14:37Z
1,Cloudflare,1,"Cloudflare: Connect, protect, and build everywhere",https://www.cloudflare.com/,2025-11-18T14:16:19Z
1,Cloudflare,2,Cloudflare Dashboard | Manage Your Account,https://dash.cloudflare.com/,2025-11-18T14:16:19Z
1,Cloudflare,3,What is Cloudflare? | Cloudflare,https://www.cloudflare.com/learning/what-is-cloudflare/,2025-11-18T14:16:19Z
1,Cloudflare,4,Cloudflare - Wikipedia,https://en.wikipedia.org/wiki/Cloudflare,2025-11-18T14:16:19Z
1,Cloudflare,5,Cloudflare Status,https://www.cloudflarestatus.com/,2025-11-18T14:16:19Z
1,Cloudflare,6,The Cloudflare Blog,https://blog.cloudflare.com/,2025-11-18T14:16:19Z
1,Cloudflare,7,Cloudflare Workers,https://workers.cloudflare.com/,2025-11-18T14:16:19Z
1,Cloudflare,8,Internet Speed Test - Measure Network Performance | Cloudflare,https://speed.cloudflare.com/,2025-11-18T14:16:19Z
1,Cloudflare,9,Cloudflare (@Cloudflare) / Posts / X,https://x.com/Cloudflare,2025-11-18T14:16:19Z
1,Cloudflare,10,Cloudflare | LinkedIn,https://www.linkedin.com/company/cloudflare,2025-11-18T14:16:19Z
1,Cloudflare,11,1.1.1.1 — The free app that makes your Internet faster.,https://1.1.1.1/,2025-11-18T14:16:19Z
1,Cloudflare,12,Cloudflare Pages,https://pages.cloudflare.com/,2025-11-18T14:16:19Z
1,Cloudflare,13,Cloudflare Docs: Welcome to Cloudflare,https://developers.cloudflare.com/,2025-11-18T14:16:19Z
1,Cloudflare,14,Cloudflare Partner Portal: Login,https://www.partners.cloudflare.com/partners/,2025-11-18T14:16:19Z
1,Cloudflare,15,Cloudflare API | overview,https://developers.cloudflare.com/api/,2025-11-18T14:16:19Z
1,Cloudflare,16,Cloudflare – WordPress plugin | WordPress.org,https://wordpress.org/plugins/cloudflare/,2025-11-18T14:16:19Z
1,Cloudflare,17,Cloudflare,https://www.reddit.com/r/CloudFlare/,2025-11-18T14:16:19Z
1,Cloudflare,18,Cloudflare Radar: Worldwide Overview,https://radar.cloudflare.com/,2025-11-18T14:16:19Z
1,Cloudflare,19,How do I add a CNAME record? - DNS & Network - Cloudflare ...,https://community.cloudflare.com/t/how-do-i-add-a-cname-record/59,2025-11-18T14:16:19Z
1,Cloudflare,20,Cloudflare Support,https://www.support.cloudflare.com/s/?language=en_US,2025-11-18T14:16:19Z
2,#WWERaw,1,Unfortunately I will not be at #WWERaw tonight. Not only did Bianca ...,https://www.instagram.com/p/Ca0l44aM8RO/?hl=en,2025-11-18T14:16:24Z
2,#WWERaw,2,Thrilled to have Pat McAfee every week on #WWERaw. Welcome ...,https://www.facebook.com/tripleh/posts/thrilled-to-have-pat-mcafee-every-week-on-wweraw-welcome-home-pat/930663708421888/,2025-11-18T14:16:24Z
2,#WWERaw,3,"face facts, 'cause your opinion don't matter #WWERaw",https://www.instagram.com/p/C8nkFh9OgK6/,2025-11-18T14:16:24Z
2,#WWERaw,4,Cena vs. AJ Styles Thoughts? #WWERaw,https://www.facebook.com/johncena/posts/cena-vs-aj-stylesthoughts-wweraw/1341675220653433/,2025-11-18T14:16:24Z
2,#WWERaw,5,2️⃣➡️1️⃣ #WWERaw,https://x.com/RealLAKnight/status/1934804793769476535,2025-11-18T14:16:24Z
2,#WWERaw,6,Watch Raw | Netflix Official Site,https://www.netflix.com/title/81788927,2025-11-18T14:16:24Z
2,#WWERaw,7,Heading to @TheGarden for #WWERaw. Finally a chance to get ...,https://x.com/StuBennett/status/1990168000859972023,2025-11-18T14:16:24Z
2,#WWERaw,8,WWE RAW Discussion (3 March 2025) : r/WWE,https://www.reddit.com/r/WWE/comments/1j2rqj8/wwe_raw_discussion_3_march_2025/,2025-11-18T14:16:24Z
2,#WWERaw,9,We ✨️DID IT✨️ girls!!! @WWE #WWERaw #GirlPower ✌️,https://x.com/KaylaSparks247/status/1564627035900858380,2025-11-18T14:16:24Z
2,#WWERaw,10,Cory Hays on X: YCLBYCT #WWERAW : r/SquaredCircle,https://www.reddit.com/r/SquaredCircle/comments/1l60hd6/cory_hays_on_x_yclbyct_wweraw/,2025-11-18T14:16:24Z
2,#WWERaw,11,The Last Time Is Now #WWERaw,https://x.com/Leven2k/status/1990578521782300914,2025-11-18T14:16:24Z
2,#WWERaw,12,WWE Raw (TV Series 1993– ) - IMDb,https://www.imdb.com/title/tt0185103/,2025-11-18T14:16:24Z
2,#WWERaw,13,WWE Raw - Wikipedia,https://en.wikipedia.org/wiki/WWE_Raw,2025-11-18T14:16:24Z
2,#WWERaw,14,#wweraw #aewdynamite | Jack Farmer,https://www.linkedin.com/posts/jackcfarmer_wweraw-aewdynamite-activity-7262894195328131073-h1ey,2025-11-18T14:16:24Z
2,#WWERaw,15,WWE Monday Night Raw Highs & Lows - 5/26/25 | #WWERaw ...,https://www.youtube.com/shorts/3e2xRUTsAEE,2025-11-18T14:16:24Z
2,#WWERaw,16,"WWE on X: ""HOW?! #WWERaw https://t.co/WnAAKY9CGM"" / X",https://twitter.com/WWE/status/1772424938009342369,2025-11-18T14:16:24Z
2,#WWERaw,17,WWE Raw: The Road to Wrestlepalooza Makes History Tonight,https://bleedingcool.com/tv/wwe-raw-the-road-to-wrestlepalooza-makes-history-tonight/,2025-11-18T14:16:24Z
3,Raiders,1,Las Vegas Raiders Home | Official Team Website | Raiders.com,https://www.raiders.com/,2025-11-18T14:16:29Z
3,Raiders,2,"Las Vegas Raiders Scores, Stats and Highlights - ESPN",https://www.espn.com/nfl/team/_/name/lv/las-vegas-raiders,2025-11-18T14:16:29Z
3,Raiders,3,Las Vegas Raiders (@Raiders) / Posts / X,https://x.com/Raiders,2025-11-18T14:16:29Z
3,Raiders,4,Las Vegas Raiders (@raiders) • Instagram photos and videos,https://www.instagram.com/raiders/?hl=en,2025-11-18T14:16:29Z
3,Raiders,5,Las Vegas Raiders - Wikipedia,https://en.wikipedia.org/wiki/Las_Vegas_Raiders,2025-11-18T14:16:29Z
3,Raiders,6,"Las Vegas Raiders News, Scores, Stats, Schedule | NFL.com",https://www.nfl.com/teams/las-vegas-raiders/,2025-11-18T14:16:29Z
3,Raiders,7,r/raiders,https://www.reddit.com/r/raiders/,2025-11-18T14:16:29Z
3,Raiders,8,"Las Vegas Raiders News, Scores and Stats 2025-26 - CBS Sports",https://www.cbssports.com/nfl/teams/LV/las-vegas-raiders/,2025-11-18T14:16:29Z
3,Raiders,9,[OC] ARC Raiders Loot Cheat Sheet — v2 (Keep / Sell / Recycle + ...,https://www.reddit.com/r/ArcRaiders/comments/1orrcag/oc_arc_raiders_loot_cheat_sheet_v2_keep_sell/,2025-11-18T14:16:29Z
3,Raiders,10,Las Vegas Raiders,https://www.facebook.com/Raiders/,2025-11-18T14:16:29Z
3,Raiders,11,Raiders,https://extension765.com/blogs/soderblog/raiders,2025-11-18T14:16:29Z
3,Raiders,12,Colgate University Athletics - Official Athletics Website,https://colgateathletics.com/,2025-11-18T14:16:29Z
3,Raiders,13,Middle Tennessee State University Athletics - Official Athletics Website,https://goblueraiders.com/,2025-11-18T14:16:29Z
3,Raiders,14,Wright State University Athletics - Official Athletics Website,https://wsuraiders.com/,2025-11-18T14:16:29Z
3,Raiders,15,ARC Raiders,https://arcraiders.com/en/,2025-11-18T14:16:29Z
3,Raiders,16,Raiders Drum & Bugle Corps,https://raidersdbc.org/,2025-11-18T14:16:29Z
3,Raiders,17,Game Day Express for the Las Vegas Raiders – Ways to Travel,https://www.rtcsnv.com/ways-to-travel/transit-services/game-day-express-raiders/,2025-11-18T14:16:29Z
3,Raiders,18,Las Vegas Raiders Report Card 2025 | NFLPA,https://nflpa.com/report-cards/2025/las-vegas-raiders,2025-11-18T14:16:29Z
3,Raiders,19,"The First Lady of Raider Nation, Carol Davis, has passed away at 93 ...",https://www.facebook.com/Raiders/posts/the-first-lady-of-raider-nation-carol-davis-has-passed-away-at-93full-statement-/1362703661888587/,2025-11-18T14:16:29Z
3,Raiders,20,Las Vegas Raiders Sports News & Analysis – USA TODAY,https://www.usatoday.com/sports/nfl/las-vegas-raiders,2025-11-18T14:16:29Z
4,Good Tuesday,1,Good Tuesday,https://goodtuesday.com/,2025-11-18T14:16:33Z
4,Good Tuesday,2,Good Tuesday (previously Once Upon a Tuesday) (@goodtuesday ...,https://www.instagram.com/goodtuesday/?hl=en,2025-11-18T14:16:33Z
4,Good Tuesday,3,Recycled Calendars – Yearly & Monthly Planners | Good Tuesday,https://goodtuesday.com/collections/calendars,2025-11-18T14:16:33Z
4,Good Tuesday,4,GoodTuesdayUK - Etsy,https://www.etsy.com/shop/GoodTuesdayUK,2025-11-18T14:16:33Z
4,Good Tuesday,5,Bestselling Yearly Wall Planners by Good Tuesday,https://goodtuesday.com/collections/wall-planners,2025-11-18T14:16:33Z
4,Good Tuesday,6,GOOD TUESDAY LTD overview - Find and update company ...,https://find-and-update.company-information.service.gov.uk/company/13321704,2025-11-18T14:16:33Z
4,Good Tuesday,7,Good Tuesday | BCorp | LinkedIn,https://uk.linkedin.com/company/goodtuesday,2025-11-18T14:16:33Z
4,Good Tuesday,8,Good Tuesday morning! How are you today? Can someone do a ...,https://www.facebook.com/meteorologistgilsimmons/posts/good-tuesday-morning-how-are-you-today-can-someone-do-a-rain-dance-we-need-it-mo/1397451325072281/,2025-11-18T14:16:33Z
4,Good Tuesday,9,What's a good Tuesday first date? Light bites and drinks? : r ...,https://www.reddit.com/r/FoodSanDiego/comments/1kgfdgo/whats_a_good_tuesday_first_date_light_bites_and/,2025-11-18T14:16:33Z
4,Good Tuesday,10,"All Things Considered, a Pretty Good Tuesday – Mike Rowe",https://mikerowe.com/2025/03/all-things-considered-a-pretty-good-tuesday/,2025-11-18T14:16:33Z
4,Good Tuesday,11,Any good Tuesday night bars for meeting a romantic partner? : r ...,https://www.reddit.com/r/Charlotte/comments/1lpcfeh/any_good_tuesday_night_bars_for_meeting_a/,2025-11-18T14:16:33Z
4,Good Tuesday,12,O-Zone: A good Tuesday,https://www.jaguars.com/news/o-zone-a-good-tuesday,2025-11-18T14:16:33Z
4,Good Tuesday,13,TENNIS CALENDAR - SAINT MAURICE X GOOD TUESDAY | Saint ...,https://www.clubsaintmaurice.com/product/tennis-calendar-saint-maurice-x-good-tuesday,2025-11-18T14:16:33Z
4,Good Tuesday,14,Good Tuesday | Papersmiths,https://www.papersmiths.co.uk/collections/good-tuesday,2025-11-18T14:16:33Z
4,Good Tuesday,15,Good Tuesday morning! Dry & chilly today with some wind & 40s. A ...,https://x.com/gilsimmons/status/1990673851525545988,2025-11-18T14:16:33Z
4,Good Tuesday,16,Discover 900+ Good Tuesday Morning and Happy Tuesday Quotes ...,https://www.pinterest.com/ginatwentyfour/good-tuesday-morning/,2025-11-18T14:16:33Z
4,Good Tuesday,17,Stationery & Gifts by Good Tuesday,https://www.amnestyshop.org.uk/category/home-and-garden/living/stationery-and-gifts/once-upon-a-tuesday.html,2025-11-18T14:16:33Z
4,Good Tuesday,18,Tell Me Something Good Tuesday | Radio New Braunfels,https://www.radionb.com/tmsgt,2025-11-18T14:16:33Z
4,Good Tuesday,19,Good Tuesday Creative — Design & Digital Agency,https://www.goodtuesdaycreative.com/,2025-11-18T14:16:33Z
4,Good Tuesday,20,Good Tuesday - Certified B Corporation - B Lab Global,https://www.bcorporation.net/find-a-b-corp/company/good-tuesday/,2025-11-18T14:16:33Z
5,Pickens,1,George Pickens - Dallas Cowboys Wide Receiver - ESPN,https://www.espn.com/nfl/player/_/id/4426354/george-pickens,2025-11-18T14:16:37Z
5,Pickens,2,Pickens Technical College,https://www.pickenstech.org/,2025-11-18T14:16:37Z
5,Pickens,3,"Welcome to Pickens County, SC",https://www.co.pickens.sc.us/,2025-11-18T14:16:37Z
5,Pickens,4,School District of Pickens County,https://www.pickens.k12.sc.us/,2025-11-18T14:16:37Z
5,Pickens,5,"City of Pickens, South Carolina",https://cityofpickens.com/,2025-11-18T14:16:37Z
5,Pickens,6,"George Pickens Stats, Height, Weight, Position, Draft, College | Pro ...",https://www.pro-football-reference.com/players/P/PickGe00.htm,2025-11-18T14:16:37Z
5,Pickens,7,Pickens High School: Home,https://phs.pickens.k12.sc.us/,2025-11-18T14:16:37Z
5,Pickens,8,Pickens Middle School: Home,https://pms.pickens.k12.sc.us/,2025-11-18T14:16:37Z
5,Pickens,9,Jason Pickens (@thejpickens) • Instagram photos and videos,https://www.instagram.com/thejpickens/?hl=en,2025-11-18T14:16:37Z
5,Pickens,10,George Pickens - Wikipedia,https://en.wikipedia.org/wiki/George_Pickens,2025-11-18T14:16:37Z
5,Pickens,11,Pickens County | Alabama Department of Public Health (ADPH),https://www.alabamapublichealth.gov/pickens/,2025-11-18T14:16:37Z
5,Pickens,12,"George Pickens on his future in Dallas, getting offense back on track",https://www.dallascowboys.com/news/george-pickens-on-his-future-in-dallas-getting-offense-back-on-track,2025-11-18T14:16:37Z
5,Pickens,13,Pickens County Chamber of Commerce: Home,https://www.pickenschamber.com/,2025-11-18T14:16:37Z
5,Pickens,14,Home | Pickens County Community Action Committee and ...,https://www.caapickens.org/,2025-11-18T14:16:37Z
5,Pickens,15,"Pickens County, Georgia, Government Official Website",https://pickensga.com/,2025-11-18T14:16:37Z
5,Pickens,16,Pickens Elementary School: Home,https://pes.pickens.k12.sc.us/,2025-11-18T14:16:37Z
5,Pickens,17,Pickens County Advocacy Center: End Sexual Violence,https://www.pcadvocacy.org/,2025-11-18T14:16:37Z
5,Pickens,18,Gabe Pickens - 2025-26 - Men's Basketball - New Mexico State ...,https://nmstatesports.com/sports/mens-basketball/roster/gabe-pickens/10909,2025-11-18T14:16:37Z
5,Pickens,19,Seed Library | Pickens County Library System,https://pickenscountylibrarysystem.com/services/seed-library/,2025-11-18T14:16:37Z
5,Pickens,20,Pickens County School District | Home,https://www.pickens.k12.ga.us/,2025-11-18T14:16:37Z
6,Dolph,1,Paper Route Frank (@YoungDolph) / Posts / X,https://x.com/YoungDolph?lang=en,2025-11-18T14:16:42Z
6,Dolph,2,Ada W. Dolph | People | Seyfarth Shaw LLP,https://www.seyfarth.com/people/ada-w-dolph.html,2025-11-18T14:16:42Z
6,Dolph,3,Dolph Lundgren (@dolphlundgren) • Instagram photos and videos,https://www.instagram.com/dolphlundgren/?hl=en,2025-11-18T14:16:42Z
6,Dolph,4,Young Dolph - Wikipedia,https://en.wikipedia.org/wiki/Young_Dolph,2025-11-18T14:16:42Z
6,Dolph,5,Fifty Years of Dolph - Drake University Newsroom,https://news.drake.edu/2019/02/06/fifty-years-of-dolph/,2025-11-18T14:16:42Z
6,Dolph,6,Dolph Lundgren - Wikipedia,https://en.wikipedia.org/wiki/Dolph_Lundgren,2025-11-18T14:16:42Z
6,Dolph,7,"Donald Dolph Obituary March 18, 2025 - Indiana Funeral Care",https://www.indianafuneralcare.com/obituaries/donald-dolph,2025-11-18T14:16:42Z
6,Dolph,8,Dolphs – a Von Roll Company,https://www.dolphs.com/,2025-11-18T14:16:42Z
6,Dolph,9,Dolph C. Volker - YouTube,https://www.youtube.com/c/DolphCVolker,2025-11-18T14:16:42Z
6,Dolph,10,"Hellman, Dolph - Orrick",https://www.orrick.com/en/People/E/5/5/Dolph-Hellman,2025-11-18T14:16:42Z
6,Dolph,11,What's the consensus on Dolph Lundgren's Frank? : r/thepunisher,https://www.reddit.com/r/thepunisher/comments/1feaa43/whats_the_consensus_on_dolph_lundgrens_frank/,2025-11-18T14:16:42Z
6,Dolph,12,Dolph by Domicile Foundry - Future Fonts,https://www.futurefonts.com/domicile-foundry/dolph,2025-11-18T14:16:42Z
6,Dolph,13,Obituary information for Tricia Marie Dolph,https://www.schmaedekefuneralhome.com/obituaries/Tricia-Marie-Dolph?obId=11943122,2025-11-18T14:16:42Z
6,Dolph,14,Character Discussion [1/3/BS/11/12]: Dolph and Macellan : r ...,https://www.reddit.com/r/fireemblem/comments/395h38/character_discussion_13bs1112_dolph_and_macellan/,2025-11-18T14:16:42Z
6,Dolph,15,Clarke Dolph,https://www.clarkedolph.com/,2025-11-18T14:16:42Z
6,Dolph,16,Dolph Microwave: Precision Waveguide Components - Station ...,https://www.dolphmicrowave.com/,2025-11-18T14:16:42Z
6,Dolph,17,"Steve Vásquez Dolph, PhD | CoAS | Drexel University",https://drexel.edu/coas/faculty-research/faculty-directory/global-studies/dolph-steve/,2025-11-18T14:16:42Z
6,Dolph,18,Gold & Platinum - RIAA,http://www.riaa.com/gold-platinum/?tab_active=default-award&se=young+dolph,2025-11-18T14:16:42Z
6,Dolph,19,What Young Dolph gave South Memphis – Scalawag,https://scalawagmagazine.org/2022/06/memphis-young-dolph/,2025-11-18T14:16:42Z
6,Dolph,20,Young Dolph,https://www.youngdolph.com/,2025-11-18T14:16:42Z
7,Shedeur,1,Shedeur Sanders on Instagram,https://www.instagram.com/p/DQFzoRLDPYc/?hl=en,2025-11-18T14:16:46Z
7,Shedeur,2,Shedeur Sanders - Cleveland Browns Quarterback - ESPN,https://www.espn.com/nfl/player/_/id/4432762/shedeur-sanders,2025-11-18T14:16:46Z
7,Shedeur,3,"Browns predicted to ditch Dillon Gabriel, Shedeur Sanders for 1,423 ...",https://sports.yahoo.com/article/browns-predicted-ditch-dillon-gabriel-115446252.html,2025-11-18T14:16:46Z
7,Shedeur,4,"Shedeur Sanders regular season debut: 4/16, 47 yards, 0 TD, 1 INT ...",https://www.reddit.com/r/nfl/comments/1oz223i/shedeur_sanders_regular_season_debut_416_47_yards/,2025-11-18T14:16:46Z
7,Shedeur,5,"Analysis: Shedeur Sanders deserves more reps, chance to pass ...",https://www.brownszone.com/2025/08/11/analysis-shedeur-sanders-deserves-more-reps-chance-to-pass-dillon-gabriel-on-depth-chart/,2025-11-18T14:16:46Z
7,Shedeur,6,Shedeur Sanders - Football - University of Colorado Athletics,https://cubuffs.com/sports/football/roster/shedeur-sanders/17232,2025-11-18T14:16:46Z
7,Shedeur,7,Travis Hunter and Shedeur Sanders will both wear No. 12 to begin ...,https://www.facebook.com/AdamSchefter/posts/travis-hunter-and-shedeur-sanders-will-both-wear-no-12-to-begin-their-nfl-career/1232203871608891/,2025-11-18T14:16:46Z
7,Shedeur,8,Shedeur Sanders makes season debut in second half in loss to ...,https://www.clevelandbrowns.com/news/shedeur-sanders-makes-season-debut-in-second-half-in-loss-to-ravens-3-big-takeaways,2025-11-18T14:16:46Z
7,Shedeur,9,“Prime Equity” and the NIL Era: Shedeur Sanders ... - Nelson Mullins,https://www.nelsonmullins.com/insights/insights/prime-equity-and-the-nil-era-shedeur-sanders-contract-ushers-in-a-new-legal-framework-for-pro-athlete-compensation,2025-11-18T14:16:46Z
7,Shedeur,10,Shedeur Sanders has had the best stats out of all of The Cleveland ...,https://www.facebook.com/OfficialMikeVick/posts/shedeur-sanders-has-had-the-best-stats-out-of-all-of-the-cleveland-browns-qbs-at/1304051181083707/,2025-11-18T14:16:46Z
7,Shedeur,11,Shedeur Sanders Surprises Deion on Video at Colorado amid ...,https://bleacherreport.com/articles/25275708-shedeur-sanders-surprises-deion-video-colorado-amid-browns-nfl-bye-week,2025-11-18T14:16:46Z
7,Shedeur,12,Shedeur Sanders - Wikipedia,https://en.wikipedia.org/wiki/Shedeur_Sanders,2025-11-18T14:16:46Z
7,Shedeur,13,The Shedeur Sanders Experience starts in Cleveland. How long will ...,https://andscape.com/features/the-shedeur-sanders-experience-starts-in-cleveland-how-long-will-it-last/,2025-11-18T14:16:46Z
7,Shedeur,14,This is a damn disgrace. How in the hell is @Shedeur not off the ...,https://x.com/stephenasmith/status/1915956493700223001,2025-11-18T14:16:46Z
7,Shedeur,15,Browns QB Shedeur Sanders on 'rough' NFL debut: 'I don't think I ...,https://www.nfl.com/news/browns-qb-shedeur-sanders-on-rough-nfl-debut-i-don-t-think-i-played-good-at-all,2025-11-18T14:16:46Z
7,Shedeur,16,Browns QB Shedeur Sanders has a rough NFL debut | AP News,https://apnews.com/article/browns-shedeur-sanders-debut-a2086fbb9d46c2a4661f08e9ac9b190a,2025-11-18T14:16:46Z
7,Shedeur,17,"What Shedeur Sanders, Browns Said About Ravens' Win and Mark ...",https://www.baltimoreravens.com/news/what-shedeur-sanders-browns-said-about-ravens-win-and-mark-andrews-touchdown,2025-11-18T14:16:46Z
7,Shedeur,18,Shedeur Sanders suffered a freefall in the NFL draft. His brand did not.,https://news.temple.edu/news/2025-04-29/shedeur-sanders-suffered-freefall-nfl-draft-his-brand-did-not,2025-11-18T14:16:46Z
7,Shedeur,19,Shedeur Sanders' house broken into on day Browns rookie played ...,https://www.cbssports.com/nfl/news/shedeur-sanders-house-robbed-broken-into/,2025-11-18T14:16:46Z
7,Shedeur,20,Shedeur Sanders' house burglarized during NFL debut on Sunday,https://www.usatoday.com/story/sports/nfl/2025/11/17/shedeur-sanders-house-break-in-browns-ravens/87325722007/,2025-11-18T14:16:46Z
8,Chiefs,1,Kansas City Chiefs Home | Chiefs.com,https://www.chiefs.com/,2025-11-18T14:16:51Z
8,Chiefs,2,"Kansas City Chiefs Scores, Stats and Highlights - ESPN",https://www.espn.com/nfl/team/_/name/kc/kansas-city-chiefs,2025-11-18T14:16:51Z
8,Chiefs,3,Chiefs Schedule | Kansas City Chiefs - Chiefs.com,https://www.chiefs.com/schedule/,2025-11-18T14:16:51Z
8,Chiefs,4,Kansas City Chiefs (@Chiefs) / Posts / X,https://x.com/Chiefs,2025-11-18T14:16:51Z
8,Chiefs,5,"Kansas City Chiefs (@chiefs) · Kansas City, MO",https://www.instagram.com/chiefs/?hl=en,2025-11-18T14:16:51Z
8,Chiefs,6,"Kansas City Chiefs News, Scores, Stats, Schedule | NFL.com",https://www.nfl.com/teams/kansas-city-chiefs/,2025-11-18T14:16:51Z
8,Chiefs,7,Kansas City Chiefs - Wikipedia,https://en.wikipedia.org/wiki/Kansas_City_Chiefs,2025-11-18T14:16:51Z
8,Chiefs,8,Chiefs for Change,https://www.chiefsforchange.org/,2025-11-18T14:16:51Z
8,Chiefs,9,"Kansas City Chiefs: Home of the Red, White and Gold",https://www.reddit.com/r/KansasCityChiefs/,2025-11-18T14:16:51Z
8,Chiefs,10,California Police Chiefs Association | CPCA,https://www.californiapolicechiefs.org/,2025-11-18T14:16:51Z
8,Chiefs,11,Game Plan | Parking & Tailgating | GEHA Field at Arrowhead Stadium,https://www.gehafieldatarrowhead.com/plan-your-visit/parking-transportation/game-plan,2025-11-18T14:16:51Z
8,Chiefs,12,"Kansas City Chiefs News, Scores and Stats 2025-26 - CBS Sports",https://www.cbssports.com/nfl/teams/KC/kansas-city-chiefs/,2025-11-18T14:16:51Z
8,Chiefs,13,International Association of Chiefs of Police: Shaping the Future of ...,https://www.theiacp.org/,2025-11-18T14:16:51Z
8,Chiefs,14,Illinois Chiefs of Police,https://www.ilchiefs.org/,2025-11-18T14:16:51Z
8,Chiefs,15,Spokane Chiefs -,https://chl.ca/whl-chiefs/,2025-11-18T14:16:51Z
8,Chiefs,16,Chiefs are placing EDGE Felix Anudike-Uzomah on season-ending ...,https://www.facebook.com/AdamSchefter/posts/chiefs-are-placing-edge-felix-anudike-uzomah-on-season-ending-ir-due-to-a-strain/1306916730804271/,2025-11-18T14:16:51Z
8,Chiefs,17,Kansas City Chiefs Report Card 2025 | NFLPA,https://nflpa.com/report-cards/2025/kansas-city-chiefs,2025-11-18T14:16:51Z
8,Chiefs,18,Florida Police Chiefs Association – Serving Those Who Serve Florida,https://fpca.com/,2025-11-18T14:16:51Z
8,Chiefs,19,International Association of Fire Chiefs: IAFC,https://www.iafc.org/,2025-11-18T14:16:51Z
8,Chiefs,20,"Kansas City Chiefs News, Videos, Schedules, Roster, Stats - Yahoo ...",https://sports.yahoo.com/nfl/teams/kansas-city/,2025-11-18T14:16:51Z
9,Gunther,1,Gunther (wrestler) - Wikipedia,https://en.wikipedia.org/wiki/Gunther_(wrestler),2025-11-18T14:16:55Z
9,Gunther,2,Dean Gunther (@dean.gunther) • Instagram photos and videos,https://www.instagram.com/dean.gunther/?hl=en,2025-11-18T14:16:55Z
9,Gunther,3,Gunther & Co.,https://eatatgunther.com/,2025-11-18T14:16:55Z
9,Gunther,4,GUNTHER (@gunther_wwe) • Instagram photos and videos,https://www.instagram.com/gunther_wwe/?hl=en,2025-11-18T14:16:55Z
9,Gunther,5,Marc Gunther,https://www.marcgunther.com/,2025-11-18T14:16:55Z
9,Gunther,6,Obituary of Chris Gunther | Deisler Funeral Home,https://deislerfuneralhome.com/tribute/details/8378/Chris-Gunther/obituary.html,2025-11-18T14:16:55Z
9,Gunther,7,Interview with Gunther Schuller (Part 1) | DO THE M@TH,https://ethaniverson.com/interview-with-gunther-schuller-part-1/,2025-11-18T14:16:55Z
9,Gunther,8,Richard Gunther | Department of Political Science,https://polisci.osu.edu/people/gunther.1,2025-11-18T14:16:55Z
9,Gunther,9,MarcGunther (@MarcGunther) / Posts / X,https://x.com/MarcGunther,2025-11-18T14:16:55Z
9,Gunther,10,Pat McAfee shows the aftermath of his match with Gunther at Backlash,https://www.facebook.com/ChrisVanVliet/posts/pat-mcafee-shows-the-aftermath-of-his-match-with-gunther-at-backlash/1259198498910337/,2025-11-18T14:16:55Z
9,Gunther,11,Gunther is the perfect heel : r/WWE,https://www.reddit.com/r/WWE/comments/1fx9xjs/gunther_is_the_perfect_heel/,2025-11-18T14:16:55Z
9,Gunther,12,Gunther 2.0 |,https://lefthandedcrocheter.com/2017/04/18/gunther-2-0/,2025-11-18T14:16:55Z
9,Gunther,13,(GMDE) Gunther - I Can't Give Him A Gun : r/Deusex,https://www.reddit.com/r/Deusex/comments/12ff7y5/gmde_gunther_i_cant_give_him_a_gun/,2025-11-18T14:16:55Z
9,Gunther,14,"Jarrad M. Gunther, Partner - Profile - Duane Morris LLP",https://www.duanemorris.com/attorneys/jarradmgunther.html,2025-11-18T14:16:55Z
9,Gunther,15,"Gunthers Ice Cream | 2801 Franklin Blvd, Sacramento, CA 95818",https://gunthersicecream.com/,2025-11-18T14:16:55Z
9,Gunther,16,Gunther Mazda,https://www.gunthermazda.com/,2025-11-18T14:16:55Z
9,Gunther,17,Is Ian Gunther the new Livvy? : r/Gymnastics,https://www.reddit.com/r/Gymnastics/comments/1d4xt9q/is_ian_gunther_the_new_livvy/,2025-11-18T14:16:55Z
9,Gunther,18,Obituary information for Howard F. Gunther,https://www.chandlerfunerals.com/obituaries/Howard-F-Gunther?obId=3092925,2025-11-18T14:16:55Z
9,Gunther,19,Gunther Werks – A Modern Interpretation of a Classic Analog ...,https://guntherwerks.com/,2025-11-18T14:16:55Z
9,Gunther,20,Gunther Motor Company: New & Used Car Dealer In South Florida,https://www.gunthermotorcompany.com/,2025-11-18T14:16:55Z
10,$BNKK,1,"Bonk, Inc. (BNKK) Stock Price, News, Quote & History - Yahoo Finance",https://finance.yahoo.com/quote/BNKK/,2025-11-18T14:17:00Z
10,$BNKK,2,BNKK Stock Quote Price and Forecast | CNN,https://www.cnn.com/markets/stocks/BNKK,2025-11-18T14:17:00Z
10,$BNKK,3,BNKK – few things lining up next few weeks : r/pennystocks,https://www.reddit.com/r/pennystocks/comments/1o8o48q/bnkk_few_things_lining_up_next_few_weeks/,2025-11-18T14:17:00Z
10,$BNKK,4,Brushed Nickel Bernini F-042-BNKK Single Control Bathroom Faucet,https://www.pfisterfaucets.com/bathroom/product/bernini-f-042-bn-single-control-bathroom-faucet,2025-11-18T14:17:00Z
10,$BNKK,5,BNKK LTD overview - Find and update company information - GOV.UK,https://find-and-update.company-information.service.gov.uk/company/10931544,2025-11-18T14:17:00Z
10,$BNKK,6,Brushed Nickel Bernini LF-042-BNKK Single Control Bathroom Faucet,https://www.pfisterfaucets.com/bathroom/product/bernini-lf-042-bn-single-control-bathroom-faucet,2025-11-18T14:17:00Z
10,$BNKK,7,BNKK Stock Price and Chart — NASDAQ:BNKK — TradingView,https://www.tradingview.com/symbols/NASDAQ-BNKK/,2025-11-18T14:17:00Z
10,$BNKK,8,"BNKK - Bonk, Inc. | Overview | OTC Markets",https://www.otcmarkets.com/stock/BNKK/overview,2025-11-18T14:17:00Z
10,$BNKK,9,"""$BNKK"" - Results on X | Live Posts & Updates",https://x.com/search?q=%24BNKK&src=cashtag_click,2025-11-18T14:17:00Z
10,$BNKK,10,"Bonk Index Price: BNKK Live Price Chart, Market Cap & News ...",https://www.coingecko.com/en/coins/bonk-index,2025-11-18T14:17:00Z
10,$BNKK,11,BNKK: Bonk Inc Stock Price Quote - NASDAQ CM - Bloomberg,https://www.bloomberg.com/quote/BNKK:US,2025-11-18T14:17:00Z
10,$BNKK,12,"Bonk, Inc. (BNKK) stock price, news, quote and history - Yahoo ...",https://nz.finance.yahoo.com/quote/BNKK/,2025-11-18T14:17:00Z
10,$BNKK,13,"Bonk, Inc. to Trade on Nasdaq as BNKK Oct 10, 2025 | SHOT Stock ...",https://www.stocktitan.net/news/SHOT/safety-shot-inc-to-become-bonk-inc-to-trade-on-nasdaq-under-new-cpcv02eic72k.html,2025-11-18T14:17:00Z
10,$BNKK,14,BNKK Stock Price | Bonk Inc. Stock Quote (U.S.: Nasdaq ...,https://www.marketwatch.com/investing/stock/bnkk?gaa_at=eafs&gaa_n=AWEtsqd5QOZP6DX6Z8wYbJM17MxnqceQ-VDWLNu8Ku8Vs4YE9c_hrCZyAJfe&gaa_ts=691c8360&gaa_sig=3GdK7vAvbiqE0H4Tx_HaYS7NmOmAKCC12IgiJQRgXp1u83AUL-9QeU84fOi3FZLEESIr4QCI-31bg53XR5ZCng%3D%3D,2025-11-18T14:17:00Z
10,$BNKK,15,"BONK, Inc. (Nasdaq:BNKK) Management Says Independent",https://www.globenewswire.com/news-release/2025/10/29/3176447/0/en/BONK-Inc-Nasdaq-BNKK-Management-Says-Independent-Research-Report-Concludes-Company-Is-Positioned-To-Be-The-Premier-Public-Vehicle-For-Multi-Billion-Dollar-BONK-Crypto-Ecosystem-Via.html,2025-11-18T14:17:00Z
10,$BNKK,16,SAFETY SHOT INC - RESERVES 'BNKK' TICKER SYMBOL WITH ...,https://www.webull.com/news/13323183163728896,2025-11-18T14:17:00Z
10,$BNKK,17,"BNKK: Bonk Inc. Latest Stock Price, Analysis, News and Trading Ideas",https://stocktwits.com/symbol/BNKK,2025-11-18T14:17:00Z
10,$BNKK,18,bnkk - song and lyrics by Yung Faid | Spotify,https://open.spotify.com/track/57mil70A5w2Y67LRuzuEgN,2025-11-18T14:17:00Z
10,$BNKK,19,"Bonk, Inc. (BNKK) Stock Price & Overview",https://stockanalysis.com/stocks/bnkk/,2025-11-18T14:17:00Z
10,$BNKK,20,(BNKK.OQ) | Stock Price & Latest News | Reuters,https://www.reuters.com/markets/companies/BNKK.OQ/,2025-11-18T14:17:00Z
11,Goff,1,Jared Goff - Detroit Lions Quarterback - ESPN,https://www.espn.com/nfl/player/_/id/3046779/jared-goff,2025-11-18T14:17:04Z
11,Goff,2,Jared Goff - Wikipedia,https://en.wikipedia.org/wiki/Jared_Goff,2025-11-18T14:17:04Z
11,Goff,3,"Jared Goff Stats, Height, Weight, Position, Draft, College | Pro ...",https://www.pro-football-reference.com/players/G/GoffJa00.htm,2025-11-18T14:17:04Z
11,Goff,4,Jared Goff is terrible in cold weather. : r/billsimmons,https://www.reddit.com/r/billsimmons/comments/1oz6f1b/jared_goff_is_terrible_in_cold_weather/,2025-11-18T14:17:04Z
11,Goff,5,Philip Goff (@Philip_Goff) / Posts / X,https://x.com/Philip_Goff,2025-11-18T14:17:04Z
11,Goff,6,Lucy Goff (@lucygoffy) • Instagram photos and videos,https://www.instagram.com/lucygoffy/?hl=en,2025-11-18T14:17:04Z
11,Goff,7,Bob Goff,https://www.bobgoff.com/,2025-11-18T14:17:04Z
11,Goff,8,"Jared Goff Stats, News and Video - QB | NFL.com",https://www.nfl.com/players/jared-goff/,2025-11-18T14:17:04Z
11,Goff,9,Ursula Goff (@uggoff) • Instagram photos and videos,https://www.instagram.com/uggoff/?hl=en,2025-11-18T14:17:04Z
11,Goff,10,Jared Goff,https://www.facebook.com/JaredGoffQB/,2025-11-18T14:17:04Z
11,Goff,11,Stephen Goff Wines - Homepage,https://www.stephengoffwines.com/,2025-11-18T14:17:04Z
11,Goff,12,Debra Goff | The Ohio State University College of Pharmacy,https://pharmacy.osu.edu/directory/debra-goff,2025-11-18T14:17:04Z
11,Goff,13,Goff's Enterprises: High Performance Doors & Industrial Curtain Walls,https://goffsenterprises.com/,2025-11-18T14:17:04Z
11,Goff,14,Angie Goff,https://www.facebook.com/ohmygoff/,2025-11-18T14:17:04Z
11,Goff,15,Goff Public | Minnesota's Top Public Relations and Advocacy Firm,https://goffpublic.com/,2025-11-18T14:17:04Z
11,Goff,16,John A Goff | Jackson School of Geosciences | The University of ...,https://www.jsg.utexas.edu/researcher/john_goff/,2025-11-18T14:17:04Z
11,Goff,17,Tribute Wall | Madison Lee Goff,https://www.hawaiianmemorialparkmortuary.com/obituaries/madison-goff,2025-11-18T14:17:04Z
11,Goff,18,"Barbara A. Goff, MD | UW Medicine",https://www.uwmedicine.org/bios/barbara-goff,2025-11-18T14:17:04Z
11,Goff,19,"Brittany Goff, DNP - MultiCare",https://www.marybridge.org/providers/brittany-goff/,2025-11-18T14:17:04Z
11,Goff,20,"Stephanie L. Goff, M.D., FACS, FSSO | Center for Cancer Research",https://ccr.cancer.gov/staff-directory/stephanie-l-goff,2025-11-18T14:17:04Z
12,Moana,1,Moana (2016 film) - Wikipedia,https://en.wikipedia.org/wiki/Moana_(2016_film),2025-11-18T14:17:09Z
12,Moana,2,Moana | Disney Movies,https://movies.disney.com/moana,2025-11-18T14:17:09Z
12,Moana,3,Watch Moana | Disney+,https://www.disneyplus.com/browse/entity-e8896bfa-1052-41f7-ae2e-00255d77cf05,2025-11-18T14:17:09Z
12,Moana,4,Moana (2016) - IMDb,https://www.imdb.com/title/tt3521164/,2025-11-18T14:17:09Z
12,Moana,5,Moana | Official Teaser - YouTube,https://www.youtube.com/watch?v=QKYFfYLe5rs,2025-11-18T14:17:09Z
12,Moana,6,MOANALANI JONES WONG (@moana.17) • Instagram photos and ...,https://www.instagram.com/moana.17/?hl=en,2025-11-18T14:17:09Z
12,Moana,7,Wayfinding with Code - Hour of Code,https://partners.disney.com/hour-of-code/wayfinding-with-code?cds,2025-11-18T14:17:09Z
12,Moana,8,MoAnA Luu (@moanaluu) • Instagram photos and videos,https://www.instagram.com/moanaluu/?hl=en,2025-11-18T14:17:09Z
12,Moana,9,Moana (2016) was dead for most of the movie : r/FanTheories,https://www.reddit.com/r/FanTheories/comments/himz5n/moana_2016_was_dead_for_most_of_the_movie/,2025-11-18T14:17:09Z
12,Moana,10,Hawaii's Most Iconic Hotel Reveals Stunning Lobby & Tower Wing ...,https://www.marriott.com/en-us/hotels/hnlwi-moana-surfrider-a-westin-resort-and-spa-waikiki-beach/rooms/wings-suites/renovation/,2025-11-18T14:17:09Z
12,Moana,11,RESERVATIONS | Ka Moana Luau | Aloha Tower | Honolulu,https://moanaluau.com/reservations,2025-11-18T14:17:09Z
12,Moana,12,"Ala Moana Center - Shopping Mall in Honolulu, HI",https://www.alamoanacenter.com/en/,2025-11-18T14:17:09Z
12,Moana,13,Disney Launches First Trailer for Live-Action 'Moana' | The Walt ...,https://thewaltdisneycompany.com/moana-live-action-trailer/,2025-11-18T14:17:09Z
12,Moana,14,"Moana | Restaurants in Kona, Hawaii | Rosewood",https://www.rosewoodhotels.com/en/kona-village/dining/moana-restaurant,2025-11-18T14:17:09Z
12,Moana,15,Oahu and Maui Moana souvenirs?,https://www.facebook.com/groups/1747780178610364/posts/8904977326223911/,2025-11-18T14:17:09Z
12,Moana,16,Movies on the Pitch: Moana - Audi Field,https://audifield.com/event/movies-on-the-pitch-moana-2/,2025-11-18T14:17:09Z
12,Moana,17,Why can't I find Moana in the village in Disney Dreamlight Valley?,https://www.facebook.com/groups/550577633645245/posts/897328738970131/,2025-11-18T14:17:09Z
12,Moana,18,Moana and Living Water | Think Christian,https://thinkchristian.net/moana-and-living-water,2025-11-18T14:17:09Z
12,Moana,19,Moana (2016) | Rotten Tomatoes,https://www.rottentomatoes.com/m/moana_2016,2025-11-18T14:17:09Z
12,Moana,20,Moana | Disney Wiki | Fandom,https://disney.fandom.com/wiki/Moana_(character),2025-11-18T14:17:09Z
13,Jeanty,1,Ashton Jeanty - Las Vegas Raiders Running Back - ESPN,https://www.espn.com/nfl/player/_/id/4890973/ashton-jeanty,2025-11-18T14:17:13Z
13,Jeanty,2,Ashton Jeanty - Wikipedia,https://en.wikipedia.org/wiki/Ashton_Jeanty,2025-11-18T14:17:13Z
13,Jeanty,3,"Ashton Jeanty Stats, Height, Weight, Position, Draft, College | Pro ...",https://www.pro-football-reference.com/players/J/JeanAs00.htm,2025-11-18T14:17:13Z
13,Jeanty,4,Val-Inc aka Val Jeanty (@valjeanty) • Instagram photos and videos,https://www.instagram.com/valjeanty/?hl=en,2025-11-18T14:17:13Z
13,Jeanty,5,Ashton Jeanty Career Stats - NFL - ESPN,https://www.espn.com/nfl/player/stats/_/id/4890973/ashton-jeanty,2025-11-18T14:17:13Z
13,Jeanty,6,A Letter to NFL GMs by Ashton Jeanty | The Players' Tribune,https://www.theplayerstribune.com/ashton-jeanty-nfl-draft-football-boise-state,2025-11-18T14:17:13Z
13,Jeanty,7,Hot Take: Ashton Jeanty should be our target in the draft : r ...,https://www.reddit.com/r/DenverBroncos/comments/1g31knz/hot_take_ashton_jeanty_should_be_our_target_in/,2025-11-18T14:17:13Z
13,Jeanty,8,Dinner at Bistro Jeanty or Bouchon?,https://www.facebook.com/groups/napavalleytravel/posts/1292366118611668/,2025-11-18T14:17:13Z
13,Jeanty,9,Ashton Jeanty is an incredible talent… : r/raiders,https://www.reddit.com/r/raiders/comments/1i38usw/ashton_jeanty_is_an_incredible_talent/,2025-11-18T14:17:13Z
13,Jeanty,10,"Jonathan Taylor or Jeanty. I'm learning Taylor, convince me ...",https://www.facebook.com/groups/479438029370708/posts/1767328013915030/,2025-11-18T14:17:13Z
13,Jeanty,11,Darson Jeanty - Football - Lafayette College Athletics,https://goleopards.com/sports/football/roster/darson-jeanty/12990,2025-11-18T14:17:13Z
13,Jeanty,12,Ashton Jeanty Autograph Session Inquiry for Bronco Nation,https://www.facebook.com/groups/BroncoNationUpdates/posts/8852716068178040/,2025-11-18T14:17:13Z
13,Jeanty,13,Ashton Jeanty Wins Doak Walker Award and Maxwell Award - Boise ...,https://broncosports.com/news/2024/12/12/football-ashton-jeanty-wins-doak-walker-award-and-maxwell-award,2025-11-18T14:17:13Z
13,Jeanty,14,Jeanty Finishes Second in Heisman Voting – Mountain West ...,https://themw.com/news/2024/12/14/jeanty-finishes-second-in-heisman-voting/,2025-11-18T14:17:13Z
13,Jeanty,15,"Jean-Claude Jeanty, MD | Pediatrics | Ormond Beach, FL ...",https://www.adventhealth.com/find-doctor/doctor/jean-claude-jeanty-md-1427049105,2025-11-18T14:17:13Z
13,Jeanty,16,Makendra Jeanty - Recruiting & Talent Operations | LinkedIn,https://www.linkedin.com/in/makendrajeanty,2025-11-18T14:17:13Z
13,Jeanty,17,"Cerine Jeanty, MD - General Surgery | UCSF Health - San Francisco",https://www.ucsfhealth.org/providers/cerine-jeanty,2025-11-18T14:17:13Z
13,Jeanty,18,Raiders 2025: Ashton Jeanty is an effective receiver out of the ...,https://www.silverandblackpride.com/2025/5/21/24433469/raiders-nfl-draft-2025-ashton-jeanty-receiver-film-breakdown,2025-11-18T14:17:13Z
13,Jeanty,19,KabaLounge – The official website of Eisner Award-winning and ...,https://kabalounge.com/,2025-11-18T14:17:13Z
13,Jeanty,20,"5 Questions to Val Jeanty (composer, turntablist, drummer)",https://icareifyoulisten.com/2024/03/5-questions-to-val-jeanty/,2025-11-18T14:17:13Z
14,Sonic 3,1,Is there any evidence of an extended/director's cut of Sonic 3? : r ...,https://www.reddit.com/r/SonicTheMovie/comments/1hln3x6/is_there_any_evidence_of_an_extendeddirectors_cut/,2025-11-18T14:17:18Z
14,Sonic 3,2,Sonic the Hedgehog 3 (film) - Wikipedia,https://en.wikipedia.org/wiki/Sonic_the_Hedgehog_3_(film),2025-11-18T14:17:18Z
14,Sonic 3,3,Sonic 3 spoiler megathread : r/SonicTheMovie,https://www.reddit.com/r/SonicTheMovie/comments/1hi4d9s/sonic_3_spoiler_megathread/,2025-11-18T14:17:18Z
14,Sonic 3,4,"Just watched Sonic 3 today. On the woke scale, very low. I have to ...",https://www.facebook.com/groups/retro4all/posts/2335764186816679/,2025-11-18T14:17:18Z
14,Sonic 3,5,Was the Moral Message of Sonic 3 good? : r/SonicTheMovie,https://www.reddit.com/r/SonicTheMovie/comments/1hluvtk/was_the_moral_message_of_sonic_3_good/,2025-11-18T14:17:18Z
14,Sonic 3,6,Sonic the Hedgehog 3 (2024) - IMDb,https://www.imdb.com/title/tt18259086/,2025-11-18T14:17:18Z
14,Sonic 3,7,Did Jim Carrey actually dance in Sonic 3 : r/SonicTheMovie,https://www.reddit.com/r/SonicTheMovie/comments/1hsv783/did_jim_carrey_actually_dance_in_sonic_3/,2025-11-18T14:17:18Z
14,Sonic 3,8,Doig & Swift | Swift boarded on Sonic 3 (@DoigSwift) / Posts / X,https://x.com/DoigSwift,2025-11-18T14:17:18Z
14,Sonic 3,9,Sonic 3 - Cartesia Docs,https://docs.cartesia.ai/build-with-cartesia/tts-models/latest,2025-11-18T14:17:18Z
14,Sonic 3,10,The Sonic 3 Music Ramble | Sonic and Sega Retro Forums,https://forums.sonicretro.org/threads/the-sonic-3-music-ramble.41059/,2025-11-18T14:17:18Z
14,Sonic 3,11,Sonic the Hedgehog 3 | Rotten Tomatoes,https://www.rottentomatoes.com/m/sonic_the_hedgehog_3,2025-11-18T14:17:18Z
14,Sonic 3,12,Is Shadow using chaos control without a chaos emerald (Sonic 3 ...,https://sonicisop.quora.com/Is-Shadow-using-chaos-control-without-a-chaos-emerald-Sonic-3-movie-trailer,2025-11-18T14:17:18Z
14,Sonic 3,13,Sonic the Hedgehog 3 Hacked Cartridge (Genesis ...,https://someordinarygamers.fandom.com/wiki/Sonic_the_Hedgehog_3_Hacked_Cartridge_(Genesis),2025-11-18T14:17:18Z
14,Sonic 3,14,Sonic 3: Hacked Cartridge | CONTINUED: The Sonic Oddities Wiki ...,https://continued-exe.fandom.com/wiki/Sonic_3:_Hacked_Cartridge,2025-11-18T14:17:18Z
14,Sonic 3,15,Recently watched Sonic 3 so felt the urge to do fanart I never really ...,https://www.instagram.com/p/DEunu6dPQlf/?hl=en,2025-11-18T14:17:18Z
14,Sonic 3,16,SONIC3 | FLYSURFER,https://flysurfer.com/project/sonic3/,2025-11-18T14:17:18Z
14,Sonic 3,17,"Sonic 3 & Knuckles: Design Lessons in Transition, Travel and ...",https://www.gamedeveloper.com/design/sonic-3-knuckles-design-lessons-in-transition-travel-and-pantomime,2025-11-18T14:17:18Z
14,Sonic 3,18,[UNMARKED SPOILERS!!!] Sonic 3 Discussion - Sonic Chat - Sonic ...,https://www.sonicstadium.org/forums/topic/36508-unmarked-spoilers-sonic-3-discussion/,2025-11-18T14:17:18Z
14,Sonic 3,19,Sonic 3 Unlocked,https://s3unlocked.blogspot.com/,2025-11-18T14:17:18Z
14,Sonic 3,20,Real-time TTS API with AI laughter and emotion | Cartesia Sonic-3,https://cartesia.ai/sonic,2025-11-18T14:17:18Z
15,GOTY,1,"The Game Awards - December 11, 2025",https://thegameawards.com/,2025-11-18T14:17:22Z
15,GOTY,2,The Game Awards GOTY 2025 nominees - Death Stranding 2 a ...,https://www.reddit.com/r/DeathStranding/comments/1ozkm7l/the_game_awards_goty_2025_nominees_death/,2025-11-18T14:17:22Z
15,GOTY,3,The Game Award for Game of the Year - Wikipedia,https://en.wikipedia.org/wiki/The_Game_Award_for_Game_of_the_Year,2025-11-18T14:17:22Z
15,GOTY,4,The Game Awards GOTY nominees leaked: Clair Obscur ...,https://www.reddit.com/r/PS5/comments/1ozkgae/the_game_awards_goty_nominees_leaked_clair_obscur/,2025-11-18T14:17:22Z
15,GOTY,5,THE GAME AWARDS 2025 Nominees Revealed! - YouTube,https://www.youtube.com/watch?v=GxUUJ-CQpmg,2025-11-18T14:17:22Z
15,GOTY,6,GOTY nominees have leaked before the official reveal : r ...,https://www.reddit.com/r/GamingLeaksAndRumours/comments/1ozkhni/goty_nominees_have_leaked_before_the_official/,2025-11-18T14:17:22Z
15,GOTY,7,The GOTY 2025 race has remained surprisingly static for six months,https://www.polygon.com/goty-game-of-the-year-frontrunner-six-months-later/,2025-11-18T14:17:22Z
15,GOTY,8,GOTY Watch | Polygon,https://www.polygon.com/awards/,2025-11-18T14:17:22Z
15,GOTY,9,Oblivion GOTY Deluxe in my library but missing DLC's :: Help and Tips,https://steamcommunity.com/discussions/forum/1/2828702373007405458/,2025-11-18T14:17:22Z
15,GOTY,10,my top 3 for GOTY so far 1. Expedition 33 2. Oblivion Remastered 3 ...,https://www.facebook.com/DominosPizza/posts/my-top-3-for-goty-so-far-1-expedition-332-oblivion-remastered-3-kcd2/1047481197583981/,2025-11-18T14:17:22Z
15,GOTY,11,GOTY 2024: Tom's Favorite Games of 2024 – SideQuesting,https://www.sidequesting.com/2025/01/goty-2024-toms-favorite-games-of-2024/,2025-11-18T14:17:22Z
15,GOTY,12,Borderlands 2 Game of the Year on Steam,https://store.steampowered.com/sub/32848/,2025-11-18T14:17:22Z
15,GOTY,13,Did Diablo 4 win GOTY? - PC General Discussion - Diablo IV Forums,https://us.forums.blizzard.com/en/d4/t/did-diablo-4-win-goty/142846,2025-11-18T14:17:22Z
15,GOTY,14,Buy Fallout 4: Game of the Year Edition | Xbox,https://www.xbox.com/en-US/games/store/fallout-4-game-of-the-year-edition/C24SVX28PNWM/0001,2025-11-18T14:17:22Z
15,GOTY,15,What Does 'GOTY' Mean? | Acronyms by Dictionary.com,https://www.dictionary.com/e/acronyms/goty/,2025-11-18T14:17:22Z
15,GOTY,16,GOTY – Fawzi Mesmar,https://fawzi.zone/category/goty/,2025-11-18T14:17:22Z
15,GOTY,17,Forum:PS3 DLC & GOTY Questions. | Fallout Wiki | Fandom,https://fallout.fandom.com/wiki/Forum:PS3_DLC_%26_GOTY_Questions.,2025-11-18T14:17:22Z
15,GOTY,18,Call of Duty GOTY wouldn't open on Windows 10 Pro - Microsoft Q&A,https://learn.microsoft.com/en-us/answers/questions/3893184/call-of-duty-goty-wouldnt-open-on-windows-10-pro,2025-11-18T14:17:22Z
15,GOTY,19,Here Is The 2025 Game Of The Year Shortlist Of 11 Games,https://www.forbes.com/sites/paultassi/2025/11/05/here-is-the-2025-game-of-the-year-shortlist-of-11-games/,2025-11-18T14:17:22Z
15,GOTY,20,Deus Ex™ GOTY Edition on GOG.com,https://www.gog.com/en/game/deus_ex,2025-11-18T14:17:22Z
16,Grok 4.1,1,Grok 4.1 Benchmarks : r/singularity,https://www.reddit.com/r/singularity/comments/1ozrjsf/grok_41_benchmarks/,2025-11-18T14:17:27Z
16,Grok 4.1,2,Grok 4.1 | Hacker News,https://news.ycombinator.com/item?id=45958005,2025-11-18T14:17:27Z
16,Grok 4.1,3,Grok 4.1 Release Appearing : r/singularity,https://www.reddit.com/r/singularity/comments/1ozqaz6/grok_41_release_appearing/,2025-11-18T14:17:27Z
16,Grok 4.1,4,Grok 4.1 Model Card,https://data.x.ai/2025-11-17-grok-4-1-model-card.pdf,2025-11-18T14:17:27Z
16,Grok 4.1,5,Grok 4.1 | xAI,https://x.ai/news/grok-4-1,2025-11-18T14:17:27Z
16,Grok 4.1,6,"Post-training at xAI: Over the past few months, our team of a dozen ...",https://x.com/dustinvtran/status/1990532663258853720,2025-11-18T14:17:27Z
16,Grok 4.1,7,xAI: Welcome,https://x.ai/,2025-11-18T14:17:27Z
16,Grok 4.1,8,"Introducing Grok 4.1, a frontier model that sets a new standard for ...",https://x.com/xai/status/1990530499752980638,2025-11-18T14:17:27Z
16,Grok 4.1,9,Grok 4 | xAI,https://x.ai/news/grok-4,2025-11-18T14:17:27Z
16,Grok 4.1,10,xAI's Grok 4.1 rolls out with improved quality and speed for free,https://www.bleepingcomputer.com/news/artificial-intelligence/xais-grok-41-rolls-out-with-improved-quality-and-speed-for-free/,2025-11-18T14:17:27Z
16,Grok 4.1,11,Is Grok 4.1 the Most Usable AI Model Ever Released?,https://apidog.com/blog/grok-4-1/,2025-11-18T14:17:27Z
16,Grok 4.1,12,"xAI Unveils Grok 4.1: Comprehensive Upgrade in Speed, Quality ...",https://eu.36kr.com/en/p/3557787373288329,2025-11-18T14:17:27Z
16,Grok 4.1,13,Everything you need to know about Grok 4.1 in 11 minutes - YouTube,https://www.youtube.com/watch?v=YqJ6iSlJErw,2025-11-18T14:17:27Z
16,Grok 4.1,14,Grok 4 vs GPT-4.1: Model Comparison,https://artificialanalysis.ai/models/comparisons/grok-4-vs-gpt-4-1,2025-11-18T14:17:27Z
16,Grok 4.1,15,Grok 4.1 has arrived — and it's bringing the fight to ChatGPT with ...,https://www.tomsguide.com/ai/grok-4-1-has-arrived-heres-what-xais-latest-update-unlocks,2025-11-18T14:17:27Z
16,Grok 4.1,16,xAI announces Grok 4.1. | The Verge,https://www.theverge.com/news/822754/xai-announces-grok-4-1,2025-11-18T14:17:27Z
16,Grok 4.1,17,Grok,https://grok.com/,2025-11-18T14:17:27Z
16,Grok 4.1,18,Elon Musk: Grok 4.1 is coming soon,https://www.threads.com/@prompt_case/post/DOoEmePlMXd/elon-musk-grok-41-is-coming-soon,2025-11-18T14:17:27Z
16,Grok 4.1,19,xAI's Grok 4.1 Tops Leaderboards by Trading Safety for Personality,https://www.implicator.ai/xais-grok-4-1-tops-leaderboards-by-trading-safety-for-personality/,2025-11-18T14:17:27Z
16,Grok 4.1,20,"Elon Musk's X rolls out Grok 4.1 model, end-to-end encrypted Chat ...",https://www.thehindu.com/sci-tech/technology/elon-musks-x-rolls-out-grok-41-model-end-to-end-encrypted-chat/article70293495.ece,2025-11-18T14:17:27Z
17,AJ Lee,1,AJ Lee - Wikipedia,https://en.wikipedia.org/wiki/AJ_Lee,2025-11-18T14:17:31Z
17,AJ Lee,2,AJ LEE and BLUE SUMMIT,https://www.bluesummitmusic.com/,2025-11-18T14:17:31Z
17,AJ Lee,3,AJ Mendez (@theajmendez) • Instagram photos and videos,https://www.instagram.com/theajmendez/?hl=en,2025-11-18T14:17:31Z
17,AJ Lee,4,AJ Mendez (@TheAJMendez) / Posts / X,https://x.com/TheAJMendez?lang=en,2025-11-18T14:17:31Z
17,AJ Lee,5,A chaotic fairytale so far. I'm proud of myself for being scared but ...,https://www.instagram.com/p/DO6bqWPAAwr/?hl=en,2025-11-18T14:17:31Z
17,AJ Lee,6,Happy Birthday AJ Lee ❤️ Our favorite songwriter and mando ...,https://www.facebook.com/BlueSummitmusic/posts/happy-birthday-aj-lee-%EF%B8%8F-our-favorite-songwriter-and-mando-picker-our-biggest-ins/1240426140481878/,2025-11-18T14:17:31Z
17,AJ Lee,7,Aj Lee and blue summit : r/Bluegrass,https://www.reddit.com/r/Bluegrass/comments/1gvdm3o/aj_lee_and_blue_summit/,2025-11-18T14:17:31Z
17,AJ Lee,8,Can AJ Lee return to WWE for the Rumble despite her neck injuries?,https://www.facebook.com/groups/ManiaClub/posts/4011908085752750/,2025-11-18T14:17:31Z
17,AJ Lee,9,AJ Lee | WWE,https://www.wwe.com/superstars/aj-lee,2025-11-18T14:17:31Z
17,AJ Lee,10,"I see people asking “Where is AJ LEE”, Guys, She signed a full time ...",https://www.reddit.com/r/WWE/comments/1o23fk4/i_see_people_asking_where_is_aj_lee_guys_she/,2025-11-18T14:17:31Z
17,AJ Lee,11,AJ Lee: Back To The Roots As A Flower Blooms - The Real Easy Ed,https://www.therealeasyed.com/aj-lee-back-to-the-roots-as-a-flower-blooms/,2025-11-18T14:17:31Z
17,AJ Lee,12,"AJ Lee & Blue Summit - Millennium Stage (June 25, 2025)",https://www.kennedy-center.org/whats-on/millennium-stage/2025/june/aj-lee-blue-summit/,2025-11-18T14:17:31Z
17,AJ Lee,13,"Interview: Scott Gates Of AJ Lee and Blue Summit On Building ""City ...",https://americanahighways.org/2024/07/16/interview-scott-gates-of-aj-lee-and-blue-summit-on-building-city-of-glass/,2025-11-18T14:17:31Z
17,AJ Lee,14,"LISTEN: AJ Lee & Blue Summit, ""Monongah Mine"" - The Bluegrass ...",https://thebluegrasssituation.com/read/listen-aj-lee-blue-summit-monongah-mine/,2025-11-18T14:17:31Z
17,AJ Lee,15,AJ Lee | University of Denver,https://www.du.edu/about/directory/aj-lee,2025-11-18T14:17:31Z
17,AJ Lee,16,Review: A night of bluegrass with East Nash Grass and AJ Lee ...,https://www.dailytarheel.com/article/lifestyle-aj-lee-blue-summit-review-20251111,2025-11-18T14:17:31Z
17,AJ Lee,17,AJ Lee & Blue Summit | Spotify,https://open.spotify.com/artist/1VwMKPdHxC7tI21tynmXEr,2025-11-18T14:17:31Z
17,AJ Lee,18,East Nash Grass + AJ Lee & Blue Summit | The Jefferson Theater,https://www.jeffersontheater.com/events/detail/east-nash-grass-aj-lee-blue-summit,2025-11-18T14:17:31Z
17,AJ Lee,19,"Coast to Coast with AJ Lee and Blue Summit, Part 1 – California ...",https://californiabluegrass.org/coast-to-coast-with-aj-lee-and-blue-summit-part-1/,2025-11-18T14:17:31Z
17,AJ Lee,20,AJ Lee & Blue Summit and The Fretliners - Wheeler Opera House,https://wheeleroperahouse.com/event/aj-lee-blue-summit-and-the-fretliners/,2025-11-18T14:17:31Z
18,Expedition 33,1,Expedition 33: Clair Obscur,https://www.expedition33.com/,2025-11-18T14:17:36Z
18,Expedition 33,2,Save 20% on Clair Obscur: Expedition 33 on Steam,https://store.steampowered.com/app/1903340/Clair_Obscur_Expedition_33/,2025-11-18T14:17:36Z
18,Expedition 33,3,Clair Obscur: Expedition 33 - Wikipedia,https://en.wikipedia.org/wiki/Clair_Obscur:_Expedition_33,2025-11-18T14:17:36Z
18,Expedition 33,4,Is Clair Obscur: Expedition 33 as good as everyone tells me it is? : r ...,https://www.reddit.com/r/ShouldIbuythisgame/comments/1kmhce7/is_clair_obscur_expedition_33_as_good_as_everyone/,2025-11-18T14:17:36Z
18,Expedition 33,5,I was falling hard for Clair Obscur: Expedition 33 – then it betrayed ...,https://www.theguardian.com/games/2025/sep/26/i-was-falling-hard-for-clair-obscur-expedition-33-then-it-betrayed-me-at-the-final-hour,2025-11-18T14:17:36Z
18,Expedition 33,6,Clair Obscur: Expedition 33 is the most nominated game in TGA ...,https://www.reddit.com/r/PS5/comments/1ozm5gg/clair_obscur_expedition_33_is_the_most_nominated/,2025-11-18T14:17:36Z
18,Expedition 33,7,Play Clair Obscur: Expedition 33 | Xbox Cloud Gaming on Xbox.com,https://www.xbox.com/en-us/play/games/clair-obscur-expedition-33/9ppt8k6gqhrz,2025-11-18T14:17:36Z
18,Expedition 33,8,"Just wonder, how other fans of Dishonored feel about Expedition 33 ...",https://www.reddit.com/r/dishonored/comments/1ki5vov/just_wonder_how_other_fans_of_dishonored_feel/,2025-11-18T14:17:36Z
18,Expedition 33,9,Struggling to move on from Clair Obscur: Expedition 33 game,https://www.facebook.com/groups/739658107513884/posts/1065703568242668/,2025-11-18T14:17:36Z
18,Expedition 33,10,How good is Clair Obscur: Expedition 33 on deck now? : r/SteamDeck,https://www.reddit.com/r/SteamDeck/comments/1ozwhsj/how_good_is_clair_obscur_expedition_33_on_deck_now/,2025-11-18T14:17:36Z
18,Expedition 33,11,Clair Obscur: Expedition 33 (@expedition33) / Posts / X,https://x.com/expedition33,2025-11-18T14:17:36Z
18,Expedition 33,12,How good Clair Obscure expedition 33 really is??? : r/JRPG,https://www.reddit.com/r/JRPG/comments/1m3wrvx/how_good_clair_obscure_expedition_33_really_is/,2025-11-18T14:17:36Z
18,Expedition 33,13,Sandfall Interactive | Video Games for PC & Next-gen | Sandfall ...,https://www.sandfall.co/,2025-11-18T14:17:36Z
18,Expedition 33,14,Clair Obscur : Expedition 33 creator confirms he's a big FFX fan : r ...,https://www.reddit.com/r/finalfantasyx/comments/1kb5g3f/clair_obscur_expedition_33_creator_confirms_hes_a/,2025-11-18T14:17:36Z
18,Expedition 33,15,Why is this game so well recieved? :: Clair Obscur: Expedition 33 ...,https://steamcommunity.com/app/1903340/discussions/0/592900638661180992/,2025-11-18T14:17:36Z
18,Expedition 33,16,Expedition 33 - NASA,https://www.nasa.gov/mission/expedition-33/,2025-11-18T14:17:36Z
18,Expedition 33,17,Clair Obscur: Expedition 33 Review | RPGFan,https://www.rpgfan.com/review/clair-obscur-expedition-33/,2025-11-18T14:17:36Z
18,Expedition 33,18,Clair Obscur: Expedition 33 - PS5 games | PlayStation (US),https://www.playstation.com/en-us/games/clair-obscur--expedition-33/,2025-11-18T14:17:36Z
18,Expedition 33,19,Clair Obscur : Expedition 33 - Root - ArtStation,https://www.artstation.com/artwork/XJ9z3y,2025-11-18T14:17:36Z
18,Expedition 33,20,"No, Clair Obscur: Expedition 33 wasn't ""made"" by 30 people | Rock ...",https://www.rockpapershotgun.com/no-clair-obscur-expedition-33-wasnt-made-by-30-people,2025-11-18T14:17:36Z
19,#WickedForGood,1,"Wicked: For Good - November 21, 2025 | Explore Oz",https://www.wickedmovie.com/,2025-11-18T14:17:41Z
19,#WickedForGood,2,Wicked: For Good | Official Trailer - YouTube,https://www.youtube.com/watch?v=vt98AlBDI9Y,2025-11-18T14:17:41Z
19,#WickedForGood,3,Wicked: For Good (2025) - IMDb,https://www.imdb.com/title/tt19847976/,2025-11-18T14:17:41Z
19,#WickedForGood,4,Wicked: For Good - Wikipedia,https://en.wikipedia.org/wiki/Wicked:_For_Good,2025-11-18T14:17:41Z
19,#WickedForGood,5,Let all Oz be agreed 50 days until #WickedForGood,https://www.facebook.com/cynthiaerivo/posts/let-all-oz-be-agreed-50-days-until-wickedforgood/1334453151380355/,2025-11-18T14:17:41Z
19,#WickedForGood,6,Wicked: For Good (2025) Tickets & Showtimes | Fandango,https://www.fandango.com/wicked-for-good-2025-238985/movie-overview,2025-11-18T14:17:41Z
19,#WickedForGood,7,#WickedForGood ♾️,https://www.facebook.com/cynthiaerivo/posts/wickedforgood-%EF%B8%8F/1338891847603152/,2025-11-18T14:17:41Z
19,#WickedForGood,8,Wicked: For Good - Amazon.com,https://www.amazon.com/stores/WickedForGood/page/D81D4648-D673-494C-8FDC-238736E7A8C3,2025-11-18T14:17:41Z
19,#WickedForGood,9,'Wicked: For Good' Social Media Embargo Drops on October 27th at ...,https://www.reddit.com/r/wicked/comments/1ofg0f6/wicked_for_good_social_media_embargo_drops_on/,2025-11-18T14:17:41Z
19,#WickedForGood,10,#WickedForGood took everything I loved about the first film to the ...,https://x.com/kaymaldo/status/1989886406097801637,2025-11-18T14:17:41Z
19,#WickedForGood,11,I watched Wicked: For Good a month ago. : r/oscarrace,https://www.reddit.com/r/oscarrace/comments/1ok86vn/i_watched_wicked_for_good_a_month_ago/,2025-11-18T14:17:41Z
19,#WickedForGood,12,Wicked: For Good | Get Tickets for Showtimes at AMC Theatres,https://www.amctheatres.com/movies/wicked-for-good-69654,2025-11-18T14:17:41Z
19,#WickedForGood,13,I'm a little worried about Wicked: For Good. : r/wicked,https://www.reddit.com/r/wicked/comments/1iw6grs/im_a_little_worried_about_wicked_for_good/,2025-11-18T14:17:41Z
19,#WickedForGood,14,Wicked: For Good x Katie Kime | Official Collection | Shop All ...,https://www.katiekime.com/collections/wicked-for-good-2025,2025-11-18T14:17:41Z
19,#WickedForGood,15,Wicked: For Good | Bullock Texas State History Museum IMAX,https://www.thestoryoftexas.com/visit/calendar/imax/wicked-for-good-202511,2025-11-18T14:17:41Z
19,#WickedForGood,16,Wicked: For Good - Republic Records Official Store,https://www.republicrecords.com/pages/wicked-for-good,2025-11-18T14:17:41Z
19,#WickedForGood,17,Wicked: For Good | Rotten Tomatoes,https://www.rottentomatoes.com/m/wicked_for_good,2025-11-18T14:17:41Z
19,#WickedForGood,18,The Wicked For Good Experience | Phoenix Children's,https://phoenixchildrensfoundation.org/pcf_event/a-wicked-affair/,2025-11-18T14:17:41Z
19,#WickedForGood,19,Wicked: For Good,https://www.siff.net/cinema/in-theaters/wicked-for-good,2025-11-18T14:17:41Z
19,#WickedForGood,20,Cambridge Satchel X Wicked: For Good,https://www.cambridgesatchel.com/collections/cambridge-satchel-x-wicked,2025-11-18T14:17:41Z
20,Zelda,1,The official home for The Legend of Zelda - Home,https://zelda.nintendo.com/,2025-11-18T14:17:45Z
20,Zelda,2,The Legend of Zelda,https://www.reddit.com/r/zelda/,2025-11-18T14:17:45Z
20,Zelda,3,The Legend of Zelda - Wikipedia,https://en.wikipedia.org/wiki/The_Legend_of_Zelda,2025-11-18T14:17:45Z
20,Zelda,4,Zelda Williams (@zeldawilliams) • Instagram photos and videos,https://www.instagram.com/zeldawilliams/?hl=en,2025-11-18T14:17:45Z
20,Zelda,5,Curious Zelda (@CuriousZelda) / Posts / X,https://x.com/CuriousZelda,2025-11-18T14:17:45Z
20,Zelda,6,The Legend of Zelda™: Breath of the Wild – Nintendo Switch™ 2 ...,https://www.nintendo.com/us/store/products/the-legend-of-zelda-breath-of-the-wild-nintendo-switch-2-edition-switch-2/,2025-11-18T14:17:45Z
20,Zelda,7,Zelda (@zeldapoem) / Posts / X,https://x.com/zeldapoem?lang=en,2025-11-18T14:17:45Z
20,Zelda,8,Princess Zelda - Zelda Wiki,https://zelda.fandom.com/wiki/Princess_Zelda,2025-11-18T14:17:45Z
20,Zelda,9,Saving Zelda,http://tevisthompson.com/saving-zelda/,2025-11-18T14:17:45Z
20,Zelda,10,"Zelda's on the Beach - Capitola Village, Capitola, CA",https://zeldasonthebeach.com/,2025-11-18T14:17:45Z
20,Zelda,11,"Zelda Dearest | Asheville NC Hotels | Asheville, NC",https://www.zeldadearest.com/,2025-11-18T14:17:45Z
20,Zelda,12,Walking Zelda — Ridgeline issue 157,https://craigmod.com/ridgeline/157/,2025-11-18T14:17:45Z
20,Zelda,13,3 Things Nintendo Should Put in the Next Zelda Game,https://www.vice.com/en/article/3-things-nintendo-should-put-in-the-next-zelda-game/,2025-11-18T14:17:45Z
20,Zelda,14,"Zelda: A Biography: 9780062089397: Milford, Nancy ... - Amazon.com",https://www.amazon.com/Zelda-Biography-Nancy-Milford/dp/0062089390,2025-11-18T14:17:45Z
20,Zelda,15,Literary Hub » Behind the Myths of Scott and Zelda's Epic Romance,https://lithub.com/behind-the-myths-of-scott-and-zeldas-epic-romance/,2025-11-18T14:17:45Z
20,Zelda,16,Zelda's | Local Bar & Restaurant | Newport Rhode Island,https://www.zeldasnewport.com/,2025-11-18T14:17:45Z
20,Zelda,17,"As The Legend of Zelda's 40th anniversary looms, I'm begging ...",https://www.gamesradar.com/games/the-legend-of-zelda/as-the-legend-of-zeldas-40th-anniversary-looms-im-begging-nintendo-to-stop-ignoring-its-greatest-run-of-zelda-games-and-make-this-generations-ocarina-of-time/,2025-11-18T14:17:45Z
20,Zelda,18,The best horses in Legend of Zelda: Breath of the Wild | by Satyajit ...,https://medium.com/@satya164/the-best-horses-in-legend-of-zelda-breath-of-the-wild-d25c393c3e73,2025-11-18T14:17:45Z
20,Zelda,19,"Zelda review: 'Echoes of Wisdom' is a worthwhile remix, not a ...",https://www.npr.org/2024/09/24/g-s1-24379/legend-of-zelda-echoes-of-wisdom-review,2025-11-18T14:17:45Z
20,Zelda,20,Zelda's Catering | Chicago Caterer,https://www.zeldascatering.com/,2025-11-18T14:17:45Z
21,Maxxine,1,MaXXXine - Wikipedia,https://en.wikipedia.org/wiki/MaXXXine,2025-11-18T14:17:49Z
21,Maxxine,2,Maxxine - How to play? : r/gaslands,https://www.reddit.com/r/gaslands/comments/159bkti/maxxine_how_to_play/,2025-11-18T14:17:49Z
21,Maxxine,3,Maxxine (@maxxinedupriwwe) | TikTok,https://www.tiktok.com/@maxxinedupriwwe?lang=en,2025-11-18T14:17:49Z
21,Maxxine,4,Help building a Maxxine team : r/gaslands,https://www.reddit.com/r/gaslands/comments/tranum/help_building_a_maxxine_team/,2025-11-18T14:17:49Z
21,Maxxine,5,Maxxine Dupri was asked if she is still related to LA Knight: “That is ...,https://www.facebook.com/sports.starsofficial/posts/maxxine-dupri-was-asked-if-she-is-still-related-to-la-knightthat-is-my-brother-h/1382239649931346/,2025-11-18T14:17:49Z
21,Maxxine,6,MAXXINE DUPRI (@maxxinedupri) / Posts / X,https://x.com/maxxinedupri?lang=en,2025-11-18T14:17:49Z
21,Maxxine,7,Cinnamon Maxxine (@cinnamonmaxxine) • Instagram photos and ...,https://www.instagram.com/cinnamonmaxxine/?hl=en,2025-11-18T14:17:49Z
21,Maxxine,8,mini maxxine (@oliviasbliss) / Posts / X,https://x.com/oliviasbliss?lang=en,2025-11-18T14:17:49Z
21,Maxxine,9,Maxxine Ulogar (@maxxxinek15) • Instagram photos and videos,https://www.instagram.com/maxxxinek15/?hl=en,2025-11-18T14:17:49Z
21,Maxxine,10,Maxx and Maxxine + Pintucks - Love Notions Sewing Patterns,https://www.lovenotions.com/maxx-and-maxxine-pintucks,2025-11-18T14:17:49Z
21,Maxxine,11,"Maxxine Dupri Wants To Win A WWE Title, Becky Lynch, Getting ...",https://chrisvanvliet.com/2025/11/06/maxxine-dupri-wants-to-win-a-wwe-title-becky-lynch-getting-engaged-la-knight/,2025-11-18T14:17:49Z
21,Maxxine,12,The Strategies of Gaslands: Part 16 - Doing the Dance (Maxxine ...,https://boardgamegeek.com/thread/2393574/the-strategies-of-gaslands-part-16-doing-the-dance,2025-11-18T14:17:49Z
21,Maxxine,13,MaXXXine (2024) - IMDb,https://www.imdb.com/title/tt22048412/,2025-11-18T14:17:49Z
21,Maxxine,14,"WWE Action Figure, 6-inch Collectible Maxxine Dupri ... - Amazon.com",https://www.amazon.com/WWE-Collectible-Maxxine-Articulation-Life-Like/dp/B0D72VTMX1,2025-11-18T14:17:49Z
21,Maxxine,15,Maxxine Rattner | Faculty Profile | Faculty of Liberal Arts ...,https://profiles.laps.yorku.ca/profiles/maxxiner/,2025-11-18T14:17:49Z
21,Maxxine,16,betsey johnson Maxxine Black White Multi 2025 Black Friday | Shoes,https://www.kdfoundation.org/?k=25979958,2025-11-18T14:17:49Z
21,Maxxine,17,"Maxxine Dupri Merchandise, Maxxine Dupri T-Shirts, Apparel | shop ...",https://shop.wwe.com/en/maxxine-dupri/t-8989877498+z-85486-32600825,2025-11-18T14:17:49Z
21,Maxxine,18,Maxxine Wright Community Health Centre - Atira Women's Society,https://atira.bc.ca/what-we-do/program/maxxine-wright-community-health-centre,2025-11-18T14:17:49Z
21,Maxxine,19,Maxxine Wright Community Health Centre - Fraser Health,https://www.fraserhealth.ca/Service-Directory/Locations/Surrey/maxxine-wright-community-health-centre,2025-11-18T14:17:49Z
21,Maxxine,20,Maxxine Kraemer-Jimenez - Mental Health Services NJ,https://positivereseteatontown.com/our-team/maxxine-kraemer-jimenez/,2025-11-18T14:17:49Z
22,Ramsey,1,A Proven Plan for Financial Success - Ramsey,https://www.ramseysolutions.com/,2025-11-18T14:17:54Z
22,Ramsey,2,"Ramsey, MN | Official Website",https://www.ci.ramsey.mn.us/,2025-11-18T14:17:54Z
22,Ramsey,3,"Ramsey Borough, NJ | Official Website",https://www.ramseynj.com/,2025-11-18T14:17:54Z
22,Ramsey,4,"Ramsey County, Minnesota: Homepage",https://www.ramseycountymn.gov/,2025-11-18T14:17:54Z
22,Ramsey,5,Ramsey's Diner | Country Food Restaurant in Ramsey's Diner in ...,https://www.ramseysdiners.com/,2025-11-18T14:17:54Z
22,Ramsey,6,Ramsey Winch - Durable Winches for Towing & Recovery,https://www.ramseywinch.com/,2025-11-18T14:17:54Z
22,Ramsey,7,Aaron Ramsey,https://www.facebook.com/aaronramsey/,2025-11-18T14:17:54Z
22,Ramsey,8,Tyler Ramsey,https://www.tylerramsey.com/,2025-11-18T14:17:54Z
22,Ramsey,9,"Ramsey County, ND | Official Website",https://www.ramseycountynd.gov/,2025-11-18T14:17:54Z
22,Ramsey,10,Dave Ramsey (@DaveRamsey) / Posts / X,https://x.com/DaveRamsey?lang=en,2025-11-18T14:17:54Z
22,Ramsey,11,Voices of Victims: Michelle Ramsey Hawkins - MADD,https://madd.org/voices-of-victims-michelle-ramsey-hawkins/,2025-11-18T14:17:54Z
22,Ramsey,12,Ramsey Alwin - National Nonprofit CEO | Policy & Social Impact ...,https://www.linkedin.com/in/ramseyalwin,2025-11-18T14:17:54Z
22,Ramsey,13,"Nathan Ramsey Obituary August 7, 2025 - Mueller Funeral Home",https://www.muellerfunerals.com/obituaries/nathan-ramsey,2025-11-18T14:17:54Z
22,Ramsey,14,Chase spit at Ramsey before the punch : r/bengals,https://www.reddit.com/r/bengals/comments/1oz093k/chase_spit_at_ramsey_before_the_punch/,2025-11-18T14:17:54Z
22,Ramsey,15,Wes Ramsey (@wes_ramsey) • Instagram photos and videos,https://www.instagram.com/wes_ramsey/?hl=en,2025-11-18T14:17:54Z
22,Ramsey,16,Steve Ramsey - Woodworking for Mere Mortals - YouTube,https://www.youtube.com/channel/UCBB7sYb14uBtk8UqSQYc9-w,2025-11-18T14:17:54Z
22,Ramsey,17,Dave Ramsey (@daveramsey) • Instagram photos and videos,https://www.instagram.com/daveramsey/?hl=en,2025-11-18T14:17:54Z
22,Ramsey,18,"Caleb Ramsey Page Obituary March 3, 2021 - A.S.Turner & Sons ...",https://www.asturner.com/obituaries/caleb-ramsey-page,2025-11-18T14:17:54Z
22,Ramsey,19,Ramsey Voice Studio - YouTube,https://www.youtube.com/c/ramseyvoicestudio,2025-11-18T14:17:54Z
22,Ramsey,20,Ramsey Classroom | Sign In,https://www.ramseyclassroom.com/,2025-11-18T14:17:54Z
23,#RawOnNetflix,1,#wwe #wweraw #rawonnetflix,https://www.facebook.com/SNJackieRedmond/posts/wwe-wweraw-rawonnetflix/1301263568034857/,2025-11-18T14:17:58Z
23,#RawOnNetflix,2,Grateful any time I get to step foot in the ring. #rawonnetflix rocked ...,https://www.instagram.com/p/DJl9tLBR87E/,2025-11-18T14:17:58Z
23,#RawOnNetflix,3,"Congrats on great @WWE #RAWonNetflix debut, Penta - CERO ...",https://www.facebook.com/100044239128938/posts/congrats-on-great-wwe-rawonnetflix-debut-penta-cero-miedo/1133288508155776/,2025-11-18T14:17:58Z
23,#RawOnNetflix,4,Monday night Mami!!!! Glam by me on @rhearipley_wwe #wwe ...,https://www.instagram.com/p/DFtb-9zxSEW/,2025-11-18T14:17:58Z
23,#RawOnNetflix,5,"Congrats on great @WWE #RAWonNetflix debut, Penta - CERO ...",https://x.com/MATTHARDYBRAND/status/1879000516858171737?lang=en,2025-11-18T14:17:58Z
23,#RawOnNetflix,6,"Congrats on great @WWE #RAWonNetflix debut, Penta - CERO ...",https://www.instagram.com/p/DEylFfnsGFO/?hl=en,2025-11-18T14:17:58Z
23,#RawOnNetflix,7,I've had matches with both mystery entrants #LastTimeIsNow ...,https://x.com/LiamDavis1121/status/1990610378284294238,2025-11-18T14:17:58Z
23,#RawOnNetflix,8,Thank you TULSA #wweraw #rawonnetflix,https://www.instagram.com/p/DKbL7iINdGU/?hl=en,2025-11-18T14:17:58Z
23,#RawOnNetflix,9,Most likely hard to say But main event starts now ?? #RawOnNetflix ...,https://x.com/RyanSnip3r416/status/1990619429344809440,2025-11-18T14:17:58Z
23,#RawOnNetflix,10,#rawonnetflix @wwe_on_netflix,https://www.instagram.com/p/DEg8HEkRp3V/?hl=en,2025-11-18T14:17:58Z
23,#RawOnNetflix,11,#WWERaw #RAWonNetflix S/O @TheBalorClubGuy,https://x.com/EdwardSharpe6/status/1975334059501896054,2025-11-18T14:17:58Z
23,#RawOnNetflix,12,Walking Tall. #RawOnNetflix #WWERaw,https://www.instagram.com/p/DFGgaQEiv9l/?hl=en,2025-11-18T14:17:58Z
23,#RawOnNetflix,13,#wwe #rawonnetflix #prowrestling #mondaynightraw | Gabriel ...,https://www.linkedin.com/posts/gabriel-limon-mba-037b5b33_wwe-rawonnetflix-prowrestling-activity-7285047377520947201-iWcX,2025-11-18T14:17:58Z
23,#RawOnNetflix,14,WWE Vacant on X: I promise not to make [Chad Gable's match] very ...,https://www.reddit.com/r/SquaredCircle/comments/1i0eg61/wwe_vacant_on_x_i_promise_not_to_make_chad_gables/,2025-11-18T14:17:58Z
23,#RawOnNetflix,15,"…. on X: ""Naomi wenu looks guilty AF!!! #RawOnNetflix"" / X",https://twitter.com/_MissMpho/status/1891771384310669768,2025-11-18T14:17:58Z
23,#RawOnNetflix,16,MY BEST MATES! timmsy thank you for capturing this magical moment,https://www.threads.com/@aliciataylorwwe/post/DH8yy4tyI0e/my-best-mates-timmsy-thank-you-for-capturing-this-magical-moment-love-you-katena,2025-11-18T14:17:58Z
23,#RawOnNetflix,17,Cheers to @The Rock and the future #RAWonNetflix | Cody Rhodes ...,https://www.tiktok.com/@americannightmarecody/video/7457008862160276782?lang=en,2025-11-18T14:17:58Z
23,#RawOnNetflix,18,John Cena has something to say #RawOnNetflix - YouTube,https://www.youtube.com/watch?v=bCxkWLlhKY8,2025-11-18T14:17:58Z
23,#RawOnNetflix,19,Leave Tozawa alone!!! #RawOnNetflix - YouTube,https://www.youtube.com/shorts/LDUkCTG7bFo,2025-11-18T14:17:58Z
23,#RawOnNetflix,20,WHAT A MOVE BY MAMI #WWEonNetflix #RAWonNetflix ...,https://www.youtube.com/shorts/Vuk-Q2N90Ts,2025-11-18T14:17:58Z
24,#TheGameAwards,1,"The Game Awards - December 11, 2025",https://thegameawards.com/,2025-11-18T14:18:03Z
24,#TheGameAwards,2,The Game Awards (@thegameawards) / Posts / X,https://x.com/thegameawards,2025-11-18T14:18:03Z
24,#TheGameAwards,3,thegameawards - YouTube,https://www.youtube.com/thegameawards,2025-11-18T14:18:03Z
24,#TheGameAwards,4,Voting Jury | The Game Awards,https://thegameawards.com/voting-jury,2025-11-18T14:18:03Z
24,#TheGameAwards,5,The Game Awards 2024: Official 4K Livestream - The Witcher 4 ...,https://m.youtube.com/watch?v=LfnUQ-qKsdQ&t=2s,2025-11-18T14:18:03Z
24,#TheGameAwards,6,Best Ongoing | Nominees | The Game Awards,https://thegameawards.com/nominees/best-ongoing,2025-11-18T14:18:03Z
24,#TheGameAwards,7,The Game Awards - Wikipedia,https://en.wikipedia.org/wiki/The_Game_Awards,2025-11-18T14:18:03Z
24,#TheGameAwards,8,The Game Awards (@thegameawards) • Instagram photos and videos,https://www.instagram.com/thegameawards/?hl=en,2025-11-18T14:18:03Z
24,#TheGameAwards,9,thegameawards - Twitch,https://www.twitch.tv/thegameawards,2025-11-18T14:18:03Z
24,#TheGameAwards,10,Best Sim / Strategy | Nominees | The Game Awards,https://www.thegameawards.com/nominees/best-sim-strategy,2025-11-18T14:18:03Z
24,#TheGameAwards,11,Last night was life changing. My first time at #TheGameAwards and ...,https://www.facebook.com/ItsBrianaWhite/posts/last-night-was-life-changing-my-first-time-at-thegameawards-and-it-was-truly-ama/1063210092270948/,2025-11-18T14:18:03Z
24,#TheGameAwards,12,How TTP2 isn't nominated for 'best score and music ...,https://www.reddit.com/r/TheTalosPrinciple/comments/17ulrws/how_ttp2_isnt_nominated_for_best_score_and_music/,2025-11-18T14:18:03Z
24,#TheGameAwards,13,The Game Awards | LinkedIn,https://www.linkedin.com/company/thegameawards,2025-11-18T14:18:03Z
24,#TheGameAwards,14,The Game Awards (@thegameawards) | TikTok,https://www.tiktok.com/@thegameawards?lang=en,2025-11-18T14:18:03Z
24,#TheGameAwards,15,Events | Peacock Theater,https://www.peacocktheater.com/events,2025-11-18T14:18:03Z
24,#TheGameAwards,16,2025 Changing the Game Awards - She Runs It,https://sherunsit.org/event/2025-changing-the-game-awards/,2025-11-18T14:18:03Z
24,#TheGameAwards,17,"The Game Awards Are Cool, but We Need E3",https://www.vice.com/en/article/the-game-awards-are-cool-but-we-need-e3/,2025-11-18T14:18:03Z
24,#TheGameAwards,18,"The Game Awards 2025 nominees include Clair Obscur, Hollow ...",https://www.engadget.com/gaming/the-game-awards-2025-nominees-include-clair-obscur-hollow-knight-silksong-and-hades-2-173626649.html,2025-11-18T14:18:03Z
24,#TheGameAwards,19,The Game Awards - General Discussion - World of Warcraft Forums,https://us.forums.blizzard.com/en/wow/t/the-game-awards/1723623,2025-11-18T14:18:03Z
24,#TheGameAwards,20,The Game Awards 2025 – Play Every Xbox Nominated Game Today ...,https://news.xbox.com/en-us/2025/11/17/game-awards-2025-xbox-nominations/,2025-11-18T14:18:03Z
25,Lions,1,Detroit Lions Home | Detroit Lions – DetroitLions.com,https://www.detroitlions.com/,2025-11-18T14:18:07Z
25,Lions,2,Lions Clubs International: Home,https://www.lionsclubs.org/en,2025-11-18T14:18:07Z
25,Lions,3,Cannes Lions International Festival of Creativity 2026,https://www.canneslions.com/,2025-11-18T14:18:07Z
25,Lions,4,"Detroit Lions Scores, Stats and Highlights - ESPN",https://www.espn.com/nfl/team/_/name/det/detroit-lions,2025-11-18T14:18:07Z
25,Lions,5,Detroit Lions (@Lions) / Posts / X,https://x.com/Lions,2025-11-18T14:18:07Z
25,Lions,6,"Detroit Lions News, Scores, Stats, Schedule | NFL.com",https://www.nfl.com/teams/detroit-lions/,2025-11-18T14:18:07Z
25,Lions,7,LIONS | Creativity. Effectiveness. Growth.,https://www.lions.co/en,2025-11-18T14:18:07Z
25,Lions,8,Loyola Marymount University Athletics - Official Athletics Website,https://lmulions.com/,2025-11-18T14:18:07Z
25,Lions,9,Lion - Wikipedia,https://en.wikipedia.org/wiki/Lion,2025-11-18T14:18:07Z
25,Lions,10,Lion Services,https://lionsservices.org/,2025-11-18T14:18:07Z
25,Lions,11,Detroit Lions,https://www.reddit.com/r/detroitlions/,2025-11-18T14:18:07Z
25,Lions,12,Columbia University Athletics - Official Athletics Website,https://gocolumbialions.com/,2025-11-18T14:18:07Z
25,Lions,13,East Texas A&M University Athletics - Official Athletics Website,https://lionathletics.com/,2025-11-18T14:18:07Z
25,Lions,14,Detroit Lions (@detroitlionsnfl) • Instagram photos and videos,https://www.instagram.com/detroitlionsnfl/?hl=en,2025-11-18T14:18:07Z
25,Lions,15,Home - Lions Quest - Lions Quest Online Learning,https://www.lions-quest.org/,2025-11-18T14:18:07Z
25,Lions,16,Lions Foundation of Illinois,https://lionsofillinoisfoundation.org/,2025-11-18T14:18:07Z
25,Lions,17,Stone Fear.Movie.Lions Hazy Double IPA,https://www.stonebrewing.com/beer/year-round-releases/stone-fearmovielions-hazy-double-ipa,2025-11-18T14:18:07Z
25,Lions,18,Lions Camp Tatiyee - Arizona Special Needs Summer Camp,https://www.camptatiyee.org/,2025-11-18T14:18:07Z
25,Lions,19,University of North Alabama Athletics - Official Athletics Website,https://www.roarlions.com/,2025-11-18T14:18:07Z
25,Lions,20,Facilities • Lions Park,https://www.everettwa.gov/facilities/facility/details/Lions-Park-28,2025-11-18T14:18:07Z
1,#DWTS,1,Dancing with the Stars Voting | ABC & Disney+,https://dwtsvote.abc.com/,2025-11-19T03:12:10Z
1,#DWTS,2,Dancing With The Stars #DWTS (@dancingwiththestars) • Instagram ...,https://www.instagram.com/dancingwiththestars/?hl=en,2025-11-19T03:12:10Z
1,#DWTS,3,Dancing with the Stars #DWTS (@officialdwts) / Posts / X,https://x.com/officialdwts?lang=en,2025-11-19T03:12:10Z
1,#DWTS,4,Excited to announce my very first partner for DWTS is none other ...,https://www.instagram.com/p/C_fuEAUOEor/?hl=en,2025-11-19T03:12:10Z
1,#DWTS,5,Tuesday's next DWTS live? BRING IT! #DWTS #TeamPartnerTrap ...,https://www.facebook.com/elaine4animals/posts/tuesdays-next-dwts-live-bring-it-dwts-teampartnertrap-elainehendrix/1358054785682581/,2025-11-19T03:12:10Z
1,#DWTS,6,Watch Dancing with the Stars Streaming on ABC platforms and ...,https://abc.com/show/f66d60e7-29f2-49cf-85dd-44a11bce42e4,2025-11-19T03:12:10Z
1,#DWTS,7,A little DWTS Dump #dwts #dancingwiththestars #ballroomdancer ...,https://www.facebook.com/louisvanamstel/posts/a-little-dwts-dump-dwts-dancingwiththestars-ballroomdancer-ballroomdance/1411844810307325/,2025-11-19T03:12:10Z
1,#DWTS,8,Dancing with the Stars,https://www.reddit.com/r/dancingwiththestars/,2025-11-19T03:12:10Z
1,#DWTS,9,My season 34 DWTS partner is ANDY RICHTER!!! Legend!!!! I'm so ...,https://www.facebook.com/TheEmmaSlater/posts/my-season-34-dwts-partner-is-andy-richter-legend-im-so-so-excited-for-us-to-hit-/1341410804010556/,2025-11-19T03:12:10Z
1,#DWTS,10,Dancing With The Stars - YouTube,https://www.youtube.com/dancingwiththestars,2025-11-19T03:12:10Z
1,#DWTS,11,Dancing With The Stars Tour,https://dwtstour.com/,2025-11-19T03:12:10Z
1,#DWTS,12,Dancing With The Stars: Live! | Akron Civic Theatre,https://akroncivic.com/show/dancing-with-the-stars-live-2026-01-22,2025-11-19T03:12:10Z
1,#DWTS,13,Dancing with the Stars (American TV series) - Wikipedia,https://en.wikipedia.org/wiki/Dancing_with_the_Stars_(American_TV_series),2025-11-19T03:12:10Z
1,#DWTS,14,Dancing with the Stars | New Episode Live Every Tuesday | Disney+,https://www.disneyplus.com/browse/entity-7d918be0-4130-4551-aab8-c7dcae85d35f,2025-11-19T03:12:10Z
1,#DWTS,15,Dancing with the Stars: Live! – 2026 Tour - Shea's Performing Arts ...,https://www.sheas.org/performances/dancing-with-the-stars/,2025-11-19T03:12:10Z
1,#DWTS,16,"Meet My DWTS Partner, Louis - Paula Deen",https://www.pauladeen.com/meet-my-dwts-partner-louis/,2025-11-19T03:12:10Z
1,#DWTS,17,'Dancing with the Stars' is tough –Training with a 'DWTS' pro,https://www.usatoday.com/story/entertainment/tv/2025/11/09/joining-dancing-with-the-stars-dwts-2025-cast/86949021007/,2025-11-19T03:12:10Z
1,#DWTS,18,Dancing with the Stars #DWTS (@officialdwts) | TikTok,https://www.tiktok.com/@officialdwts?lang=en,2025-11-19T03:12:10Z
1,#DWTS,19,Dancing With The Stars: LIVE! | DPAC Official Site,https://www.dpacnc.com/events/detail/dancingwiththestars_2026,2025-11-19T03:12:10Z
1,#DWTS,20,Dancing with the Stars - ArtTix Official Ticket Seller | Salt Lake ...,https://www.saltlakecountyarts.org/events/dancing-with-the-stars/,2025-11-19T03:12:10Z
2,#WWENXT,1,WWE NXT (@WWENXT) / Posts / X,https://x.com/WWENXT,2025-11-19T03:12:15Z
2,#WWENXT,2,WWE NXT (@wwenxt) • Instagram photos and videos,https://www.instagram.com/wwenxt/?hl=en,2025-11-19T03:12:15Z
2,#WWENXT,3,WWE NXT | WWE,https://www.wwe.com/shows/wwenxt,2025-11-19T03:12:15Z
2,#WWENXT,4,The Culling…. Without Caffeine. @wwenxt @wwenxtonthecw #wwe ...,https://www.instagram.com/p/DOzK-4QDvAJ/?hl=en,2025-11-19T03:12:15Z
2,#WWENXT,5,Super. @wwenxt #seanlegacy #super #prowrestler #wwe ...,https://www.facebook.com/sean.rossini/posts/super-wwenxt-seanlegacy-super-prowrestler-wwe-wwevolve-wwenxt-promopics-onepiece/25072197435769666/,2025-11-19T03:12:15Z
2,#WWENXT,6,WWE NXT (TV Series 2010– ) - IMDb,https://www.imdb.com/title/tt1601141/,2025-11-19T03:12:15Z
2,#WWENXT,7,NEW #WWENXT Tag Team Champions - The Hardys! #WWENXT,https://www.facebook.com/WWE.JeffHardyBrand/posts/new-wwenxt-tag-team-champions-the-hardys-wwenxt/1327871532028194/,2025-11-19T03:12:15Z
2,#WWENXT,8,WWE NXT - Wikipedia,https://en.wikipedia.org/wiki/WWE_NXT,2025-11-19T03:12:15Z
2,#WWENXT,9,#MattHardy: Thank you for having our back at #WWENXT ...,https://www.facebook.com/WWE.JeffHardyBrand/posts/matthardy-thank-you-for-having-our-back-at-wwenxt-halloweenhavoc-arizona-you-guy/1343639777118036/,2025-11-19T03:12:15Z
2,#WWENXT,10,Rikishi - Congrats @lance_anoai nephew . God Never Miss ...,https://m.facebook.com/therealrikishi/photos/congrats-lance_anoai-nephew-god-never-miss-wwenxt-letsgotowork-bloodline-son-of-/1121645412655670/,2025-11-19T03:12:15Z
2,#WWENXT,11,#ShawnMichaels: Who let these Boyz in here? #NXTShowdown 8 ...,https://www.facebook.com/WWE.JeffHardyBrand/posts/shawnmichaels-who-let-these-boyz-in-herenxtshowdown-87c-thecw-wwenxt-tiktok/1327998778682136/,2025-11-19T03:12:15Z
2,#WWENXT,12,WWE NXT (@WWENXT) on X: After officially signing their ...,https://www.reddit.com/r/SquaredCircle/comments/1d8s4rz/wwe_nxt_wwenxt_on_x_after_officially_signing/,2025-11-19T03:12:15Z
2,#WWENXT,13,WWE NXT - YouTube,https://www.youtube.com/@WWENXT,2025-11-19T03:12:15Z
2,#WWENXT,14,'Stone Cole' Custer gets in the ring at WWE NXT show | NASCAR,https://www.nascar.com/news-media/2024/10/23/stone-cole-custer-gets-in-the-ring-at-wwe-nxt-show/,2025-11-19T03:12:15Z
2,#WWENXT,15,"WWE NXT on X: "".@shirai_io will defend her #WWENXT ...",https://twitter.com/WWENXT/status/1291201712821338114,2025-11-19T03:12:15Z
3,Kentucky,1,Kentucky.gov,https://www.kentucky.gov/,2025-11-19T03:12:20Z
3,Kentucky,2,Kentucky - Wikipedia,https://en.wikipedia.org/wiki/Kentucky,2025-11-19T03:12:20Z
3,Kentucky,3,University of Kentucky: Home,https://www.uky.edu/,2025-11-19T03:12:20Z
3,Kentucky,4,Discover Kentucky Unforgettable Experiences Await,https://www.kentuckytourism.com/,2025-11-19T03:12:20Z
3,Kentucky,5,UK Athletics,https://ukathletics.com/,2025-11-19T03:12:20Z
3,Kentucky,6,Welcome - Kentucky Department of Fish & Wildlife,https://fw.ky.gov/Pages/default.aspx,2025-11-19T03:12:20Z
3,Kentucky,7,Home - Secretary of State,https://www.sos.ky.gov/,2025-11-19T03:12:20Z
3,Kentucky,8,Kentucky Career Center: Welcome,https://kcc.ky.gov/,2025-11-19T03:12:20Z
3,Kentucky,9,Kentucky Department of Education: Homepage,https://www.education.ky.gov/,2025-11-19T03:12:20Z
3,Kentucky,10,"2026 Kentucky Derby & Oaks | May 1 and May 2, 2026 ...",https://www.kentuckyderby.com/,2025-11-19T03:12:20Z
3,Kentucky,11,Kentucky Department of Revenue,https://revenue.ky.gov/,2025-11-19T03:12:20Z
3,Kentucky,12,Kentucky Court of Justice,https://www.kycourts.gov/,2025-11-19T03:12:20Z
3,Kentucky,13,Welcome - DRIVE (ky.gov),https://drive.ky.gov/Pages/index.aspx,2025-11-19T03:12:20Z
3,Kentucky,14,Kentucky Horse Park,https://kyhorsepark.com/,2025-11-19T03:12:20Z
3,Kentucky,15,CHFS Home - Cabinet for Health and Family Services,https://www.chfs.ky.gov/,2025-11-19T03:12:20Z
3,Kentucky,16,Kentucky State University: Home,https://www.kysu.edu/,2025-11-19T03:12:20Z
3,Kentucky,17,Kentucky Transportation Cabinet,https://transportation.ky.gov/Pages/Home.aspx,2025-11-19T03:12:20Z
3,Kentucky,18,Homepage | Kentucky Bourbon Trail®,https://kybourbontrail.com/,2025-11-19T03:12:20Z
3,Kentucky,19,"NKU Home Page: Northern Kentucky University, Greater Cincinnati ...",https://www.nku.edu/,2025-11-19T03:12:20Z
3,Kentucky,20,Kentucky Cabinet for Economic Development: New Kentucky Home,https://newkentuckyhome.ky.gov/,2025-11-19T03:12:20Z
4,Pope,1,Pope - Wikipedia,https://en.wikipedia.org/wiki/Pope,2025-11-19T03:12:24Z
4,Pope,2,Ron Pope,https://ronpope.com/,2025-11-19T03:12:24Z
4,Pope,3,Cassadee Pope (@cassadeepope) • Instagram photos and videos,https://www.instagram.com/cassadeepope/?hl=en,2025-11-19T03:12:24Z
4,Pope,4,Amy Pope (@AmyEPope) / Posts / X,https://x.com/AmyEPope,2025-11-19T03:12:24Z
4,Pope,5,POPE (@jeremypope) • Instagram photos and videos,https://www.instagram.com/jeremypope/?hl=en,2025-11-19T03:12:24Z
4,Pope,6,Ron Pope,https://www.facebook.com/RonPopeOfficial/,2025-11-19T03:12:24Z
4,Pope,7,Cassadee Pope (@CassadeePope) / Posts / X,https://x.com/CassadeePope,2025-11-19T03:12:24Z
4,Pope,8,"Pope County, Minnesota: Home",https://www.popecountymn.gov/,2025-11-19T03:12:24Z
4,Pope,9,Cassadee Pope,https://www.cassadee.com/,2025-11-19T03:12:24Z
4,Pope,10,John William Pope Foundation - A North Carolina Grant Maker,https://jwpf.org/,2025-11-19T03:12:24Z
4,Pope,11,Pope Leo calls out 'extremely disrespectful' treatment of migrants in ...,https://www.npr.org/2025/11/18/g-s1-98318/pope-leo-calls-out-extremely-disrespectful-treatment-of-migrants-in-the-u-s,2025-11-19T03:12:24Z
4,Pope,12,"Flower Shop Waukegan | Florist in Waukegan, IL | POPE'S FLORIST ...",https://www.popesflorist.com/,2025-11-19T03:12:24Z
4,Pope,13,Pope High School,https://www.cobbk12.org/POPE,2025-11-19T03:12:24Z
4,Pope,14,William Pope.L by Martha Wilson - BOMB Magazine,https://bombmagazine.org/articles/1996/04/01/william-pope-l/,2025-11-19T03:12:24Z
4,Pope,15,Pope.L - Artists - Mitchell-Innes & Nash,https://www.miandn.com/artists/pope-l,2025-11-19T03:12:24Z
4,Pope,16,Lois Pope LIFE Foundation,https://www.life-edu.org/,2025-11-19T03:12:24Z
4,Pope,17,Patricia Lockwood · Diary: When I Met the Pope,https://www.lrb.co.uk/the-paper/v45/n23/patricia-lockwood/diary,2025-11-19T03:12:24Z
4,Pope,18,Senator Harold Pope - Legislators,https://www.nmlegis.gov/members/Legislator?SponCode=SPOPE,2025-11-19T03:12:24Z
4,Pope,19,"member: Pope.L, 1978–2001 | MoMA",https://www.moma.org/calendar/exhibitions/5059,2025-11-19T03:12:24Z
4,Pope,20,Remarks by Pope Leo XIV at the 2025 ALS Walk for Life (video and ...,https://lesturnerals.org/remarks-by-pope-leo-xiv-at-the-2025-als-walk-for-life-video-and-transcript/,2025-11-19T03:12:24Z
5,Peggy,1,"Peggy Seeger - Folk Singer, Songmaker, Activist — PeggySeeger",https://www.peggyseeger.com/,2025-11-19T03:12:28Z
5,Peggy,2,Peggy Gou 구 (@peggygou_) • Instagram photos and videos,https://www.instagram.com/peggygou_/?hl=en,2025-11-19T03:12:28Z
5,Peggy,3,PEGGY | Spotify,https://open.spotify.com/artist/1E6ADXoD9nUhFEwKgwjEdh,2025-11-19T03:12:28Z
5,Peggy,4,Peggy Guggenheim house museum,https://www.guggenheim-venice.it/en/the-museum/,2025-11-19T03:12:28Z
5,Peggy,5,Peggy Noonan: 2019 Commencement Address | News | Notre ...,https://news.nd.edu/news/peggy-noonan-2019-commencement-address/,2025-11-19T03:12:28Z
5,Peggy,6,Handmade jewelry by Peggy Li Creations,https://peggyli.com/,2025-11-19T03:12:28Z
5,Peggy,7,"Peggy is the social marketplace that allows you to discover, buy, and ...",https://peggy.com/,2025-11-19T03:12:28Z
5,Peggy,8,Peggy Notebaert Nature Museum,https://naturemuseum.org/,2025-11-19T03:12:28Z
5,Peggy,9,Obituary information for Margaret Ann (Peggy) Mauk Barnett,https://www.bradshawcarter.com/obituaries/Margaret-Ann-Peggy-Mauk-Barnett?obId=42377877,2025-11-19T03:12:28Z
5,Peggy,10,Peggy Mayfield | State of Indiana House of Representatives,https://www.indianahouserepublicans.com/members/general/peggy-mayfield/?back=members,2025-11-19T03:12:28Z
5,Peggy,11,Peggy Lee: Home,https://www.peggylee.com/,2025-11-19T03:12:28Z
5,Peggy,12,We Miss Peggy | Tacoma WA,https://www.facebook.com/welovemisspeggy/,2025-11-19T03:12:28Z
5,Peggy,13,Obituary for Peggy Pascal - Chicago Obituaries - Shalom Memorial,https://www.shalommemorial.org/in-memorial/2025/shalom/Peggy-Pascal/,2025-11-19T03:12:28Z
5,Peggy,14,Peggy Lillis - Peggy Lillis Foundation,https://cdiff.org/story/peggy-lillis/,2025-11-19T03:12:28Z
5,Peggy,15,Peggy Whitson (@AstroPeggy) / Posts / X,https://x.com/AstroPeggy,2025-11-19T03:12:28Z
5,Peggy,16,The Peggy and Jack Baskin Foundation,https://baskinfoundation.org/,2025-11-19T03:12:28Z
5,Peggy,17,"Councilwoman Peggy McMahon | Fountain Hills, AZ - Official Website",https://www.fountainhillsaz.gov/733/Councilmember-Peggy-McMahon,2025-11-19T03:12:28Z
5,Peggy,18,"Peggy Ann Ham Obituary September 20, 2025 - Memorial ...",https://www.memorialutah.com/obituaries/peggy-ham,2025-11-19T03:12:28Z
5,Peggy,19,Peggy Ozias-Akins - People | Horticulture,https://hort.caes.uga.edu/people/faculty/peggy-ozias-akins.html,2025-11-19T03:12:28Z
5,Peggy,20,Peggy Compton • Faculty • Penn Nursing,https://www.nursing.upenn.edu/live/profiles/14948-peggy-compton,2025-11-19T03:12:28Z
6,#USMNT,1,U.S. Soccer Men's National Team (@USMNT) / Posts / X,https://x.com/USMNT?lang=en,2025-11-19T03:12:33Z
6,#USMNT,2,USMNT | U.S. Men's National Soccer Team | U.S. Soccer Official ...,https://www.ussoccer.com/teams/usmnt,2025-11-19T03:12:33Z
6,#USMNT,3,United States men's national soccer team - Wikipedia,https://en.wikipedia.org/wiki/United_States_men%27s_national_soccer_team,2025-11-19T03:12:33Z
6,#USMNT,4,Schedule & Results | U.S. Soccer Official Website,https://www.ussoccer.com/all-matches,2025-11-19T03:12:33Z
6,#USMNT,5,U.S. Soccer MNT (@usmnt) • Instagram photos and videos,https://www.instagram.com/usmnt/?hl=en,2025-11-19T03:12:33Z
6,#USMNT,6,"[Paul Tenorio] Despite reports, I am told the #USMNT will not be ...",https://www.reddit.com/r/ussoccer/comments/1knl3ry/paul_tenorio_despite_reports_i_am_told_the_usmnt/,2025-11-19T03:12:33Z
6,#USMNT,7,Stars and Stripes FC,https://www.starsandstripesfc.com/,2025-11-19T03:12:33Z
6,#USMNT,8,USMNT vs Paraguay : r/ussoccer,https://www.reddit.com/r/ussoccer/comments/1ozptq7/usmnt_vs_paraguay/,2025-11-19T03:12:33Z
6,#USMNT,9,"Reyna impresses in return, as USMNT continues unbeaten run - ESPN",https://www.espn.com/soccer/story/_/id/46982861/reyna-impresses-return-usmnt-continue-unbeaten-run,2025-11-19T03:12:33Z
6,#USMNT,10,"Walker Zimmerman, Nathan Harriel and Paxten Aaronson Added to ...",https://ussoccer.com/stories/2025/05/walker-zimmerman-nathian-harriel-paxten-aaronson-usmnt-training-camp-roster-june-matches-turkiye-switzerland,2025-11-19T03:12:33Z
6,#USMNT,11,#USMNT Head Coach Mauricio Pochettino on Sergiño Dest,https://www.facebook.com/officialussoccer/posts/usmnt-head-coach-mauricio-pochettino-on-sergi%C3%B1o-dest/1098258725664628/,2025-11-19T03:12:33Z
6,#USMNT,12,USMNT – The Philly Soccer Page,https://phillysoccerpage.net/category/us-soccer/usmnt-us-soccer/,2025-11-19T03:12:33Z
6,#USMNT,13,USMNT News | Portland Timbers,https://www.timbers.com/news/topics/usmnt/,2025-11-19T03:12:33Z
6,#USMNT,14,USMNT News & Highlights | Team USA | USA Field Hockey,https://www.usafieldhockey.com/news/usmnt,2025-11-19T03:12:33Z
6,#USMNT,15,USMNT | Sporting Kansas City,https://www.sportingkc.com/news/topics/usmnt/,2025-11-19T03:12:33Z
6,#USMNT,16,Houston Dynamo FC midfielder Jack McGlynn confirmed as member ...,https://www.houstondynamofc.com/news/houston-dynamo-fc-midfielder-jack-mcglynn-confirmed-as-member-of-usmnt-s-2025-gold-cup-roster,2025-11-19T03:12:33Z
6,#USMNT,17,Men's Nike USMNT 2025 Heartbeat Away Stadium Jersey - Official ...,https://store.ussoccer.com/products/usasmz2502-mens-nike-usmnt-2025-heartbeat-away-stadium-jersey,2025-11-19T03:12:33Z
6,#USMNT,18,Brian Gutiérrez Seizes Opportunity with the USMNT | Chicago Fire FC,https://www.chicagofirefc.com/news/brian-gutierrez-seizes-opportunity-with-the-usmnt,2025-11-19T03:12:33Z
6,#USMNT,19,"USMNT finally has a full set of in-form strikers, and with it comes ...",https://www.nytimes.com/athletic/6799737/2025/11/12/usmnt-forwards-balogun-pepi-wright-paraguay-uruguay/,2025-11-19T03:12:33Z
6,#USMNT,20,USMNT vs. Uruguay | City of Tampa,https://www.tampa.gov/events/usmnt-vs-uruguay/173951,2025-11-19T03:12:33Z
7,Winthrop,1,"Winthrop University, Rock Hill, SC 29733, USA",https://www.winthrop.edu/,2025-11-19T03:12:37Z
7,Winthrop,2,Winthrop University Athletics - Official Athletics Website,https://winthropeagles.com/,2025-11-19T03:12:37Z
7,Winthrop,3,Find your next adventure in Winthrop WA,https://winthropwashington.com/,2025-11-19T03:12:37Z
7,Winthrop,4,"Winthrop, MA | Official Website",https://www.winthropma.gov/,2025-11-19T03:12:37Z
7,Winthrop,5,Winthrop & Weinstine,https://winthrop.com/,2025-11-19T03:12:37Z
7,Winthrop,6,"Winthrop Eagles Scores, Stats and Highlights - ESPN",https://www.espn.com/mens-college-basketball/team/_/id/2737/winthrop-eagles,2025-11-19T03:12:37Z
7,Winthrop,7,Winthrop ME |,https://www.winthropmaine.gov/,2025-11-19T03:12:37Z
7,Winthrop,8,Winthrop Charter School,https://www.winthropcharter.org/,2025-11-19T03:12:37Z
7,Winthrop,9,"City of Winthrop, MN – City of Winthrop, Minnesota",https://winthropmn.gov/,2025-11-19T03:12:37Z
7,Winthrop,10,"Winthrop, Massachusetts - Wikipedia","https://en.wikipedia.org/wiki/Winthrop,_Massachusetts",2025-11-19T03:12:37Z
7,Winthrop,11,Winthrop Rockefeller Foundation: HOME,https://www.wrfoundation.org/,2025-11-19T03:12:37Z
7,Winthrop,12,Winthrop Public Schools / Homepage,https://www.winthrop.k12.ma.us/,2025-11-19T03:12:37Z
7,Winthrop,13,Winthrop Lakes Region Chamber of Commerce – Serving the ...,https://winthropchamber.org/,2025-11-19T03:12:37Z
7,Winthrop,14,Rebecca Winthrop - Co-author of The Disengaged Teen | Leading ...,https://www.linkedin.com/in/rebecca-winthrop-b36b0617,2025-11-19T03:12:37Z
7,Winthrop,15,Town of Winthrop,https://www.townofwinthrop.com/,2025-11-19T03:12:37Z
7,Winthrop,16,Pillsbury Winthrop Shaw Pittman,https://www.pillsburylaw.com/en/,2025-11-19T03:12:37Z
7,Winthrop,17,Winthrop Public Library & Museum – Your library since 1899.,https://winthroppubliclibrary.org/,2025-11-19T03:12:37Z
7,Winthrop,18,Rebecca Winthrop | Brookings,https://www.brookings.edu/people/rebecca-winthrop/,2025-11-19T03:12:37Z
7,Winthrop,19,MBB Preview: Arkansas vs Winthrop | Arkansas Razorbacks,https://arkansasrazorbacks.com/mbb-preview-arkansas-vs-winthrop/,2025-11-19T03:12:37Z
7,Winthrop,20,WCAT - Winthrop,https://www.wcat-tv.org/,2025-11-19T03:12:37Z
8,Tulane,1,Tulane University: Home,https://tulane.edu/,2025-11-19T03:12:42Z
8,Tulane,2,Tulane University Athletics - Official Athletics Website,https://tulanegreenwave.com/,2025-11-19T03:12:42Z
8,Tulane,3,Tulane University - Wikipedia,https://en.wikipedia.org/wiki/Tulane_University,2025-11-19T03:12:42Z
8,Tulane,4,"Tulane Green Wave Scores, Stats and Highlights - ESPN",https://www.espn.com/college-football/team/_/id/2655/tulane-green-wave,2025-11-19T03:12:42Z
8,Tulane,5,Cost of Attendance | Tulane Office of Admission,https://admission.tulane.edu/tuition-aid/cost,2025-11-19T03:12:42Z
8,Tulane,6,Home | tulane,https://law.tulane.edu/,2025-11-19T03:12:42Z
8,Tulane,7,Tulane School of Architecture,https://architecture.tulane.edu/,2025-11-19T03:12:42Z
8,Tulane,8,Tulane University (@Tulane) / Posts / X,https://x.com/Tulane,2025-11-19T03:12:42Z
8,Tulane,9,Majors & Minors | Tulane Office of Admission,https://admission.tulane.edu/academics/majors-minors,2025-11-19T03:12:42Z
8,Tulane,10,Tulane School of Medicine: Homepage,https://medicine.tulane.edu/homepage,2025-11-19T03:12:42Z
8,Tulane,11,"East Jefferson General Hospital, Metairie, LA | LCMC Health",https://www.lcmchealth.org/east-jefferson-general-hospital/,2025-11-19T03:12:42Z
8,Tulane,12,Home | tulane,https://stonecenter.tulane.edu/,2025-11-19T03:12:42Z
8,Tulane,13,Tulane School of Public Health and Tropical Medicine,https://sph.tulane.edu/,2025-11-19T03:12:42Z
8,Tulane,14,The Tipping Point – Tulane University's Annual Fundraising Concert ...,https://tippingpoint.tulane.edu/,2025-11-19T03:12:42Z
8,Tulane,15,Tulane Center for Public Service: Home,https://cps.tulane.edu/home,2025-11-19T03:12:42Z
8,Tulane,16,Physics and Engineering Physics | Tulane University School of ...,https://sse.tulane.edu/pep,2025-11-19T03:12:42Z
8,Tulane,17,Tulane Energy Institute | Tulane University,https://freeman.tulane.edu/tulane-energy-institute,2025-11-19T03:12:42Z
8,Tulane,18,Tulane Brain Institute,https://brain.tulane.edu/home,2025-11-19T03:12:42Z
8,Tulane,19,All in: Tulane's commitment to stop all sexual violence,https://allin.tulane.edu/home,2025-11-19T03:12:42Z
8,Tulane,20,The Doris Z. Stone Latin American Library and Research Center ...,https://library.tulane.edu/lal,2025-11-19T03:12:42Z
9,Caleb Wilson,1,Caleb Wilson - Men's Basketball - University of North Carolina ...,https://goheels.com/sports/mens-basketball/roster/caleb-wilson/27321,2025-11-19T03:12:46Z
9,Caleb Wilson,2,Caleb Wilson - North Carolina Tar Heels Forward - ESPN,https://www.espn.com/mens-college-basketball/player/_/id/5095151/caleb-wilson,2025-11-19T03:12:46Z
9,Caleb Wilson,3,Caleb Wilson (basketball) - Wikipedia,https://en.wikipedia.org/wiki/Caleb_Wilson_(basketball),2025-11-19T03:12:46Z
9,Caleb Wilson,4,"Caleb Wilson, North Carolina, Power Forward",https://247sports.com/player/caleb-wilson-46129297/,2025-11-19T03:12:46Z
9,Caleb Wilson,5,"Honoring the Life of Caleb Wilson 🕊️ With heavy hearts, we ...",https://www.facebook.com/SUBand/posts/honoring-the-life-of-caleb-wilson-%EF%B8%8Fwith-heavy-hearts-we-share-the-devastating-lo/1198014105016912/,2025-11-19T03:12:46Z
9,Caleb Wilson,6,Caleb Wilson - Basketball Recruiting - Player Profiles - ESPN,http://www.espn.com/college-sports/basketball/recruiting/player/_/id/252086/caleb-wilson,2025-11-19T03:12:46Z
9,Caleb Wilson,7,Caleb Wilson hazing death: Final autopsy results,https://www.wdsu.com/article/louisiana-southern-university-student-cause-death-caleb-wilson/68122105,2025-11-19T03:12:46Z
9,Caleb Wilson,8,calebwilson (@c.dubbb) • Instagram photos and videos,https://www.instagram.com/c.dubbb/?hl=en,2025-11-19T03:12:46Z
9,Caleb Wilson,9,Caleb Wilson (@CalebWilson2025) / Posts / X,https://x.com/CalebWilson2025,2025-11-19T03:12:46Z
9,Caleb Wilson,10,"Caleb Wilson, Bankers Life Agent | Insurance, financial advice, and ...",https://agents.bankerslife.com/fl/deerfield-beach/800-fairway-dr/caleb-wilson,2025-11-19T03:12:46Z
9,Caleb Wilson,11,Caleb Wilson Q&A,https://www.prospectiveinsight.com/post/caleb-wilson,2025-11-19T03:12:46Z
9,Caleb Wilson,12,Caleb Wilson - WHC Attorneys,https://whc-attorneys.com/our-people/caleb-wilson/,2025-11-19T03:12:46Z
9,Caleb Wilson,13,Caleb Wilson Hazing Prevention Task Force Meeting – Louisiana ...,https://www.laregents.edu/event/caleb-wilson-hazing-prevention-task-force-meeting/,2025-11-19T03:12:46Z
9,Caleb Wilson,14,What are we expecting from UNC's Caleb Wilson as a freshman? : r ...,https://www.reddit.com/r/NBA_Draft/comments/1n6vd0a/what_are_we_expecting_from_uncs_caleb_wilson_as_a/,2025-11-19T03:12:46Z
9,Caleb Wilson,15,KLUTCH ATHLETICS BY NEW BALANCE WELCOMES HIGH ...,https://newbalance.newsmarket.com/latest-news/klutch-athletics-by-new-balance-welcomes-high-school-star-caleb-wilson-to-its-basketball-roster/s/950657d8-ab83-4404-acd9-9d323e57b590,2025-11-19T03:12:46Z
9,Caleb Wilson,16,Caleb Wilson Hazing Prevention Task Force – Louisiana Board of ...,https://www.laregents.edu/calebwilson/,2025-11-19T03:12:46Z
9,Caleb Wilson,17,"The Origin Story of UNC's Freshman Phenom, Caleb Wilson",https://www.si.com/college/unc/origin-story-tar-heels-basketball-freshman-phenom-caleb-wilson-,2025-11-19T03:12:46Z
9,Caleb Wilson,18,Caleb Wilson - Men's Cross Country - Rice University Athletics,https://riceowls.com/sports/mens-cross-country/roster/caleb-wilson/9772,2025-11-19T03:12:46Z
9,Caleb Wilson,19,"Caleb Wilson brings height, mental focus to UNC men's basketball ...",https://dailytarheel.com/article/sports-basketball-preview-caleb-wilson-feature-oct-2025-20251028,2025-11-19T03:12:46Z
9,Caleb Wilson,20,(All The Tools) Caleb Wilson Scouting Report : r/NBA_Draft,https://www.reddit.com/r/NBA_Draft/comments/1nf8in0/all_the_tools_caleb_wilson_scouting_report/,2025-11-19T03:12:46Z
10,Dearborn,1,"Dearborn, Michigan - Wikipedia","https://en.wikipedia.org/wiki/Dearborn,_Michigan",2025-11-19T03:12:51Z
10,Dearborn,2,City of Dearborn,https://www.cityofdearborn.org/,2025-11-19T03:12:51Z
10,Dearborn,3,The Dearborn,https://www.thedearborntavern.com/,2025-11-19T03:12:51Z
10,Dearborn,4,Dearborn Public Schools,https://dearbornschools.org/,2025-11-19T03:12:51Z
10,Dearborn,5,City of Dearborn: Home Page,http://dearborn.gov/,2025-11-19T03:12:51Z
10,Dearborn,6,University of Michigan-Dearborn,https://umdearborn.edu/,2025-11-19T03:12:51Z
10,Dearborn,7,"Home / Dearborn County, Indiana",https://www.dearborncounty.org/,2025-11-19T03:12:51Z
10,Dearborn,8,Dearborn - Tin House,https://tinhouse.com/book/dearborn/,2025-11-19T03:12:51Z
10,Dearborn,9,Dearborn residents complain about outdoor calls to prayer from ...,https://www.wxyz.com/news/dearborn-residents-complain-about-outdoor-calls-to-prayer-from-mosques-throughout-city,2025-11-19T03:12:51Z
10,Dearborn,10,Dearborn Country Club,https://www.dearborncountryclub.net/,2025-11-19T03:12:51Z
10,Dearborn,11,"Dearborn Hills Golf Course - Dearborn, MI",https://www.dearbornhills.com/,2025-11-19T03:12:51Z
10,Dearborn,12,"The Henry Ford – Museum, Greenfield Village & Rouge Factory",https://www.thehenryford.org/,2025-11-19T03:12:51Z
10,Dearborn,13,Dearborn and Livonia Orthopedics & Sports Medicine | Orthopedics ...,https://www.dearbornortho.com/,2025-11-19T03:12:51Z
10,Dearborn,14,Dearborn Symphony – Award Winning Community Orchestra,https://dearbornsymphony.org/wp/,2025-11-19T03:12:51Z
10,Dearborn,15,Dearborn High School – Current Officers,https://dhs.dearbornschools.org/,2025-11-19T03:12:51Z
10,Dearborn,16,"Dearborn Family Smiles: Family Dentist in Dearborn, MI",https://dearbornfamilysmiles.com/,2025-11-19T03:12:51Z
10,Dearborn,17,DEARBORN PARKCity of Los Angeles Department of Recreation ...,https://www.laparks.org/park/dearborn,2025-11-19T03:12:51Z
10,Dearborn,18,Ham & Turkey Archives - Dearborn Brand,https://dearbornbrand.com/product-category/hams/,2025-11-19T03:12:51Z
10,Dearborn,19,Dearborn Academy – A Program of Schools for Children,https://dearbornacademy.org/,2025-11-19T03:12:51Z
10,Dearborn,20,Dearborn Mid-West Company: Home,https://www.dmwcc.com/,2025-11-19T03:12:51Z
11,Tre White,1,Tre White - Kansas Jayhawks Guard - ESPN,https://www.espn.com/mens-college-basketball/player/_/id/5105643/tre-white,2025-11-19T03:12:55Z
11,Tre White,2,Tre White - 2024-25 - Men's Basketball - University of Illinois Athletics,https://fightingillini.com/sports/mens-basketball/roster/tre-white/14524,2025-11-19T03:12:55Z
11,Tre White,3,Tre'Davious White - Buffalo Bills Cornerback - ESPN,https://www.espn.com/nfl/player/_/id/3042717/tredavious-white,2025-11-19T03:12:55Z
11,Tre White,4,Tre'Davious White - Wikipedia,https://en.wikipedia.org/wiki/Tre%27Davious_White,2025-11-19T03:12:55Z
11,Tre White,5,Tre White College Stats | College Basketball at Sports-Reference.com,https://www.sports-reference.com/cbb/players/tre-white-1.html,2025-11-19T03:12:55Z
11,Tre White,6,Tre White - Men's Basketball - USC Athletics,https://usctrojans.com/sports/mens-basketball/roster/tre-white/13122,2025-11-19T03:12:55Z
11,Tre White,7,"Tre'Davious White Stats, Height, Weight, Position, Draft, College ...",https://www.pro-football-reference.com/players/W/WhitTr01.htm,2025-11-19T03:12:55Z
11,Tre White,8,What about moving Tre White to Free Safety ? : r/buffalobills,https://www.reddit.com/r/buffalobills/comments/11ck3c3/what_about_moving_tre_white_to_free_safety/,2025-11-19T03:12:55Z
11,Tre White,9,Tre White - Men's Basketball - University of Louisville Athletic,https://gocards.com/sports/mens-basketball/roster/tre-white/14368,2025-11-19T03:12:55Z
11,Tre White,10,Tre White - any updates? guesses? : r/buffalobills,https://www.reddit.com/r/buffalobills/comments/1n01lnr/tre_white_any_updates_guesses/,2025-11-19T03:12:55Z
11,Tre White,11,Tre White (@thetrewhite_) • Instagram photos and videos,https://www.instagram.com/thetrewhite_/?hl=en,2025-11-19T03:12:55Z
11,Tre White,12,Tre White Spicy BBQ Wings - Mulberry Italian Ristorante - Italian ...,https://www.mulberryitalianristorante.com/items/tre-white-spicy-bbq-wings,2025-11-19T03:12:55Z
11,Tre White,13,"Tre'Davious White Stats, News and Video - CB | NFL.com",https://www.nfl.com/players/tre-davious-white/,2025-11-19T03:12:55Z
11,Tre White,14,Tre White - Football 2017 - SJSU Athletics - Official Athletics Website ...,https://sjsuspartans.com/sports/football/roster/player/tre-white,2025-11-19T03:12:55Z
11,Tre White,15,Tre'Davious White,https://www.buffalobills.com/team/players-roster/tre-davious-white/,2025-11-19T03:12:55Z
11,Tre White,16,Trey White ♦️ (@treywhite3) • Instagram photos and videos,https://www.instagram.com/treywhite3/?hl=en,2025-11-19T03:12:55Z
11,Tre White,17,Tre White Signs with Kansas - University of Kansas,https://kuathletics.com/news/2025/4/7/mens-basketball-tre-white-signs-with-kansas,2025-11-19T03:12:55Z
11,Tre White,18,"Tre White, Kansas, Small Forward",https://247sports.com/player/tre-white-46059200/,2025-11-19T03:12:55Z
11,Tre White,19,Meeting Tre'Davious White at ice cream,https://www.facebook.com/groups/BillsBackersROC/posts/2492243594507903/,2025-11-19T03:12:55Z
11,Tre White,20,Trey White - 2025 Football Roster - San Diego State Aztecs,https://goaztecs.com/sports/football/roster/player/trey-white,2025-11-19T03:12:55Z
12,Markstrom,1,Jacob Markstrom Stats And News | NHL.com,https://www.nhl.com/devils/player/jacob-markstrom-8474593,2025-11-19T03:12:59Z
12,Markstrom,2,Devils G Jacob Markstrom expected to miss a couple of weeks - ESPN,https://www.espn.com/nhl/story/_/id/46605447/devils-g-jacob-markstrom-expected-miss-couple-weeks,2025-11-19T03:12:59Z
12,Markstrom,3,Markstrom - Twitch,https://www.twitch.tv/markstrom,2025-11-19T03:12:59Z
12,Markstrom,4,Jacob Markstrom - New Jersey Devils Goaltender - ESPN,https://www.espn.com/nhl/player/_/id/5452/jacob-markstrom,2025-11-19T03:12:59Z
12,Markstrom,5,Jacob Markström - Wikipedia,https://en.wikipedia.org/wiki/Jacob_Markstr%C3%B6m,2025-11-19T03:12:59Z
12,Markstrom,6,Jacob Markstrom (@markstrom25) • Instagram photos and videos,https://www.instagram.com/markstrom25/,2025-11-19T03:12:59Z
12,Markstrom,7,Markstrom (@MarkstromTV) / Posts / X,https://x.com/MarkstromTV,2025-11-19T03:12:59Z
12,Markstrom,8,"Jacob Markström Stats, Height, Weight, Position, Title | Hockey ...",https://www.hockey-reference.com/players/m/marksja02.html,2025-11-19T03:12:59Z
12,Markstrom,9,Jacob Markstrom Hockey Stats and Profile at hockeydb.com,https://www.hockeydb.com/ihdb/stats/pdisplay.php?pid=112727,2025-11-19T03:12:59Z
12,Markstrom,10,"Jacob Markström - Stats, Contract, Salary & More",https://www.eliteprospects.com/player/9787/jacob-markstrom,2025-11-19T03:12:59Z
12,Markstrom,11,When does Jacob Markström get his IR? : r/fantasyhockey,https://www.reddit.com/r/fantasyhockey/comments/1icr2bj/when_does_jacob_markstr%C3%B6m_get_his_ir/,2025-11-19T03:12:59Z
12,Markstrom,12,"Jacob Markstrom Stick, Skates, Pads, Gloves, Blocker & Mask",https://www.geargeek.com/team/new-jersey-devils/jacob-markstrom,2025-11-19T03:12:59Z
12,Markstrom,13,[Stein] Jacob Markstrom is entering the last year of his contract in ...,https://www.reddit.com/r/devils/comments/1kc8m81/stein_jacob_markstrom_is_entering_the_last_year/,2025-11-19T03:12:59Z
12,Markstrom,14,Ethnic and racial identity in adolescence: implications for ...,https://pubmed.ncbi.nlm.nih.gov/24490891/,2025-11-19T03:12:59Z
12,Markstrom,15,What was the Oilers final offer for Markstrom? : r/EdmontonOilers,https://www.reddit.com/r/EdmontonOilers/comments/t0m7w3/what_was_the_oilers_final_offer_for_markstrom/,2025-11-19T03:12:59Z
12,Markstrom,16,Jacob Markstrom EA SPORTS™ NHL 26 Player Ratings,https://www.ea.com/en/games/nhl/ratings/player-ratings/jacob-markstrom/5183,2025-11-19T03:12:59Z
12,Markstrom,17,Jake Allen since Jacob Markstrom's injury: - .934 save percentage ...,https://www.reddit.com/r/devils/comments/1il502f/jake_allen_since_jacob_markstroms_injury_934_save/,2025-11-19T03:12:59Z
12,Markstrom,18,Staff Directory • Kyle Markstrom,https://www.cityofcentralia.com/directory.aspx?EID=70,2025-11-19T03:12:59Z
12,Markstrom,19,Jacob Markstrom : r/fantasyhockey,https://www.reddit.com/r/fantasyhockey/comments/1ed3oei/jacob_markstrom/,2025-11-19T03:12:59Z
12,Markstrom,20,". Andrea Markstrom - Cadwalader, Wickersham & Taft LLP | LinkedIn",https://www.linkedin.com/in/andreamarkstrom,2025-11-19T03:12:59Z
13,Garrison,1,Garrison Dental | Leader in Restorative Dentistry & Innovation,https://www.garrisondental.com/,2025-11-19T03:13:04Z
13,Garrison,2,Garrison,https://www.garrisongrill.com/,2025-11-19T03:13:04Z
13,Garrison,3,Garrison Architects | Discover Innovative Architecture Today,https://www.garrisonarchitects.com/,2025-11-19T03:13:04Z
13,Garrison,4,The Garrison – Weddings | Valley Restaurant | Inn – Weddings ...,https://thegarrison.com/,2025-11-19T03:13:04Z
13,Garrison,5,Garrison | Ultra Secure Browsing,https://www.garrison.com/en,2025-11-19T03:13:04Z
13,Garrison,6,Garrison Brothers Distillery: Home,https://www.garrisonbros.com/,2025-11-19T03:13:04Z
13,Garrison,7,Garrison - Wikipedia,https://en.wikipedia.org/wiki/Garrison,2025-11-19T03:13:04Z
13,Garrison,8,The Garrison Institute: Contemplative-based Social Change Leader,https://www.garrisoninstitute.org/,2025-11-19T03:13:04Z
13,Garrison,9,Garrison ISD: Home,https://www.garrisonisd.com/,2025-11-19T03:13:04Z
13,Garrison,10,Garrison Keillor: Home,https://www.garrisonkeillor.com/,2025-11-19T03:13:04Z
13,Garrison,11,Visual Arts | Garrison Art Center | Philipstown,https://www.garrisonartcenter.org/,2025-11-19T03:13:04Z
13,Garrison,12,Garrison Union Free School District - Home,https://www.gufs.org/,2025-11-19T03:13:04Z
13,Garrison,13,The Garrison,https://www.the-garrison.net/,2025-11-19T03:13:04Z
13,Garrison,14,Garrison Steak & Seafood Restaurant - Fairmont Austin Hotel,https://www.fairmont-austin.com/dine/garrison/,2025-11-19T03:13:04Z
13,Garrison,15,The Garrison Collection: Fine Hardwood Flooring,https://www.garrisoncollection.com/,2025-11-19T03:13:04Z
13,Garrison,16,"Garrison Legal Search Firm | Top Legal Recruiters Washington, DC ...",https://www.g-s.com/,2025-11-19T03:13:04Z
13,Garrison,17,Garrison Starr (@garrisonstarrmusic),https://www.facebook.com/garrisonstarrmusic/,2025-11-19T03:13:04Z
13,Garrison,18,"Home - Garrison Forest School, Inc.",https://www.gfs.org/,2025-11-19T03:13:04Z
13,Garrison,19,Home | The Garrison,https://www.thegarrisonlakegeorge.com/,2025-11-19T03:13:04Z
13,Garrison,20,S. Mason Garrison | Department of Psychology | Wake Forest ...,https://psychology.wfu.edu/s-mason-garrison/,2025-11-19T03:13:04Z
14,#SquidGameTheChallenge,1,#US players/contestants needed for #SquidGameTheChallenge ...,https://www.instagram.com/p/C9S2_XfSZ1A/,2025-11-19T03:13:08Z
14,#SquidGameTheChallenge,2,Player 415 is eliminated! A few keepsakes from my time on ...,https://www.facebook.com/andythehighlander/posts/player-415-is-eliminated-a-few-keepsakes-from-my-time-on-squidgamethechallenge-n/870179767812330/,2025-11-19T03:13:08Z
14,#SquidGameTheChallenge,3,"who else can make this tracksuit cute? player 097, we hereee ...",https://www.instagram.com/p/Cz88T0vBIVy/,2025-11-19T03:13:08Z
14,#SquidGameTheChallenge,4,"Squid Game: The Challenge Cast, News, Videos and more",https://www.netflix.com/tudum/squid-game-the-challenge,2025-11-19T03:13:08Z
14,#SquidGameTheChallenge,5,Next Tuesday November 4th on Netflix. #SquidGameTheChallenge ...,https://www.facebook.com/TheBluetits/posts/next-tuesday-november-4th-on-netflix-squidgamethechallenge-netflix/1142099451453978/,2025-11-19T03:13:08Z
14,#SquidGameTheChallenge,6,Squid game the Challenge interview Blake Player 286 Bryce 285 ...,https://x.com/CameshiaReviews/status/1989819467162137011,2025-11-19T03:13:08Z
14,#SquidGameTheChallenge,7,#netflix #netflixreality #squidgame #squidgamethechallenge ...,https://www.linkedin.com/posts/radhikasrinivasan_netflix-netflixreality-squidgame-activity-7134839478208073728-iGUr,2025-11-19T03:13:08Z
14,#SquidGameTheChallenge,8,Last night I watched the first ep of #SquidGameTheChallenge on ...,https://x.com/simongreening/status/1988785852089266391,2025-11-19T03:13:08Z
14,#SquidGameTheChallenge,9,Review: Netflix's Squid Game: The Challenge is kinda great. Oh no ...,https://www.vox.com/culture/2023/12/1/23983677/netflix-squid-game-challenge-review-reality-show-spoilers,2025-11-19T03:13:08Z
14,#SquidGameTheChallenge,10,"i'm so so proud of perla, dajah, and trinity ...",https://x.com/ifyszn/status/1988953581593174133,2025-11-19T03:13:08Z
14,#SquidGameTheChallenge,11,#squidgame #squidgamethechallenge #netflix #tvshow #music ...,https://www.linkedin.com/posts/paddy-fletcher-4230a8aa_squidgame-squidgamethechallenge-netflix-activity-7118191288142700545-wpJF?trk=public_profile_like_view,2025-11-19T03:13:08Z
14,#SquidGameTheChallenge,12,I think that @Marklevy85 is the Ned Stark of ...,https://x.com/JordanKalish/status/1988971030292099350,2025-11-19T03:13:08Z
14,#SquidGameTheChallenge,13,Squid Game: The Challenge Finale Watch Party Experience,https://www.lemon8-app.com/@daniellesdayss/7318938213857378822?region=us,2025-11-19T03:13:08Z
14,#SquidGameTheChallenge,14,Squid Game the Challenge S2 Interview Faith #361 ...,https://x.com/CameshiaReviews/status/1989868543748476943,2025-11-19T03:13:08Z
14,#SquidGameTheChallenge,15,Squid Game: The Challenge Season 2 Episodes 1 - 4 | Season ...,https://www.youtube.com/watch?v=_6q66ACEpAY,2025-11-19T03:13:08Z
14,#SquidGameTheChallenge,16,"I really hope Perla, Dajah or Trinity wins. #SquidGameTheChallenge",https://x.com/thebitchalbum/status/1990600567014764946/photo/1,2025-11-19T03:13:08Z
14,#SquidGameTheChallenge,17,"Studio Lambert on X: ""Both #SquidGameTheChallenge and ...",https://twitter.com/studiolambert/status/1789738781169398032,2025-11-19T03:13:08Z
14,#SquidGameTheChallenge,18,"""Squid Game: The Challenge"" proving once again the flaws in ...",https://www.dojeonmedia.com/post/squid-game-the-challenge-proving-once-again-the-flaws-in-humanity-spoilers,2025-11-19T03:13:08Z
14,#SquidGameTheChallenge,19,let the game...BEGIN #squidgamethechallenge #squidgame ...,https://www.tiktok.com/@kurttocci/video/7573765716084559118,2025-11-19T03:13:08Z
14,#SquidGameTheChallenge,20,'Squid Game: the Challenge' Player 299 on Gagging in Cookie ...,https://www.businessinsider.com/squid-game-challenge-player-299-spencer-hawkins-viral-gagging-2023-11,2025-11-19T03:13:08Z
15,Izzo,1,IZZO Golf,https://izzo.com/,2025-11-19T03:13:13Z
15,Izzo,2,Tom Izzo - Wikipedia,https://en.wikipedia.org/wiki/Tom_Izzo,2025-11-19T03:13:13Z
15,Izzo,3,Tom Izzo - Men's Basketball Coach - Michigan State University ...,https://msuspartans.com/sports/mens-basketball/roster/coaches/tom-izzo/616,2025-11-19T03:13:13Z
15,Izzo,4,Trail Bikes | IZZO | Fast. Agile. Sharp.,https://www.yt-industries.com/Bikes/Trail-Izzo/,2025-11-19T03:13:13Z
15,Izzo,5,Dom Izzo (@DomIzzoWDAY) / Posts / X,https://x.com/DomIzzoWDAY,2025-11-19T03:13:13Z
15,Izzo,6,Core 4 | YT-Industries,https://www.yt-industries.com/Bikes/Trail-Izzo/Core-4/,2025-11-19T03:13:13Z
15,Izzo,7,Izzo's Illegal Burrito - Roll Your Own,https://izzos.com/,2025-11-19T03:13:13Z
15,Izzo,8,Hi my name is Steven Izzo. I was born in West Virginia and I was ...,https://www.instagram.com/p/C4QkVELuBsk/?hl=en,2025-11-19T03:13:13Z
15,Izzo,9,It's time for Tom Izzo to stop deflecting and start talking,https://andscape.com/features/michigan-state-basketball-coach-tom-izzo-stop-deflecting-and-start-talking/,2025-11-19T03:13:13Z
15,Izzo,10,Alexander Izzo - Michael Best & Friedrich LLP,https://www.michaelbest.com/People/Alexander-Izzo,2025-11-19T03:13:13Z
15,Izzo,11,Alexander Izzo - Michael Best & Friedrich LLP,https://www.michaelbest.com/People/Alexander-Izzo,2025-11-19T03:13:13Z
15,Izzo,12,"Sara E. Izzo, DO | Phoenix Children's Hospital",https://phoenixchildrens.org/find-a-doctor/sara-e-izzo-do,2025-11-19T03:13:13Z
15,Izzo,13,Tom Izzo - The Naismith Memorial Basketball Hall of Fame,https://www.hoophall.com/hall-of-famers/tom-izzo,2025-11-19T03:13:13Z
15,Izzo,14,Tom Izzo sounds off on NCAA after Louisville signs ex-G Leaguer ...,https://www.espn.com/mens-college-basketball/story/_/id/46680426/michigan-state-coach-tom-izzo-sounds-ncaa-louisville-signs-former-g-league-player,2025-11-19T03:13:13Z
15,Izzo,15,Antonio Izzo - Men's Lacrosse - Merrimack College Athletics,https://merrimackathletics.com/sports/mens-lacrosse/roster/antonio--izzo/13946,2025-11-19T03:13:13Z
15,Izzo,16,Anthony Izzo - 2026 - Baseball - Union College Athletics,https://unionathletics.com/sports/baseball/roster/anthony-izzo/18724,2025-11-19T03:13:13Z
15,Izzo,17,YT Izzo vs. Stumpjumper Alloy : r/mountainbiking,https://www.reddit.com/r/mountainbiking/comments/uvlkv3/yt_izzo_vs_stumpjumper_alloy/,2025-11-19T03:13:13Z
15,Izzo,18,"Joseph L. Izzo, MD",https://medicine.buffalo.edu/faculty/profile.html?ubit=jizzo,2025-11-19T03:13:13Z
15,Izzo,19,Will Tom Izzo retire this season? : r/MSUSpartans,https://www.reddit.com/r/MSUSpartans/comments/1ilov4m/will_tom_izzo_retire_this_season/,2025-11-19T03:13:13Z
15,Izzo,20,"Amanda Izzo, Ph.D. : SLU - Saint Louis University",https://www.slu.edu/arts-and-sciences/women-gender-studies/faculty/izzo-amanda.php,2025-11-19T03:13:13Z
16,Miami,1,Miami - Wikipedia,https://en.wikipedia.org/wiki/Miami,2025-11-19T03:13:17Z
16,Miami,2,"Greater Miami & Miami Beach Hotels, Restaurants & Things to do",https://www.miamiandbeaches.com/,2025-11-19T03:13:17Z
16,Miami,3,University of Miami,https://welcome.miami.edu/,2025-11-19T03:13:17Z
16,Miami,4,Miami: Home,https://www.miami.gov/Home,2025-11-19T03:13:17Z
16,Miami,5,Miami University: No. 2 Public for Undergrad Teaching,https://miamioh.edu/index.html,2025-11-19T03:13:17Z
16,Miami,6,City of Miami Beach,https://www.miamibeachfl.gov/,2025-11-19T03:13:17Z
16,Miami,7,Miami International Airport,https://www.miami-airport.com/,2025-11-19T03:13:17Z
16,Miami,8,Miami Dolphins,https://www.miamidolphins.com/,2025-11-19T03:13:17Z
16,Miami,9,Miami-Dade County,https://www.miamidade.gov/,2025-11-19T03:13:17Z
16,Miami,10,Miami Florida - Discover Top Things to Do in Miami FL,https://www.visitflorida.com/places-to-go/southeast/miami/,2025-11-19T03:13:17Z
16,Miami,11,"Miami Hurricanes Scores, Stats and Highlights - ESPN",https://www.espn.com/college-football/team/_/id/2390/miami-hurricanes,2025-11-19T03:13:17Z
16,Miami,12,Pérez Art Museum Miami • PAMM,https://www.pamm.org/en/,2025-11-19T03:13:17Z
16,Miami,13,Discover Boating Miami International Boat Show​,https://www.miamiboatshow.com/en/home.html,2025-11-19T03:13:17Z
16,Miami,14,Experience Miami Open Tennis Tournament,https://www.miamiopen.com/,2025-11-19T03:13:17Z
16,Miami,15,University of Miami Athletics – Official Athletics Website,https://miamihurricanes.com/,2025-11-19T03:13:17Z
16,Miami,16,Official Miami Dade College Homepage,https://www.mdc.edu/,2025-11-19T03:13:17Z
16,Miami,17,Art Basel Miami Beach | Art Basel,https://www.artbasel.com/miami-beach?lang=en,2025-11-19T03:13:17Z
16,Miami,18,"Zoo Miami | 2,000 Animals, 750 Acres, 4 Miles of Walkways",https://www.zoomiami.org/,2025-11-19T03:13:17Z
16,Miami,19,Inter Miami CF,https://www.intermiamicf.com/,2025-11-19T03:13:17Z
16,Miami,20,"Miami News: Breaking Stories, Sports & Crime | Miami Herald",https://www.miamiherald.com/,2025-11-19T03:13:17Z
17,Derrick White,1,Derrick White - Boston Celtics Guard - ESPN,https://www.espn.com/nba/player/_/id/3078576/derrick-white,2025-11-19T03:13:21Z
17,Derrick White,2,"Derrick White Stats, Height, Weight, Position, Draft Status and more ...",https://www.basketball-reference.com/players/w/whitede01.html,2025-11-19T03:13:21Z
17,Derrick White,3,Derrick White - Wikipedia,https://en.wikipedia.org/wiki/Derrick_White,2025-11-19T03:13:21Z
17,Derrick White,4,Derrick White (@dwhite921) • Instagram photos and videos,https://www.instagram.com/dwhite921/?hl=en,2025-11-19T03:13:21Z
17,Derrick White,5,Derrick White | Guard | Boston Celtics | NBA.com,https://www.nba.com/player/1628401/derrick-white,2025-11-19T03:13:21Z
17,Derrick White,6,Derrick White - Men's Basketball - University of Colorado Athletics,https://cubuffs.com/sports/mens-basketball/roster/derrick-white/10873,2025-11-19T03:13:21Z
17,Derrick White,7,Derrick White (@Dwhite921) / Posts / X,https://x.com/Dwhite921,2025-11-19T03:13:21Z
17,Derrick White,8,Derrick White | University of Kentucky College of Arts & Sciences,https://history.as.uky.edu/users/dwh249,2025-11-19T03:13:21Z
17,Derrick White,9,Derrick White - Boston Celtics Guard - ESPN (PH),https://www.espn.ph/nba/player/_/id/3078576/derrick-white,2025-11-19T03:13:21Z
17,Derrick White,10,Derrick White - USA Basketball,https://www.usab.com/players/derrick-white,2025-11-19T03:13:21Z
17,Derrick White,11,Is Derrick White the 3rd best player on the team? : r/bostonceltics,https://www.reddit.com/r/bostonceltics/comments/18n5nfr/is_derrick_white_the_3rd_best_player_on_the_team/,2025-11-19T03:13:21Z
17,Derrick White,12,Derrick White Ale | Samuel Adams,https://www.samueladams.com/our-beers/limited-release/derrick-white-ale,2025-11-19T03:13:21Z
17,Derrick White,13,Let's talk about the upcoming Derrick White season : r/bostonceltics,https://www.reddit.com/r/bostonceltics/comments/1mb365n/lets_talk_about_the_upcoming_derrick_white_season/,2025-11-19T03:13:21Z
17,Derrick White,14,Calendar • Derrick White Basketball Academy,https://www.parkerrec.com/calendar.aspx?EID=6945,2025-11-19T03:13:21Z
17,Derrick White,15,Derrick White vs Jaylen Brown? : r/bostonceltics,https://www.reddit.com/r/bostonceltics/comments/188kvmk/derrick_white_vs_jaylen_brown/,2025-11-19T03:13:21Z
17,Derrick White,16,"Derrick White Stats, Height, Weight, Position, Rookie Status & More ...",https://www.baseball-reference.com/players/w/whitede04.shtml,2025-11-19T03:13:21Z
17,Derrick White,17,Derrick “All-Star” White in his first 8 games of the season: 14/4/4 on ...,https://www.reddit.com/r/nba/comments/1ooltcj/derrick_allstar_white_in_his_first_8_games_of_the/,2025-11-19T03:13:21Z
17,Derrick White,18,Derrick White - Men's Basketball - UCCS Athletics,https://gomountainlions.com/sports/mens-basketball/roster/derrick-white/32,2025-11-19T03:13:21Z
17,Derrick White,19,Help me understand Derrick White : r/bostonceltics,https://www.reddit.com/r/bostonceltics/comments/uwyi8l/help_me_understand_derrick_white/,2025-11-19T03:13:21Z
17,Derrick White,20,The Derrick White trade is a disaster | CelticsBlog,https://www.celticsblog.com/2022/2/11/22929311/sorry-folks-derrick-white-trade-disaster-josh-richardson-jayson-tatum-jaylen-brown-romeo-langford,2025-11-19T03:13:21Z
18,Saudi Arabia,1,Saudi Arabia - Wikipedia,https://en.wikipedia.org/wiki/Saudi_Arabia,2025-11-19T03:13:26Z
18,Saudi Arabia,2,Human rights in Saudi Arabia Amnesty International,https://www.amnesty.org/en/location/middle-east-and-north-africa/middle-east/saudi-arabia/report-saudi-arabia/,2025-11-19T03:13:26Z
18,Saudi Arabia,3,"Discover Saudi Arabia: Culture, Nature & More | Visit Saudi - Visit ...",https://www.visitsaudi.com/en,2025-11-19T03:13:26Z
18,Saudi Arabia,4,Fact Sheet: President Donald J. Trump Secures Historic $600 Billion ...,https://www.whitehouse.gov/fact-sheets/2025/05/fact-sheet-president-donald-j-trump-secures-historic-600-billion-investment-commitment-in-saudi-arabia/,2025-11-19T03:13:26Z
18,Saudi Arabia,5,Nuclear Power in Saudi Arabia - World Nuclear Association,https://world-nuclear.org/information-library/country-profiles/countries-o-s/saudi-arabia,2025-11-19T03:13:26Z
18,Saudi Arabia,6,Reducing Carbon Emissions | Saudi Green Initiative Target,https://www.sgi.gov.sa/about-sgi/sgi-targets/reduce-carbon-emissions/,2025-11-19T03:13:26Z
18,Saudi Arabia,7,Saudi Arabia,https://www.eia.gov/international/analysis/country/SAU,2025-11-19T03:13:26Z
18,Saudi Arabia,8,Saudi Arabia | RSF,https://rsf.org/en/country/saudi-arabia,2025-11-19T03:13:26Z
18,Saudi Arabia,9,Saudi Arabia | Climate Action Tracker,https://climateactiontracker.org/countries/saudi-arabia/,2025-11-19T03:13:26Z
18,Saudi Arabia,10,U.S. Security Cooperation With Saudi Arabia - United States ...,https://www.state.gov/u-s-security-cooperation-with-saudi-arabia,2025-11-19T03:13:26Z
18,Saudi Arabia,11,Saudia | Book flights | Hotels | Holidays,https://www.saudia.com/,2025-11-19T03:13:26Z
18,Saudi Arabia,12,Saudi Arabia Population (2025) - Worldometer,https://www.worldometers.info/world-population/saudi-arabia-population/,2025-11-19T03:13:26Z
18,Saudi Arabia,13,Saudi Arabia | The Guardian,https://www.theguardian.com/world/saudiarabia,2025-11-19T03:13:26Z
18,Saudi Arabia,14,Capital Market Authority | Home,https://cma.gov.sa/en/Pages/default.aspx,2025-11-19T03:13:26Z
18,Saudi Arabia,15,Travel advice and advisories for Saudi Arabia,https://travel.gc.ca/destinations/saudi-arabia,2025-11-19T03:13:26Z
18,Saudi Arabia,16,Saudi Arabia FIFA World Cup 2034™,https://saudi2034.com.sa/,2025-11-19T03:13:26Z
18,Saudi Arabia,17,The Iranian and Houthi War against Saudi Arabia,https://www.csis.org/analysis/iranian-and-houthi-war-against-saudi-arabia,2025-11-19T03:13:26Z
18,Saudi Arabia,18,Apple Store Online - Apple (SA),https://www.apple.com/sa-en/store,2025-11-19T03:13:26Z
18,Saudi Arabia,19,Why Saudi Arabia and Iran are bitter rivals,https://www.bbc.com/news/world-middle-east-42008809,2025-11-19T03:13:26Z
18,Saudi Arabia,20,Saudi Arabia travel advice - GOV.UK,https://www.gov.uk/foreign-travel-advice/saudi-arabia,2025-11-19T03:13:26Z
19,Suggs,1,Jalen Suggs - Orlando Magic Guard - ESPN,https://www.espn.com/nba/player/_/id/4432165/jalen-suggs,2025-11-19T03:13:30Z
19,Suggs,2,Suggs - Wikipedia,https://en.wikipedia.org/wiki/Suggs,2025-11-19T03:13:30Z
19,Suggs,3,Trudy Suggs | Deaf Disempowerment and Today's Interpreter ...,https://streetleverage.com/live_presentations/deaf-disempowerment-and-todays-interpreter/,2025-11-19T03:13:30Z
19,Suggs,4,Suggs,https://www.facebook.com/suggsofficial/,2025-11-19T03:13:30Z
19,Suggs,5,Suggs (@suggsofficial) • Instagram photos and videos,https://www.instagram.com/suggsofficial/?hl=en,2025-11-19T03:13:30Z
19,Suggs,6,Jalen Suggs on X,https://x.com/jalensuggs/status/1848495415823306777?lang=en,2025-11-19T03:13:30Z
19,Suggs,7,Angela Suggs (@iamangelasuggs) • Instagram photos and videos,https://www.instagram.com/iamangelasuggs/?hl=en,2025-11-19T03:13:30Z
19,Suggs,8,Angela Suggs - Special Assistant to the President and Advisor for ...,https://famuathletics.com/staff-directory/angela-suggs/340,2025-11-19T03:13:30Z
19,Suggs,9,"Bradley Joseph Suggs Obituary August 20, 2025 - Wells Funeral ...",https://www.wellsfuneralhome.com/obituaries/bradley-suggs,2025-11-19T03:13:30Z
19,Suggs,10,Trudy Suggs: Home,https://www.trudysuggs.com/,2025-11-19T03:13:30Z
19,Suggs,11,The Jalen Suggs disrespect has to stop : r/OrlandoMagic,https://www.reddit.com/r/OrlandoMagic/comments/1dtpvhh/the_jalen_suggs_disrespect_has_to_stop/,2025-11-19T03:13:30Z
19,Suggs,12,Andrew Suggs Jr. Obituary - Visitation & Funeral Information,https://www.marchltcrandallstown.com/m/obituaries/Andrew-Suggs/,2025-11-19T03:13:30Z
19,Suggs,13,Why was Jalen Suggs so highly regarded at the time of the 2021 ...,https://www.reddit.com/r/NBA_Draft/comments/x2n8ws/why_was_jalen_suggs_so_highly_regarded_at_the/,2025-11-19T03:13:30Z
19,Suggs,14,Clayton Suggs | Shatterproof,https://www.shatterproof.org/memorial/clayton-suggs,2025-11-19T03:13:30Z
19,Suggs,15,Jalen Suggs' potential for 2024-25 : r/fantasybball,https://www.reddit.com/r/fantasybball/comments/1g7qjzq/jalen_suggs_potential_for_202425/,2025-11-19T03:13:30Z
19,Suggs,16,Tribute Wall | Gregory A. Suggs,https://www.taylorfh.com/obituaries/gregory-suggs,2025-11-19T03:13:30Z
19,Suggs,17,Suggs vs Allen HOF : r/ravens,https://www.reddit.com/r/ravens/comments/1ijxeud/suggs_vs_allen_hof/,2025-11-19T03:13:30Z
19,Suggs,18,"Billy Mansfield Suggs Obituary May 1, 2025 - Loomis Family Funeral ...",https://www.loomisfuneralhomes.com/obituaries/billy-suggs,2025-11-19T03:13:30Z
19,Suggs,19,Thoughts on Jalen Suggs at PG : r/OrlandoMagic,https://www.reddit.com/r/OrlandoMagic/comments/12h8kw3/thoughts_on_jalen_suggs_at_pg/,2025-11-19T03:13:30Z
19,Suggs,20,Suggs - Grady,https://grady.uga.edu/faculty/welch-suggs/,2025-11-19T03:13:30Z
20,College Football Playoff,1,College Football Playoff - Official Athletics Website,https://collegefootballplayoff.com/,2025-11-19T03:13:35Z
20,College Football Playoff,2,"College Football Playoff bracket, based on the current committee ...",https://www.ncaa.com/news/football/article/2025-11-11/college-football-playoff-bracket-based-current-committee-rankings,2025-11-19T03:13:35Z
20,College Football Playoff,3,Rankings - College Football Playoff,https://collegefootballplayoff.com/rankings.aspx?year=2019,2025-11-19T03:13:35Z
20,College Football Playoff,4,College Football Playoff - Wikipedia,https://en.wikipedia.org/wiki/College_Football_Playoff,2025-11-19T03:13:35Z
20,College Football Playoff,5,Projecting the College Football Playoff top 12 after Week 11 - ESPN,https://www.espn.com/college-football/story/_/id/46896073/projecting-college-football-playoff-top-12-week-11,2025-11-19T03:13:35Z
20,College Football Playoff,6,College Football Playoff (@cfbplayoff) • Instagram photos and videos,https://www.instagram.com/cfbplayoff/?hl=en,2025-11-19T03:13:35Z
20,College Football Playoff,7,"College Football Playoff 2025: Byes, bracket and new top 25 - ESPN",https://www.espn.com/college-football/story/_/id/46770775/college-football-playoff-2025-byes-bracket-new-top-25,2025-11-19T03:13:35Z
20,College Football Playoff,8,"College Football Playoff: Ohio State, Indiana and Texas A&M lead ...",https://sports.yahoo.com/college-football/breaking-news/article/college-football-playoff-ohio-state-indiana-and-texas-am-lead-first-set-of-2025-rankings-011813262.html,2025-11-19T03:13:35Z
20,College Football Playoff,9,Projecting the College Football Playoff top 12 after Week 9 - ESPN,https://www.espn.com/college-football/story/_/id/46721208/projecting-college-football-playoff-top-12-week-9,2025-11-19T03:13:35Z
20,College Football Playoff,10,"College Football Playoff Rankings: Ohio State, Indiana lead first top ...",https://www.cbssports.com/college-football/news/college-football-playoff-rankings-ohio-state-opens-at-no-1-over-indiana-as-big-ten-sec-dominate-top-five/,2025-11-19T03:13:35Z
20,College Football Playoff,11,"Ohio State tops CFP list; Indiana, Texas A&M, Alabama next - ESPN",https://www.espn.com/college-football/story/_/id/46851685/ohio-state-tops-cfp-list-indiana-texas-alabama-next,2025-11-19T03:13:35Z
20,College Football Playoff,12,College Football Playoff Foundation,https://cfp-foundation.org/,2025-11-19T03:13:35Z
20,College Football Playoff,13,2025 College Football Rankings - ESPN,https://www.espn.com/college-football/rankings,2025-11-19T03:13:35Z
20,College Football Playoff,14,College Football Playoff (@CFBPlayoff) / Posts / X,https://x.com/CFBPlayoff?lang=en,2025-11-19T03:13:35Z
20,College Football Playoff,15,Modelo College Football Playoff 2025 sweepstakes,https://www.modelousa.com/pages/cfp-2025,2025-11-19T03:13:35Z
20,College Football Playoff,16,CFP rankings prediction: Who is on College Football Playoff bubble?,https://www.usatoday.com/story/sports/ncaaf/2025/11/17/cfp-rankings-prediction-top-12-college-football-playoff-who-is-on-bubble/87195683007/,2025-11-19T03:13:35Z
20,College Football Playoff,17,College Football Playoff Sweepstakes | Entry Form | Topgolf,https://topgolf.com/us/promo/college-football-playoff-sweepstakes/enter/,2025-11-19T03:13:35Z
20,College Football Playoff,18,College Football Playoff bracket prediction: Alabama clings to final ...,https://www.nytimes.com/athletic/6811399/2025/11/16/college-football-playoff-bracket-prediction-alabama/,2025-11-19T03:13:35Z
20,College Football Playoff,19,College Football Playoff Eliminator: Which Teams Are Out or Alive ...,https://www.si.com/college-football/college-football-playoff-eliminator-which-teams-are-out-or-alive-for-a-berth-after-week-12,2025-11-19T03:13:35Z
20,College Football Playoff,20,Your 2024 College Football Playoff National Champions,https://www.facebook.com/buckeyes/posts/your-2024-college-football-playoff-national-champions-/1068627661961249/,2025-11-19T03:13:35Z
21,Grisham,1,John Grisham,https://jgrisham.com/,2025-11-19T03:13:39Z
21,Grisham,2,John Grisham - Wikipedia,https://en.wikipedia.org/wiki/John_Grisham,2025-11-19T03:13:39Z
21,Grisham,3,John Grisham updated their cover photo.,https://www.facebook.com/JohnGrisham/posts/1358014019017962/,2025-11-19T03:13:39Z
21,Grisham,4,"Trent Grisham Stats, Height, Weight, Position, Rookie Status & More ...",https://www.baseball-reference.com/players/g/grishtr01.shtml,2025-11-19T03:13:39Z
21,Grisham,5,"John Grisham: books, biography, latest update - Amazon.com",https://www.amazon.com/John-Grisham/e/B000AQ40M8,2025-11-19T03:13:39Z
21,Grisham,6,"[Underdog] Trent Grisham accepts 1-year, $22M qualifying offer, per ...",https://www.reddit.com/r/baseball/comments/1p0nppz/underdog_trent_grisham_accepts_1year_22m/,2025-11-19T03:13:39Z
21,Grisham,7,John Grisham (@johngrisham) • Instagram photos and videos,https://www.instagram.com/johngrisham/?hl=en,2025-11-19T03:13:39Z
21,Grisham,8,Governor - Office of the Governor - Michelle Lujan Grisham,https://www.governor.state.nm.us/our-leadership/governor/,2025-11-19T03:13:39Z
21,Grisham,9,Todd Grisham (@Grishamfight) / Posts / X,https://x.com/Grishamfight,2025-11-19T03:13:39Z
21,Grisham,10,Read the Tumor by John Grisham - Focused Ultrasound Foundation,https://www.fusfoundation.org/read-the-tumor-by-john-grisham/,2025-11-19T03:13:39Z
21,Grisham,11,Todd Grisham on X,https://x.com/Grishamfight/status/1844586338932203990?lang=en,2025-11-19T03:13:39Z
21,Grisham,12,Harriet Sissy Grisham Obituary - Visitation & Funeral Information,https://www.mcbridefuneralhome.com/m/obituaries/harriet-grisham/,2025-11-19T03:13:39Z
21,Grisham,13,Michelle Lujan Grisham (@Michelle4NM) / Posts / X,https://x.com/Michelle4NM,2025-11-19T03:13:39Z
21,Grisham,14,Zac Grisham,https://lib.k-state.edu/about/our-people/zac-grisham/,2025-11-19T03:13:39Z
21,Grisham,15,Trent Grisham (@TrentGrisham) / Posts / X,https://x.com/TrentGrisham,2025-11-19T03:13:39Z
21,Grisham,16,Trent Grisham accepts qualifying offer from Yankees,https://www.mlb.com/news/yankees-trent-grisham-qualifying-offer-decision,2025-11-19T03:13:39Z
21,Grisham,17,Stephanie Grisham (@OMGrisham) / Posts / X,https://x.com/OMGrisham,2025-11-19T03:13:39Z
21,Grisham,18,The John Grisham Room - Mississippi State University Libraries,https://www.library.msstate.edu/grisham,2025-11-19T03:13:39Z
21,Grisham,19,Tyler Grisham (@Coach_Grisham) / Posts / X,https://x.com/Coach_Grisham,2025-11-19T03:13:39Z
21,Grisham,20,Grisham Law Library – University of Mississippi School of Law,https://library.law.olemiss.edu/,2025-11-19T03:13:39Z
22,Kansas,1,Kansas Band | Classic Rock Band | Kansas Is A Band Est. 1974 ...,https://www.kansasband.com/,2025-11-19T03:13:43Z
22,Kansas,2,Kansas.gov: Home,https://portal.kansas.gov/,2025-11-19T03:13:43Z
22,Kansas,3,Kansas - Wikipedia,https://en.wikipedia.org/wiki/Kansas,2025-11-19T03:13:43Z
22,Kansas,4,The University of Kansas: Explore the home of the Jayhawks,https://www.ku.edu/,2025-11-19T03:13:43Z
22,Kansas,5,Kansas State University | K-State,https://www.k-state.edu/,2025-11-19T03:13:43Z
22,Kansas,6,Travel Kansas | Things to Do in Kansas by Region,https://www.travelks.com/,2025-11-19T03:13:43Z
22,Kansas,7,CITY OF KANSAS CITY | OFFICIAL WEBSITE | Home,https://www.kcmo.gov/,2025-11-19T03:13:43Z
22,Kansas,8,HOME | KANSAS SPEEDWAY,https://www.kansasspeedway.com/,2025-11-19T03:13:43Z
22,Kansas,9,Kansas Department of Revenue Home Page,https://www.ksrevenue.gov/,2025-11-19T03:13:43Z
22,Kansas,10,University of Kansas - Official Athletics Website,https://kuathletics.com/,2025-11-19T03:13:43Z
22,Kansas,11,Businesses Home - Kansas Secretary of State | Businesses,https://sos.ks.gov/businesses/businesses.html,2025-11-19T03:13:43Z
22,Kansas,12,Kansas Nursing Board |,https://ksbn.kansas.gov/,2025-11-19T03:13:43Z
22,Kansas,13,"KDHE, KS | Official Website",https://www.kdhe.ks.gov/,2025-11-19T03:13:43Z
22,Kansas,14,Kansas Department Of Transportation | Home,https://www.ksdot.gov/,2025-11-19T03:13:43Z
22,Kansas,15,KDWP Home / KDWP - KDWP,https://ksoutdoors.gov/,2025-11-19T03:13:43Z
22,Kansas,16,Kansas (@KansasBand) • Facebook,https://www.facebook.com/KansasBand/,2025-11-19T03:13:43Z
22,Kansas,17,"State of Kansas Department of Labor, KS | Home",https://www.dol.ks.gov/,2025-11-19T03:13:43Z
22,Kansas,18,Unified Government of Wyandotte County and Kansas City,https://www.wycokck.org/Home,2025-11-19T03:13:43Z
22,Kansas,19,Kansas Department of Agriculture,https://www.agriculture.ks.gov/,2025-11-19T03:13:43Z
22,Kansas,20,Kansas Department for Aging and Disability Services,https://www.kdads.ks.gov/,2025-11-19T03:13:43Z
23,Shiloh Hill,1,Shiloh Hill - Wikipedia,https://en.wikipedia.org/wiki/Shiloh_Hill,2025-11-19T03:13:48Z
23,Shiloh Hill,2,Shiloh Hill (@shiloh_wwe) • Instagram photos and videos,https://www.instagram.com/shiloh_wwe/?hl=en,2025-11-19T03:13:48Z
23,Shiloh Hill,3,Shioloh Hill and the shoeman : r/WWE,https://www.reddit.com/r/WWE/comments/1l8hf31/shioloh_hill_and_the_shoeman/,2025-11-19T03:13:48Z
23,Shiloh Hill,4,Shiloh Hill WWE (@ThunderKeck) / Posts / X,https://x.com/ThunderKeck,2025-11-19T03:13:48Z
23,Shiloh Hill,5,Shiloh Hill WWE - YouTube,https://www.youtube.com/@thunder_keck,2025-11-19T03:13:48Z
23,Shiloh Hill,6,Home - Shiloh Hills Elementary School,https://shilohhills.mead354.org/,2025-11-19T03:13:48Z
23,Shiloh Hill,7,Shiloh Hill Vineyard: A Serendipitous Conversation and New ...,https://www.josephjewell.com/news/shiloh-hill-vineyard-a-serendipitous-conversation-and-new-release/,2025-11-19T03:13:48Z
23,Shiloh Hill,8,Home | Shiloh Hills Elementary,https://www.wilsonsd.org/o/shes,2025-11-19T03:13:48Z
23,Shiloh Hill,9,"Shiloh Hills Neighborhood Council - City of Spokane, Washington",https://my.spokanecity.org/neighborhoods/councils/shiloh-hills/,2025-11-19T03:13:48Z
23,Shiloh Hill,10,NXT event with Shiloh Hill and Mania Club,https://www.facebook.com/groups/ManiaClub/posts/4258176334459256/,2025-11-19T03:13:48Z
23,Shiloh Hill,11,"Shiloh Hill Counseling | Anxiety Therapy | MI, NM, CO, SD & FL",https://shilohhillcounseling.com/,2025-11-19T03:13:48Z
23,Shiloh Hill,12,I am fully invested in the Shiloh Hill dark web shoe story. If you have ...,https://www.facebook.com/61568295047693/posts/i-am-fully-invested-in-the-shiloh-hill-dark-web-shoe-story-if-you-have-dark-web-/122149606928609834/,2025-11-19T03:13:48Z
23,Shiloh Hill,13,SHILOH HILL,https://www.outdooralabama.com/sites/default/files/PDHA%20Maps/Shiloh%20Hill%20PDHA%20maps-23-24%20Season%2017.pdf,2025-11-19T03:13:48Z
23,Shiloh Hill,14,Shiloh Hill,https://www.facebook.com/shilohhillmusic/,2025-11-19T03:13:48Z
23,Shiloh Hill,15,Shiloh's Hill,https://www.civilwarpoetry.org/confederate/songs/shilohsg.html,2025-11-19T03:13:48Z
23,Shiloh Hill,16,It has been announced that Shiloh Hills Christian School will not ...,https://www.facebook.com/SHCSChallengers/posts/it-has-been-announced-that-shiloh-hills-christian-school-will-not-open-for-the-2/928876305919760/,2025-11-19T03:13:48Z
23,Shiloh Hill,17,"Blog by Shiloh Hill Counseling |Anxiety therapy in MI, NM, CO & SD",https://shilohhillcounseling.com/blog,2025-11-19T03:13:48Z
23,Shiloh Hill,18,"18313 Shiloh Hill Rd, Chesterfield, MO 63005 | Zillow",https://www.zillow.com/homedetails/18313-Shiloh-Hill-Rd-Chesterfield-MO-63005/2813682_zpid/,2025-11-19T03:13:48Z
23,Shiloh Hill,19,Shiloh Hills Neighborhood Council,https://shilohhills.spokaneneighborhoods.org/,2025-11-19T03:13:48Z
23,Shiloh Hill,20,WWE's Shiloh Hill Shows How To Survive For 6 Months On $79 ...,https://sports.yahoo.com/article/wwe-shiloh-hill-shows-survive-133246897.html,2025-11-19T03:13:48Z
24,Berhalter,1,Gregg Berhalter - Wikipedia,https://en.wikipedia.org/wiki/Gregg_Berhalter,2025-11-19T03:13:53Z
24,Berhalter,2,What really is Berhalter Ball? : r/ussoccer,https://www.reddit.com/r/ussoccer/comments/1536kl3/what_really_is_berhalter_ball/,2025-11-19T03:13:53Z
24,Berhalter,3,Sebastian Berhalter - Wikipedia,https://en.wikipedia.org/wiki/Sebastian_Berhalter,2025-11-19T03:13:53Z
24,Berhalter,4,Why don't people like Berhalter as coach? : r/ussoccer,https://www.reddit.com/r/ussoccer/comments/107pjd4/why_dont_people_like_berhalter_as_coach/,2025-11-19T03:13:53Z
24,Berhalter,5,Sebastian Berhalter - Vancouver Whitecaps Midfielder - ESPN,https://www.espn.com/soccer/player/_/id/295771/sebastian-berhalter,2025-11-19T03:13:53Z
24,Berhalter,6,Chicago Fire FC Appoints Gregg Berhalter as Director of Football ...,https://www.chicagofirefc.com/news/chicago-fire-fc-appoints-gregg-berhalter-as-director-of-football-and-head-coach,2025-11-19T03:13:53Z
24,Berhalter,7,How Berhalter revived Chicago Fire after USMNT fired him - ESPN,https://www.espn.com/soccer/story/_/id/46607038/usmnt-gregg-berhalter-chicago-fire-major-league-soccer-world-cup,2025-11-19T03:13:53Z
24,Berhalter,8,Sebastian Berhalter | MLSsoccer.com,https://www.mlssoccer.com/players/sebastian-berhalter/,2025-11-19T03:13:53Z
24,Berhalter,9,"Laurene M. Tumiel Berhalter, PhD",https://medicine.buffalo.edu/faculty/profile.html?ubit=tumiel,2025-11-19T03:13:53Z
24,Berhalter,10,Sebastian Berhalter (@sebastianberhalter) • Instagram photos and ...,https://www.instagram.com/sebastianberhalter/?hl=en,2025-11-19T03:13:53Z
24,Berhalter,11,Sebastian Berhalter - Men's Soccer - University of North Carolina ...,https://goheels.com/sports/mens-soccer/roster/sebastian-berhalter/16401,2025-11-19T03:13:53Z
24,Berhalter,12,Judge Berhalter - Belmont County Common Pleas Court,http://belmontcountycommonpleas.org/judge-berhalter/,2025-11-19T03:13:53Z
24,Berhalter,13,Douglas Fredrick Berhalter Obituary - Visitation & Funeral Information,https://www.piercefh.com/m/obituaries/Douglas-Berhalter/,2025-11-19T03:13:53Z
24,Berhalter,14,Sarah Berhalter,https://www.bcg.com/about/people/experts/sarah-berhalter,2025-11-19T03:13:53Z
24,Berhalter,15,Sebastian Berhalter (@sebaberhalter) / Posts / X,https://x.com/sebaberhalter?lang=en,2025-11-19T03:13:53Z
24,Berhalter,16,Gregg Berhalter Named Head Coach of U.S. Men's National Team,https://ussoccer.com/stories/2018/12/gregg-berhalter-named-head-coach-of-us-mens-national-team,2025-11-19T03:13:53Z
24,Berhalter,17,BERHALTER Swiss Die-Cutting: Die-Cutting Machines and Tools,https://www.berhalter.red/,2025-11-19T03:13:53Z
24,Berhalter,18,"With a Reyna, Berhalter in USMNT camp together, the past is being ...",https://www.nytimes.com/athletic/6807589/2025/11/14/gio-reyna-sebastian-berhalter-usmnt-camp-pochettino-world-cup/,2025-11-19T03:13:53Z
24,Berhalter,19,Sebastian Berhalter | USMNT | U.S. Soccer Official Site,https://www.ussoccer.com/players/b/sebastian-berhalter,2025-11-19T03:13:53Z
24,Berhalter,20,U.S. men's soccer coach Gregg Berhalter rehired after drama with ...,https://www.npr.org/2023/06/17/1182943332/us-soccer-coach-gregg-berhalter-rehired,2025-11-19T03:13:53Z
25,#TheOvalOnBET,1,Tyler Perry's THE OVAL (@TheOvalOnBET) / Posts / X,https://x.com/TheOvalOnBET,2025-11-19T03:13:57Z
25,#TheOvalOnBET,2,Tyler Perry's THE OVAL (@TheOvalOnBET) - YouTube,https://www.youtube.com/channel/UCLI3LP8TyeHiUesCSHY6slw,2025-11-19T03:13:57Z
25,#TheOvalOnBET,3,Tyler Perry's THE OVAL (@theovalonbet) • Instagram photos and ...,https://www.instagram.com/theovalonbet/?hl=en,2025-11-19T03:13:57Z
25,#TheOvalOnBET,4,Tyler Perry's The Oval - Thoughts about these two? #TheOvalOnBET ...,https://www.facebook.com/photo.php?fbid=177279460498436&id=115298620029854&set=a.127775132115536,2025-11-19T03:13:57Z
25,#TheOvalOnBET,5,What's Jason hiding in those tunnels? All new #TheOvalOnBET ...,https://www.instagram.com/p/DGgvqI4zKPj/?hl=en,2025-11-19T03:13:57Z
25,#TheOvalOnBET,6,I call this one: . . Shot by @estudios_official #portrait #bradbenedict ...,https://www.facebook.com/TheBradBenedict/posts/i-call-this-one-shot-by-estudios_official-portrait-bradbenedict-theovalonbet-sha/375549807349266/,2025-11-19T03:13:57Z
25,#TheOvalOnBET,7,Brad - I call this one: . . Shot by @estudios_official #portrait ...,https://www.facebook.com/photo.php?fbid=375549764015937&id=100046827502129&set=a.268463854724529,2025-11-19T03:13:57Z
25,#TheOvalOnBET,8,#theovalonbet | TikTok,https://www.tiktok.com/tag/theovalonbet?lang=en,2025-11-19T03:13:57Z
25,#TheOvalOnBET,9,"Arthur Liu on X: ""Tweet #FarewellMadea + #TheOvalOnBET + ...",https://twitter.com/artliu34/status/1361809132723048455,2025-11-19T03:13:57Z
